Open time,Open,High,Low,Close,Volume,Close time,Quote asset volume,Number of trades,Taker buy base asset volume,Taker buy quote asset volume,Ignore
2021-01-01 00:00:00+00:00,28923.63,29031.34,28690.17,28995.13,2311.811445,2021-01-01 00:59:59.999000+00:00,66768830.34010008,58389,1215.359238,35103542.78288276,0
2021-01-01 01:00:00+00:00,28995.13,29470.0,28960.35,29409.99,5403.068471,2021-01-01 01:59:59.999000+00:00,158357816.8180572,103896,3160.041701,92613991.93555292,0
2021-01-01 02:00:00+00:00,29410.0,29465.26,29120.03,29194.65,2384.23156,2021-01-01 02:59:59.999000+00:00,69842653.6734203,57646,1203.433506,35252749.90832606,0
2021-01-01 03:00:00+00:00,29195.25,29367.0,29150.02,29278.4,1461.345077,2021-01-01 03:59:59.999000+00:00,42760776.72551646,42510,775.915666,22705547.98307977,0
2021-01-01 04:00:00+00:00,29278.41,29395.0,29029.4,29220.31,2038.046803,2021-01-01 04:59:59.999000+00:00,59614637.30352874,55414,1003.342834,29346381.88020654,0
2021-01-01 05:00:00+00:00,29220.31,29235.28,29084.11,29187.01,1469.956262,2021-01-01 05:59:59.999000+00:00,42864538.70435811,41800,679.846742,19827190.29247262,0
2021-01-01 06:00:00+00:00,29187.01,29270.0,29077.32,29174.35,1420.726291,2021-01-01 06:59:59.999000+00:00,41446013.01819005,46400,699.142676,20398322.75992173,0
2021-01-01 07:00:00+00:00,29174.35,29191.98,28806.54,29092.83,2380.180918,2021-01-01 07:59:59.999000+00:00,69034619.0948994,53158,1054.720991,30598457.40248306,0
2021-01-01 08:00:00+00:00,29092.84,29178.03,28872.24,29000.01,2008.165739,2021-01-01 08:59:59.999000+00:00,58274190.69862189,55012,1022.06617,29662447.72598589,0
2021-01-01 09:00:00+00:00,29000.01,29307.73,28970.0,29202.21,2022.056022,2021-01-01 09:59:59.999000+00:00,59006512.260986,43674,1208.477578,35272717.35224266,0
2021-01-01 10:00:00+00:00,29202.21,29344.97,29152.88,29223.82,1944.255841,2021-01-01 10:59:59.999000+00:00,56881923.87605724,46783,1014.538319,29683027.81899852,0
2021-01-01 11:00:00+00:00,29223.82,29402.57,29212.44,29313.49,2309.227717,2021-01-01 11:59:59.999000+00:00,67680909.41227815,49883,1309.012816,38371497.60008983,0
2021-01-01 12:00:00+00:00,29313.49,29600.0,29150.0,29233.49,4191.915161,2021-01-01 12:59:59.999000+00:00,123253838.2361711,82845,2333.306753,68649197.19260734,0
2021-01-01 13:00:00+00:00,29233.49,29470.0,29200.0,29464.79,2211.29829,2021-01-01 13:59:59.999000+00:00,64952612.17843147,51420,1102.4041,32385604.78507834,0
2021-01-01 14:00:00+00:00,29464.79,29530.0,29266.15,29327.84,2612.67217,2021-01-01 14:59:59.999000+00:00,76824362.53364532,63341,1251.808709,36813212.09859227,0
2021-01-01 15:00:00+00:00,29327.83,29391.0,29030.14,29188.67,2779.063894,2021-01-01 15:59:59.999000+00:00,81232002.48765679,71966,1262.580153,36922103.1313425,0
2021-01-01 16:00:00+00:00,29188.67,29360.0,29125.0,29300.57,1490.329484,2021-01-01 16:59:59.999000+00:00,43610391.87454118,41586,774.312477,22657543.68634492,0
2021-01-01 17:00:00+00:00,29300.79,29339.76,28937.0,29079.64,2504.977099,2021-01-01 17:59:59.999000+00:00,73023440.33533108,58010,1019.118051,29715488.816127,0
2021-01-01 18:00:00+00:00,29077.59,29259.98,28624.57,29072.7,4226.430041,2021-01-01 18:59:59.999000+00:00,122480565.74309263,88856,1801.542032,52236804.4235885,0
2021-01-01 19:00:00+00:00,29072.7,29125.32,28950.0,29029.04,1629.228721,2021-01-01 19:59:59.999000+00:00,47324728.28361069,49038,752.045015,21847593.00496335,0
2021-01-01 20:00:00+00:00,29029.04,29279.72,28880.37,29200.96,1838.549082,2021-01-01 20:59:59.999000+00:00,53590098.13888548,52949,960.228963,27992651.84744214,0
2021-01-01 21:00:00+00:00,29200.97,29289.82,29130.0,29160.39,1447.229641,2021-01-01 21:59:59.999000+00:00,42285361.51600605,34181,776.324093,22684651.47220357,0
2021-01-01 22:00:00+00:00,29163.17,29326.74,29104.57,29262.32,1127.035897,2021-01-01 22:59:59.999000+00:00,32972283.53778708,37533,552.485855,16165226.57121833,0
2021-01-01 23:00:00+00:00,29262.32,29338.89,29228.14,29331.69,971.123385,2021-01-01 23:59:59.999000+00:00,28443882.37070015,28620,523.747287,15341792.07335345,0
2021-01-02 00:00:00+00:00,29331.7,29338.59,28946.53,29197.48,2638.159379,2021-01-02 00:59:59.999000+00:00,76856531.55900288,56787,1247.246187,36330827.26651437,0
2021-01-02 01:00:00+00:00,29197.93,29400.0,29100.0,29359.47,1891.997249,2021-01-02 01:59:59.999000+00:00,55385402.78970417,41136,960.492001,28127469.61077394,0
2021-01-02 02:00:00+00:00,29359.46,29469.0,29320.01,29323.82,1704.830137,2021-01-02 02:59:59.999000+00:00,50111457.7532265,34864,919.102507,27018817.34672662,0
2021-01-02 03:00:00+00:00,29323.82,29382.49,29256.85,29351.95,1158.041761,2021-01-02 03:59:59.999000+00:00,33963115.16512242,33338,563.832243,16536321.44525508,0
2021-01-02 04:00:00+00:00,29351.95,29396.0,29220.0,29349.63,988.71107,2021-01-02 04:59:59.999000+00:00,28985783.95102539,36593,513.998514,15069817.6323866,0
2021-01-02 05:00:00+00:00,29349.63,29590.0,29349.63,29589.99,2778.878231,2021-01-02 05:59:59.999000+00:00,81957934.92152147,48203,1889.250154,55722199.46021065,0
2021-01-02 06:00:00+00:00,29589.99,29745.0,29450.0,29709.07,3030.24082,2021-01-02 06:59:59.999000+00:00,89791157.01909067,61113,1919.617281,56884432.27238282,0
2021-01-02 07:00:00+00:00,29709.06,29820.5,29623.31,29750.0,3067.812724,2021-01-02 07:59:59.999000+00:00,91222945.57779764,56853,1999.917145,59479642.41147299,0
2021-01-02 08:00:00+00:00,29751.47,29849.11,29640.0,29844.51,2358.088241,2021-01-02 08:59:59.999000+00:00,70213292.48882388,55194,1185.87901,35308597.74347598,0
2021-01-02 09:00:00+00:00,29844.52,29899.0,29578.05,29612.87,3188.497375,2021-01-02 09:59:59.999000+00:00,94891130.35379542,63645,1490.103384,44368671.01529736,0
2021-01-02 10:00:00+00:00,29612.88,29829.0,29473.91,29680.99,2315.182337,2021-01-02 10:59:59.999000+00:00,68694488.75869353,49466,1119.018042,33209227.51330484,0
2021-01-02 11:00:00+00:00,29679.51,29780.53,29622.79,29755.0,1365.036655,2021-01-02 11:59:59.999000+00:00,40570945.42355006,29571,598.188926,17778425.81689583,0
2021-01-02 12:00:00+00:00,29754.99,30888.0,29741.39,30604.03,12772.566044,2021-01-02 12:59:59.999000+00:00,387025691.6845648,200036,7693.613089,232831158.19322056,0
2021-01-02 13:00:00+00:00,30604.03,31561.87,30521.0,31541.17,9182.429703,2021-01-02 13:59:59.999000+00:00,284862696.670611,155703,5000.512481,155171075.8036116,0
2021-01-02 14:00:00+00:00,31546.06,31567.89,31065.0,31290.53,6447.783897,2021-01-02 14:59:59.999000+00:00,201609364.53663465,115280,3104.826958,97083027.72110684,0
2021-01-02 15:00:00+00:00,31290.53,31800.0,31236.37,31691.29,5626.193755,2021-01-02 15:59:59.999000+00:00,177435149.22325537,97954,2936.490973,92602951.9408685,0
2021-01-02 16:00:00+00:00,31691.09,33000.0,31616.42,32482.28,15432.285186,2021-01-02 16:59:59.999000+00:00,500065150.6920772,243515,7704.189573,249664588.17049995,0
2021-01-02 17:00:00+00:00,32484.28,32935.0,32394.77,32856.96,6402.180701,2021-01-02 17:59:59.999000+00:00,209101591.46210164,106138,3400.899047,111088781.87106784,0
2021-01-02 18:00:00+00:00,32856.95,33300.0,32421.0,32999.98,7170.295412,2021-01-02 18:59:59.999000+00:00,235363454.1211752,107993,3731.002869,122570325.41192684,0
2021-01-02 19:00:00+00:00,32999.98,33220.0,32690.0,33027.2,5844.856499,2021-01-02 19:59:59.999000+00:00,192991798.29034692,100521,3074.284824,101527404.0449178,0
2021-01-02 20:00:00+00:00,33027.2,33061.37,30550.0,30667.22,15733.283112,2021-01-02 20:59:59.999000+00:00,504482345.0934044,213120,7147.189822,229365443.72211528,0
2021-01-02 21:00:00+00:00,30669.43,32005.94,30300.0,31694.59,10395.120642,2021-01-02 21:59:59.999000+00:00,326513926.94158375,161944,5285.508184,165946681.21302372,0
2021-01-02 22:00:00+00:00,31693.53,32311.92,31424.96,32145.66,3879.062094,2021-01-02 22:59:59.999000+00:00,124189288.57427152,91572,1766.477151,56575341.60307028,0
2021-01-02 23:00:00+00:00,32143.53,32246.67,31500.0,32178.33,4622.340338,2021-01-02 23:59:59.999000+00:00,147557520.62016067,85383,2194.664881,70073494.65701959,0
2021-01-03 00:00:00+00:00,32176.45,32497.8,31962.99,32447.94,3346.062141,2021-01-03 00:59:59.999000+00:00,108006253.42272902,63472,1758.752078,56783635.03682368,0
2021-01-03 01:00:00+00:00,32447.95,32790.07,32201.0,32585.09,3401.152207,2021-01-03 01:59:59.999000+00:00,110773399.69333608,70692,1770.818589,57671008.07579552,0
2021-01-03 02:00:00+00:00,32583.04,32884.09,32550.0,32741.67,2017.209759,2021-01-03 02:59:59.999000+00:00,66039545.22800387,48226,1010.498163,33089617.80521227,0
2021-01-03 03:00:00+00:00,32741.68,32756.0,32404.0,32573.87,2125.8788,2021-01-03 03:59:59.999000+00:00,69347477.45908844,46215,899.919241,29356251.5346165,0
2021-01-03 04:00:00+00:00,32576.11,33250.0,32450.0,33192.53,3436.070984,2021-01-03 04:59:59.999000+00:00,112792746.66880588,60917,2045.685227,67209328.65906662,0
2021-01-03 05:00:00+00:00,33192.53,34180.0,33109.44,33758.67,10355.070315,2021-01-03 05:59:59.999000+00:00,350167811.0968304,176812,5513.671438,186390893.1940677,0
2021-01-03 06:00:00+00:00,33758.67,34110.05,33651.12,33967.13,4526.910974,2021-01-03 06:59:59.999000+00:00,153551636.94704574,95086,2360.33759,80068532.23998821,0
2021-01-03 07:00:00+00:00,33967.13,34778.11,33737.19,34452.34,7968.074023,2021-01-03 07:59:59.999000+00:00,273877823.024717,135337,3835.128227,131801254.42768408,0
2021-01-03 08:00:00+00:00,34451.78,34670.41,33757.29,34367.68,6146.774112,2021-01-03 08:59:59.999000+00:00,210713141.0522532,110795,2947.241104,101077763.49754152,0
2021-01-03 09:00:00+00:00,34367.35,34588.88,33800.0,34190.55,6052.678972,2021-01-03 09:59:59.999000+00:00,206713459.38775727,114590,2746.050925,93808940.47277084,0
2021-01-03 10:00:00+00:00,34189.98,34350.0,33403.0,33877.96,6335.226642,2021-01-03 10:59:59.999000+00:00,214615660.03475803,120518,3038.836934,102960933.7059428,0
2021-01-03 11:00:00+00:00,33877.96,34450.0,33787.55,34413.53,4116.853141,2021-01-03 11:59:59.999000+00:00,140535081.1453748,92262,2255.037874,76986787.81280623,0
2021-01-03 12:00:00+00:00,34413.53,34600.0,33928.75,34103.72,4546.283481,2021-01-03 12:59:59.999000+00:00,155830593.73039517,89900,2266.261717,77715495.36382322,0
2021-01-03 13:00:00+00:00,34103.73,34385.02,33800.0,33880.0,4373.738376,2021-01-03 13:59:59.999000+00:00,149031480.84569383,87957,2050.560801,69890174.70069015,0
2021-01-03 14:00:00+00:00,33877.98,34150.0,33450.0,33811.54,5928.805563,2021-01-03 14:59:59.999000+00:00,200638151.95697653,112757,2900.711021,98139759.78261895,0
2021-01-03 15:00:00+00:00,33811.54,33873.45,32727.0,33506.62,8391.249757,2021-01-03 15:59:59.999000+00:00,279582888.9548487,140091,3792.714729,126401018.81240185,0
2021-01-03 16:00:00+00:00,33505.15,33822.69,32650.0,32676.74,7983.739125,2021-01-03 16:59:59.999000+00:00,266031558.97452664,129178,3881.702006,129341713.44537748,0
2021-01-03 17:00:00+00:00,32676.75,33333.33,32454.73,32909.27,7447.809163,2021-01-03 17:59:59.999000+00:00,244812012.99385247,135756,3643.793364,119852164.82576343,0
2021-01-03 18:00:00+00:00,32907.51,33031.57,32267.0,32769.76,4707.199943,2021-01-03 18:59:59.999000+00:00,153750662.0556162,94512,2355.519759,76959635.32715937,0
2021-01-03 19:00:00+00:00,32769.79,32930.0,32455.71,32772.21,2288.439412,2021-01-03 19:59:59.999000+00:00,74825548.95742354,73266,1072.317091,35065540.58420238,0
2021-01-03 20:00:00+00:00,32775.1,33816.0,32727.1,33726.21,5420.678183,2021-01-03 20:59:59.999000+00:00,181382884.16276127,111426,2919.385497,97677133.65780772,0
2021-01-03 21:00:00+00:00,33725.72,33861.92,33506.0,33558.34,2123.067992,2021-01-03 21:59:59.999000+00:00,71508817.93767056,76216,1052.737795,35464167.0536733,0
2021-01-03 22:00:00+00:00,33559.06,33661.1,33000.0,33119.14,2841.033093,2021-01-03 22:59:59.999000+00:00,94606664.88271222,74965,1251.998511,41712740.73810901,0
2021-01-03 23:00:00+00:00,33119.14,33600.0,32600.0,33000.05,5077.560592,2021-01-03 23:59:59.999000+00:00,168463124.8788395,108752,2380.65319,79003943.17790337,0
2021-01-04 00:00:00+00:00,33000.05,33111.44,32400.25,32843.88,4792.206831,2021-01-04 00:59:59.999000+00:00,157090780.02866343,102303,2337.32205,76640069.54148754,0
2021-01-04 01:00:00+00:00,32843.89,33327.0,32602.47,33191.04,3390.023872,2021-01-04 01:59:59.999000+00:00,111723279.13155556,77232,1619.899097,53373905.14610674,0
2021-01-04 02:00:00+00:00,33191.05,33588.0,32958.38,33454.22,3180.350783,2021-01-04 02:59:59.999000+00:00,105765257.0303554,73174,1565.736806,52080821.901355,0
2021-01-04 03:00:00+00:00,33454.21,33510.71,33160.0,33505.16,3174.209134,2021-01-04 03:59:59.999000+00:00,105885637.6710664,74546,1550.96606,51736216.72372775,0
2021-01-04 04:00:00+00:00,33505.15,33600.0,33186.14,33257.55,3167.029273,2021-01-04 04:59:59.999000+00:00,105695860.81391,70718,1582.286688,52806095.53989332,0
2021-01-04 05:00:00+00:00,33257.56,33315.9,32802.25,32813.01,3990.70088,2021-01-04 05:59:59.999000+00:00,132098247.2739154,86995,1912.44957,63309431.04982456,0
2021-01-04 06:00:00+00:00,32813.01,33408.0,32813.0,33100.02,4768.764928,2021-01-04 06:59:59.999000+00:00,157679676.36409473,93791,2665.124177,88130614.48937725,0
2021-01-04 07:00:00+00:00,33100.02,33148.69,31505.0,32068.84,9472.376828,2021-01-04 07:59:59.999000+00:00,305928119.96734846,163230,4856.669063,156851370.47884083,0
2021-01-04 08:00:00+00:00,32068.84,32567.88,31450.0,32045.14,6529.253248,2021-01-04 08:59:59.999000+00:00,209132998.40311763,125127,2998.787733,96102959.1323093,0
2021-01-04 09:00:00+00:00,32045.15,32152.15,30248.85,31038.63,11271.896531,2021-01-04 09:59:59.999000+00:00,351321935.496181,173055,5038.681882,157122742.24963212,0
2021-01-04 10:00:00+00:00,31038.35,31227.33,28130.0,30270.76,19376.831179,2021-01-04 10:59:59.999000+00:00,573629351.3164221,305630,9223.430257,273302725.9663004,0
2021-01-04 11:00:00+00:00,30270.76,30900.2,29400.0,30743.06,9413.490067,2021-01-04 11:59:59.999000+00:00,283733132.8833301,170181,4539.812727,136956401.56307817,0
2021-01-04 12:00:00+00:00,30742.99,31434.07,30454.25,31219.02,8316.880828,2021-01-04 12:59:59.999000+00:00,257727418.56933528,153242,3929.175474,121744030.7287964,0
2021-01-04 13:00:00+00:00,31219.03,31400.0,30600.0,31400.0,5474.654787,2021-01-04 13:59:59.999000+00:00,169692056.80846927,101540,2600.953116,80643934.90996195,0
2021-01-04 14:00:00+00:00,31400.0,32167.93,31400.0,32113.68,7479.383587,2021-01-04 14:59:59.999000+00:00,237746821.6213545,116397,3581.679886,113853118.1422402,0
2021-01-04 15:00:00+00:00,32113.68,32185.67,31550.0,31745.72,5321.620251,2021-01-04 15:59:59.999000+00:00,169560823.38397643,99381,2505.707347,79819154.00419214,0
2021-01-04 16:00:00+00:00,31745.71,31920.0,30723.0,31320.31,8174.285783,2021-01-04 16:59:59.999000+00:00,255043539.0792511,133682,4187.514931,130621147.1468356,0
2021-01-04 17:00:00+00:00,31320.3,31523.01,30626.36,31024.17,4962.562729,2021-01-04 17:59:59.999000+00:00,153975400.83942577,96732,2613.69739,81111771.17490149,0
2021-01-04 18:00:00+00:00,31022.25,31465.44,31001.0,31165.16,3361.43987,2021-01-04 18:59:59.999000+00:00,104948080.8713323,73391,1896.893927,59231323.65317481,0
2021-01-04 19:00:00+00:00,31165.16,31855.75,31104.99,31665.51,3388.372221,2021-01-04 19:59:59.999000+00:00,106758748.386538,71762,1753.388702,55257387.68892296,0
2021-01-04 20:00:00+00:00,31665.52,31830.95,31210.0,31244.97,2850.963087,2021-01-04 20:59:59.999000+00:00,89770988.0867045,64911,1329.172774,41858872.75067731,0
2021-01-04 21:00:00+00:00,31244.97,31579.0,30856.08,31014.27,3202.456127,2021-01-04 21:59:59.999000+00:00,99727509.6081184,74424,1548.021731,48215339.25595822,0
2021-01-04 22:00:00+00:00,31014.27,31474.78,30950.0,31332.05,1646.484138,2021-01-04 22:59:59.999000+00:00,51480692.96027581,54923,906.957052,28362489.62653594,0
2021-01-04 23:00:00+00:00,31332.05,32031.01,31150.0,31988.71,4193.648728,2021-01-04 23:59:59.999000+00:00,132893993.1006034,86041,2344.14079,74303486.15285785,0
2021-01-05 00:00:00+00:00,31989.75,32853.38,31989.74,32430.49,7707.64341,2021-01-05 00:59:59.999000+00:00,250007916.90775207,127581,4569.48199,148144849.1056823,0
2021-01-05 01:00:00+00:00,32430.69,32796.0,32224.25,32786.06,4246.96065,2021-01-05 01:59:59.999000+00:00,138118302.36451834,83071,2295.493443,74675015.21841346,0
2021-01-05 02:00:00+00:00,32786.05,32828.26,32221.1,32306.64,3163.430044,2021-01-05 02:59:59.999000+00:00,102893990.21816806,65391,1571.902792,51120318.98503503,0
2021-01-05 03:00:00+00:00,32306.64,32536.09,31130.86,31200.0,5695.044496,2021-01-05 03:59:59.999000+00:00,181350412.23885363,112880,2751.736804,87713825.89386314,0
2021-01-05 04:00:00+00:00,31190.04,31538.45,30418.0,30858.98,7229.486366,2021-01-05 04:59:59.999000+00:00,224769397.8466781,157600,3122.039909,97170832.72847822,0
2021-01-05 05:00:00+00:00,30858.98,31366.16,29900.0,30436.25,6366.976124,2021-01-05 05:59:59.999000+00:00,195158786.10553852,159593,2694.134331,82666054.53886335,0
2021-01-05 06:00:00+00:00,30436.26,31270.43,29900.0,31123.25,6611.210735,2021-01-05 06:59:59.999000+00:00,202286248.33256155,127994,3659.298822,111844754.48935623,0
2021-01-05 07:00:00+00:00,31123.25,31312.03,30759.47,30817.77,2811.383953,2021-01-05 07:59:59.999000+00:00,87206069.28127892,71734,1279.15583,39679285.4461407,0
2021-01-05 08:00:00+00:00,30817.78,31522.19,30817.78,31192.09,3237.120957,2021-01-05 08:59:59.999000+00:00,101016094.16648096,88984,1691.747218,52801113.11961794,0
2021-01-05 09:00:00+00:00,31192.16,31821.94,31157.9,31569.63,3935.597979,2021-01-05 09:59:59.999000+00:00,124016625.8418041,91763,2077.943499,65482399.52003036,0
2021-01-05 10:00:00+00:00,31569.63,31687.11,31088.33,31345.77,3174.760396,2021-01-05 10:59:59.999000+00:00,99666137.72028312,81295,1624.611217,51008190.2158899,0
2021-01-05 11:00:00+00:00,31347.73,31777.0,31284.15,31776.66,2908.121768,2021-01-05 11:59:59.999000+00:00,91671919.0984899,72492,1608.736977,50727750.80430447,0
2021-01-05 12:00:00+00:00,31776.66,32057.13,31563.84,31585.01,4161.551334,2021-01-05 12:59:59.999000+00:00,132493096.80311257,94633,2278.18509,72558530.75037737,0
2021-01-05 13:00:00+00:00,31585.0,31900.0,31416.27,31460.01,2523.023165,2021-01-05 13:59:59.999000+00:00,79971740.01184838,64040,1248.020631,39565656.12394609,0
2021-01-05 14:00:00+00:00,31460.11,32375.07,31111.78,32342.33,5942.102854,2021-01-05 14:59:59.999000+00:00,188316129.3260688,137989,3384.555236,107337665.44604895,0
2021-01-05 15:00:00+00:00,32343.61,32374.31,31929.41,32099.98,3616.599016,2021-01-05 15:59:59.999000+00:00,116161069.22208343,98120,1862.743855,59830250.35901147,0
2021-01-05 16:00:00+00:00,32099.97,32670.0,31763.23,32469.9,4926.171616,2021-01-05 16:59:59.999000+00:00,159348378.63575512,114817,2517.109065,81421262.1085977,0
2021-01-05 17:00:00+00:00,32469.9,32790.0,32254.18,32742.73,3599.645718,2021-01-05 17:59:59.999000+00:00,116970729.3270712,82231,1693.399736,55049206.49118736,0
2021-01-05 18:00:00+00:00,32742.73,33433.55,32650.03,33372.84,6647.009921,2021-01-05 18:59:59.999000+00:00,219940103.1165461,129769,3830.696091,126730979.20382336,0
2021-01-05 19:00:00+00:00,33372.83,34187.09,33098.82,33697.75,8659.338503,2021-01-05 19:59:59.999000+00:00,292047625.8367009,179774,4641.043817,156580281.19993937,0
2021-01-05 20:00:00+00:00,33693.8,34044.13,33318.0,33969.17,5800.653907,2021-01-05 20:59:59.999000+00:00,195673767.39849564,106875,2778.602711,93787060.66580112,0
2021-01-05 21:00:00+00:00,33968.66,33996.03,33471.94,33699.63,3682.074151,2021-01-05 21:59:59.999000+00:00,124381906.4143834,74894,1702.315613,57517127.96443939,0
2021-01-05 22:00:00+00:00,33699.63,34360.0,33695.6,34183.42,4616.403334,2021-01-05 22:59:59.999000+00:00,157718468.5989587,113239,2717.786346,92848224.48505437,0
2021-01-05 23:00:00+00:00,34183.43,34284.91,33650.0,33949.53,4787.686641,2021-01-05 23:59:59.999000+00:00,162432229.8334837,90092,2091.013732,70934458.77764802,0
2021-01-06 00:00:00+00:00,33949.53,34107.59,33288.0,33918.01,6106.351924,2021-01-06 00:59:59.999000+00:00,205743581.04425707,99660,2516.259961,84812005.3453171,0
2021-01-06 01:00:00+00:00,33918.01,34018.93,33513.05,33811.28,3237.659354,2021-01-06 01:59:59.999000+00:00,109289337.46651398,62378,1475.381107,49802826.13141871,0
2021-01-06 02:00:00+00:00,33811.28,34135.84,33768.32,33873.3,3252.254556,2021-01-06 02:59:59.999000+00:00,110509015.75623268,60510,1626.423081,55274032.44717988,0
2021-01-06 03:00:00+00:00,33873.3,34170.0,33652.0,34117.59,3183.088045,2021-01-06 03:59:59.999000+00:00,107858643.06601506,79479,1672.00819,56692634.90742621,0
2021-01-06 04:00:00+00:00,34116.76,35766.58,34109.83,35325.91,12735.417627,2021-01-06 04:59:59.999000+00:00,444922768.19202006,211886,7910.038255,275960969.4071847,0
2021-01-06 05:00:00+00:00,35326.82,35590.0,34510.0,34978.91,5595.783676,2021-01-06 05:59:59.999000+00:00,196115940.87795284,106461,2891.384051,101402148.66539782,0
2021-01-06 06:00:00+00:00,34977.27,35229.1,34782.44,35125.51,3923.026403,2021-01-06 06:59:59.999000+00:00,137467483.4954543,82118,2054.113885,71979294.60308102,0
2021-01-06 07:00:00+00:00,35125.49,35248.63,34350.0,34676.4,3898.737284,2021-01-06 07:59:59.999000+00:00,135685914.15764904,90102,1874.102733,65256486.63670632,0
2021-01-06 08:00:00+00:00,34666.8,34950.77,34015.0,34594.28,5094.759196,2021-01-06 08:59:59.999000+00:00,176018487.58908296,104746,2360.742762,81573834.44700667,0
2021-01-06 09:00:00+00:00,34596.08,34607.69,33357.9,33919.5,5753.91297,2021-01-06 09:59:59.999000+00:00,195480943.5815961,116923,2559.39339,86977436.94551326,0
2021-01-06 10:00:00+00:00,33919.5,34550.0,33834.61,34417.36,3851.574259,2021-01-06 10:59:59.999000+00:00,132191268.15797724,81692,1875.019126,64352205.8668014,0
2021-01-06 11:00:00+00:00,34417.37,35200.0,34342.87,34918.53,6362.804142,2021-01-06 11:59:59.999000+00:00,221652511.71656263,135283,3225.568409,112395840.12698986,0
2021-01-06 12:00:00+00:00,34918.54,35088.0,34415.61,34929.87,4569.514665,2021-01-06 12:59:59.999000+00:00,158781299.83276105,111089,2339.0615,81279110.6877163,0
2021-01-06 13:00:00+00:00,34929.87,35050.0,34300.0,34550.0,4296.272331,2021-01-06 13:59:59.999000+00:00,148666291.75269622,101607,2028.182878,70209071.0628672,0
2021-01-06 14:00:00+00:00,34549.99,34593.5,34052.42,34213.46,5728.368095,2021-01-06 14:59:59.999000+00:00,196539271.47079065,118986,2687.808047,92234560.97504687,0
2021-01-06 15:00:00+00:00,34213.58,34790.0,34150.0,34566.19,4050.156848,2021-01-06 15:59:59.999000+00:00,139949954.8467573,84656,1858.529323,64217961.06072499,0
2021-01-06 16:00:00+00:00,34566.18,35076.42,34372.92,34612.41,6142.986291,2021-01-06 16:59:59.999000+00:00,213765663.67000848,119999,2805.93946,97707179.71105734,0
2021-01-06 17:00:00+00:00,34615.98,35057.81,34562.0,34898.52,3410.29344,2021-01-06 17:59:59.999000+00:00,118876311.09590796,78917,1651.609603,57594103.95804292,0
2021-01-06 18:00:00+00:00,34898.52,35245.0,34894.22,35215.75,3704.008481,2021-01-06 18:59:59.999000+00:00,130045690.18758427,79341,1818.206977,63842688.84232041,0
2021-01-06 19:00:00+00:00,35215.75,35695.0,34652.6,34816.72,5619.207768,2021-01-06 19:59:59.999000+00:00,198986931.5587426,127198,2772.62367,98244633.93981346,0
2021-01-06 20:00:00+00:00,34818.95,36250.0,34280.0,36015.88,10922.412724,2021-01-06 20:59:59.999000+00:00,384838155.9912445,211465,5441.597353,192130710.8036441,0
2021-01-06 21:00:00+00:00,36015.16,36470.0,35650.0,35874.16,7481.324348,2021-01-06 21:59:59.999000+00:00,269663315.9989594,143699,3530.875471,127294676.33943072,0
2021-01-06 22:00:00+00:00,35869.97,36379.99,35700.92,35989.63,2717.847393,2021-01-06 22:59:59.999000+00:00,98138204.7716402,84495,1258.446506,45453405.34245312,0
2021-01-06 23:00:00+00:00,35989.64,36939.21,35949.12,36769.36,5501.43949,2021-01-06 23:59:59.999000+00:00,200767262.2412077,99093,2819.598914,102944651.96840852,0
2021-01-07 00:00:00+00:00,36769.36,37287.63,36422.71,37150.66,6259.578978,2021-01-07 00:59:59.999000+00:00,231127540.88700172,126956,3276.043725,121035260.46323515,0
2021-01-07 01:00:00+00:00,37150.66,37227.61,36615.83,36871.47,4542.03973,2021-01-07 01:59:59.999000+00:00,167744153.75912637,92343,2188.222216,80834008.77942777,0
2021-01-07 02:00:00+00:00,36871.47,37087.01,36456.0,36962.37,4112.981009,2021-01-07 02:59:59.999000+00:00,151378625.9565755,75846,1862.594065,68560321.70436183,0
2021-01-07 03:00:00+00:00,36962.37,37699.0,36926.53,37454.48,4747.646909,2021-01-07 03:59:59.999000+00:00,177380063.69681457,102236,2489.391295,93000819.42241232,0
2021-01-07 04:00:00+00:00,37452.62,37550.0,37056.12,37450.95,4099.953841,2021-01-07 04:59:59.999000+00:00,153032050.67556983,93723,1967.847679,73462310.91837376,0
2021-01-07 05:00:00+00:00,37450.95,37700.8,37100.77,37347.2,4337.600291,2021-01-07 05:59:59.999000+00:00,162305184.4261605,88626,2189.330914,81931971.65715823,0
2021-01-07 06:00:00+00:00,37347.2,37439.75,36710.0,37130.84,4095.35114,2021-01-07 06:59:59.999000+00:00,151906540.4567833,102410,1749.235928,64883857.26010562,0
2021-01-07 07:00:00+00:00,37130.85,37338.72,36720.0,36859.85,3782.276886,2021-01-07 07:59:59.999000+00:00,140083390.80394545,91008,1623.225369,60156275.8977995,0
2021-01-07 08:00:00+00:00,36863.04,37350.0,36300.0,37217.55,5254.610209,2021-01-07 08:59:59.999000+00:00,193767393.7032779,105341,2307.402343,85144391.1751427,0
2021-01-07 09:00:00+00:00,37217.55,37500.99,36905.0,37492.69,4407.045594,2021-01-07 09:59:59.999000+00:00,163843785.85139343,73931,2244.725367,83506486.68795209,0
2021-01-07 10:00:00+00:00,37492.7,37500.0,36920.0,37045.45,3236.822718,2021-01-07 10:59:59.999000+00:00,120314344.26502907,73246,1456.956047,54166648.01214179,0
2021-01-07 11:00:00+00:00,37045.45,37913.72,37038.97,37822.09,4315.490397,2021-01-07 11:59:59.999000+00:00,161597115.72571477,93785,2370.940878,88851600.37871656,0
2021-01-07 12:00:00+00:00,37825.64,38200.0,37518.0,37941.36,6363.359069,2021-01-07 12:59:59.999000+00:00,241319458.8643537,126651,3103.657796,117756120.276813,0
2021-01-07 13:00:00+00:00,37941.37,38429.0,37900.0,38161.6,5364.346066,2021-01-07 13:59:59.999000+00:00,205106242.97582552,109894,2583.94624,98802410.05574995,0
2021-01-07 14:00:00+00:00,38161.6,38644.76,38079.02,38453.97,5516.633701,2021-01-07 14:59:59.999000+00:00,211915217.15929496,127201,2553.525473,98119133.15050092,0
2021-01-07 15:00:00+00:00,38450.51,38970.42,38062.75,38970.42,5401.362641,2021-01-07 15:59:59.999000+00:00,208049947.52961344,108411,2618.40335,100917730.45469424,0
2021-01-07 16:00:00+00:00,38970.41,39500.0,38921.49,39120.01,8054.616114,2021-01-07 16:59:59.999000+00:00,315624646.46786094,152513,4140.228823,162292200.88514325,0
2021-01-07 17:00:00+00:00,39120.01,39775.0,39101.36,39732.92,4853.729905,2021-01-07 17:59:59.999000+00:00,191791634.7475186,118869,2607.775733,103049642.73116992,0
2021-01-07 18:00:00+00:00,39732.92,40365.0,36500.0,38948.48,16920.672871,2021-01-07 18:59:59.999000+00:00,656141657.3424624,352801,8352.782401,324987958.80568606,0
2021-01-07 19:00:00+00:00,38907.58,39236.12,37493.52,39062.0,9539.541292,2021-01-07 19:59:59.999000+00:00,367676058.9442618,178227,4568.737514,176185972.74372715,0
2021-01-07 20:00:00+00:00,39061.99,39199.33,38352.88,39109.38,4364.133612,2021-01-07 20:59:59.999000+00:00,169359110.4902306,97943,2132.348711,82796137.61577405,0
2021-01-07 21:00:00+00:00,39111.34,39882.07,38908.11,39687.11,4533.614789,2021-01-07 21:59:59.999000+00:00,178905952.0280915,98626,2237.729317,88336681.65941423,0
2021-01-07 22:00:00+00:00,39687.11,39969.0,39150.0,39665.92,2855.62721,2021-01-07 22:59:59.999000+00:00,113198084.48035602,94586,1413.94892,56075175.26137254,0
2021-01-07 23:00:00+00:00,39666.0,39680.54,38541.38,39432.28,5866.665465,2021-01-07 23:59:59.999000+00:00,229001742.1461096,129513,3016.107032,117730123.85962436,0
2021-01-08 00:00:00+00:00,39432.48,39699.87,38793.23,38793.23,3387.174889,2021-01-08 00:59:59.999000+00:00,133184446.3763954,92545,1535.357758,60395220.31993304,0
2021-01-08 01:00:00+00:00,38793.24,39000.0,37800.0,38681.37,5775.389265,2021-01-08 01:59:59.999000+00:00,222320078.6438312,118187,2477.23985,95426783.89717878,0
2021-01-08 02:00:00+00:00,38681.38,38692.83,36500.0,37181.74,9364.247135,2021-01-08 02:59:59.999000+00:00,350671968.12783986,184588,4041.029303,151433666.58874172,0
2021-01-08 03:00:00+00:00,37181.74,38460.13,37068.4,38347.1,5036.746918,2021-01-08 03:59:59.999000+00:00,191531646.49060035,107958,2279.007213,86658079.51130933,0
2021-01-08 04:00:00+00:00,38347.11,38949.97,38155.61,38668.92,5126.666402,2021-01-08 04:59:59.999000+00:00,198141885.51559743,92378,2021.918477,78103095.87348774,0
2021-01-08 05:00:00+00:00,38668.92,38700.0,37895.0,37975.25,4384.158743,2021-01-08 05:59:59.999000+00:00,168179267.7422812,78020,2012.307756,77208465.0163495,0
2021-01-08 06:00:00+00:00,37980.53,38685.13,37563.92,38537.94,3989.761815,2021-01-08 06:59:59.999000+00:00,152681589.9511675,85138,2001.855912,76637372.69438687,0
2021-01-08 07:00:00+00:00,38538.99,39143.8,38280.16,38930.55,4177.46546,2021-01-08 07:59:59.999000+00:00,161995711.1779865,91584,2176.843162,84394619.63586086,0
2021-01-08 08:00:00+00:00,38929.56,38985.06,38414.7,38648.95,3277.73807,2021-01-08 08:59:59.999000+00:00,126726366.48661976,77560,1404.587696,54299270.78439706,0
2021-01-08 09:00:00+00:00,38648.96,39374.22,38222.0,39358.34,3995.803833,2021-01-08 09:59:59.999000+00:00,155055524.7293439,92046,2098.956939,81516294.63929747,0
2021-01-08 10:00:00+00:00,39358.99,41057.79,39220.0,40721.45,10298.221326,2021-01-08 10:59:59.999000+00:00,413988645.03214854,192411,5906.626828,237456218.24972364,0
2021-01-08 11:00:00+00:00,40722.71,41500.45,40345.39,41286.67,9286.549999,2021-01-08 11:59:59.999000+00:00,381339340.1087493,173240,4686.872488,192530894.29991797,0
2021-01-08 12:00:00+00:00,41286.67,41785.9,40857.37,41316.91,7590.278927,2021-01-08 12:59:59.999000+00:00,314289402.99398154,161233,3735.092267,154675080.03643653,0
2021-01-08 13:00:00+00:00,41318.03,41641.83,40700.0,41311.18,5331.452666,2021-01-08 13:59:59.999000+00:00,219726996.61805144,102736,2445.957796,100799684.72757314,0
2021-01-08 14:00:00+00:00,41313.24,41564.72,40970.22,41454.13,3918.180651,2021-01-08 14:59:59.999000+00:00,161743369.5899001,85972,1841.489037,76024773.29519919,0
2021-01-08 15:00:00+00:00,41454.13,41950.0,39777.0,40829.08,12863.951617,2021-01-08 15:59:59.999000+00:00,525866974.4244745,235224,6229.069491,254988062.90513027,0
2021-01-08 16:00:00+00:00,40829.07,41600.0,40359.67,41303.42,6293.058759,2021-01-08 16:59:59.999000+00:00,258570569.6883412,125823,3214.276344,132138012.65968987,0
2021-01-08 17:00:00+00:00,41303.41,41556.19,40888.88,41009.07,3675.204655,2021-01-08 17:59:59.999000+00:00,151525080.93204275,89742,1723.710797,71085850.10289584,0
2021-01-08 18:00:00+00:00,41009.08,41153.0,39800.0,39920.39,6673.747782,2021-01-08 18:59:59.999000+00:00,269890839.419266,137300,3102.085511,125500203.58850048,0
2021-01-08 19:00:00+00:00,39920.67,40700.0,39900.35,40365.09,3881.072464,2021-01-08 19:59:59.999000+00:00,156704308.9492545,89817,1932.096807,78005779.48646475,0
2021-01-08 20:00:00+00:00,40365.09,40500.0,38888.0,39059.15,9598.073547,2021-01-08 20:59:59.999000+00:00,379934389.42082304,202984,4299.540777,170262552.0671031,0
2021-01-08 21:00:00+00:00,39062.88,40116.37,38652.0,40075.82,6171.364208,2021-01-08 21:59:59.999000+00:00,243712568.1546944,130312,3138.474751,124040437.03498384,0
2021-01-08 22:00:00+00:00,40075.82,40785.0,39740.95,40674.45,3008.048563,2021-01-08 22:59:59.999000+00:00,121290642.627034,94417,1635.906932,66006341.65049416,0
2021-01-08 23:00:00+00:00,40672.02,40937.77,40465.76,40582.81,2685.599805,2021-01-08 23:59:59.999000+00:00,109371595.530941,84417,1359.851324,55388686.91384988,0
2021-01-09 00:00:00+00:00,40586.96,40976.13,39980.27,40283.56,4382.254983,2021-01-09 00:59:59.999000+00:00,177655228.53915623,103817,2141.192147,86818834.61634393,0
2021-01-09 01:00:00+00:00,40286.09,40321.92,39710.0,40198.56,4543.736056,2021-01-09 01:59:59.999000+00:00,181652860.51564184,96651,2692.284488,107572784.19722244,0
2021-01-09 02:00:00+00:00,40196.51,40561.97,39500.0,39973.0,3032.046541,2021-01-09 02:59:59.999000+00:00,121509932.94021644,82121,1435.856596,57585613.15612918,0
2021-01-09 03:00:00+00:00,39973.0,40376.69,39709.61,40211.59,1917.78678,2021-01-09 03:59:59.999000+00:00,76876333.8332959,63739,1008.920299,40451251.06765757,0
2021-01-09 04:00:00+00:00,40209.91,40490.0,39805.03,40206.44,1976.484373,2021-01-09 04:59:59.999000+00:00,79389762.67386834,61321,1017.804595,40890105.65787203,0
2021-01-09 05:00:00+00:00,40206.43,40206.43,39154.48,39295.37,3025.041625,2021-01-09 05:59:59.999000+00:00,120011440.79497737,89565,1302.193049,51661984.99372342,0
2021-01-09 06:00:00+00:00,39293.41,39627.11,38888.0,38984.86,4352.605937,2021-01-09 06:59:59.999000+00:00,170621480.1238913,110337,2071.808384,81239150.25345556,0
2021-01-09 07:00:00+00:00,38978.46,39692.0,38720.0,39638.61,3109.889209,2021-01-09 07:59:59.999000+00:00,122140688.02104704,82441,1509.835744,59314191.04526394,0
2021-01-09 08:00:00+00:00,39639.21,40254.42,39290.86,40172.14,3081.993289,2021-01-09 08:59:59.999000+00:00,122880599.47300185,90034,1584.08594,63156447.14670606,0
2021-01-09 09:00:00+00:00,40167.54,40790.0,40164.03,40348.35,3653.415447,2021-01-09 09:59:59.999000+00:00,147912608.83417118,104095,1909.708821,77317388.90252548,0
2021-01-09 10:00:00+00:00,40348.36,40800.0,40105.51,40376.03,3130.356558,2021-01-09 10:59:59.999000+00:00,126596569.76688394,79151,1730.685269,70010726.83355768,0
2021-01-09 11:00:00+00:00,40376.03,41237.44,40256.73,40565.77,4682.991247,2021-01-09 11:59:59.999000+00:00,191114775.5547688,116488,2464.970705,100614480.25360964,0
2021-01-09 12:00:00+00:00,40565.77,40912.48,40410.01,40874.99,2732.201204,2021-01-09 12:59:59.999000+00:00,111129222.70939648,70238,1257.347035,51151916.78860784,0
2021-01-09 13:00:00+00:00,40874.99,41222.0,40679.1,41051.65,3818.65745,2021-01-09 13:59:59.999000+00:00,156480184.02975568,101156,2072.390569,84932555.31609088,0
2021-01-09 14:00:00+00:00,41051.66,41380.0,40700.0,40819.01,3867.781192,2021-01-09 14:59:59.999000+00:00,158901525.7957786,88998,1822.976451,74917120.30373792,0
2021-01-09 15:00:00+00:00,40819.01,40953.0,40200.0,40525.15,3364.433164,2021-01-09 15:59:59.999000+00:00,136453850.42727688,84201,1463.886307,59385675.97324527,0
2021-01-09 16:00:00+00:00,40525.16,40649.96,39869.0,39995.1,3942.095173,2021-01-09 16:59:59.999000+00:00,158583517.3801292,101902,1796.072661,72296374.56676844,0
2021-01-09 17:00:00+00:00,39995.09,40586.87,39985.45,40421.4,2205.653031,2021-01-09 17:59:59.999000+00:00,89095373.96045113,61685,1020.705329,41227222.26393196,0
2021-01-09 18:00:00+00:00,40421.4,40800.0,40417.36,40650.01,2109.16468,2021-01-09 18:59:59.999000+00:00,85758517.67667532,52834,981.615605,39911873.45195525,0
2021-01-09 19:00:00+00:00,40650.0,40880.0,40469.4,40665.91,1864.142493,2021-01-09 19:59:59.999000+00:00,75910582.2149966,55768,872.924644,35551251.89398528,0
2021-01-09 20:00:00+00:00,40665.91,40781.69,40050.0,40606.22,3330.651765,2021-01-09 20:59:59.999000+00:00,134668657.46555305,86204,1391.858413,56271189.87607031,0
2021-01-09 21:00:00+00:00,40610.35,40755.0,40483.17,40718.8,2433.80943,2021-01-09 21:59:59.999000+00:00,98937085.1121126,74533,1240.055161,50413543.31466746,0
2021-01-09 22:00:00+00:00,40718.81,40743.47,40120.0,40281.09,1973.252287,2021-01-09 22:59:59.999000+00:00,79649919.17291719,63216,838.830165,33852664.82209105,0
2021-01-09 23:00:00+00:00,40283.73,40415.01,39928.91,40088.22,3255.535761,2021-01-09 23:59:59.999000+00:00,130848312.14581372,77661,1379.313532,55446358.85648048,0
2021-01-10 00:00:00+00:00,40088.22,40736.76,40087.15,40581.48,2697.151944,2021-01-10 00:59:59.999000+00:00,109155020.52709842,75975,1543.343358,62462569.75783142,0
2021-01-10 01:00:00+00:00,40581.48,41350.0,40450.05,41141.56,4299.152502,2021-01-10 01:59:59.999000+00:00,176409335.99983746,113141,2465.145789,101163164.33525844,0
2021-01-10 02:00:00+00:00,41141.55,41145.21,40814.04,40945.28,2353.852746,2021-01-10 02:59:59.999000+00:00,96509933.21078184,56820,1229.293446,50403266.36756701,0
2021-01-10 03:00:00+00:00,40942.75,40991.2,40250.0,40316.64,2477.288512,2021-01-10 03:59:59.999000+00:00,100527756.90546729,68596,1059.095312,42978114.806495,0
2021-01-10 04:00:00+00:00,40320.67,40602.29,40050.0,40342.46,2786.996809,2021-01-10 04:59:59.999000+00:00,112516572.9781166,70179,1322.101448,53381207.04924366,0
2021-01-10 05:00:00+00:00,40342.46,40665.23,40260.0,40451.84,2044.479107,2021-01-10 05:59:59.999000+00:00,82813349.32221709,65702,1046.792882,42400439.7181649,0
2021-01-10 06:00:00+00:00,40451.74,41073.26,40350.0,40904.5,2194.912951,2021-01-10 06:59:59.999000+00:00,89548994.99182704,68652,1216.598959,49648322.96046531,0
2021-01-10 07:00:00+00:00,40904.5,41066.62,40660.88,40978.57,2143.462273,2021-01-10 07:59:59.999000+00:00,87593443.12207167,63012,1095.488702,44771683.38289097,0
2021-01-10 08:00:00+00:00,40978.57,41033.0,40555.0,40798.29,2415.931335,2021-01-10 08:59:59.999000+00:00,98459402.84023768,82913,1139.520993,46443938.63195148,0
2021-01-10 09:00:00+00:00,40798.3,41060.0,40732.0,40768.48,2642.958747,2021-01-10 09:59:59.999000+00:00,108097086.74610233,71415,1009.836093,41306154.06184283,0
2021-01-10 10:00:00+00:00,40768.3,40850.0,40000.0,40429.2,5145.086741,2021-01-10 10:59:59.999000+00:00,208070825.51832277,124172,2023.158987,81826579.7903787,0
2021-01-10 11:00:00+00:00,40429.19,40429.56,38888.0,39181.76,8619.31148,2021-01-10 11:59:59.999000+00:00,340819805.54859066,168941,3503.149743,138513763.62529144,0
2021-01-10 12:00:00+00:00,39175.09,39777.77,38450.0,39538.57,6929.936839,2021-01-10 12:59:59.999000+00:00,272139723.4301698,139744,3065.684975,120437034.47289808,0
2021-01-10 13:00:00+00:00,39538.56,40126.0,39426.59,39800.9,3799.316603,2021-01-10 13:59:59.999000+00:00,151386269.92626396,83841,1768.267109,70464133.46351779,0
2021-01-10 14:00:00+00:00,39800.89,39847.26,39247.54,39431.59,3199.914023,2021-01-10 14:59:59.999000+00:00,126603785.2678293,77289,1532.491505,60635642.53692478,0
2021-01-10 15:00:00+00:00,39431.58,39934.76,39062.91,39671.81,3219.502219,2021-01-10 15:59:59.999000+00:00,127407920.98714544,80993,1611.080459,63765375.53128484,0
2021-01-10 16:00:00+00:00,39671.82,39757.55,39186.16,39234.29,2904.113456,2021-01-10 16:59:59.999000+00:00,114524017.31947872,74323,1433.072187,56520726.45947023,0
2021-01-10 17:00:00+00:00,39232.76,39388.2,37200.0,38571.86,12879.620696,2021-01-10 17:59:59.999000+00:00,492818910.7650977,227163,5725.163876,219203034.08690944,0
2021-01-10 18:00:00+00:00,38571.95,38778.0,37675.3,38109.68,6090.671447,2021-01-10 18:59:59.999000+00:00,232738420.47658575,130643,2884.153945,110233573.65162311,0
2021-01-10 19:00:00+00:00,38106.11,38536.65,37111.0,37456.77,4232.502555,2021-01-10 19:59:59.999000+00:00,160518393.074148,108389,1964.251897,74603321.71036708,0
2021-01-10 20:00:00+00:00,37472.4,37793.5,35111.11,37718.88,18938.329804,2021-01-10 20:59:59.999000+00:00,696190674.0706819,326195,9012.745877,331599928.9045061,0
2021-01-10 21:00:00+00:00,37727.29,38288.17,37525.22,38055.3,7661.059573,2021-01-10 21:59:59.999000+00:00,290757651.2777748,151403,3699.123539,140413639.82740623,0
2021-01-10 22:00:00+00:00,38052.58,39000.0,37852.09,38428.23,4739.668521,2021-01-10 22:59:59.999000+00:00,183000874.59129447,117221,2172.01141,83817517.42345978,0
2021-01-10 23:00:00+00:00,38429.85,38692.79,37935.92,38150.02,3794.32362,2021-01-10 23:59:59.999000+00:00,145426560.60992947,81328,1929.772182,73983764.2722787,0
2021-01-11 00:00:00+00:00,38150.02,38264.74,36501.0,37192.1,7568.894487,2021-01-11 00:59:59.999000+00:00,282133773.4577169,144478,4049.035846,150713738.61959097,0
2021-01-11 01:00:00+00:00,37192.1,37824.0,36700.09,37237.66,4215.99647,2021-01-11 01:59:59.999000+00:00,157446432.6168746,94031,2195.035429,81988122.38789822,0
2021-01-11 02:00:00+00:00,37237.67,37411.0,36123.45,36363.94,6796.573064,2021-01-11 02:59:59.999000+00:00,249081305.98087367,139390,3348.443085,122747565.1852218,0
2021-01-11 03:00:00+00:00,36363.93,36697.97,33600.0,35438.23,18753.360082,2021-01-11 03:59:59.999000+00:00,656910210.2470186,309583,8535.650739,299259801.7858924,0
2021-01-11 04:00:00+00:00,35438.23,35999.95,34300.0,35544.0,9555.241658,2021-01-11 04:59:59.999000+00:00,336898762.01782966,189085,4654.266437,164101044.72751305,0
2021-01-11 05:00:00+00:00,35542.92,35924.19,34500.18,34904.73,7098.497134,2021-01-11 05:59:59.999000+00:00,250190079.36343607,144659,3446.915467,121480349.82035492,0
2021-01-11 06:00:00+00:00,34904.73,34904.73,32550.0,32872.63,15763.148707,2021-01-11 06:59:59.999000+00:00,531586560.3326807,250357,7453.846917,251729352.83788592,0
2021-01-11 07:00:00+00:00,32843.26,34739.98,32538.0,34375.34,12674.171281,2021-01-11 07:59:59.999000+00:00,427189376.1613919,229890,6321.174514,213052770.464488,0
2021-01-11 08:00:00+00:00,34372.25,35919.86,34249.0,35430.0,6432.361536,2021-01-11 08:59:59.999000+00:00,228082153.68068117,128300,3153.094142,111822658.95592865,0
2021-01-11 09:00:00+00:00,35430.0,35788.06,34800.0,35765.98,5625.533362,2021-01-11 09:59:59.999000+00:00,198581030.52970088,118919,2941.982054,103896685.620591,0
2021-01-11 10:00:00+00:00,35765.98,36360.0,35238.01,35367.6,6245.55977,2021-01-11 10:59:59.999000+00:00,223540104.68064496,130986,3054.14129,109337398.846589,0
2021-01-11 11:00:00+00:00,35368.81,35471.0,34020.0,34198.56,7167.266632,2021-01-11 11:59:59.999000+00:00,249203003.73990947,139115,3464.147332,120441070.62626392,0
2021-01-11 12:00:00+00:00,34198.55,35110.0,33308.01,34275.64,9904.293083,2021-01-11 12:59:59.999000+00:00,339316781.8541652,182659,4717.645293,161750148.94016635,0
2021-01-11 13:00:00+00:00,34273.49,34450.0,32700.0,32813.71,12794.350869,2021-01-11 13:59:59.999000+00:00,428304476.9523033,203687,5855.69846,196140187.7378049,0
2021-01-11 14:00:00+00:00,32808.92,33770.11,31115.0,33299.12,23220.782629,2021-01-11 14:59:59.999000+00:00,754881732.2550719,328807,12031.065052,391224660.2448716,0
2021-01-11 15:00:00+00:00,33291.56,33679.74,31415.9,31580.0,11202.318772,2021-01-11 15:59:59.999000+00:00,363657258.0017548,193457,5400.297069,175495481.4345239,0
2021-01-11 16:00:00+00:00,31582.82,32250.0,30420.0,31777.19,20017.085148,2021-01-11 16:59:59.999000+00:00,622713357.155222,315778,9679.56884,301507822.46929914,0
2021-01-11 17:00:00+00:00,31771.77,33585.17,30701.8,32839.87,16685.080917,2021-01-11 17:59:59.999000+00:00,540672713.1896274,267122,7894.19718,255803459.28721464,0
2021-01-11 18:00:00+00:00,32848.96,33300.0,32432.32,32562.1,7184.911616,2021-01-11 18:59:59.999000+00:00,236361243.57798097,136615,3790.437638,124760825.9858844,0
2021-01-11 19:00:00+00:00,32562.1,32737.4,31215.0,32254.62,7289.184361,2021-01-11 19:59:59.999000+00:00,233109852.78429255,153369,3655.366769,116909537.409189,0
2021-01-11 20:00:00+00:00,32254.63,33465.48,31408.07,33409.8,8540.913647,2021-01-11 20:59:59.999000+00:00,275831078.34556705,164613,4449.329304,144024400.0732612,0
2021-01-11 21:00:00+00:00,33410.75,34466.0,33076.05,33968.09,9804.011673,2021-01-11 21:59:59.999000+00:00,332651007.1112354,182255,5079.33151,172360408.62941283,0
2021-01-11 22:00:00+00:00,33962.22,34892.74,33650.0,34359.07,5403.703631,2021-01-11 22:59:59.999000+00:00,185939943.89889368,134198,2760.00313,95015878.35947189,0
2021-01-11 23:00:00+00:00,34361.16,35638.55,34361.16,35404.47,9188.299414,2021-01-11 23:59:59.999000+00:00,322597532.8051376,150098,4202.732693,147552912.49598393,0
2021-01-12 00:00:00+00:00,35410.37,35547.19,34287.34,34929.98,6612.036381,2021-01-12 00:59:59.999000+00:00,230807172.42598563,130795,3379.439763,117972743.51971112,0
2021-01-12 01:00:00+00:00,34929.99,35457.0,33880.0,34289.3,5087.44237,2021-01-12 01:59:59.999000+00:00,176294252.52681765,109515,2522.245347,87440367.82923286,0
2021-01-12 02:00:00+00:00,34289.3,34623.87,33677.03,34399.99,4906.329506,2021-01-12 02:59:59.999000+00:00,167606696.70177525,95087,2405.928667,82152277.2682058,0
2021-01-12 03:00:00+00:00,34400.0,34998.94,34182.24,34984.96,3550.253921,2021-01-12 03:59:59.999000+00:00,123057319.46903642,97055,1765.563067,61222462.04918094,0
2021-01-12 04:00:00+00:00,34984.95,35326.42,34520.69,35287.67,4020.857514,2021-01-12 04:59:59.999000+00:00,140466119.047825,102515,2176.639265,76091017.67610453,0
2021-01-12 05:00:00+00:00,35284.05,35889.0,34971.24,35882.68,5053.275954,2021-01-12 05:59:59.999000+00:00,179047386.94075865,98637,2496.539018,88471391.55265655,0
2021-01-12 06:00:00+00:00,35882.68,36348.0,35720.43,35993.93,6584.657524,2021-01-12 06:59:59.999000+00:00,237381577.99770093,119516,3174.637842,114447012.1356881,0
2021-01-12 07:00:00+00:00,35998.56,36628.0,35617.67,36413.6,6162.134286,2021-01-12 07:59:59.999000+00:00,222671027.01391056,112864,3206.0027,115838913.54437512,0
2021-01-12 08:00:00+00:00,36413.6,36499.98,35587.86,35773.24,5138.337685,2021-01-12 08:59:59.999000+00:00,184973179.98963708,101155,2455.052498,88358289.26096258,0
2021-01-12 09:00:00+00:00,35773.23,36150.67,35370.21,35925.76,3783.316743,2021-01-12 09:59:59.999000+00:00,135595914.73912248,94262,1896.017608,67969346.30640587,0
2021-01-12 10:00:00+00:00,35925.76,36150.71,34757.0,35085.77,6437.927506,2021-01-12 10:59:59.999000+00:00,226777326.9340942,143080,3053.710301,107556709.23632783,0
2021-01-12 11:00:00+00:00,35085.76,35841.01,35084.92,35410.99,4770.002252,2021-01-12 11:59:59.999000+00:00,169178056.7500835,86550,2337.221839,82904323.55164114,0
2021-01-12 12:00:00+00:00,35410.99,35688.82,34850.0,35014.75,4399.509683,2021-01-12 12:59:59.999000+00:00,155060827.99845856,80069,1928.305801,67994050.23179784,0
2021-01-12 13:00:00+00:00,35012.96,35399.7,33250.0,33291.06,10038.225095,2021-01-12 13:59:59.999000+00:00,343775108.96552813,161263,4514.770936,154774045.22594565,0
2021-01-12 14:00:00+00:00,33286.0,34064.25,32531.0,33426.47,11811.355949,2021-01-12 14:59:59.999000+00:00,393694368.8138162,189971,5804.719648,193539539.39731595,0
2021-01-12 15:00:00+00:00,33416.47,34285.71,33406.88,33829.4,6681.453942,2021-01-12 15:59:59.999000+00:00,226445698.58107615,125863,3258.14012,110431128.7440415,0
2021-01-12 16:00:00+00:00,33829.4,35000.0,33819.11,34998.9,5939.785493,2021-01-12 16:59:59.999000+00:00,205218579.80101925,116044,2942.491108,101675429.088996,0
2021-01-12 17:00:00+00:00,34998.91,35289.67,34560.0,35012.53,5686.970759,2021-01-12 17:59:59.999000+00:00,198481126.8560544,109149,2734.772724,95495054.88031603,0
2021-01-12 18:00:00+00:00,35012.54,35550.0,34810.01,35040.78,4048.613144,2021-01-12 18:59:59.999000+00:00,142422688.30968392,88596,2127.231974,74898353.32965495,0
2021-01-12 19:00:00+00:00,35040.78,35040.79,34178.89,34685.11,3815.680014,2021-01-12 19:59:59.999000+00:00,132021423.4134259,83351,1861.991566,64445308.78823963,0
2021-01-12 20:00:00+00:00,34686.1,34702.22,33730.0,34287.95,5034.976316,2021-01-12 20:59:59.999000+00:00,171715989.9750566,113254,2277.295561,77663317.90100259,0
2021-01-12 21:00:00+00:00,34287.95,34877.28,33801.04,34719.03,4053.704056,2021-01-12 21:59:59.999000+00:00,139157664.78739753,89121,1897.861318,65144801.32431527,0
2021-01-12 22:00:00+00:00,34721.74,35051.02,33297.82,33743.18,3949.373911,2021-01-12 22:59:59.999000+00:00,134851382.60556787,100050,1822.637146,62329465.03725843,0
2021-01-12 23:00:00+00:00,33751.7,34138.84,33260.74,34051.24,6381.931992,2021-01-12 23:59:59.999000+00:00,214601532.84028447,126383,3059.094379,102917130.95067532,0
2021-01-13 00:00:00+00:00,34049.15,34049.15,32380.0,32526.5,9275.279349,2021-01-13 00:59:59.999000+00:00,306711545.32513446,148548,4062.098293,134315161.76339754,0
2021-01-13 01:00:00+00:00,32526.93,33450.0,32487.11,33124.06,6231.717545,2021-01-13 01:59:59.999000+00:00,205116100.1811185,110099,3245.50759,106870415.0342162,0
2021-01-13 02:00:00+00:00,33125.3,33551.55,32566.55,33035.21,5457.275371,2021-01-13 02:59:59.999000+00:00,180313046.83527592,97536,2660.948652,87969611.41297568,0
2021-01-13 03:00:00+00:00,33035.21,34375.51,32981.94,33818.5,6460.71206,2021-01-13 03:59:59.999000+00:00,218830650.55841687,113365,3444.204413,116647769.52002588,0
2021-01-13 04:00:00+00:00,33818.5,33910.0,33090.9,33183.88,3956.30306,2021-01-13 04:59:59.999000+00:00,132358668.9329678,81338,2044.297276,68390711.57166143,0
2021-01-13 05:00:00+00:00,33183.89,33521.96,32800.0,33321.75,3402.317536,2021-01-13 05:59:59.999000+00:00,112789336.11601216,74376,1742.740915,57788989.11279821,0
2021-01-13 06:00:00+00:00,33321.76,34212.87,33212.12,33780.68,4919.322558,2021-01-13 06:59:59.999000+00:00,166187643.75213093,117208,2638.064124,89138990.87013726,0
2021-01-13 07:00:00+00:00,33780.68,35180.67,33550.0,34986.9,6468.36582,2021-01-13 07:59:59.999000+00:00,223311028.86666968,129033,3682.464072,127112455.09418704,0
2021-01-13 08:00:00+00:00,34986.9,35063.59,34438.95,34519.19,5729.476229,2021-01-13 08:59:59.999000+00:00,198712825.27925155,99962,2902.051526,100651428.8881177,0
2021-01-13 09:00:00+00:00,34517.44,35107.47,34200.0,34343.62,4738.542551,2021-01-13 09:59:59.999000+00:00,164370205.87977076,95053,2503.294395,86897985.27927656,0
2021-01-13 10:00:00+00:00,34343.62,35066.64,34343.61,34923.0,4760.852936,2021-01-13 10:59:59.999000+00:00,165510800.23160082,108046,2591.488057,90117223.52421103,0
2021-01-13 11:00:00+00:00,34922.99,35250.0,34242.15,34385.48,5982.919994,2021-01-13 11:59:59.999000+00:00,207938425.33048147,112096,2984.816563,103839195.82840832,0
2021-01-13 12:00:00+00:00,34385.48,34512.0,34017.0,34266.52,3585.06836,2021-01-13 12:59:59.999000+00:00,122779592.03370346,83868,1721.115418,58947535.15158035,0
2021-01-13 13:00:00+00:00,34266.52,34787.24,34070.0,34575.5,3664.908752,2021-01-13 13:59:59.999000+00:00,126544042.17738251,77740,1857.50048,64127856.67519648,0
2021-01-13 14:00:00+00:00,34575.51,35100.0,34216.0,34260.7,5193.523431,2021-01-13 14:59:59.999000+00:00,180511640.7380648,101193,2764.637989,96139650.51317404,0
2021-01-13 15:00:00+00:00,34260.7,34850.0,34200.0,34673.9,3658.847423,2021-01-13 15:59:59.999000+00:00,126337617.72096772,82393,1653.194554,57111468.36665218,0
2021-01-13 16:00:00+00:00,34673.9,34930.0,34388.53,34783.14,2872.011202,2021-01-13 16:59:59.999000+00:00,99506730.47508033,74086,1492.525402,51735243.12673614,0
2021-01-13 17:00:00+00:00,34784.98,35000.0,34652.06,34821.48,2913.41367,2021-01-13 17:59:59.999000+00:00,101556217.35535973,74641,1562.725215,54486870.61688355,0
2021-01-13 18:00:00+00:00,34821.47,35901.0,34720.0,35719.36,6649.557746,2021-01-13 18:59:59.999000+00:00,235681753.55135673,129664,3974.737777,140771658.26275286,0
2021-01-13 19:00:00+00:00,35719.36,36188.0,35577.55,36002.25,5312.218932,2021-01-13 19:59:59.999000+00:00,190903832.6232304,102457,2853.208236,102536581.412403,0
2021-01-13 20:00:00+00:00,36002.24,36450.01,35704.21,36222.07,5750.014467,2021-01-13 20:59:59.999000+00:00,207658780.19389704,118490,3022.632043,109210392.15708916,0
2021-01-13 21:00:00+00:00,36222.07,37427.0,36110.76,37299.49,7450.104667,2021-01-13 21:59:59.999000+00:00,273979677.45851547,143713,3862.687169,141965447.4879387,0
2021-01-13 22:00:00+00:00,37291.25,37850.0,36827.02,37203.87,6042.033075,2021-01-13 22:59:59.999000+00:00,225941892.14352164,145104,2879.924503,107679972.00628686,0
2021-01-13 23:00:00+00:00,37204.09,37584.73,37000.0,37371.38,4003.128204,2021-01-13 23:59:59.999000+00:00,149324552.6597151,94280,1834.173644,68420077.69580588,0
2021-01-14 00:00:00+00:00,37371.38,38172.22,37362.49,37762.76,5781.272257,2021-01-14 00:59:59.999000+00:00,218752928.62470528,125605,2990.576195,113155634.767115,0
2021-01-14 01:00:00+00:00,37766.0,37786.62,37363.0,37451.13,3460.038729,2021-01-14 01:59:59.999000+00:00,129846558.68611704,84578,1731.430013,64982225.0856157,0
2021-01-14 02:00:00+00:00,37451.13,37729.62,37071.0,37439.51,4089.949019,2021-01-14 02:59:59.999000+00:00,153050647.7883874,83406,2120.291262,79352023.77541426,0
2021-01-14 03:00:00+00:00,37440.92,37505.0,37000.0,37045.13,2807.213786,2021-01-14 03:59:59.999000+00:00,104630428.04802115,64054,1319.370634,49197290.74693892,0
2021-01-14 04:00:00+00:00,37045.13,37513.58,36701.23,37504.0,3609.739475,2021-01-14 04:59:59.999000+00:00,134038926.53281072,73363,1770.235861,65747717.75811828,0
2021-01-14 05:00:00+00:00,37503.99,37800.0,37299.74,37529.11,3154.225655,2021-01-14 05:59:59.999000+00:00,118466413.7849062,62636,1474.511242,55389761.43659308,0
2021-01-14 06:00:00+00:00,37529.11,38100.0,37440.0,37837.21,3705.587755,2021-01-14 06:59:59.999000+00:00,140121272.27361155,73541,1841.116843,69653555.86756475,0
2021-01-14 07:00:00+00:00,37837.2,38596.92,37703.09,38198.34,5294.802195,2021-01-14 07:59:59.999000+00:00,202886480.6276996,107847,2818.319058,108002404.41945095,0
2021-01-14 08:00:00+00:00,38199.52,38786.1,38192.64,38370.01,3936.809626,2021-01-14 08:59:59.999000+00:00,151677554.87020534,96897,2022.192144,77922384.37908971,0
2021-01-14 09:00:00+00:00,38370.01,38464.13,37862.04,37938.11,3551.706141,2021-01-14 09:59:59.999000+00:00,135677932.49465847,97054,1679.065733,64158794.71563468,0
2021-01-14 10:00:00+00:00,37938.1,38490.49,37869.1,38487.37,3151.658946,2021-01-14 10:59:59.999000+00:00,120334877.853674,85937,1605.139645,61296323.15928239,0
2021-01-14 11:00:00+00:00,38488.05,38622.6,38060.0,38365.86,3014.522816,2021-01-14 11:59:59.999000+00:00,115498616.3344313,86329,1512.260657,57954319.17474923,0
2021-01-14 12:00:00+00:00,38365.86,38427.11,37707.0,38257.96,3638.08289,2021-01-14 12:59:59.999000+00:00,138468218.58411393,89563,1592.526552,60638938.46213643,0
2021-01-14 13:00:00+00:00,38257.97,39000.0,38154.22,38977.66,5153.841864,2021-01-14 13:59:59.999000+00:00,199046530.26004404,118766,2859.336662,110460004.1680824,0
2021-01-14 14:00:00+00:00,38977.98,39762.7,38788.19,39577.53,9975.288968,2021-01-14 14:59:59.999000+00:00,393260886.42277014,179862,4184.232502,164786587.25686127,0
2021-01-14 15:00:00+00:00,39577.53,40100.0,39294.7,39546.01,7213.0952,2021-01-14 15:59:59.999000+00:00,286463361.38158,135839,3777.115046,150098074.26838017,0
2021-01-14 16:00:00+00:00,39546.01,40000.0,39212.15,39286.44,5390.894067,2021-01-14 16:59:59.999000+00:00,213864590.3346308,115830,2560.810639,101642939.918783,0
2021-01-14 17:00:00+00:00,39286.43,39880.0,39286.43,39429.81,3239.688622,2021-01-14 17:59:59.999000+00:00,128303822.32233566,79395,1640.292234,64970027.83975713,0
2021-01-14 18:00:00+00:00,39429.25,39620.0,39258.1,39344.79,3097.205867,2021-01-14 18:59:59.999000+00:00,122149519.36041288,66716,1705.224078,67269828.70074482,0
2021-01-14 19:00:00+00:00,39344.8,39919.11,39329.93,39876.98,3010.85527,2021-01-14 19:59:59.999000+00:00,119401522.13828646,68361,1724.858752,68414756.74563146,0
2021-01-14 20:00:00+00:00,39876.97,39935.1,39312.85,39312.86,2418.312605,2021-01-14 20:59:59.999000+00:00,95797316.08700724,59910,1195.954158,47393130.01671483,0
2021-01-14 21:00:00+00:00,39321.64,39585.0,38259.25,38780.47,7841.127523,2021-01-14 21:59:59.999000+00:00,303612063.22343886,161031,3857.614639,149326645.9032955,0
2021-01-14 22:00:00+00:00,38782.41,39135.17,38276.0,38988.62,3319.715307,2021-01-14 22:59:59.999000+00:00,128584606.95524368,95798,1817.759513,70424340.95387201,0
2021-01-14 23:00:00+00:00,38988.61,39330.92,38733.11,39144.5,3094.754838,2021-01-14 23:59:59.999000+00:00,120891563.15599692,85148,1464.23303,57204883.53017351,0
2021-01-15 00:00:00+00:00,39145.21,39747.76,39023.24,39452.89,3774.330608,2021-01-15 00:59:59.999000+00:00,149015360.55895156,80654,1813.914332,71628902.11570069,0
2021-01-15 01:00:00+00:00,39452.89,39640.0,39012.12,39175.74,2907.102569,2021-01-15 01:59:59.999000+00:00,114488133.3316931,67692,1465.813594,57732152.69891964,0
2021-01-15 02:00:00+00:00,39175.73,39479.65,38800.0,39267.76,2742.797812,2021-01-15 02:59:59.999000+00:00,107593579.3633046,68144,1391.220417,54571404.28794153,0
2021-01-15 03:00:00+00:00,39267.76,39349.58,38450.0,38700.0,3549.506053,2021-01-15 03:59:59.999000+00:00,137776261.038856,88794,1751.76455,67996021.76730338,0
2021-01-15 04:00:00+00:00,38700.0,38853.09,38355.0,38425.83,2792.0441,2021-01-15 04:59:59.999000+00:00,107691922.39219168,64920,1284.012214,49531729.0520894,0
2021-01-15 05:00:00+00:00,38425.82,38849.99,37808.0,37808.9,3634.095611,2021-01-15 05:59:59.999000+00:00,139288945.37497917,79527,1573.364916,60341434.86561976,0
2021-01-15 06:00:00+00:00,37808.9,38098.0,37554.94,38043.27,4123.493724,2021-01-15 06:59:59.999000+00:00,156128218.16931173,84166,2003.829031,75876919.06561176,0
2021-01-15 07:00:00+00:00,38044.94,38483.82,37704.8,38473.08,3768.177243,2021-01-15 07:59:59.999000+00:00,144144283.5509061,91002,1778.556876,68036440.23177902,0
2021-01-15 08:00:00+00:00,38473.07,38700.0,38153.17,38280.2,3113.972927,2021-01-15 08:59:59.999000+00:00,119590741.84337464,83493,1599.637345,61442495.48300634,0
2021-01-15 09:00:00+00:00,38280.2,38718.02,38016.17,38679.36,3356.499665,2021-01-15 09:59:59.999000+00:00,128916245.16560999,98018,1767.693124,67911754.92516476,0
2021-01-15 10:00:00+00:00,38677.24,38780.0,38314.2,38441.89,2224.431673,2021-01-15 10:59:59.999000+00:00,85760838.32974271,79176,1080.727694,41668853.45542037,0
2021-01-15 11:00:00+00:00,38441.89,38573.84,37923.0,38108.88,3028.510379,2021-01-15 11:59:59.999000+00:00,115607110.50743183,74800,1339.045725,51120391.63829057,0
2021-01-15 12:00:00+00:00,38108.87,38194.04,37200.0,37770.63,6046.111543,2021-01-15 12:59:59.999000+00:00,227455772.13223088,121039,2849.489565,107207023.74592948,0
2021-01-15 13:00:00+00:00,37770.64,37888.88,37251.11,37683.94,4557.685702,2021-01-15 13:59:59.999000+00:00,171183584.21508545,102938,2314.71682,86899329.5780601,0
2021-01-15 14:00:00+00:00,37683.93,37786.74,36641.0,36939.49,6587.752786,2021-01-15 14:59:59.999000+00:00,244381841.17567053,134091,3104.668657,115187209.27424,0
2021-01-15 15:00:00+00:00,36940.11,36999.0,35258.0,35610.72,11637.874872,2021-01-15 15:59:59.999000+00:00,421633941.4037561,213976,5856.793316,212284608.8498715,0
2021-01-15 16:00:00+00:00,35610.79,36400.0,34408.0,36151.09,16406.907333,2021-01-15 16:59:59.999000+00:00,582299642.590254,286255,7784.644846,276322903.50920045,0
2021-01-15 17:00:00+00:00,36149.47,36154.75,35350.0,35947.31,7410.887997,2021-01-15 17:59:59.999000+00:00,265150289.62610623,129446,3868.837738,138492449.66717973,0
2021-01-15 18:00:00+00:00,35947.31,36433.51,34812.23,35421.55,7136.055299,2021-01-15 18:59:59.999000+00:00,254109822.19889125,140400,3353.469693,119635002.34573688,0
2021-01-15 19:00:00+00:00,35421.56,35928.69,35080.05,35217.26,4051.588722,2021-01-15 19:59:59.999000+00:00,144088610.8890368,96389,2125.5806,75623155.37661456,0
2021-01-15 20:00:00+00:00,35218.94,35746.24,34801.15,35605.7,5526.419085,2021-01-15 20:59:59.999000+00:00,194574672.9651702,129250,2745.100186,96708743.86237256,0
2021-01-15 21:00:00+00:00,35605.7,36431.75,35554.13,36234.05,4285.708843,2021-01-15 21:59:59.999000+00:00,154450136.605426,95751,2264.09355,81652223.93966392,0
2021-01-15 22:00:00+00:00,36233.76,36888.0,35950.63,36600.0,3398.855783,2021-01-15 22:59:59.999000+00:00,124165898.57420053,86901,1504.960712,54949284.35710958,0
2021-01-15 23:00:00+00:00,36600.0,36888.0,36401.22,36742.22,2240.110587,2021-01-15 23:59:59.999000+00:00,82093046.67945538,63979,1116.098719,40903378.66703621,0
2021-01-16 00:00:00+00:00,36737.43,37428.05,36724.17,37159.51,4169.146802,2021-01-16 00:59:59.999000+00:00,155099149.94530764,92947,2105.124385,78296806.17964554,0
2021-01-16 01:00:00+00:00,37159.51,37669.0,36902.38,37005.86,4102.259275,2021-01-16 01:59:59.999000+00:00,152987555.23908433,86508,2132.302293,79520839.778755,0
2021-01-16 02:00:00+00:00,37003.76,37227.16,36000.0,36224.51,4298.866339,2021-01-16 02:59:59.999000+00:00,157512107.31706417,91436,2079.763116,76218717.77990697,0
2021-01-16 03:00:00+00:00,36224.51,36738.43,35852.93,36532.92,3426.000503,2021-01-16 03:59:59.999000+00:00,124459038.14279918,72075,1759.165589,63946717.95769295,0
2021-01-16 04:00:00+00:00,36532.92,36700.0,36127.16,36574.54,2089.282085,2021-01-16 04:59:59.999000+00:00,76042648.71232054,51540,1015.36945,36958454.75759945,0
2021-01-16 05:00:00+00:00,36575.37,36646.43,35520.0,35854.37,4007.389585,2021-01-16 05:59:59.999000+00:00,143871289.0298114,81056,1591.053637,57154848.42616431,0
2021-01-16 06:00:00+00:00,35854.37,36377.54,35823.8,36112.42,3043.317624,2021-01-16 06:59:59.999000+00:00,109946261.5120776,66774,1574.063515,56865537.86022015,0
2021-01-16 07:00:00+00:00,36110.57,36959.61,36076.5,36574.86,3648.988053,2021-01-16 07:59:59.999000+00:00,133766788.4346468,83125,1879.865068,68904117.01046307,0
2021-01-16 08:00:00+00:00,36565.74,37500.0,36375.88,37464.3,4175.618239,2021-01-16 08:59:59.999000+00:00,154678945.75854647,97079,2339.74381,86717137.69031955,0
2021-01-16 09:00:00+00:00,37462.57,37666.66,37200.0,37448.77,3311.739104,2021-01-16 09:59:59.999000+00:00,123784828.41268273,79132,1713.313903,64050800.71606176,0
2021-01-16 10:00:00+00:00,37448.78,37950.0,37300.0,37410.66,4139.978807,2021-01-16 10:59:59.999000+00:00,155846935.3635184,96097,1954.088022,73580342.23717523,0
2021-01-16 11:00:00+00:00,37410.67,37838.23,37179.41,37680.0,2918.80035,2021-01-16 11:59:59.999000+00:00,109448933.45229068,98264,1554.107384,58282228.87935096,0
2021-01-16 12:00:00+00:00,37680.0,37886.0,36712.0,37357.15,4677.641269,2021-01-16 12:59:59.999000+00:00,174585140.142493,104964,2235.805701,83495700.3801237,0
2021-01-16 13:00:00+00:00,37357.15,37681.99,37058.76,37143.51,3239.400688,2021-01-16 13:59:59.999000+00:00,121224096.96841568,85259,1607.284835,60162129.37671651,0
2021-01-16 14:00:00+00:00,37148.15,37356.26,36671.2,37232.19,3525.255557,2021-01-16 14:59:59.999000+00:00,130637025.55110464,90082,1698.174926,62944541.75797344,0
2021-01-16 15:00:00+00:00,37232.19,37680.0,36983.05,37461.99,3462.801465,2021-01-16 15:59:59.999000+00:00,129390956.2418678,102346,1880.208385,70287335.6018739,0
2021-01-16 16:00:00+00:00,37463.46,37713.94,36921.0,37231.41,3881.93071,2021-01-16 16:59:59.999000+00:00,144688348.2918305,109582,1909.52655,71195606.41501135,0
2021-01-16 17:00:00+00:00,37231.42,37299.99,36800.0,36860.97,2512.100908,2021-01-16 17:59:59.999000+00:00,92955189.33630732,70046,1212.636594,44877028.64481656,0
2021-01-16 18:00:00+00:00,36859.24,37165.9,36400.0,36484.95,2411.279809,2021-01-16 18:59:59.999000+00:00,88899219.78650334,69608,1127.247381,41590115.37101633,0
2021-01-16 19:00:00+00:00,36484.95,36621.3,36200.0,36376.39,3971.874623,2021-01-16 19:59:59.999000+00:00,144665412.75847924,88832,2175.883366,79277640.73861669,0
2021-01-16 20:00:00+00:00,36376.39,36800.0,36235.6,36711.16,3324.72866,2021-01-16 20:59:59.999000+00:00,121573306.03804705,68829,1890.825102,69120690.03196189,0
2021-01-16 21:00:00+00:00,36713.85,36717.0,35684.82,35924.44,5744.883332,2021-01-16 21:59:59.999000+00:00,207415636.40443185,105481,2039.080956,73669691.29040968,0
2021-01-16 22:00:00+00:00,35910.07,36194.53,35357.8,36121.12,3505.766993,2021-01-16 22:59:59.999000+00:00,125545020.17201991,93386,1543.871259,55326157.74147853,0
2021-01-16 23:00:00+00:00,36127.2,36480.0,35900.0,35994.98,2759.380728,2021-01-16 23:59:59.999000+00:00,99816503.13763423,81915,1401.918509,50716935.38798084,0
2021-01-17 00:00:00+00:00,35994.98,36472.72,35520.0,36396.42,3726.445506,2021-01-17 00:59:59.999000+00:00,134085309.53711128,103985,1957.462516,70454005.5110744,0
2021-01-17 01:00:00+00:00,36396.42,36727.26,36176.66,36715.63,2847.948884,2021-01-17 01:59:59.999000+00:00,103572557.5924332,67933,1650.654464,60049202.69903055,0
2021-01-17 02:00:00+00:00,36715.63,36744.05,36235.0,36419.68,1927.694738,2021-01-17 02:59:59.999000+00:00,70310805.17210124,61836,910.162102,33193187.34334062,0
2021-01-17 03:00:00+00:00,36419.68,36541.88,35978.0,36177.0,2021.331779,2021-01-17 03:59:59.999000+00:00,73300672.04992026,60538,954.069542,34599084.80359322,0
2021-01-17 04:00:00+00:00,36177.0,36382.38,35822.62,35847.46,2093.289096,2021-01-17 04:59:59.999000+00:00,75569739.2678935,53616,861.15334,31093493.92495674,0
2021-01-17 05:00:00+00:00,35848.25,36009.42,35475.14,35547.13,2900.407945,2021-01-17 05:59:59.999000+00:00,103507618.16636457,68297,1292.568687,46142665.28656242,0
2021-01-17 06:00:00+00:00,35547.12,35733.23,35034.96,35390.8,4077.705444,2021-01-17 06:59:59.999000+00:00,144053986.81128708,84419,1762.609518,62293524.58439225,0
2021-01-17 07:00:00+00:00,35390.8,35530.0,34518.04,34760.9,5014.082485,2021-01-17 07:59:59.999000+00:00,175408790.13568947,99290,2124.19679,74357513.18585806,0
2021-01-17 08:00:00+00:00,34760.91,34834.41,34300.0,34732.83,5641.050217,2021-01-17 08:59:59.999000+00:00,194956387.86675456,112432,2733.289756,94489103.56729384,0
2021-01-17 09:00:00+00:00,34732.08,35188.0,34000.0,34176.77,5570.231297,2021-01-17 09:59:59.999000+00:00,192698146.55056795,108778,2619.469375,90658661.30071937,0
2021-01-17 10:00:00+00:00,34176.78,35147.84,33850.0,34818.0,5718.029049,2021-01-17 10:59:59.999000+00:00,197387959.52060655,106160,3011.336037,104059630.69026928,0
2021-01-17 11:00:00+00:00,34816.26,35400.0,34727.85,35267.17,3861.659694,2021-01-17 11:59:59.999000+00:00,135399244.37169307,79936,1736.68097,60903773.65504362,0
2021-01-17 12:00:00+00:00,35270.0,35545.34,34695.46,35124.69,3962.002679,2021-01-17 12:59:59.999000+00:00,139632993.37884855,79678,1847.632148,65131007.70656315,0
2021-01-17 13:00:00+00:00,35124.07,35500.0,34786.76,34841.83,2919.101064,2021-01-17 13:59:59.999000+00:00,102737842.55470297,71419,1428.306179,50278587.30064365,0
2021-01-17 14:00:00+00:00,34841.82,35243.64,34666.0,34750.02,2849.001966,2021-01-17 14:59:59.999000+00:00,99574705.549928,70822,1445.988128,50544082.45977569,0
2021-01-17 15:00:00+00:00,34750.02,35973.89,34750.01,35728.47,4341.235449,2021-01-17 15:59:59.999000+00:00,154518610.30102423,98607,2360.221102,83998148.50677575,0
2021-01-17 16:00:00+00:00,35728.47,36166.47,35589.35,35910.07,3578.888951,2021-01-17 16:59:59.999000+00:00,128512404.6670866,85740,1947.548282,69937489.71982178,0
2021-01-17 17:00:00+00:00,35914.98,36123.14,35603.01,35837.22,2191.923305,2021-01-17 17:59:59.999000+00:00,78599736.12711191,60258,1152.322087,41321755.02532894,0
2021-01-17 18:00:00+00:00,35837.22,35920.63,35625.4,35678.67,1484.556842,2021-01-17 18:59:59.999000+00:00,53084102.72106789,47902,806.410968,28836727.69393613,0
2021-01-17 19:00:00+00:00,35676.58,36000.0,35514.99,35633.91,2043.037186,2021-01-17 19:59:59.999000+00:00,73207372.57995978,57800,1072.679261,38437112.60940556,0
2021-01-17 20:00:00+00:00,35633.9,36099.0,35559.84,36072.99,1917.722247,2021-01-17 20:59:59.999000+00:00,68718611.05380224,54608,997.570907,35751159.67099339,0
2021-01-17 21:00:00+00:00,36073.88,36852.5,36073.87,36542.96,3878.402824,2021-01-17 21:59:59.999000+00:00,141647926.97089064,90548,2174.172828,79388133.99001613,0
2021-01-17 22:00:00+00:00,36542.97,36700.0,36000.39,36181.16,2247.453044,2021-01-17 22:59:59.999000+00:00,81931988.77622475,68903,1152.194846,42011748.13054775,0
2021-01-17 23:00:00+00:00,36181.16,36417.51,35506.0,35828.61,3344.525693,2021-01-17 23:59:59.999000+00:00,120685528.51759374,67137,1514.938728,54718833.48528231,0
2021-01-18 00:00:00+00:00,35824.99,36016.7,35551.81,35964.2,3323.901139,2021-01-18 00:59:59.999000+00:00,119159712.14498532,63319,1606.905133,57614951.95602508,0
2021-01-18 01:00:00+00:00,35964.19,36180.0,35605.22,36125.44,2560.955564,2021-01-18 01:59:59.999000+00:00,91877670.6316202,57197,1322.132094,47415054.10178436,0
2021-01-18 02:00:00+00:00,36125.43,36208.0,35681.96,35764.66,2306.027566,2021-01-18 02:59:59.999000+00:00,82867811.651036,60994,1157.290791,41596065.11737584,0
2021-01-18 03:00:00+00:00,35764.6,35847.18,34842.99,35106.25,4674.316954,2021-01-18 03:59:59.999000+00:00,164878873.04280484,93982,1544.601072,54470419.4752317,0
2021-01-18 04:00:00+00:00,35108.27,35313.9,34908.8,35132.11,1922.624472,2021-01-18 04:59:59.999000+00:00,67496976.81593762,53315,871.846683,30612537.81032757,0
2021-01-18 05:00:00+00:00,35132.11,35477.06,34800.0,35344.5,2494.063151,2021-01-18 05:59:59.999000+00:00,87599615.70178966,57881,1148.89187,40354532.34420341,0
2021-01-18 06:00:00+00:00,35344.5,35464.04,35072.69,35195.45,1597.768436,2021-01-18 06:59:59.999000+00:00,56300358.51333952,45158,759.070177,26751405.12726972,0
2021-01-18 07:00:00+00:00,35195.44,36278.68,35160.3,36104.61,3917.131562,2021-01-18 07:59:59.999000+00:00,140822622.63867727,86613,1950.343157,70090823.84607676,0
2021-01-18 08:00:00+00:00,36100.55,36450.0,36073.13,36233.19,2494.364151,2021-01-18 08:59:59.999000+00:00,90400248.17710538,66340,1332.561386,48287025.73379767,0
2021-01-18 09:00:00+00:00,36233.19,36650.0,36204.15,36574.61,3077.327292,2021-01-18 09:59:59.999000+00:00,112164683.74681693,73640,1632.272718,59494150.02425426,0
2021-01-18 10:00:00+00:00,36574.63,36633.5,36123.53,36216.63,2686.93417,2021-01-18 10:59:59.999000+00:00,97510153.01232436,69740,1357.398644,49264228.83971603,0
2021-01-18 11:00:00+00:00,36216.63,36537.0,35771.6,36442.08,3460.541947,2021-01-18 11:59:59.999000+00:00,124848234.70607834,79307,1736.568149,62641263.75389621,0
2021-01-18 12:00:00+00:00,36443.91,37469.83,36385.0,36981.4,8243.844243,2021-01-18 12:59:59.999000+00:00,305775908.8180893,144888,4863.24389,180322426.5141722,0
2021-01-18 13:00:00+00:00,36981.4,37050.0,36705.0,36766.78,4234.618101,2021-01-18 13:59:59.999000+00:00,156297533.65120047,82229,2534.628578,93612565.99943434,0
2021-01-18 14:00:00+00:00,36764.94,36985.0,36047.89,36449.71,3586.759986,2021-01-18 14:59:59.999000+00:00,130920505.91913584,84095,1736.076128,63349921.4859453,0
2021-01-18 15:00:00+00:00,36449.71,36600.78,36122.0,36405.98,2041.284624,2021-01-18 15:59:59.999000+00:00,74258390.05881229,77583,980.463946,35670262.49537307,0
2021-01-18 16:00:00+00:00,36405.99,36565.0,35831.88,36184.31,2789.035791,2021-01-18 16:59:59.999000+00:00,100823529.48199534,91494,1375.943472,49748332.70050728,0
2021-01-18 17:00:00+00:00,36184.31,36300.0,35400.0,35675.28,3638.798654,2021-01-18 17:59:59.999000+00:00,129994205.62275857,91631,1696.628784,60627024.14361091,0
2021-01-18 18:00:00+00:00,35675.29,35889.99,35532.32,35755.62,2134.487969,2021-01-18 18:59:59.999000+00:00,76289046.58898848,68693,1035.277866,37005168.8600977,0
2021-01-18 19:00:00+00:00,35755.62,36065.0,35695.7,35956.14,2040.507553,2021-01-18 19:59:59.999000+00:00,73280693.30042997,57131,946.076072,33978503.11621751,0
2021-01-18 20:00:00+00:00,35951.83,36400.0,35755.01,36102.79,2370.494127,2021-01-18 20:59:59.999000+00:00,85609502.56222758,54395,1332.897742,48150352.06874821,0
2021-01-18 21:00:00+00:00,36102.79,36296.9,35960.0,36198.01,1386.554874,2021-01-18 21:59:59.999000+00:00,50126918.85569934,42491,664.890712,24040239.999287,0
2021-01-18 22:00:00+00:00,36198.01,36529.0,36154.65,36470.06,1403.435027,2021-01-18 22:59:59.999000+00:00,51014701.39896737,46332,820.93816,29849178.95171802,0
2021-01-18 23:00:00+00:00,36472.46,36777.77,36271.18,36631.27,2312.341397,2021-01-18 23:59:59.999000+00:00,84525363.48357894,59318,1214.558824,44400752.70145878,0
2021-01-19 00:00:00+00:00,36622.46,36916.66,36364.43,36676.89,2733.810333,2021-01-19 00:59:59.999000+00:00,100190042.59582776,70989,1346.26085,49334299.94502281,0
2021-01-19 01:00:00+00:00,36676.89,37280.0,36644.7,36922.44,6704.659127,2021-01-19 01:59:59.999000+00:00,247774070.39497733,129108,3846.572052,142188203.1394405,0
2021-01-19 02:00:00+00:00,36922.44,37014.19,36579.94,36804.11,3367.186613,2021-01-19 02:59:59.999000+00:00,123941502.601604,78744,1744.121883,64193813.99868738,0
2021-01-19 03:00:00+00:00,36804.1,36846.06,36416.52,36465.3,2526.732442,2021-01-19 03:59:59.999000+00:00,92552256.07429785,61311,1298.45559,47563786.05688627,0
2021-01-19 04:00:00+00:00,36468.31,36648.92,36233.0,36284.71,2229.694328,2021-01-19 04:59:59.999000+00:00,81295530.87574036,51230,1010.414375,36848451.16460083,0
2021-01-19 05:00:00+00:00,36284.71,36538.46,36018.09,36251.18,2305.607827,2021-01-19 05:59:59.999000+00:00,83784612.18185242,56140,934.13984,33946658.77044831,0
2021-01-19 06:00:00+00:00,36249.37,36753.31,36002.01,36599.55,2938.256367,2021-01-19 06:59:59.999000+00:00,107273641.64034684,64862,1415.020292,51681856.6586055,0
2021-01-19 07:00:00+00:00,36599.55,37233.87,36470.62,37168.82,3825.667757,2021-01-19 07:59:59.999000+00:00,140889599.49682015,92154,1964.402457,72372674.30573714,0
2021-01-19 08:00:00+00:00,37167.92,37535.27,36897.07,37197.72,5687.62709,2021-01-19 08:59:59.999000+00:00,211869865.95048484,107619,3034.970641,113065745.48353332,0
2021-01-19 09:00:00+00:00,37197.71,37448.41,37000.08,37040.04,3275.36236,2021-01-19 09:59:59.999000+00:00,122030475.06305309,71236,1724.206234,64244428.73524604,0
2021-01-19 10:00:00+00:00,37040.05,37299.51,36750.0,37110.6,3322.075118,2021-01-19 10:59:59.999000+00:00,123049352.32166824,69834,1328.510851,49207075.68565862,0
2021-01-19 11:00:00+00:00,37110.6,37269.0,36811.83,37266.49,2885.730909,2021-01-19 11:59:59.999000+00:00,106901741.58528574,77599,1402.454837,51962298.25692514,0
2021-01-19 12:00:00+00:00,37263.73,37449.0,36610.0,36782.17,4108.414966,2021-01-19 12:59:59.999000+00:00,152278198.146344,92100,1730.49855,64163858.18672526,0
2021-01-19 13:00:00+00:00,36782.16,37146.87,36782.16,37082.52,2645.546491,2021-01-19 13:59:59.999000+00:00,97792760.6528174,67581,1324.553637,48961142.08308718,0
2021-01-19 14:00:00+00:00,37082.52,37263.49,36913.62,36992.33,2406.250417,2021-01-19 14:59:59.999000+00:00,89277069.58574516,64703,1069.518138,39705332.19867843,0
2021-01-19 15:00:00+00:00,36992.32,37350.0,36776.5,37329.4,2806.434853,2021-01-19 15:59:59.999000+00:00,104106538.97294503,66943,1404.233615,52115774.51995613,0
2021-01-19 16:00:00+00:00,37329.4,37850.0,37203.97,37366.1,5147.020156,2021-01-19 16:59:59.999000+00:00,193314306.96778083,126543,2869.303652,107761235.79806878,0
2021-01-19 17:00:00+00:00,37366.09,37522.8,37015.0,37162.4,2476.825643,2021-01-19 17:59:59.999000+00:00,92216774.40900949,78320,1214.504954,45227795.62240386,0
2021-01-19 18:00:00+00:00,37162.4,37162.4,36500.0,36500.0,3818.662383,2021-01-19 18:59:59.999000+00:00,140689545.76037487,118795,1692.17083,62377256.77651533,0
2021-01-19 19:00:00+00:00,36500.0,36800.0,36052.04,36279.82,4162.251559,2021-01-19 19:59:59.999000+00:00,151554221.3288901,114988,1957.58787,71291448.04910801,0
2021-01-19 20:00:00+00:00,36281.66,36596.17,36100.0,36436.26,2878.69976,2021-01-19 20:59:59.999000+00:00,104712135.13559803,79424,1352.606326,49213231.43077645,0
2021-01-19 21:00:00+00:00,36436.26,36777.88,36381.91,36452.22,2721.214724,2021-01-19 21:59:59.999000+00:00,99532432.86427794,71077,1212.268318,44337485.23711049,0
2021-01-19 22:00:00+00:00,36452.22,36769.23,36325.63,36632.82,1252.401875,2021-01-19 22:59:59.999000+00:00,45792766.57334137,51288,625.769049,22887232.3738315,0
2021-01-19 23:00:00+00:00,36632.82,36722.71,35844.06,35891.49,3385.174671,2021-01-19 23:59:59.999000+00:00,122529058.16513123,76783,1202.136779,43584625.374916,0
2021-01-20 00:00:00+00:00,35901.94,36350.0,35610.17,36314.04,3376.908018,2021-01-20 00:59:59.999000+00:00,121611981.70825796,76065,1698.153153,61156956.2267112,0
2021-01-20 01:00:00+00:00,36313.94,36415.31,36000.0,36105.27,2185.603813,2021-01-20 01:59:59.999000+00:00,79107661.4239321,70193,1077.487751,39004567.83224275,0
2021-01-20 02:00:00+00:00,36105.27,36125.86,35708.08,36080.9,2649.687175,2021-01-20 02:59:59.999000+00:00,95147817.46514128,69392,1282.473303,46066789.90461259,0
2021-01-20 03:00:00+00:00,36080.9,36100.0,35000.0,35062.49,5563.392878,2021-01-20 03:59:59.999000+00:00,197187021.19787028,124477,2272.896408,80605174.15458207,0
2021-01-20 04:00:00+00:00,35062.49,35440.0,34737.0,35251.36,4580.640046,2021-01-20 04:59:59.999000+00:00,160879898.10346285,108135,2104.063926,73956001.12289178,0
2021-01-20 05:00:00+00:00,35252.03,35500.01,35192.87,35477.18,2705.036018,2021-01-20 05:59:59.999000+00:00,95634099.26116358,71627,1199.810191,42430522.42932393,0
2021-01-20 06:00:00+00:00,35477.18,35909.95,35133.68,35262.93,3973.879045,2021-01-20 06:59:59.999000+00:00,140868658.81284165,86408,1785.623817,63336669.13924939,0
2021-01-20 07:00:00+00:00,35262.92,35884.79,35200.0,35677.14,2748.948678,2021-01-20 07:59:59.999000+00:00,97892499.61234258,79497,1386.648005,49379610.93213742,0
2021-01-20 08:00:00+00:00,35672.86,35939.12,35350.46,35475.45,2722.805386,2021-01-20 08:59:59.999000+00:00,96980265.926007,86204,1293.439093,46069195.51314113,0
2021-01-20 09:00:00+00:00,35475.46,35566.8,34500.0,34801.83,5641.773786,2021-01-20 09:59:59.999000+00:00,197316362.1189346,120493,2607.870751,91216916.63868137,0
2021-01-20 10:00:00+00:00,34801.46,34979.59,34345.11,34721.51,5228.272141,2021-01-20 10:59:59.999000+00:00,181383448.50979844,128848,2720.337362,94408050.83412547,0
2021-01-20 11:00:00+00:00,34721.5,34867.99,34000.0,34426.17,5516.474242,2021-01-20 11:59:59.999000+00:00,189555636.6847976,139619,2482.039512,85314827.40123212,0
2021-01-20 12:00:00+00:00,34426.17,34797.73,34020.0,34717.66,4980.587479,2021-01-20 12:59:59.999000+00:00,171988282.93936077,121366,2574.474273,88944358.51221263,0
2021-01-20 13:00:00+00:00,34717.66,34983.77,34210.0,34958.56,3863.832886,2021-01-20 13:59:59.999000+00:00,133781075.37984112,104474,1813.888789,62833859.54875768,0
2021-01-20 14:00:00+00:00,34958.56,35142.18,34800.14,34873.96,3575.829075,2021-01-20 14:59:59.999000+00:00,125026667.28062037,84043,1635.955819,57189524.59525745,0
2021-01-20 15:00:00+00:00,34875.87,35049.96,34067.16,34192.17,3689.935923,2021-01-20 15:59:59.999000+00:00,127624139.98722324,89817,1638.373688,56695477.13228186,0
2021-01-20 16:00:00+00:00,34193.11,34733.0,33400.0,34693.65,9164.626299,2021-01-20 16:59:59.999000+00:00,312303193.17566526,175841,4045.278247,137920325.77367833,0
2021-01-20 17:00:00+00:00,34694.65,35100.01,34558.25,34849.99,3580.941356,2021-01-20 17:59:59.999000+00:00,124627004.47361672,89168,1909.511714,66478899.60394461,0
2021-01-20 18:00:00+00:00,34843.52,35266.72,34765.24,35250.61,2311.693069,2021-01-20 18:59:59.999000+00:00,80828379.6620662,73056,1216.491869,42547920.77330436,0
2021-01-20 19:00:00+00:00,35250.39,35311.0,34851.23,35197.12,2620.953765,2021-01-20 19:59:59.999000+00:00,92029638.11022864,67359,1406.957591,49407891.56166645,0
2021-01-20 20:00:00+00:00,35197.12,35318.39,34734.97,34957.15,1987.730256,2021-01-20 20:59:59.999000+00:00,69621129.92197612,74431,955.365405,33465910.76386969,0
2021-01-20 21:00:00+00:00,34957.15,35110.82,34482.75,34892.89,2130.648407,2021-01-20 21:59:59.999000+00:00,74053301.33840013,61510,1075.476547,37388219.82147555,0
2021-01-20 22:00:00+00:00,34892.9,35100.0,34748.09,34954.86,1119.622182,2021-01-20 22:59:59.999000+00:00,39153067.93844396,47851,568.325002,19877160.96407081,0
2021-01-20 23:00:00+00:00,34955.94,35670.0,34798.39,35468.23,3448.600995,2021-01-20 23:59:59.999000+00:00,122119862.48878376,84665,1795.691861,63595137.25701945,0
2021-01-21 00:00:00+00:00,35468.23,35600.0,35077.35,35293.21,2017.772003,2021-01-21 00:59:59.999000+00:00,71244148.5122469,62415,1021.631178,36087350.09733232,0
2021-01-21 01:00:00+00:00,35293.21,35384.2,34622.5,34784.69,2831.353226,2021-01-21 01:59:59.999000+00:00,98887264.925379,74678,1262.776228,44091985.16186371,0
2021-01-21 02:00:00+00:00,34784.69,34831.42,34364.75,34560.12,3087.999818,2021-01-21 02:59:59.999000+00:00,106807489.54912612,69030,1554.619185,53775405.4199512,0
2021-01-21 03:00:00+00:00,34560.11,34821.6,34230.76,34571.09,3058.583037,2021-01-21 03:59:59.999000+00:00,105595669.67910814,70428,1473.750774,50892519.05477928,0
2021-01-21 04:00:00+00:00,34572.42,34923.07,34160.05,34246.48,3255.930557,2021-01-21 04:59:59.999000+00:00,112476080.0298214,76518,1539.428683,53190056.10502087,0
2021-01-21 05:00:00+00:00,34247.92,34619.66,33971.41,34562.7,3522.778227,2021-01-21 05:59:59.999000+00:00,120817978.88212673,92193,1599.658989,54904740.12478541,0
2021-01-21 06:00:00+00:00,34562.69,34805.16,34500.36,34661.83,2361.033751,2021-01-21 06:59:59.999000+00:00,81807739.72141545,75006,1199.460498,41562588.31422136,0
2021-01-21 07:00:00+00:00,34661.83,35019.01,34550.0,34624.27,2505.293449,2021-01-21 07:59:59.999000+00:00,87147969.00878534,63295,1228.593912,42741599.36104081,0
2021-01-21 08:00:00+00:00,34624.27,34681.73,33195.0,33239.0,7574.112319,2021-01-21 08:59:59.999000+00:00,256464070.98831367,156722,3171.307354,107516947.59598245,0
2021-01-21 09:00:00+00:00,33237.74,33500.0,32540.0,32878.33,10141.568806,2021-01-21 09:59:59.999000+00:00,334459993.1011484,203209,4561.518331,150456181.9534032,0
2021-01-21 10:00:00+00:00,32880.08,33067.87,32009.68,32826.62,7957.206549,2021-01-21 10:59:59.999000+00:00,259185487.0824408,168066,3798.642341,123773284.11724,0
2021-01-21 11:00:00+00:00,32826.63,33000.0,32153.16,32208.62,6499.198398,2021-01-21 11:59:59.999000+00:00,211753312.32663697,125838,3204.187711,104419502.87409632,0
2021-01-21 12:00:00+00:00,32206.89,32693.16,31300.0,32475.34,10991.830046,2021-01-21 12:59:59.999000+00:00,351602776.61161554,210145,4995.907448,159923479.15384346,0
2021-01-21 13:00:00+00:00,32474.48,32784.31,32200.0,32304.44,4837.423551,2021-01-21 13:59:59.999000+00:00,157188043.77176228,111987,2473.438101,80383165.63062023,0
2021-01-21 14:00:00+00:00,32306.39,32450.0,31037.0,31180.19,10854.173628,2021-01-21 14:59:59.999000+00:00,343341285.9540247,195527,5307.017957,167967184.251897,0
2021-01-21 15:00:00+00:00,31181.74,32047.4,31060.81,31384.09,7812.917753,2021-01-21 15:59:59.999000+00:00,246568404.98001048,160355,3964.480557,125218094.59949896,0
2021-01-21 16:00:00+00:00,31384.19,32210.38,31050.0,31083.5,7922.457513,2021-01-21 16:59:59.999000+00:00,251118366.3481864,152038,3639.739155,115545814.09881622,0
2021-01-21 17:00:00+00:00,31084.98,32006.43,31038.51,31912.38,4587.716597,2021-01-21 17:59:59.999000+00:00,144988372.99906576,108210,2374.036579,75112391.40357298,0
2021-01-21 18:00:00+00:00,31912.37,32101.0,31432.64,31742.68,3560.625853,2021-01-21 18:59:59.999000+00:00,113025685.87936468,83931,1872.010613,59456743.65825674,0
2021-01-21 19:00:00+00:00,31744.26,32751.24,31600.0,32468.66,5995.575742,2021-01-21 19:59:59.999000+00:00,194294216.97572607,130883,2972.32121,96300929.09307729,0
2021-01-21 20:00:00+00:00,32468.66,32550.0,31862.69,31883.01,4446.733675,2021-01-21 20:59:59.999000+00:00,143406305.30422065,92561,1814.441243,58508525.20428002,0
2021-01-21 21:00:00+00:00,31880.9,32131.52,31200.0,31229.71,4096.665079,2021-01-21 21:59:59.999000+00:00,129806970.95052315,79250,1825.165463,57897971.7288206,0
2021-01-21 22:00:00+00:00,31224.71,31249.02,30071.0,30913.18,9566.504172,2021-01-21 22:59:59.999000+00:00,293192620.8055537,198964,3536.588374,108389286.36409144,0
2021-01-21 23:00:00+00:00,30913.17,31571.88,30579.48,30850.13,5518.622909,2021-01-21 23:59:59.999000+00:00,171603332.11762324,120256,2865.488564,89124771.25270078,0
2021-01-22 00:00:00+00:00,30851.99,30863.98,29223.03,29528.31,16556.096185,2021-01-22 00:59:59.999000+00:00,494734301.86225015,257851,7490.348967,223742028.4483014,0
2021-01-22 01:00:00+00:00,29524.48,30436.26,28850.0,30068.29,17679.880477,2021-01-22 01:59:59.999000+00:00,523137082.6797279,257625,8588.396638,254114235.14214405,0
2021-01-22 02:00:00+00:00,30068.29,30849.98,29781.2,30710.91,8224.70597,2021-01-22 02:59:59.999000+00:00,250104284.40121877,153325,4154.344275,126324892.96417764,0
2021-01-22 03:00:00+00:00,30710.92,31029.79,30282.97,30943.4,4353.710255,2021-01-22 03:59:59.999000+00:00,133375842.775484,94621,2257.371161,69178850.32926977,0
2021-01-22 04:00:00+00:00,30943.4,31414.0,30753.27,30919.6,5349.741131,2021-01-22 04:59:59.999000+00:00,166190726.3266631,103652,2433.86826,75616126.17399213,0
2021-01-22 05:00:00+00:00,30919.59,31924.44,30711.66,31800.93,5843.711427,2021-01-22 05:59:59.999000+00:00,184028420.5113288,97216,2954.254318,92987757.57327703,0
2021-01-22 06:00:00+00:00,31814.81,32152.9,31500.26,31542.75,5707.043253,2021-01-22 06:59:59.999000+00:00,181417832.9572704,101619,2327.264402,74020366.79427423,0
2021-01-22 07:00:00+00:00,31542.6,31878.2,30615.22,30842.45,5871.330171,2021-01-22 07:59:59.999000+00:00,182994945.92512727,113549,2627.260925,81919904.41999024,0
2021-01-22 08:00:00+00:00,30846.59,31636.99,30500.0,31526.3,5959.973992,2021-01-22 08:59:59.999000+00:00,184580319.093601,148350,3123.54124,96718684.26877292,0
2021-01-22 09:00:00+00:00,31526.31,31799.98,31258.94,31414.59,5197.32705,2021-01-22 09:59:59.999000+00:00,163847968.57535827,105289,2724.637231,85916580.20164026,0
2021-01-22 10:00:00+00:00,31412.74,31766.01,31052.44,31386.37,4556.220507,2021-01-22 10:59:59.999000+00:00,142759014.014778,96070,2228.281444,69812436.52517869,0
2021-01-22 11:00:00+00:00,31386.37,31997.0,31375.49,31710.88,6197.724714,2021-01-22 11:59:59.999000+00:00,196955755.04950243,103543,3508.788224,111526297.53345808,0
2021-01-22 12:00:00+00:00,31712.09,31995.0,31286.0,31550.0,5176.963548,2021-01-22 12:59:59.999000+00:00,163881684.27671367,95270,2748.623714,87060695.91900744,0
2021-01-22 13:00:00+00:00,31550.0,32322.56,31334.02,32141.8,6045.557069,2021-01-22 13:59:59.999000+00:00,193650798.12282148,111611,2975.382343,95276300.41957484,0
2021-01-22 14:00:00+00:00,32141.8,32537.67,32132.59,32516.74,5791.991303,2021-01-22 14:59:59.999000+00:00,187566596.45637196,112187,2664.694158,86304086.50129478,0
2021-01-22 15:00:00+00:00,32516.74,32767.44,32265.66,32458.42,4727.186499,2021-01-22 15:59:59.999000+00:00,153659972.96999937,111537,2339.771249,76061260.77114846,0
2021-01-22 16:00:00+00:00,32462.79,32626.0,31955.67,32377.56,4665.554971,2021-01-22 16:59:59.999000+00:00,150975577.63273877,93129,2398.245435,77595982.77464376,0
2021-01-22 17:00:00+00:00,32377.56,32500.0,32070.7,32329.25,2777.802659,2021-01-22 17:59:59.999000+00:00,89671638.37049858,61647,1315.927041,42485374.92433076,0
2021-01-22 18:00:00+00:00,32329.25,33322.0,32185.44,33277.32,5488.665732,2021-01-22 18:59:59.999000+00:00,179938517.21390337,103780,3001.645808,98517818.42696697,0
2021-01-22 19:00:00+00:00,33275.67,33655.79,33098.86,33589.52,4699.141833,2021-01-22 19:59:59.999000+00:00,156981142.73572677,97136,2220.537951,74185015.25059314,0
2021-01-22 20:00:00+00:00,33589.52,33826.53,33320.22,33503.2,3725.032945,2021-01-22 20:59:59.999000+00:00,125120103.06772532,99864,1687.723355,56695170.71714831,0
2021-01-22 21:00:00+00:00,33501.36,33668.88,33192.13,33290.01,2586.470121,2021-01-22 21:59:59.999000+00:00,86484959.3456623,57890,1214.642888,40615109.04973645,0
2021-01-22 22:00:00+00:00,33290.01,33606.16,32760.0,32835.29,2591.01826,2021-01-22 22:59:59.999000+00:00,85932081.85096645,63029,1339.606183,44407872.57019493,0
2021-01-22 23:00:00+00:00,32835.29,33173.01,32580.0,32945.17,3198.833977,2021-01-22 23:59:59.999000+00:00,105306305.80683444,68020,1825.031245,60078722.7995545,0
2021-01-23 00:00:00+00:00,32950.0,32974.89,32400.0,32702.18,3359.612554,2021-01-23 00:59:59.999000+00:00,109495931.14066298,86521,1596.9942,52048849.37696274,0
2021-01-23 01:00:00+00:00,32702.18,32935.08,32237.39,32706.76,3198.930513,2021-01-23 01:59:59.999000+00:00,104362190.54273435,75853,1719.876816,56131036.23762754,0
2021-01-23 02:00:00+00:00,32706.77,32860.0,32053.33,32256.17,3543.412638,2021-01-23 02:59:59.999000+00:00,114730754.3230691,73178,2009.013771,65064337.26398425,0
2021-01-23 03:00:00+00:00,32256.17,32612.0,32200.0,32365.01,2109.566325,2021-01-23 03:59:59.999000+00:00,68388995.24540523,50704,1124.352213,36451025.53268562,0
2021-01-23 04:00:00+00:00,32365.0,32810.0,32300.0,32582.01,2171.598105,2021-01-23 04:59:59.999000+00:00,70886156.14103222,61611,1152.390699,37617353.46885036,0
2021-01-23 05:00:00+00:00,32582.01,33378.52,32267.07,33350.6,3432.487248,2021-01-23 05:59:59.999000+00:00,112750693.87171464,82778,1815.71824,59676789.75466644,0
2021-01-23 06:00:00+00:00,33357.15,33456.0,32771.99,32820.11,3459.270262,2021-01-23 06:59:59.999000+00:00,114696218.50447875,86917,1632.524969,54146912.77462088,0
2021-01-23 07:00:00+00:00,32820.11,33150.0,32676.15,32931.18,2401.161076,2021-01-23 07:59:59.999000+00:00,78955447.93697193,64338,1225.141283,40289472.48523587,0
2021-01-23 08:00:00+00:00,32931.17,33000.0,32597.76,32943.24,2294.690061,2021-01-23 08:59:59.999000+00:00,75242590.24286202,65598,1181.665161,38742287.8348975,0
2021-01-23 09:00:00+00:00,32943.24,33104.94,32350.0,32453.56,3494.212184,2021-01-23 09:59:59.999000+00:00,114281787.75036652,86858,1682.710623,55063934.4163074,0
2021-01-23 10:00:00+00:00,32453.56,32532.37,32171.0,32344.37,2788.784034,2021-01-23 10:59:59.999000+00:00,90158382.5587976,90131,1407.318158,45503163.12264036,0
2021-01-23 11:00:00+00:00,32344.37,32542.37,31511.24,31645.49,4876.619616,2021-01-23 11:59:59.999000+00:00,155421648.79950467,114476,2366.393631,75389154.51463057,0
2021-01-23 12:00:00+00:00,31643.9,32001.28,31469.25,31602.63,2832.035856,2021-01-23 12:59:59.999000+00:00,89995749.36806308,82125,1482.74167,47137095.64828731,0
2021-01-23 13:00:00+00:00,31604.51,32289.25,31390.16,31865.19,3721.341084,2021-01-23 13:59:59.999000+00:00,118464339.62025283,95038,2026.498553,64515115.11558662,0
2021-01-23 14:00:00+00:00,31865.19,31980.0,31650.0,31721.74,2196.241592,2021-01-23 14:59:59.999000+00:00,69824254.71730176,65547,1033.453081,32862885.30435583,0
2021-01-23 15:00:00+00:00,31719.94,32180.0,31609.05,31877.1,2104.616717,2021-01-23 15:59:59.999000+00:00,67298734.35128252,61911,1092.156608,34924429.28608447,0
2021-01-23 16:00:00+00:00,31877.1,32328.03,31759.65,32121.84,2518.066139,2021-01-23 16:59:59.999000+00:00,80752741.5337014,79587,1329.278198,42644211.27737038,0
2021-01-23 17:00:00+00:00,32120.31,32409.97,32044.77,32239.09,2251.774582,2021-01-23 17:59:59.999000+00:00,72497536.19198385,69594,1186.894805,38215766.98575053,0
2021-01-23 18:00:00+00:00,32238.8,32345.0,31825.0,32167.48,2438.104191,2021-01-23 18:59:59.999000+00:00,78273000.74346228,57407,1114.085137,35766365.54075967,0
2021-01-23 19:00:00+00:00,32169.92,32500.0,32138.24,32348.79,2045.514331,2021-01-23 19:59:59.999000+00:00,66125445.5067519,51425,995.624143,32183374.17893218,0
2021-01-23 20:00:00+00:00,32348.78,32400.0,32021.73,32191.33,1524.957919,2021-01-23 20:59:59.999000+00:00,49086641.98185392,44347,719.016566,23142927.32853177,0
2021-01-23 21:00:00+00:00,32192.93,32442.68,31812.5,32344.22,2255.056851,2021-01-23 21:59:59.999000+00:00,72529349.69565234,61725,1137.582458,36600018.68789374,0
2021-01-23 22:00:00+00:00,32344.21,32538.61,31966.47,32049.97,1596.251945,2021-01-23 22:59:59.999000+00:00,51491464.3040412,52393,819.239781,26441108.79739147,0
2021-01-23 23:00:00+00:00,32050.03,32122.78,31835.85,32078.0,1980.981852,2021-01-23 23:59:59.999000+00:00,63388240.68648952,39994,830.105364,26556559.61817374,0
2021-01-24 00:00:00+00:00,32078.0,32086.75,31630.0,31876.35,2459.159672,2021-01-24 00:59:59.999000+00:00,78349771.12170719,62163,1188.938016,37879936.69394955,0
2021-01-24 01:00:00+00:00,31876.35,32084.91,31752.81,31863.84,1404.062071,2021-01-24 01:59:59.999000+00:00,44865889.76254837,41407,709.948002,22689764.91278492,0
2021-01-24 02:00:00+00:00,31860.76,32300.0,31784.66,32096.04,1774.936477,2021-01-24 02:59:59.999000+00:00,56950530.36653801,47793,921.976735,29583099.90476307,0
2021-01-24 03:00:00+00:00,32096.04,32480.06,32020.0,32480.05,2128.03865,2021-01-24 03:59:59.999000+00:00,68576072.7220313,52268,1164.644898,37534165.61903892,0
2021-01-24 04:00:00+00:00,32480.06,32879.99,32346.44,32811.05,4046.603906,2021-01-24 04:59:59.999000+00:00,131610409.79547077,73491,1951.995687,63495065.95413153,0
2021-01-24 05:00:00+00:00,32811.77,32980.0,32720.0,32871.98,2869.473838,2021-01-24 05:59:59.999000+00:00,94248893.12860492,62763,1481.373166,48658117.69260505,0
2021-01-24 06:00:00+00:00,32871.98,33071.0,32571.52,32757.02,2415.520546,2021-01-24 06:59:59.999000+00:00,79159830.578665,59405,1275.175206,41805080.4881439,0
2021-01-24 07:00:00+00:00,32757.03,32853.09,32511.76,32801.15,1803.946232,2021-01-24 07:59:59.999000+00:00,58917815.1290198,47116,899.890547,29396258.90373397,0
2021-01-24 08:00:00+00:00,32797.21,33030.0,32570.0,32630.48,2135.763275,2021-01-24 08:59:59.999000+00:00,69957475.67965592,52574,1023.220714,33521420.25830454,0
2021-01-24 09:00:00+00:00,32630.48,32758.92,32541.32,32641.58,1910.538625,2021-01-24 09:59:59.999000+00:00,62405154.10436933,67671,924.561461,30198367.73958076,0
2021-01-24 10:00:00+00:00,32641.57,32724.66,32465.0,32693.74,1565.435843,2021-01-24 10:59:59.999000+00:00,51027813.77741188,59213,803.085917,26181675.30674694,0
2021-01-24 11:00:00+00:00,32693.73,32893.93,32693.73,32833.37,1989.116728,2021-01-24 11:59:59.999000+00:00,65191162.98986752,53700,1103.387134,36164528.22372911,0
2021-01-24 12:00:00+00:00,32833.37,32931.59,32128.15,32362.31,3068.96485,2021-01-24 12:59:59.999000+00:00,99682557.97741842,73034,1319.801561,42890256.31446244,0
2021-01-24 13:00:00+00:00,32362.32,32415.37,32107.61,32227.29,2663.868671,2021-01-24 13:59:59.999000+00:00,86059202.76695536,73644,1230.453382,39746471.34880807,0
2021-01-24 14:00:00+00:00,32227.3,32360.02,31929.31,32055.71,2195.430047,2021-01-24 14:59:59.999000+00:00,70638742.72395954,64689,930.90311,29955282.40894509,0
2021-01-24 15:00:00+00:00,32055.72,32259.81,31858.68,31957.05,2011.062567,2021-01-24 15:59:59.999000+00:00,64500082.81172732,64579,988.139138,31692082.66396833,0
2021-01-24 16:00:00+00:00,31956.9,32139.6,31500.0,31729.07,3614.856024,2021-01-24 16:59:59.999000+00:00,114835132.79580005,100567,1691.208953,53752991.40277353,0
2021-01-24 17:00:00+00:00,31729.07,31986.12,31635.42,31851.6,2263.534975,2021-01-24 17:59:59.999000+00:00,72128516.19621104,62475,1010.826869,32212591.53995736,0
2021-01-24 18:00:00+00:00,31851.59,31941.56,31766.81,31831.67,1377.9965,2021-01-24 18:59:59.999000+00:00,43889526.64037461,40907,657.611495,20947293.06741376,0
2021-01-24 19:00:00+00:00,31831.66,31841.47,30900.0,31306.29,5345.533596,2021-01-24 19:59:59.999000+00:00,167203010.02797073,112536,2064.377698,64574402.14883323,0
2021-01-24 20:00:00+00:00,31306.29,31757.17,31250.26,31673.26,2860.482417,2021-01-24 20:59:59.999000+00:00,89998651.57598165,63740,1376.430302,43326371.192919,0
2021-01-24 21:00:00+00:00,31673.26,31977.6,31573.31,31909.46,1744.665865,2021-01-24 21:59:59.999000+00:00,55383548.29101627,67110,861.586596,27352293.07232051,0
2021-01-24 22:00:00+00:00,31909.46,32348.4,31650.0,32127.97,1991.433164,2021-01-24 22:59:59.999000+00:00,63829956.46422534,67277,1078.183693,34569390.58264187,0
2021-01-24 23:00:00+00:00,32127.97,32369.59,32015.46,32259.9,2337.613427,2021-01-24 23:59:59.999000+00:00,75199917.93817139,58165,1168.398917,37594214.57639895,0
2021-01-25 00:00:00+00:00,32259.45,32831.07,32175.61,32574.71,4492.345342,2021-01-25 00:59:59.999000+00:00,146277748.43817088,97899,2452.479377,79854637.15251204,0
2021-01-25 01:00:00+00:00,32575.15,32908.98,32411.77,32864.98,2900.147001,2021-01-25 01:59:59.999000+00:00,94677652.83307505,68427,1496.453938,48863779.58125962,0
2021-01-25 02:00:00+00:00,32864.97,32995.0,32636.36,32768.23,2347.98898,2021-01-25 02:59:59.999000+00:00,76958546.9381342,56638,1110.539628,36402424.42384716,0
2021-01-25 03:00:00+00:00,32768.23,33674.48,32580.3,33568.18,4706.036305,2021-01-25 03:59:59.999000+00:00,156151422.42674604,94675,2679.836933,88871512.80568638,0
2021-01-25 04:00:00+00:00,33568.17,33797.96,33261.0,33378.93,3754.09528,2021-01-25 04:59:59.999000+00:00,125816591.56082466,82214,1816.508761,60878211.28812918,0
2021-01-25 05:00:00+00:00,33378.06,33461.53,33188.0,33331.13,2126.577599,2021-01-25 05:59:59.999000+00:00,70898446.60639003,51073,1021.873377,34069625.73534733,0
2021-01-25 06:00:00+00:00,33331.13,33550.0,33150.0,33496.22,2557.380441,2021-01-25 06:59:59.999000+00:00,85283083.54695842,56356,1300.505441,43381088.39830938,0
2021-01-25 07:00:00+00:00,33496.22,33562.04,33045.0,33346.95,2786.698459,2021-01-25 07:59:59.999000+00:00,92697097.45934044,63322,1424.033038,47363349.33624157,0
2021-01-25 08:00:00+00:00,33347.19,33497.88,33188.99,33448.21,2566.701936,2021-01-25 08:59:59.999000+00:00,85591925.94627988,63474,1340.551184,44704047.41718278,0
2021-01-25 09:00:00+00:00,33449.72,33548.0,32800.0,32979.1,3423.016872,2021-01-25 09:59:59.999000+00:00,113489933.49232924,76269,1606.347522,53270937.84773043,0
2021-01-25 10:00:00+00:00,32979.1,33166.0,32750.09,33117.43,3417.078317,2021-01-25 10:59:59.999000+00:00,112905085.79654863,85289,1955.616866,64624341.751509,0
2021-01-25 11:00:00+00:00,33119.35,33334.57,33040.0,33185.26,1981.513268,2021-01-25 11:59:59.999000+00:00,65739353.93602941,66341,1070.329987,35513475.22375523,0
2021-01-25 12:00:00+00:00,33185.25,34300.0,33050.0,34180.01,6294.12879,2021-01-25 12:59:59.999000+00:00,212886323.99642283,141672,3832.053642,129697877.57817207,0
2021-01-25 13:00:00+00:00,34180.01,34693.93,34098.59,34544.49,6947.920979,2021-01-25 13:59:59.999000+00:00,239075222.77008128,149518,3681.466294,126641878.79692544,0
2021-01-25 14:00:00+00:00,34544.5,34875.0,34280.45,34467.43,4653.601761,2021-01-25 14:59:59.999000+00:00,161201191.93781373,121711,2300.943157,79711508.64811906,0
2021-01-25 15:00:00+00:00,34467.43,34588.88,34202.69,34458.31,3214.090835,2021-01-25 15:59:59.999000+00:00,110499278.35623156,99800,1683.606765,57886514.36909641,0
2021-01-25 16:00:00+00:00,34458.31,34600.0,33630.57,33910.96,6140.455965,2021-01-25 16:59:59.999000+00:00,208743836.36417967,137781,2930.496637,99666505.65631162,0
2021-01-25 17:00:00+00:00,33910.95,34246.66,33700.75,33784.36,3303.045679,2021-01-25 17:59:59.999000+00:00,112062093.92618264,88854,1668.43201,56623803.28719433,0
2021-01-25 18:00:00+00:00,33784.35,34031.56,33519.0,33672.46,2950.057258,2021-01-25 18:59:59.999000+00:00,99735147.24005105,73313,1351.670853,45707149.29247083,0
2021-01-25 19:00:00+00:00,33669.27,33788.38,33373.92,33411.54,2213.528823,2021-01-25 19:59:59.999000+00:00,74418069.81680985,54008,1000.656216,33664318.87293048,0
2021-01-25 20:00:00+00:00,33411.54,33473.92,33061.12,33470.2,3271.377752,2021-01-25 20:59:59.999000+00:00,108861348.10978256,72794,1446.315157,48132100.20679488,0
2021-01-25 21:00:00+00:00,33463.51,33464.21,32155.28,32718.08,5912.514443,2021-01-25 21:59:59.999000+00:00,193088110.5622474,133539,2399.197894,78313733.17332801,0
2021-01-25 22:00:00+00:00,32715.53,32732.99,31910.0,32462.36,3761.903244,2021-01-25 22:59:59.999000+00:00,121568650.71200313,99590,1579.13921,51071639.66397406,0
2021-01-25 23:00:00+00:00,32462.38,32650.0,32201.44,32254.2,2777.021592,2021-01-25 23:59:59.999000+00:00,90133125.79093578,71991,1340.470245,43517573.98559408,0
2021-01-26 00:00:00+00:00,32254.19,32793.01,31758.0,32474.33,3799.041198,2021-01-26 00:59:59.999000+00:00,122995112.44859934,96323,1871.012839,60625563.53465943,0
2021-01-26 01:00:00+00:00,32474.34,32827.33,32210.01,32758.85,2324.035401,2021-01-26 01:59:59.999000+00:00,75505666.00678688,74824,1149.225133,37344328.29491923,0
2021-01-26 02:00:00+00:00,32754.2,32765.41,32230.29,32307.97,2168.256682,2021-01-26 02:59:59.999000+00:00,70355766.42979307,49095,989.981706,32116146.86170193,0
2021-01-26 03:00:00+00:00,32307.96,32363.93,31458.0,31518.66,4883.733091,2021-01-26 03:59:59.999000+00:00,155459040.94181937,99933,2110.306352,67182895.72751638,0
2021-01-26 04:00:00+00:00,31520.25,32181.9,31424.71,32000.01,3361.246792,2021-01-26 04:59:59.999000+00:00,106920577.72781472,64042,1675.571584,53297794.595425,0
2021-01-26 05:00:00+00:00,32000.01,32312.46,31784.87,32062.32,2272.548624,2021-01-26 05:59:59.999000+00:00,72801492.5292679,48016,1083.961123,34730583.2347009,0
2021-01-26 06:00:00+00:00,32062.32,32073.99,31311.93,31581.73,4195.640107,2021-01-26 06:59:59.999000+00:00,133031257.69910644,72693,2256.374168,71536865.56268284,0
2021-01-26 07:00:00+00:00,31581.72,31782.08,31100.0,31643.61,6371.297345,2021-01-26 07:59:59.999000+00:00,200257957.23826185,133721,3145.848018,98940700.72222312,0
2021-01-26 08:00:00+00:00,31643.61,31981.99,31527.86,31896.97,2952.735644,2021-01-26 08:59:59.999000+00:00,93778498.57264107,77599,1638.244763,52032050.42180451,0
2021-01-26 09:00:00+00:00,31896.97,32075.0,31373.0,31804.77,3370.061456,2021-01-26 09:59:59.999000+00:00,106741240.98747532,93953,1724.666527,54634662.34633121,0
2021-01-26 10:00:00+00:00,31804.78,32450.0,31804.78,32246.68,4058.119868,2021-01-26 10:59:59.999000+00:00,130588141.14958125,105841,2202.455171,70869033.88374718,0
2021-01-26 11:00:00+00:00,32247.2,32249.98,31650.0,31796.95,2789.974584,2021-01-26 11:59:59.999000+00:00,89144115.28256051,72409,1365.48711,43633950.49891846,0
2021-01-26 12:00:00+00:00,31798.65,31972.73,31229.45,31296.94,3784.604237,2021-01-26 12:59:59.999000+00:00,119599343.36135748,86449,1717.095521,54279771.19734403,0
2021-01-26 13:00:00+00:00,31297.76,31920.0,31201.0,31718.97,3556.69465,2021-01-26 13:59:59.999000+00:00,112183332.02280718,97781,1818.983325,57378450.80679835,0
2021-01-26 14:00:00+00:00,31718.96,31780.6,30837.37,31257.73,6500.212591,2021-01-26 14:59:59.999000+00:00,203008820.63261017,135499,2347.975596,73403789.9389013,0
2021-01-26 15:00:00+00:00,31259.29,31885.02,31252.0,31750.23,3825.060752,2021-01-26 15:59:59.999000+00:00,120817179.77570862,78114,1898.180834,59957131.00159764,0
2021-01-26 16:00:00+00:00,31750.24,32122.81,31300.69,31985.3,6316.901264,2021-01-26 16:59:59.999000+00:00,200793919.95069847,119851,3685.141318,117244983.40339768,0
2021-01-26 17:00:00+00:00,31985.29,32235.0,31895.61,32184.36,2854.445472,2021-01-26 17:59:59.999000+00:00,91533624.62957267,83847,1615.95169,51825367.61913205,0
2021-01-26 18:00:00+00:00,32184.36,32350.0,31861.22,32224.5,2862.286212,2021-01-26 18:59:59.999000+00:00,91942478.2547084,77588,1567.977059,50373972.28764533,0
2021-01-26 19:00:00+00:00,32222.88,32403.88,32035.93,32208.33,2678.41918,2021-01-26 19:59:59.999000+00:00,86275160.1200035,67942,1280.815078,41259222.84870607,0
2021-01-26 20:00:00+00:00,32208.33,32395.0,31855.71,31986.99,2630.683429,2021-01-26 20:59:59.999000+00:00,84511924.14518183,70669,1345.47349,43242137.56002237,0
2021-01-26 21:00:00+00:00,31986.98,32322.23,31900.0,31987.13,1967.1832,2021-01-26 21:59:59.999000+00:00,63164405.71139185,58423,951.142596,30551043.82136939,0
2021-01-26 22:00:00+00:00,31987.13,32733.81,31890.0,32733.81,2170.301702,2021-01-26 22:59:59.999000+00:00,70022546.2313857,62256,1324.196428,42754895.13901649,0
2021-01-26 23:00:00+00:00,32733.81,32921.88,32454.84,32467.77,3278.723429,2021-01-26 23:59:59.999000+00:00,107113762.6455076,83524,1636.245488,53462757.55776008,0
2021-01-27 00:00:00+00:00,32464.01,32557.29,31880.0,32335.7,3512.77489,2021-01-27 00:59:59.999000+00:00,113116385.94697309,72906,1770.256962,57019173.60195106,0
2021-01-27 01:00:00+00:00,32335.71,32457.79,31955.39,32084.6,2849.986274,2021-01-27 01:59:59.999000+00:00,91671544.50842357,60468,1275.84325,41033343.45955774,0
2021-01-27 02:00:00+00:00,32084.88,32263.56,31758.92,31802.36,1970.049621,2021-01-27 02:59:59.999000+00:00,63250143.61413279,49155,892.039472,28649765.00274336,0
2021-01-27 03:00:00+00:00,31802.17,31916.66,31568.28,31800.86,2041.559941,2021-01-27 03:59:59.999000+00:00,64850477.88120768,50328,1007.096734,31996378.96584142,0
2021-01-27 04:00:00+00:00,31801.27,32030.28,31518.19,31864.36,1767.213266,2021-01-27 04:59:59.999000+00:00,56091342.52528747,47510,887.974747,28187968.04034165,0
2021-01-27 05:00:00+00:00,31866.97,31918.71,31365.41,31503.41,2446.344934,2021-01-27 05:59:59.999000+00:00,77252810.79085217,78238,1264.007323,39918906.61170516,0
2021-01-27 06:00:00+00:00,31503.42,31725.0,31350.0,31669.98,1968.815295,2021-01-27 06:59:59.999000+00:00,62202611.41267428,51026,1036.752977,32751332.23815783,0
2021-01-27 07:00:00+00:00,31669.98,31890.19,31547.41,31743.33,1912.294697,2021-01-27 07:59:59.999000+00:00,60688595.08070834,45948,985.909669,31293675.10798831,0
2021-01-27 08:00:00+00:00,31743.33,31749.28,31142.33,31172.11,3088.059946,2021-01-27 08:59:59.999000+00:00,97052704.12030284,74442,1276.139198,40127193.2988619,0
2021-01-27 09:00:00+00:00,31172.11,31290.0,30755.0,31201.05,5108.524994,2021-01-27 09:59:59.999000+00:00,158617441.9417895,103350,2327.341529,72306404.54268296,0
2021-01-27 10:00:00+00:00,31201.06,31400.0,31080.77,31376.9,2985.392328,2021-01-27 10:59:59.999000+00:00,93325548.70631929,61071,1637.119018,51184515.34493097,0
2021-01-27 11:00:00+00:00,31376.89,31615.38,30578.94,30639.05,4942.27402,2021-01-27 11:59:59.999000+00:00,154059980.086081,97493,2339.211864,72987526.7924392,0
2021-01-27 12:00:00+00:00,30635.74,30888.0,30336.18,30759.03,5893.376742,2021-01-27 12:59:59.999000+00:00,180578478.16806915,108428,2755.261215,84451897.61136676,0
2021-01-27 13:00:00+00:00,30759.02,31057.0,30245.0,30275.3,4235.131879,2021-01-27 13:59:59.999000+00:00,129745802.16209072,100889,2030.891022,62247811.72995071,0
2021-01-27 14:00:00+00:00,30275.3,30520.0,29241.72,29573.15,9777.525888,2021-01-27 14:59:59.999000+00:00,291793511.0237141,170979,4353.548034,129922906.2224988,0
2021-01-27 15:00:00+00:00,29573.98,30464.93,29390.0,30322.61,6452.91178,2021-01-27 15:59:59.999000+00:00,193367167.81476703,123867,3299.962882,98903048.55543292,0
2021-01-27 16:00:00+00:00,30322.59,30948.0,30216.37,30529.57,5435.252583,2021-01-27 16:59:59.999000+00:00,166467704.67978588,105703,2663.675095,81597631.48247285,0
2021-01-27 17:00:00+00:00,30529.56,30845.81,30101.43,30514.34,4037.443676,2021-01-27 17:59:59.999000+00:00,122955580.66566652,112339,2006.016729,61100958.32188968,0
2021-01-27 18:00:00+00:00,30508.51,30537.5,29500.0,29709.79,4509.673112,2021-01-27 18:59:59.999000+00:00,135093736.86313465,99460,2082.040839,62372915.77181508,0
2021-01-27 19:00:00+00:00,29719.93,30850.0,29712.94,30740.33,5614.820699,2021-01-27 19:59:59.999000+00:00,171246692.67050478,104151,2886.281681,88037680.83821066,0
2021-01-27 20:00:00+00:00,30731.57,31556.0,30512.19,31520.2,5934.230908,2021-01-27 20:59:59.999000+00:00,184980691.6530521,114222,3501.037251,109130057.9578068,0
2021-01-27 21:00:00+00:00,31520.2,31649.99,30735.01,30958.0,3361.403794,2021-01-27 21:59:59.999000+00:00,104772762.1972242,75496,1666.011371,51942714.87607684,0
2021-01-27 22:00:00+00:00,30958.01,31051.46,30325.01,30519.93,2605.664076,2021-01-27 22:59:59.999000+00:00,79921344.45363453,68057,1127.336098,34605182.16323387,0
2021-01-27 23:00:00+00:00,30517.37,30727.14,30084.24,30366.15,3461.236368,2021-01-27 23:59:59.999000+00:00,104978362.6751634,90427,1592.626678,48310796.58255527,0
2021-01-28 00:00:00+00:00,30362.19,30728.57,29842.1,30671.86,3868.316546,2021-01-28 00:59:59.999000+00:00,117054689.37539712,81664,1747.839462,52915454.00577287,0
2021-01-28 01:00:00+00:00,30676.28,30917.53,30370.79,30881.94,2527.680745,2021-01-28 01:59:59.999000+00:00,77365697.08750051,59183,1205.584187,36914442.79162532,0
2021-01-28 02:00:00+00:00,30880.57,31214.51,30788.3,30981.72,3021.347409,2021-01-28 02:59:59.999000+00:00,93728146.7261653,64100,1469.431575,45591825.05542701,0
2021-01-28 03:00:00+00:00,30987.85,31526.78,30902.81,31404.25,4735.034568,2021-01-28 03:59:59.999000+00:00,147776428.52334,95757,2428.217585,75832437.04657155,0
2021-01-28 04:00:00+00:00,31406.9,31590.0,31045.7,31300.73,2910.72013,2021-01-28 04:59:59.999000+00:00,91045847.13369676,61002,1639.730288,51299999.47010108,0
2021-01-28 05:00:00+00:00,31300.72,31800.0,31057.96,31729.16,3279.919594,2021-01-28 05:59:59.999000+00:00,102985645.32916172,68625,1778.595399,55867573.92583334,0
2021-01-28 06:00:00+00:00,31729.16,31876.63,31521.37,31564.58,3487.71079,2021-01-28 06:59:59.999000+00:00,110633373.765204,73535,1923.990573,61032793.83926356,0
2021-01-28 07:00:00+00:00,31564.75,31597.76,31080.0,31170.53,2809.48377,2021-01-28 07:59:59.999000+00:00,87885465.19554526,59569,1301.114853,40706674.33640486,0
2021-01-28 08:00:00+00:00,31170.2,31303.15,31001.55,31070.47,2699.222378,2021-01-28 08:59:59.999000+00:00,84068402.83496545,62325,1163.087402,36231724.59398582,0
2021-01-28 09:00:00+00:00,31070.47,31483.44,30812.26,31466.91,3531.477648,2021-01-28 09:59:59.999000+00:00,109938694.57514088,72682,1752.035607,54557757.94370371,0
2021-01-28 10:00:00+00:00,31473.33,31585.39,31030.0,31490.29,3025.903137,2021-01-28 10:59:59.999000+00:00,94762331.47706407,84078,1563.886151,48984039.72156385,0
2021-01-28 11:00:00+00:00,31490.29,31600.0,31178.8,31437.37,2607.58697,2021-01-28 11:59:59.999000+00:00,81896616.46288309,77818,1311.486338,41193889.20267538,0
2021-01-28 12:00:00+00:00,31437.37,31713.43,31273.54,31477.95,3396.262178,2021-01-28 12:59:59.999000+00:00,107019921.32660812,98129,1712.418025,53958558.19706346,0
2021-01-28 13:00:00+00:00,31477.95,31840.0,31161.96,31775.12,3636.186466,2021-01-28 13:59:59.999000+00:00,114583718.01587224,84674,1932.721591,60900470.42713106,0
2021-01-28 14:00:00+00:00,31775.12,32150.0,31612.52,31830.53,5513.947878,2021-01-28 14:59:59.999000+00:00,175852428.14608458,107453,2910.14176,92837710.28595129,0
2021-01-28 15:00:00+00:00,31829.74,32203.38,31680.69,31926.49,5860.378282,2021-01-28 15:59:59.999000+00:00,187319000.48965448,137637,2930.270206,93676052.34067865,0
2021-01-28 16:00:00+00:00,31926.49,32436.58,31650.0,32425.71,5459.951763,2021-01-28 16:59:59.999000+00:00,174979094.426324,118755,2765.686106,88676542.00008285,0
2021-01-28 17:00:00+00:00,32425.71,32490.0,32160.06,32281.49,3534.239542,2021-01-28 17:59:59.999000+00:00,114139227.61665858,79831,1618.839315,52281239.28715444,0
2021-01-28 18:00:00+00:00,32281.5,32670.0,32103.44,32633.68,3997.536318,2021-01-28 18:59:59.999000+00:00,129390876.29705323,82800,2106.131351,68179431.72715846,0
2021-01-28 19:00:00+00:00,32633.69,32747.78,32458.81,32564.71,3898.141499,2021-01-28 19:59:59.999000+00:00,126986355.88489445,73041,1749.663094,56998310.43247672,0
2021-01-28 20:00:00+00:00,32564.71,32900.0,32392.34,32577.96,3598.00013,2021-01-28 20:59:59.999000+00:00,117534541.55066396,77268,1663.735086,54357576.3796787,0
2021-01-28 21:00:00+00:00,32577.97,33295.55,32577.96,33183.53,4305.943929,2021-01-28 21:59:59.999000+00:00,141857003.1363258,97440,2239.119793,73774812.24859384,0
2021-01-28 22:00:00+00:00,33183.53,33488.66,33126.02,33469.67,3851.038597,2021-01-28 22:59:59.999000+00:00,128353179.79633503,91267,1732.40747,57737459.77379364,0
2021-01-28 23:00:00+00:00,33469.67,33783.98,33026.0,33364.86,7065.11535,2021-01-28 23:59:59.999000+00:00,236396528.89314327,152027,3421.649109,114449381.45237988,0
2021-01-29 00:00:00+00:00,33368.18,34310.0,33330.93,34150.23,10164.387947,2021-01-29 00:59:59.999000+00:00,345112507.44377905,207142,5135.000118,174298460.27402762,0
2021-01-29 01:00:00+00:00,34150.23,34304.52,33666.66,33906.57,5122.468251,2021-01-29 01:59:59.999000+00:00,173979318.36195853,125764,2417.601495,82095038.73639524,0
2021-01-29 02:00:00+00:00,33906.56,34201.14,33770.0,33969.2,4650.648566,2021-01-29 02:59:59.999000+00:00,157806808.79234403,94579,2271.825909,77102225.48866917,0
2021-01-29 03:00:00+00:00,33969.21,34114.95,33501.0,33733.58,6809.202377,2021-01-29 03:59:59.999000+00:00,230537722.15599608,128676,3106.651517,105194192.07641149,0
2021-01-29 04:00:00+00:00,33728.99,33934.48,32750.47,33062.82,8609.935103,2021-01-29 04:59:59.999000+00:00,285624020.4136231,163110,3953.490729,131091008.23035347,0
2021-01-29 05:00:00+00:00,33062.81,33193.57,32755.56,32980.32,5689.533013,2021-01-29 05:59:59.999000+00:00,187802687.24984145,120363,2966.04463,97909176.58797632,0
2021-01-29 06:00:00+00:00,32980.31,32982.33,32330.55,32483.74,7328.136602,2021-01-29 06:59:59.999000+00:00,239141992.7032,145868,3846.763545,125570682.1970688,0
2021-01-29 07:00:00+00:00,32483.74,32626.98,31915.4,32266.35,6736.554271,2021-01-29 07:59:59.999000+00:00,217124621.14715225,122552,3271.978649,105463553.25990468,0
2021-01-29 08:00:00+00:00,32266.36,36600.0,32006.91,36240.24,19312.827479,2021-01-29 08:59:59.999000+00:00,657349614.7059776,314310,11284.727536,384612824.4878856,0
2021-01-29 09:00:00+00:00,36223.22,37990.0,34591.83,36877.16,32057.769171,2021-01-29 09:59:59.999000+00:00,1170981431.4706285,554876,17431.615148,636387876.2668718,0
2021-01-29 10:00:00+00:00,36875.5,37200.0,35489.41,36617.23,13351.739852,2021-01-29 10:59:59.999000+00:00,485592406.118676,264211,6468.6562,235322265.94527224,0
2021-01-29 11:00:00+00:00,36617.23,37208.94,36421.93,37025.32,9995.033904,2021-01-29 11:59:59.999000+00:00,368826783.70134896,182894,5084.055372,187641109.495864,0
2021-01-29 12:00:00+00:00,37023.83,37869.0,36534.42,37840.07,9895.617715,2021-01-29 12:59:59.999000+00:00,367797382.7043778,205392,5196.606845,193285505.17302355,0
2021-01-29 13:00:00+00:00,37842.07,38531.9,36979.32,38250.03,10190.521742,2021-01-29 13:59:59.999000+00:00,384835263.3298176,206694,5557.872503,210117231.7774012,0
2021-01-29 14:00:00+00:00,38250.01,38448.39,36456.78,37058.49,12376.778745,2021-01-29 14:59:59.999000+00:00,463253682.69542366,223669,5751.444601,215145357.362276,0
2021-01-29 15:00:00+00:00,37058.49,37517.8,36700.0,37129.4,7119.860949,2021-01-29 15:59:59.999000+00:00,264499608.700124,150952,3343.452121,124213712.30964436,0
2021-01-29 16:00:00+00:00,37129.4,37569.0,35808.0,36039.18,10309.645056,2021-01-29 16:59:59.999000+00:00,380518661.9321077,181421,4906.666539,181310643.9602419,0
2021-01-29 17:00:00+00:00,36038.73,36429.0,35564.0,35741.23,8064.316659,2021-01-29 17:59:59.999000+00:00,290408716.8686632,178297,4104.195461,147809776.4554142,0
2021-01-29 18:00:00+00:00,35741.23,35999.99,34600.0,35202.46,11212.397918,2021-01-29 18:59:59.999000+00:00,394534372.4578804,166071,4992.433511,175775312.1092809,0
2021-01-29 19:00:00+00:00,35204.22,35357.14,33500.0,34318.57,11414.909017,2021-01-29 19:59:59.999000+00:00,391476682.66882706,190951,5427.95899,186147612.09310752,0
2021-01-29 20:00:00+00:00,34322.5,34953.87,33843.22,34574.61,7664.137033,2021-01-29 20:59:59.999000+00:00,264479532.2672704,145519,3509.150367,121096451.76548034,0
2021-01-29 21:00:00+00:00,34574.61,34813.0,34120.0,34635.53,4701.564143,2021-01-29 21:59:59.999000+00:00,162228512.71159393,102055,2226.10051,76828681.43282443,0
2021-01-29 22:00:00+00:00,34628.68,35354.94,34250.0,34485.98,4078.627019,2021-01-29 22:59:59.999000+00:00,142225092.0106297,120324,1862.825679,64988703.4403191,0
2021-01-29 23:00:00+00:00,34485.98,34640.19,33700.0,34252.2,4970.393094,2021-01-29 23:59:59.999000+00:00,169455913.61722583,107659,2420.129872,82533632.71161126,0
2021-01-30 00:00:00+00:00,34246.28,34861.56,34214.91,34250.1,4446.39087,2021-01-30 00:59:59.999000+00:00,153652340.31386364,108002,2364.301638,81699824.25484978,0
2021-01-30 01:00:00+00:00,34250.1,34933.0,33927.0,34123.05,3869.4494,2021-01-30 01:59:59.999000+00:00,133177861.93823476,91508,1985.976106,68382971.9511412,0
2021-01-30 02:00:00+00:00,34123.06,34443.96,33674.7,33862.51,3988.197337,2021-01-30 02:59:59.999000+00:00,135885410.39249828,85158,1972.406663,67218238.12695476,0
2021-01-30 03:00:00+00:00,33861.55,34000.0,32825.0,33273.36,6807.719187,2021-01-30 03:59:59.999000+00:00,226871612.3257953,131311,3133.195621,104463104.11760683,0
2021-01-30 04:00:00+00:00,33273.36,33656.08,33001.52,33503.13,4185.936723,2021-01-30 04:59:59.999000+00:00,139795812.00459418,89067,1937.427251,64717170.6928687,0
2021-01-30 05:00:00+00:00,33503.14,33986.4,33174.55,33503.72,3638.464557,2021-01-30 05:59:59.999000+00:00,122187543.5156772,99237,1855.857891,62336044.68677898,0
2021-01-30 06:00:00+00:00,33503.72,33850.0,33137.8,33809.79,3684.993843,2021-01-30 06:59:59.999000+00:00,123147576.6904844,108504,1828.759879,61128398.26324755,0
2021-01-30 07:00:00+00:00,33809.79,34200.0,33400.0,34046.8,3867.918825,2021-01-30 07:59:59.999000+00:00,130607799.65151298,107115,1995.223584,67389101.16798405,0
2021-01-30 08:00:00+00:00,34046.82,34358.97,33775.44,33887.5,4900.020894,2021-01-30 08:59:59.999000+00:00,167229239.26552966,89241,2351.890743,80258089.04546265,0
2021-01-30 09:00:00+00:00,33883.85,34424.7,33809.39,34253.18,3386.812735,2021-01-30 09:59:59.999000+00:00,115712942.60375288,79768,1685.206364,57574926.30557272,0
2021-01-30 10:00:00+00:00,34253.17,34392.0,33870.95,34299.82,3971.800792,2021-01-30 10:59:59.999000+00:00,135598002.4029182,97114,1900.183516,64880317.76623992,0
2021-01-30 11:00:00+00:00,34299.82,34328.59,33510.0,33660.4,3646.872379,2021-01-30 11:59:59.999000+00:00,123663790.6439626,87720,1728.401818,58605167.08020547,0
2021-01-30 12:00:00+00:00,33660.4,33832.78,33410.63,33751.77,3003.423753,2021-01-30 12:59:59.999000+00:00,101034454.78274612,78627,1589.95115,53492405.44195036,0
2021-01-30 13:00:00+00:00,33751.77,34349.63,33666.67,34237.69,3019.375159,2021-01-30 13:59:59.999000+00:00,102524279.83412896,80155,1641.176625,55754425.62086473,0
2021-01-30 14:00:00+00:00,34237.69,34400.0,34000.0,34234.73,2997.769874,2021-01-30 14:59:59.999000+00:00,102418819.17762773,91670,1599.603474,54654070.77868259,0
2021-01-30 15:00:00+00:00,34234.73,34500.0,34057.22,34210.2,2959.942678,2021-01-30 15:59:59.999000+00:00,101381388.78716151,83146,1570.310528,53798757.52340426,0
2021-01-30 16:00:00+00:00,34210.18,34262.35,33520.0,33956.7,5589.954777,2021-01-30 16:59:59.999000+00:00,189129789.50111192,162431,2668.913981,90307049.67197864,0
2021-01-30 17:00:00+00:00,33956.7,34290.44,33943.0,34253.67,3332.807905,2021-01-30 17:59:59.999000+00:00,113757762.40424968,115663,1737.180383,59292355.51246802,0
2021-01-30 18:00:00+00:00,34252.02,34351.0,34110.12,34340.0,2258.747878,2021-01-30 18:59:59.999000+00:00,77330554.26582135,70939,1185.857158,40602779.26883419,0
2021-01-30 19:00:00+00:00,34340.0,34400.02,34028.87,34286.5,2047.944881,2021-01-30 19:59:59.999000+00:00,70129136.65266193,63075,1027.613236,35193610.38665192,0
2021-01-30 20:00:00+00:00,34286.5,34449.69,34080.0,34154.63,2018.493472,2021-01-30 20:59:59.999000+00:00,69243326.64227957,62882,1013.150667,34758584.21722212,0
2021-01-30 21:00:00+00:00,34157.5,34690.0,33966.4,34675.53,2087.957955,2021-01-30 21:59:59.999000+00:00,71593702.94556996,62418,1155.234654,39650016.31621405,0
2021-01-30 22:00:00+00:00,34675.53,34800.0,34516.78,34526.13,2094.792611,2021-01-30 22:59:59.999000+00:00,72560499.44122176,82322,1041.794356,36091461.55313465,0
2021-01-30 23:00:00+00:00,34525.88,34553.51,34164.78,34262.88,3083.892855,2021-01-30 23:59:59.999000+00:00,105866416.7546738,73967,1448.849813,49732530.90332009,0
2021-01-31 00:00:00+00:00,34262.89,34342.69,33850.0,34066.84,2644.824549,2021-01-31 00:59:59.999000+00:00,90175038.25134254,78953,1255.218869,42806497.69141891,0
2021-01-31 01:00:00+00:00,34066.84,34249.99,33940.0,34194.0,1867.103976,2021-01-31 01:59:59.999000+00:00,63655356.52616395,55965,901.567065,30735495.27642211,0
2021-01-31 02:00:00+00:00,34193.29,34238.0,33681.0,33750.0,2644.012935,2021-01-31 02:59:59.999000+00:00,89553777.53771815,60467,1206.135797,40854036.82787826,0
2021-01-31 03:00:00+00:00,33748.69,34042.0,33655.0,33930.21,1980.016722,2021-01-31 03:59:59.999000+00:00,67158112.67791061,52167,1019.473862,34583012.46039532,0
2021-01-31 04:00:00+00:00,33930.22,34127.65,33794.27,34034.31,1805.951751,2021-01-31 04:59:59.999000+00:00,61338223.41763807,47859,901.536633,30622644.98494255,0
2021-01-31 05:00:00+00:00,34034.3,34056.64,33678.46,33756.39,1919.906624,2021-01-31 05:59:59.999000+00:00,64929411.25863169,63877,901.740718,30495524.95514881,0
2021-01-31 06:00:00+00:00,33757.17,33857.88,33571.42,33655.86,1945.825594,2021-01-31 06:59:59.999000+00:00,65600207.94435328,47790,930.32602,31366164.26940287,0
2021-01-31 07:00:00+00:00,33655.85,33846.27,33450.0,33607.98,2065.004715,2021-01-31 07:59:59.999000+00:00,69515828.35365877,52990,986.383474,33218178.43936213,0
2021-01-31 08:00:00+00:00,33607.68,33832.94,33312.12,33596.72,2711.806898,2021-01-31 08:59:59.999000+00:00,91112581.94067644,62435,1392.430165,46799966.82858392,0
2021-01-31 09:00:00+00:00,33596.72,33769.93,33270.0,33301.7,2439.994277,2021-01-31 09:59:59.999000+00:00,81773282.46528828,61860,1149.480635,38531385.05985345,0
2021-01-31 10:00:00+00:00,33300.01,33744.88,33205.0,33653.68,2544.013927,2021-01-31 10:59:59.999000+00:00,85311143.11480685,66211,1289.519756,43255464.17454825,0
2021-01-31 11:00:00+00:00,33652.23,33784.4,33469.38,33563.23,1965.178302,2021-01-31 11:59:59.999000+00:00,66078553.26019094,56862,996.186711,33496992.17475449,0
2021-01-31 12:00:00+00:00,33563.24,34220.0,33366.29,33974.05,4152.45212,2021-01-31 12:59:59.999000+00:00,140704742.42162135,89675,2244.351054,76054246.78438006,0
2021-01-31 13:00:00+00:00,33974.05,34050.0,33607.95,33692.92,2291.022091,2021-01-31 13:59:59.999000+00:00,77417451.86772917,67210,1058.568894,35773756.47719697,0
2021-01-31 14:00:00+00:00,33691.49,33735.54,33318.02,33330.71,2924.249894,2021-01-31 14:59:59.999000+00:00,98028927.06121184,71653,1316.148082,44130251.32737339,0
2021-01-31 15:00:00+00:00,33330.72,33470.0,32554.0,32862.66,6617.934511,2021-01-31 15:59:59.999000+00:00,218037468.51139444,133310,2887.500339,95114203.83659416,0
2021-01-31 16:00:00+00:00,32862.65,33073.55,32555.0,32891.86,3707.19492,2021-01-31 16:59:59.999000+00:00,121964680.76611902,82287,1714.221508,56423575.18170762,0
2021-01-31 17:00:00+00:00,32891.86,33077.9,32200.0,32302.31,4790.614733,2021-01-31 17:59:59.999000+00:00,156494910.95577297,101275,2143.458405,70054838.61757502,0
2021-01-31 18:00:00+00:00,32302.32,32849.71,32171.67,32450.3,3929.77849,2021-01-31 18:59:59.999000+00:00,127769211.17755456,95100,1914.829712,62262815.18062214,0
2021-01-31 19:00:00+00:00,32449.53,32926.25,32400.27,32808.8,3396.978125,2021-01-31 19:59:59.999000+00:00,111186671.44357628,79192,1617.396265,52940950.71833745,0
2021-01-31 20:00:00+00:00,32807.29,32931.55,32461.23,32853.73,2968.315197,2021-01-31 20:59:59.999000+00:00,97119658.90147465,72031,1330.339259,43546588.71877033,0
2021-01-31 21:00:00+00:00,32853.73,32899.39,32515.0,32560.73,2336.553165,2021-01-31 21:59:59.999000+00:00,76465178.41548619,79137,1108.391972,36275448.49838342,0
2021-01-31 22:00:00+00:00,32561.35,33088.88,32559.85,32974.1,1874.807965,2021-01-31 22:59:59.999000+00:00,61632662.65925331,60768,888.219223,29205489.37903717,0
2021-01-31 23:00:00+00:00,32974.1,33255.49,32933.54,33092.98,3218.738903,2021-01-31 23:59:59.999000+00:00,106617964.828439,67990,1327.02294,43955023.65788233,0
2021-02-01 00:00:00+00:00,33092.97,33106.33,32296.16,32546.27,4383.926122,2021-02-01 00:59:59.999000+00:00,142737162.71050397,98763,2074.600069,67502334.30717596,0
2021-02-01 01:00:00+00:00,32546.32,33560.9,32476.34,33430.29,3713.649492,2021-02-01 01:59:59.999000+00:00,122901565.64866953,76863,1958.691774,64820477.07485389,0
2021-02-01 02:00:00+00:00,33425.19,33830.0,33222.88,33649.73,3694.931629,2021-02-01 02:59:59.999000+00:00,124101642.97642446,70196,2026.270613,68048628.28106551,0
2021-02-01 03:00:00+00:00,33646.37,33776.81,33470.0,33573.97,2882.141795,2021-02-01 03:59:59.999000+00:00,96898863.58231832,65467,1502.164716,50506662.36382209,0
2021-02-01 04:00:00+00:00,33573.25,33943.55,33423.43,33558.25,3206.054328,2021-02-01 04:59:59.999000+00:00,107985187.41969644,82376,1739.632601,58612443.43947073,0
2021-02-01 05:00:00+00:00,33560.91,33888.33,33429.36,33755.4,2593.020379,2021-02-01 05:59:59.999000+00:00,87162686.1082707,77102,1429.278798,48049426.93847586,0
2021-02-01 06:00:00+00:00,33753.59,34427.0,33284.24,33518.89,6222.258955,2021-02-01 06:59:59.999000+00:00,210377110.9191536,128607,3252.079601,110039887.36561704,0
2021-02-01 07:00:00+00:00,33518.88,33885.39,33390.12,33803.97,3328.878829,2021-02-01 07:59:59.999000+00:00,111983571.65304036,82926,1639.388705,55169920.19953022,0
2021-02-01 08:00:00+00:00,33802.6,34500.0,33589.23,34477.31,5058.23727,2021-02-01 08:59:59.999000+00:00,171793699.65688625,114044,2658.756119,90308550.73893042,0
2021-02-01 09:00:00+00:00,34475.57,34717.27,34268.62,34354.47,5654.141055,2021-02-01 09:59:59.999000+00:00,195106370.41513303,116712,2909.972446,100421427.90252031,0
2021-02-01 10:00:00+00:00,34354.46,34539.94,34012.41,34163.28,4235.260657,2021-02-01 10:59:59.999000+00:00,145043190.3715813,102798,2138.940715,73268266.30953945,0
2021-02-01 11:00:00+00:00,34163.28,34400.0,33935.47,34183.33,4573.86889,2021-02-01 11:59:59.999000+00:00,156247039.9129478,110371,2411.240582,82367159.94215582,0
2021-02-01 12:00:00+00:00,34183.33,34460.0,33590.0,33770.23,5761.08894,2021-02-01 12:59:59.999000+00:00,196167710.12255967,94637,2842.248576,96774325.81179573,0
2021-02-01 13:00:00+00:00,33770.23,34050.0,33655.0,33702.25,4848.934356,2021-02-01 13:59:59.999000+00:00,164142743.39168623,95479,2501.541896,84685143.75421217,0
2021-02-01 14:00:00+00:00,33702.25,33866.49,33400.0,33532.81,4147.496698,2021-02-01 14:59:59.999000+00:00,139437968.36318675,70535,1956.328366,65799272.08513261,0
2021-02-01 15:00:00+00:00,33535.51,33638.99,33160.0,33160.17,2721.186603,2021-02-01 15:59:59.999000+00:00,91002423.81062862,60911,1153.353652,38584199.50053891,0
2021-02-01 16:00:00+00:00,33160.0,33603.91,33133.26,33460.83,2419.87278,2021-02-01 16:59:59.999000+00:00,80761974.58769844,50309,1133.40766,37826860.75130885,0
2021-02-01 17:00:00+00:00,33460.83,34100.0,33380.0,33978.31,3038.668685,2021-02-01 17:59:59.999000+00:00,102352703.97211269,76303,1455.477819,49063257.86370151,0
2021-02-01 18:00:00+00:00,33979.94,34032.93,33655.01,33731.52,1872.630656,2021-02-01 18:59:59.999000+00:00,63366430.46922832,53060,843.165823,28529194.50917199,0
2021-02-01 19:00:00+00:00,33739.52,34072.54,33700.3,33838.13,1802.347253,2021-02-01 19:59:59.999000+00:00,61103749.87479555,40254,955.422229,32392586.45573624,0
2021-02-01 20:00:00+00:00,33838.13,34039.0,33722.04,33831.55,1718.931235,2021-02-01 20:59:59.999000+00:00,58254258.51752635,36267,986.747055,33438414.96058199,0
2021-02-01 21:00:00+00:00,33831.54,33848.95,33549.0,33658.67,1451.016267,2021-02-01 21:59:59.999000+00:00,48922604.53882721,32918,717.174288,24184331.91016902,0
2021-02-01 22:00:00+00:00,33661.79,33789.73,33511.0,33539.39,1538.152625,2021-02-01 22:59:59.999000+00:00,51750348.05666541,37352,647.505954,21786987.24340813,0
2021-02-01 23:00:00+00:00,33542.12,33768.0,33430.76,33526.37,1851.581383,2021-02-01 23:59:59.999000+00:00,62175650.92606452,36242,922.451429,30979207.01918344,0
2021-02-02 00:00:00+00:00,33517.09,34161.39,33418.0,33763.07,3418.178933,2021-02-02 00:59:59.999000+00:00,115729706.3311423,63969,1834.010324,62119675.06646612,0
2021-02-02 01:00:00+00:00,33763.06,33800.96,33509.0,33744.71,1866.753456,2021-02-02 01:59:59.999000+00:00,62792661.73073772,52952,881.33041,29646228.26125995,0
2021-02-02 02:00:00+00:00,33742.99,33876.73,33555.49,33646.0,2079.71725,2021-02-02 02:59:59.999000+00:00,70054606.83642168,56184,1032.147717,34765415.66222445,0
2021-02-02 03:00:00+00:00,33646.0,33700.0,33501.25,33550.32,1739.293586,2021-02-02 03:59:59.999000+00:00,58463810.0523095,46143,762.907472,25643101.38073138,0
2021-02-02 04:00:00+00:00,33554.08,33963.29,33500.0,33876.37,2126.287435,2021-02-02 04:59:59.999000+00:00,71835719.93835479,43360,1006.425344,34007577.10022674,0
2021-02-02 05:00:00+00:00,33876.36,34100.0,33770.0,33992.83,2064.000409,2021-02-02 05:59:59.999000+00:00,70038448.05485895,60017,1051.649733,35695177.95958224,0
2021-02-02 06:00:00+00:00,33992.83,34321.61,33924.73,34295.01,3127.063242,2021-02-02 06:59:59.999000+00:00,106640407.4628304,82974,1864.244437,63593360.71907737,0
2021-02-02 07:00:00+00:00,34295.01,34400.0,34136.02,34223.38,3112.034911,2021-02-02 07:59:59.999000+00:00,106630733.57998358,66027,1360.287848,46612659.85584861,0
2021-02-02 08:00:00+00:00,34223.38,34683.63,34080.0,34663.87,4957.224233,2021-02-02 08:59:59.999000+00:00,170397234.0166151,84147,2572.906132,88458694.69105037,0
2021-02-02 09:00:00+00:00,34663.87,35668.1,34663.87,35334.04,8817.044699,2021-02-02 09:59:59.999000+00:00,310915131.0562443,158364,4715.612873,166220299.6378266,0
2021-02-02 10:00:00+00:00,35334.03,35434.7,34910.48,35160.24,3910.053832,2021-02-02 10:59:59.999000+00:00,137638713.2655987,81936,1969.642994,69336306.75180312,0
2021-02-02 11:00:00+00:00,35160.24,35284.49,34601.0,34720.15,4384.335984,2021-02-02 11:59:59.999000+00:00,153356161.25391537,84105,2322.49346,81237513.90743493,0
2021-02-02 12:00:00+00:00,34722.97,35000.0,34524.2,34779.91,2883.954987,2021-02-02 12:59:59.999000+00:00,100377726.68791108,61033,1527.539483,53167842.80168389,0
2021-02-02 13:00:00+00:00,34779.9,35200.0,34731.7,34844.73,3086.324334,2021-02-02 13:59:59.999000+00:00,107830810.1870508,68712,1563.547798,54629422.78110823,0
2021-02-02 14:00:00+00:00,34844.06,34932.5,34333.0,34793.99,3325.555695,2021-02-02 14:59:59.999000+00:00,115350800.34527095,77765,1464.980367,50826272.19172544,0
2021-02-02 15:00:00+00:00,34795.72,35151.0,34548.26,34708.47,3413.599491,2021-02-02 15:59:59.999000+00:00,118797411.48827524,91425,1673.844868,58273351.05906327,0
2021-02-02 16:00:00+00:00,34708.47,35175.31,34556.85,34964.52,4344.343605,2021-02-02 16:59:59.999000+00:00,151529824.86205333,107598,2102.942806,73357443.61602877,0
2021-02-02 17:00:00+00:00,34964.52,35021.85,34738.0,34851.47,2262.623255,2021-02-02 17:59:59.999000+00:00,78878997.20662455,63282,1079.403259,37634210.25001854,0
2021-02-02 18:00:00+00:00,34851.47,35308.23,34790.0,35264.21,2743.262364,2021-02-02 18:59:59.999000+00:00,96146404.38965029,66654,1456.822341,51080321.11312637,0
2021-02-02 19:00:00+00:00,35264.66,35800.0,35090.91,35762.03,4111.442418,2021-02-02 19:59:59.999000+00:00,145781142.12603605,93057,2163.667004,76735932.20940161,0
2021-02-02 20:00:00+00:00,35762.05,35984.33,35525.1,35786.51,4024.740008,2021-02-02 20:59:59.999000+00:00,143903400.12762672,92961,2000.293608,71524851.86595844,0
2021-02-02 21:00:00+00:00,35788.3,35896.49,35558.9,35653.07,2723.877664,2021-02-02 21:59:59.999000+00:00,97346782.21912856,68418,1183.553449,42304056.00682402,0
2021-02-02 22:00:00+00:00,35653.03,35812.49,35530.0,35572.36,1588.325916,2021-02-02 22:59:59.999000+00:00,56638743.09164516,60824,723.203996,25793701.52793158,0
2021-02-02 23:00:00+00:00,35576.49,35699.38,35466.0,35466.24,1946.622173,2021-02-02 23:59:59.999000+00:00,69246520.00732346,57765,903.105383,32127548.22049756,0
2021-02-03 00:00:00+00:00,35472.71,36240.0,35362.38,36135.01,4260.425106,2021-02-03 00:59:59.999000+00:00,153185534.4412943,86243,2203.092813,79227037.81705353,0
2021-02-03 01:00:00+00:00,36139.74,36349.64,35843.21,35879.27,3464.399183,2021-02-03 01:59:59.999000+00:00,124916962.68756604,66965,1653.081122,59598074.16722305,0
2021-02-03 02:00:00+00:00,35879.26,36125.93,35816.74,35889.37,2828.485268,2021-02-03 02:59:59.999000+00:00,101621495.81154045,54021,1324.449411,47583575.26033304,0
2021-02-03 03:00:00+00:00,35889.37,36500.0,35878.11,36403.47,3006.037536,2021-02-03 03:59:59.999000+00:00,108745191.30919388,55259,1432.54751,51837707.53058516,0
2021-02-03 04:00:00+00:00,36403.47,36845.0,36403.47,36628.85,4488.054518,2021-02-03 04:59:59.999000+00:00,164545262.50417447,108221,2400.782999,88008701.12544991,0
2021-02-03 05:00:00+00:00,36628.86,36690.14,36377.1,36460.12,2188.76658,2021-02-03 05:59:59.999000+00:00,79870230.1737506,62274,1139.805479,41586730.04582903,0
2021-02-03 06:00:00+00:00,36462.63,36789.0,36435.96,36535.9,2417.770684,2021-02-03 06:59:59.999000+00:00,88535810.28662406,55099,1346.498681,49309644.81198082,0
2021-02-03 07:00:00+00:00,36533.94,36590.08,36231.66,36297.57,2827.284067,2021-02-03 07:59:59.999000+00:00,102996893.41242376,53205,1277.002185,46524149.46095999,0
2021-02-03 08:00:00+00:00,36297.58,36299.98,35640.93,36010.09,4414.920986,2021-02-03 08:59:59.999000+00:00,158931388.68529093,82881,2039.102716,73397144.18563154,0
2021-02-03 09:00:00+00:00,36011.01,36036.0,35511.0,35851.19,3634.751842,2021-02-03 09:59:59.999000+00:00,130021296.18955164,72725,1963.615321,70243609.17911804,0
2021-02-03 10:00:00+00:00,35851.19,36040.0,35657.69,35985.27,2271.00839,2021-02-03 10:59:59.999000+00:00,81400262.48087777,54106,1250.012161,44809168.90517665,0
2021-02-03 11:00:00+00:00,35985.27,36238.38,35855.31,35969.41,2702.527929,2021-02-03 11:59:59.999000+00:00,97455671.3594974,62958,1234.331095,44512176.3370788,0
2021-02-03 12:00:00+00:00,35969.41,36322.96,35810.9,36178.86,2932.291724,2021-02-03 12:59:59.999000+00:00,105997784.07411487,75668,1462.931307,52880945.5097514,0
2021-02-03 13:00:00+00:00,36179.62,36720.56,35944.51,36537.42,4542.426422,2021-02-03 13:59:59.999000+00:00,165607888.0904309,108797,2106.044374,76774909.81866129,0
2021-02-03 14:00:00+00:00,36537.42,36760.53,36369.56,36548.6,3658.661804,2021-02-03 14:59:59.999000+00:00,133734783.416105,82802,1652.422681,60404716.1348796,0
2021-02-03 15:00:00+00:00,36548.59,36917.27,36540.79,36850.0,4080.225476,2021-02-03 15:59:59.999000+00:00,149926004.80378023,89781,2038.01231,74886177.18525864,0
2021-02-03 16:00:00+00:00,36850.0,37221.42,36643.07,37146.67,5690.30451,2021-02-03 16:59:59.999000+00:00,210149745.28047696,128478,3114.070082,115033725.72814643,0
2021-02-03 17:00:00+00:00,37146.67,37179.69,36929.0,37176.86,3489.54181,2021-02-03 17:59:59.999000+00:00,129297550.90680525,87386,1753.009599,64945347.84804888,0
2021-02-03 18:00:00+00:00,37176.87,37200.0,36688.0,37114.14,3606.788457,2021-02-03 18:59:59.999000+00:00,133452803.73988868,94525,1785.809438,66092068.23989953,0
2021-02-03 19:00:00+00:00,37116.47,37136.0,36788.88,36788.89,2430.824869,2021-02-03 19:59:59.999000+00:00,89721003.60116465,72957,1101.988369,40677504.75242853,0
2021-02-03 20:00:00+00:00,36788.89,37075.7,36644.44,37039.88,2729.999985,2021-02-03 20:59:59.999000+00:00,100654510.98253433,77912,1303.460584,48066791.14988422,0
2021-02-03 21:00:00+00:00,37039.88,37420.51,36965.52,37256.97,3713.749982,2021-02-03 21:59:59.999000+00:00,138078449.71433312,94908,1780.088015,66197164.04526289,0
2021-02-03 22:00:00+00:00,37256.97,37509.74,37232.72,37276.31,2590.420547,2021-02-03 22:59:59.999000+00:00,96836739.62843671,77051,1138.23533,42549937.54073131,0
2021-02-03 23:00:00+00:00,37276.3,37662.63,37267.02,37618.87,2814.665988,2021-02-03 23:59:59.999000+00:00,105549524.6044492,77518,1362.681478,51101039.36254488,0
2021-02-04 00:00:00+00:00,37620.26,38128.0,37615.93,38063.15,4961.192599,2021-02-04 00:59:59.999000+00:00,187977973.17526248,117944,3061.910689,116029439.75396,0
2021-02-04 01:00:00+00:00,38065.0,38288.0,37861.83,38147.35,4294.877656,2021-02-04 01:59:59.999000+00:00,163643128.68714705,92293,2203.028535,83962739.55237745,0
2021-02-04 02:00:00+00:00,38147.36,38215.4,37505.51,37896.36,3775.56313,2021-02-04 02:59:59.999000+00:00,142792275.77206093,81556,1829.976264,69199475.74376775,0
2021-02-04 03:00:00+00:00,37896.36,38015.5,37363.17,37498.78,3017.097423,2021-02-04 03:59:59.999000+00:00,113590846.05870776,64132,1354.765929,51021670.96465612,0
2021-02-04 04:00:00+00:00,37498.78,37788.76,37326.83,37678.39,2283.222188,2021-02-04 04:59:59.999000+00:00,85875459.9927711,66721,1012.228296,38070204.87406065,0
2021-02-04 05:00:00+00:00,37678.4,37924.35,37479.03,37578.23,2687.634161,2021-02-04 05:59:59.999000+00:00,101354654.4036446,55759,1199.577887,45251175.88198284,0
2021-02-04 06:00:00+00:00,37577.31,38195.0,37530.95,38076.43,3405.710677,2021-02-04 06:59:59.999000+00:00,129186885.66333964,89003,1797.587011,68202617.61705714,0
2021-02-04 07:00:00+00:00,38076.43,38175.69,37800.0,37843.4,3290.328314,2021-02-04 07:59:59.999000+00:00,124899917.36988243,81512,1709.943757,64917523.56638815,0
2021-02-04 08:00:00+00:00,37843.4,38708.27,37015.0,37338.19,9587.954136,2021-02-04 08:59:59.999000+00:00,366242945.92388064,191071,5060.19562,193523169.3214144,0
2021-02-04 09:00:00+00:00,37339.11,37604.07,36662.45,37509.22,7567.338068,2021-02-04 09:59:59.999000+00:00,281563628.3522714,185306,3731.19218,138879883.45744723,0
2021-02-04 10:00:00+00:00,37509.22,37772.43,37206.2,37611.63,3331.242849,2021-02-04 10:59:59.999000+00:00,124958513.58251473,84501,1660.322411,62288639.09505894,0
2021-02-04 11:00:00+00:00,37612.9,37922.78,37306.12,37321.75,3250.63072,2021-02-04 11:59:59.999000+00:00,122447003.14992987,82299,1575.703676,59379233.80206839,0
2021-02-04 12:00:00+00:00,37319.43,37763.57,37021.8,37618.69,3402.209624,2021-02-04 12:59:59.999000+00:00,127500327.078171,85938,1639.678223,61461903.60544999,0
2021-02-04 13:00:00+00:00,37618.68,37690.0,37268.03,37587.58,2729.71393,2021-02-04 13:59:59.999000+00:00,102291632.65196247,75618,1178.046941,44158825.48738725,0
2021-02-04 14:00:00+00:00,37587.58,37705.0,36626.86,36795.15,4883.793557,2021-02-04 14:59:59.999000+00:00,181710552.4322228,107485,2150.473862,80066225.2998846,0
2021-02-04 15:00:00+00:00,36795.15,36965.34,36161.95,36564.23,5975.272682,2021-02-04 15:59:59.999000+00:00,218390088.61388537,126393,3210.414164,117331751.49171108,0
2021-02-04 16:00:00+00:00,36564.23,36989.99,36399.79,36929.36,3826.189163,2021-02-04 16:59:59.999000+00:00,140423708.51856384,86263,1929.223544,70810966.36637297,0
2021-02-04 17:00:00+00:00,36929.53,37070.0,36780.0,36884.34,3095.319905,2021-02-04 17:59:59.999000+00:00,114258715.03809118,87277,1340.558602,49492340.65480582,0
2021-02-04 18:00:00+00:00,36884.34,37422.37,36761.89,37141.96,2972.451426,2021-02-04 18:59:59.999000+00:00,110379893.67350747,80261,1528.264044,56771212.21425576,0
2021-02-04 19:00:00+00:00,37143.44,37499.99,36980.0,37467.18,2969.281676,2021-02-04 19:59:59.999000+00:00,110544242.29106592,75098,1335.249693,49718533.3620931,0
2021-02-04 20:00:00+00:00,37467.18,37783.83,37366.0,37613.31,3154.238046,2021-02-04 20:59:59.999000+00:00,118507575.50112124,79887,1529.588094,57462912.05821626,0
2021-02-04 21:00:00+00:00,37613.32,37729.82,37302.0,37643.0,2384.693961,2021-02-04 21:59:59.999000+00:00,89503771.03270257,74675,1111.653521,41720592.51664071,0
2021-02-04 22:00:00+00:00,37643.0,37698.73,36964.03,37240.0,2533.48052,2021-02-04 22:59:59.999000+00:00,94359816.25785984,79029,1148.756916,42780272.54525439,0
2021-02-04 23:00:00+00:00,37240.0,37382.34,36841.77,36936.66,2701.299487,2021-02-04 23:59:59.999000+00:00,100265466.9327262,61845,1217.873831,45208704.65722741,0
2021-02-05 00:00:00+00:00,36936.65,37227.22,36795.72,36993.25,2538.982425,2021-02-05 00:59:59.999000+00:00,94060540.82816912,66150,1370.475025,50781072.55362958,0
2021-02-05 01:00:00+00:00,36993.25,37300.0,36570.0,36632.38,2618.349898,2021-02-05 01:59:59.999000+00:00,96919235.86880109,65505,1214.69936,44986589.95702002,0
2021-02-05 02:00:00+00:00,36632.38,36990.0,36570.0,36958.28,2861.360001,2021-02-05 02:59:59.999000+00:00,105221638.22311394,66191,1351.233826,49686787.80852069,0
2021-02-05 03:00:00+00:00,36958.33,37400.0,36909.71,37366.02,2614.23721,2021-02-05 03:59:59.999000+00:00,97331762.32062224,68270,1382.645039,51483483.61294185,0
2021-02-05 04:00:00+00:00,37366.01,37499.0,37187.81,37266.78,1902.890739,2021-02-05 04:59:59.999000+00:00,70991732.29723369,54835,998.866607,37264472.34248572,0
2021-02-05 05:00:00+00:00,37266.79,37350.33,36995.27,37065.97,1730.406065,2021-02-05 05:59:59.999000+00:00,64358448.1817228,49929,824.669688,30670842.63141629,0
2021-02-05 06:00:00+00:00,37065.98,37658.0,37021.8,37375.52,2965.59287,2021-02-05 06:59:59.999000+00:00,110836113.57500377,76786,1668.637445,62377233.66280996,0
2021-02-05 07:00:00+00:00,37374.39,37727.22,37374.38,37653.98,2722.549399,2021-02-05 07:59:59.999000+00:00,102258856.11144492,74145,1405.514379,52789937.1392741,0
2021-02-05 08:00:00+00:00,37659.64,37800.0,37392.71,37705.27,3404.586859,2021-02-05 08:59:59.999000+00:00,128051636.94025259,85797,1728.196225,65008576.01249925,0
2021-02-05 09:00:00+00:00,37705.27,37769.85,37211.85,37251.07,2526.099044,2021-02-05 09:59:59.999000+00:00,94847506.17347488,70845,1167.101098,43835634.94429535,0
2021-02-05 10:00:00+00:00,37251.07,37655.44,37200.0,37395.91,2315.261816,2021-02-05 10:59:59.999000+00:00,86736898.08353803,70360,1122.581344,42057910.15909118,0
2021-02-05 11:00:00+00:00,37395.92,37733.75,37395.78,37691.32,2165.149463,2021-02-05 11:59:59.999000+00:00,81402029.34160568,63507,1010.101639,37972029.61722899,0
2021-02-05 12:00:00+00:00,37691.32,38151.69,37527.14,37850.36,4197.957336,2021-02-05 12:59:59.999000+00:00,159155783.6294625,104275,2317.129119,87866670.6791938,0
2021-02-05 13:00:00+00:00,37850.36,38298.0,37767.09,38272.32,3967.773058,2021-02-05 13:59:59.999000+00:00,150813327.15355557,127525,2099.616408,79831159.32397813,0
2021-02-05 14:00:00+00:00,38272.33,38310.12,37960.73,38095.02,4108.056943,2021-02-05 14:59:59.999000+00:00,156744958.7279162,99933,1866.705094,71218889.68443885,0
2021-02-05 15:00:00+00:00,38095.14,38288.19,37871.42,37960.76,3833.8729,2021-02-05 15:59:59.999000+00:00,145986174.46799004,114481,1710.618083,65151398.33083216,0
2021-02-05 16:00:00+00:00,37960.76,38163.34,37655.17,37809.55,4270.395934,2021-02-05 16:59:59.999000+00:00,162066461.0750136,130627,1847.415965,70111024.536287,0
2021-02-05 17:00:00+00:00,37813.19,37950.0,37733.0,37894.61,2229.581763,2021-02-05 17:59:59.999000+00:00,84391751.8685629,68440,1069.027148,40465805.1605323,0
2021-02-05 18:00:00+00:00,37894.61,37922.44,37312.25,37406.23,2936.18453,2021-02-05 18:59:59.999000+00:00,110607646.49013191,73073,1329.278699,50085592.080494,0
2021-02-05 19:00:00+00:00,37405.63,37676.13,37230.0,37608.92,3067.360933,2021-02-05 19:59:59.999000+00:00,115005347.28495288,77422,1344.851133,50427638.1836553,0
2021-02-05 20:00:00+00:00,37608.91,37790.0,37485.94,37740.39,2177.904759,2021-02-05 20:59:59.999000+00:00,82020586.16573915,69036,1082.11254,40757143.58772434,0
2021-02-05 21:00:00+00:00,37740.4,37920.0,37656.29,37819.67,1692.320327,2021-02-05 21:59:59.999000+00:00,63941297.17713087,60169,821.260852,31034094.15883675,0
2021-02-05 22:00:00+00:00,37819.67,37971.61,37652.79,37784.12,1587.732812,2021-02-05 22:59:59.999000+00:00,60092643.60543921,53710,718.656619,27201604.72468686,0
2021-02-05 23:00:00+00:00,37782.98,38309.0,37743.81,38290.24,2246.727191,2021-02-05 23:59:59.999000+00:00,85435916.16070902,62242,1304.991696,49648288.94626587,0
2021-02-06 00:00:00+00:00,38289.32,38879.0,38215.94,38740.92,5397.483552,2021-02-06 00:59:59.999000+00:00,208053475.66680664,147707,3406.475257,131322910.58625495,0
2021-02-06 01:00:00+00:00,38740.92,39482.18,38275.86,38806.45,10003.946378,2021-02-06 01:59:59.999000+00:00,390200018.23093635,197361,5676.126797,221449716.55407816,0
2021-02-06 02:00:00+00:00,38806.45,39535.36,38612.0,39382.1,5911.874527,2021-02-06 02:59:59.999000+00:00,231361842.1334083,128272,3115.93829,122001548.9689042,0
2021-02-06 03:00:00+00:00,39383.26,39666.0,39200.0,39384.74,4116.762355,2021-02-06 03:59:59.999000+00:00,162350846.58796716,91721,2220.0389,87582967.52244492,0
2021-02-06 04:00:00+00:00,39386.92,39386.93,38933.0,39179.56,2678.750885,2021-02-06 04:59:59.999000+00:00,104992043.77130751,60522,1391.058863,54518857.13771583,0
2021-02-06 05:00:00+00:00,39179.56,39238.0,38600.0,39014.73,2895.912396,2021-02-06 05:59:59.999000+00:00,112848792.63929416,64210,1441.672708,56201285.53642504,0
2021-02-06 06:00:00+00:00,39015.08,39458.37,38989.9,39267.47,2778.740634,2021-02-06 06:59:59.999000+00:00,109086522.14959428,58879,1398.435756,54896197.02950555,0
2021-02-06 07:00:00+00:00,39267.47,39488.62,39156.16,39359.12,2344.527687,2021-02-06 07:59:59.999000+00:00,92210146.02486588,55905,1187.520561,46709229.45616234,0
2021-02-06 08:00:00+00:00,39362.27,39699.69,39297.75,39425.02,3300.466872,2021-02-06 08:59:59.999000+00:00,130441380.93142372,74577,1752.720835,69278540.91525593,0
2021-02-06 09:00:00+00:00,39427.0,39900.0,39400.0,39887.91,3983.375623,2021-02-06 09:59:59.999000+00:00,158139448.06879193,92083,2259.811376,89736312.59180295,0
2021-02-06 10:00:00+00:00,39887.91,40000.0,39516.17,39998.63,4327.836156,2021-02-06 10:59:59.999000+00:00,172331537.28403556,89421,2465.759166,98241913.39500155,0
2021-02-06 11:00:00+00:00,39998.63,40479.86,39992.64,40199.99,6837.077436,2021-02-06 11:59:59.999000+00:00,275033964.1939492,143363,3673.133352,147725671.45858568,0
2021-02-06 12:00:00+00:00,40199.52,40445.55,39836.72,39902.49,4298.298209,2021-02-06 12:59:59.999000+00:00,172657675.33101562,92646,2161.800917,86855747.22067142,0
2021-02-06 13:00:00+00:00,39902.5,40255.08,39900.0,40130.47,2914.837204,2021-02-06 13:59:59.999000+00:00,116904231.2282042,79449,1450.021698,58146130.51888595,0
2021-02-06 14:00:00+00:00,40127.07,40574.85,40125.3,40268.44,3508.674711,2021-02-06 14:59:59.999000+00:00,141595861.06674716,93559,1875.196581,75682835.58260766,0
2021-02-06 15:00:00+00:00,40268.44,40866.66,40134.8,40864.73,4850.415338,2021-02-06 15:59:59.999000+00:00,196738399.90669563,125084,2635.635998,106912802.55464476,0
2021-02-06 16:00:00+00:00,40865.12,40955.51,40478.19,40608.76,4533.517799,2021-02-06 16:59:59.999000+00:00,184552299.88860375,95758,2349.01142,95629949.47079208,0
2021-02-06 17:00:00+00:00,40608.77,40662.01,40163.67,40197.01,3400.926765,2021-02-06 17:59:59.999000+00:00,137684308.85395983,100225,1623.592118,65744658.43377461,0
2021-02-06 18:00:00+00:00,40197.01,40444.44,40052.39,40276.41,3152.891872,2021-02-06 18:59:59.999000+00:00,126882405.86077563,99367,1621.1508,65251328.98528318,0
2021-02-06 19:00:00+00:00,40276.41,40420.0,39940.44,40179.42,3188.911421,2021-02-06 19:59:59.999000+00:00,128046935.90480728,66350,1673.804,67202217.40755716,0
2021-02-06 20:00:00+00:00,40179.42,40179.42,39572.74,40087.4,4169.923397,2021-02-06 20:59:59.999000+00:00,166198712.66538587,85476,2118.900359,84468998.23157547,0
2021-02-06 21:00:00+00:00,40087.4,40250.0,40026.98,40028.19,2506.702067,2021-02-06 21:59:59.999000+00:00,100621883.58426316,78962,1135.88883,45596660.88473547,0
2021-02-06 22:00:00+00:00,40028.91,40469.19,39869.0,39992.77,2057.032105,2021-02-06 22:59:59.999000+00:00,82644937.35575856,64952,1038.37131,41738352.71705292,0
2021-02-06 23:00:00+00:00,39992.77,40083.86,39035.33,39186.94,5598.425794,2021-02-06 23:59:59.999000+00:00,220517479.59955308,105797,2343.44747,92285914.18750626,0
2021-02-07 00:00:00+00:00,39181.01,39611.04,38701.0,39564.17,4552.184099,2021-02-07 00:59:59.999000+00:00,178542407.33143696,93465,1976.998042,77615459.49756958,0
2021-02-07 01:00:00+00:00,39564.16,39588.9,38500.0,38627.36,4822.672218,2021-02-07 01:59:59.999000+00:00,188375499.80254728,101064,2112.284312,82610946.92491478,0
2021-02-07 02:00:00+00:00,38627.36,38820.0,38344.0,38747.31,4332.430976,2021-02-07 02:59:59.999000+00:00,167276556.5882052,98932,2003.813497,77383388.6030632,0
2021-02-07 03:00:00+00:00,38747.31,38926.58,38554.63,38841.46,2453.33738,2021-02-07 03:59:59.999000+00:00,95079047.20114498,84838,1205.414469,46718949.65173031,0
2021-02-07 04:00:00+00:00,38839.52,38839.52,37923.0,38312.99,4918.021119,2021-02-07 04:59:59.999000+00:00,188621927.5518532,121762,2224.931755,85416326.01581226,0
2021-02-07 05:00:00+00:00,38312.99,38692.04,38175.02,38511.0,2441.370485,2021-02-07 05:59:59.999000+00:00,93822676.60161684,60173,1244.280114,47824960.17905836,0
2021-02-07 06:00:00+00:00,38511.01,38700.0,38282.44,38531.35,2092.40306,2021-02-07 06:59:59.999000+00:00,80635761.10435173,50410,1035.788101,39915086.52709731,0
2021-02-07 07:00:00+00:00,38531.35,39094.36,38410.63,39030.0,3441.570324,2021-02-07 07:59:59.999000+00:00,133713437.10999376,72600,1648.171982,64043236.24602802,0
2021-02-07 08:00:00+00:00,39030.0,39529.0,39021.22,39496.96,3816.580706,2021-02-07 08:59:59.999000+00:00,150114213.35314617,78481,2057.54242,80939443.8523372,0
2021-02-07 09:00:00+00:00,39496.96,39700.0,39304.18,39513.92,2546.251687,2021-02-07 09:59:59.999000+00:00,100566318.01428217,60075,1279.978577,50558052.51961604,0
2021-02-07 10:00:00+00:00,39513.92,39658.04,39124.39,39331.42,3239.676941,2021-02-07 10:59:59.999000+00:00,127508580.30409016,72901,1911.259127,75210340.15890308,0
2021-02-07 11:00:00+00:00,39331.43,39358.0,38762.16,39046.6,3207.014305,2021-02-07 11:59:59.999000+00:00,125201209.0961705,80558,1672.266085,65284270.30592733,0
2021-02-07 12:00:00+00:00,39044.37,39272.69,38530.25,38820.87,3546.260633,2021-02-07 12:59:59.999000+00:00,137643917.6460915,84468,1788.327814,69429076.28582463,0
2021-02-07 13:00:00+00:00,38820.87,39119.47,38381.62,38629.26,3723.038241,2021-02-07 13:59:59.999000+00:00,144194292.25096896,82493,1789.604397,69307989.63849768,0
2021-02-07 14:00:00+00:00,38629.26,38700.0,38162.87,38214.98,3836.981985,2021-02-07 14:59:59.999000+00:00,147453531.7016934,89438,1853.706469,71253242.19345468,0
2021-02-07 15:00:00+00:00,38215.01,38395.26,37580.0,37921.11,6376.158066,2021-02-07 15:59:59.999000+00:00,242026048.33180532,139577,2773.448179,105268386.92469764,0
2021-02-07 16:00:00+00:00,37921.12,38244.5,37351.0,38185.72,6459.783562,2021-02-07 16:59:59.999000+00:00,244040363.26502657,133648,3115.320241,117743789.16913085,0
2021-02-07 17:00:00+00:00,38179.78,38208.6,37685.96,37870.62,2902.656769,2021-02-07 17:59:59.999000+00:00,110346883.99433824,71482,1405.969957,53447579.23303858,0
2021-02-07 18:00:00+00:00,37870.63,38342.88,37846.66,38239.1,2631.353315,2021-02-07 18:59:59.999000+00:00,100278110.80744343,68332,1295.442045,49365879.51053074,0
2021-02-07 19:00:00+00:00,38239.37,38444.0,37976.0,38050.0,2671.246336,2021-02-07 19:59:59.999000+00:00,102309356.48609895,65691,1179.369785,45180735.78622704,0
2021-02-07 20:00:00+00:00,38050.0,38492.82,37660.97,38471.95,2745.744017,2021-02-07 20:59:59.999000+00:00,104501767.56806792,68446,1387.67585,52833061.93097086,0
2021-02-07 21:00:00+00:00,38471.96,38635.42,38355.45,38530.33,2282.274725,2021-02-07 21:59:59.999000+00:00,87851831.4673394,55575,1200.316394,46205951.31578641,0
2021-02-07 22:00:00+00:00,38530.37,38832.99,38285.1,38797.02,2286.315835,2021-02-07 22:59:59.999000+00:00,88111847.41554566,76519,1064.794768,41051399.96729534,0
2021-02-07 23:00:00+00:00,38797.02,39080.0,38715.66,38795.69,3038.352979,2021-02-07 23:59:59.999000+00:00,118305799.24735264,65429,1537.684579,59875355.12639038,0
2021-02-08 00:00:00+00:00,38795.69,39130.0,38650.76,38725.4,3030.91878,2021-02-08 00:59:59.999000+00:00,117791949.79313795,65167,1405.329978,54617947.61118808,0
2021-02-08 01:00:00+00:00,38725.4,38909.95,38430.48,38521.72,2492.173653,2021-02-08 01:59:59.999000+00:00,96312458.87905943,56830,1270.629931,49106010.59596674,0
2021-02-08 02:00:00+00:00,38521.72,38650.0,38149.0,38249.0,2220.463821,2021-02-08 02:59:59.999000+00:00,85280341.98126882,52010,1078.113866,41407195.82047728,0
2021-02-08 03:00:00+00:00,38249.0,38497.5,37988.89,38076.06,2798.660609,2021-02-08 03:59:59.999000+00:00,107131637.01042388,55513,1285.086466,49207822.4546737,0
2021-02-08 04:00:00+00:00,38073.02,38684.21,37992.39,38584.7,2611.816272,2021-02-08 04:59:59.999000+00:00,100519036.1620777,54037,1250.485863,48124048.95702886,0
2021-02-08 05:00:00+00:00,38584.92,38872.0,38440.68,38677.47,2411.128765,2021-02-08 05:59:59.999000+00:00,93241978.54774997,52341,1143.791463,44227267.02963788,0
2021-02-08 06:00:00+00:00,38677.84,39233.39,38620.0,39012.69,2829.472964,2021-02-08 06:59:59.999000+00:00,110342777.2258295,63244,1538.228577,59996368.1107121,0
2021-02-08 07:00:00+00:00,39012.69,39391.78,38874.63,39269.95,2414.801944,2021-02-08 07:59:59.999000+00:00,94595602.60556948,61747,1300.892534,50966390.9828292,0
2021-02-08 08:00:00+00:00,39269.78,39349.56,39040.17,39175.38,2258.264492,2021-02-08 08:59:59.999000+00:00,88500049.48902813,62080,1007.98681,39500241.71163902,0
2021-02-08 09:00:00+00:00,39175.38,39364.77,38888.0,38954.27,2762.90216,2021-02-08 09:59:59.999000+00:00,108076786.29721452,75447,1383.595569,54126699.41096542,0
2021-02-08 10:00:00+00:00,38954.28,39450.1,38844.75,39418.71,3105.503455,2021-02-08 10:59:59.999000+00:00,121624026.58701947,78008,1718.243117,67305407.0820128,0
2021-02-08 11:00:00+00:00,39418.71,39498.99,39301.01,39423.08,2769.795076,2021-02-08 11:59:59.999000+00:00,109144775.45251033,97377,1484.98658,58517565.03905303,0
2021-02-08 12:00:00+00:00,39423.08,43231.1,39094.01,42984.07,13971.32848,2021-02-08 12:59:59.999000+00:00,572303859.0916973,281022,8934.79634,365535713.9539513,0
2021-02-08 13:00:00+00:00,42984.07,44918.0,41906.7,42897.12,21921.236457,2021-02-08 13:59:59.999000+00:00,951254145.4221891,457654,11816.019843,513017816.1113206,0
2021-02-08 14:00:00+00:00,42907.14,44057.94,42767.63,43558.73,11977.058639,2021-02-08 14:59:59.999000+00:00,521038272.71814895,217634,6496.489404,282657161.4613665,0
2021-02-08 15:00:00+00:00,43560.93,44164.74,43345.27,43716.32,9038.406956,2021-02-08 15:59:59.999000+00:00,394966646.10916704,195838,4745.244688,207432113.54493147,0
2021-02-08 16:00:00+00:00,43703.23,44280.0,43051.0,43170.24,8148.287282,2021-02-08 16:59:59.999000+00:00,356060320.0801221,203787,3716.893903,162371709.27085316,0
2021-02-08 17:00:00+00:00,43184.74,43418.39,42521.62,43079.07,5094.633972,2021-02-08 17:59:59.999000+00:00,218820296.72776127,162393,2484.822385,106741803.24217564,0
2021-02-08 18:00:00+00:00,43079.08,43397.02,42554.71,42673.49,3721.178214,2021-02-08 18:59:59.999000+00:00,159805467.36965492,121696,1779.318826,76420277.18409947,0
2021-02-08 19:00:00+00:00,42673.49,43140.29,42644.49,43051.95,2979.571817,2021-02-08 19:59:59.999000+00:00,127868659.74062608,102328,1388.607008,59603412.90703731,0
2021-02-08 20:00:00+00:00,43049.98,44350.0,42905.29,44151.07,6270.111094,2021-02-08 20:59:59.999000+00:00,273096814.282666,135972,2952.188841,128686340.41412908,0
2021-02-08 21:00:00+00:00,44151.08,44799.58,43898.01,44632.41,6150.110807,2021-02-08 21:59:59.999000+00:00,272426547.58067966,184914,3065.722197,135879874.50597367,0
2021-02-08 22:00:00+00:00,44632.41,45034.48,44255.31,44682.76,5824.203664,2021-02-08 22:59:59.999000+00:00,260330653.55861256,159797,3019.84577,135105545.36924607,0
2021-02-08 23:00:00+00:00,44682.76,46794.45,44595.97,46374.87,11795.507541,2021-02-08 23:59:59.999000+00:00,541003873.923485,234125,6078.571609,278759106.66986734,0
2021-02-09 00:00:00+00:00,46374.86,47498.0,46233.95,46768.22,10775.231095,2021-02-09 00:59:59.999000+00:00,505274026.1996394,213817,5529.290435,259330365.73344785,0
2021-02-09 01:00:00+00:00,46768.22,46770.61,45816.98,46158.97,7858.7016,2021-02-09 01:59:59.999000+00:00,363311935.0845349,173087,3972.340522,183578877.33859873,0
2021-02-09 02:00:00+00:00,46158.97,46348.96,45567.0,45707.38,4175.586152,2021-02-09 02:59:59.999000+00:00,192023821.51698208,126347,2033.828092,93527518.41809928,0
2021-02-09 03:00:00+00:00,45707.39,46750.0,45500.0,46599.51,4064.729259,2021-02-09 03:59:59.999000+00:00,187934698.9095172,115209,2024.16391,93590329.67704448,0
2021-02-09 04:00:00+00:00,46599.51,46888.0,46198.76,46837.57,3699.743395,2021-02-09 04:59:59.999000+00:00,171897463.38680133,95864,1987.670555,92367874.9574252,0
2021-02-09 05:00:00+00:00,46837.57,47219.13,46455.7,46850.12,4005.597493,2021-02-09 05:59:59.999000+00:00,187582327.82090887,101403,2011.657502,94230595.17602204,0
2021-02-09 06:00:00+00:00,46852.68,48140.9,46563.31,48111.18,6952.355795,2021-02-09 06:59:59.999000+00:00,329510651.0654987,144340,4079.494017,193431658.64145625,0
2021-02-09 07:00:00+00:00,48111.46,48142.19,47370.75,47505.4,5503.636222,2021-02-09 07:59:59.999000+00:00,262512962.43177,134510,2643.679075,126098785.09148344,0
2021-02-09 08:00:00+00:00,47505.39,47928.23,46624.84,47109.51,6591.013418,2021-02-09 08:59:59.999000+00:00,310754894.97243357,168396,3284.952613,154951405.93493235,0
2021-02-09 09:00:00+00:00,47106.59,47160.0,46000.0,46401.3,4989.134602,2021-02-09 09:59:59.999000+00:00,232243943.70862707,120413,2251.053625,104878165.37866938,0
2021-02-09 10:00:00+00:00,46401.3,46588.0,45560.97,45641.77,4844.886059,2021-02-09 10:59:59.999000+00:00,223420555.94472197,121039,2326.911176,107370395.82193574,0
2021-02-09 11:00:00+00:00,45641.77,46683.18,45601.01,46380.92,3819.428013,2021-02-09 11:59:59.999000+00:00,176260337.92535216,138954,2058.153988,94979754.14789256,0
2021-02-09 12:00:00+00:00,46390.95,46806.41,45128.7,45300.17,5558.60425,2021-02-09 12:59:59.999000+00:00,255693991.46305084,149422,2336.069128,107407930.62631562,0
2021-02-09 13:00:00+00:00,45300.17,46425.0,44961.09,46285.14,6234.471103,2021-02-09 13:59:59.999000+00:00,284785343.20588034,160509,2955.168428,135015662.92702425,0
2021-02-09 14:00:00+00:00,46282.88,46700.0,46051.42,46624.44,3978.747526,2021-02-09 14:59:59.999000+00:00,184275768.331812,138195,1954.22864,90517689.74133678,0
2021-02-09 15:00:00+00:00,46624.33,47083.84,46300.0,46773.63,5240.749035,2021-02-09 15:59:59.999000+00:00,245141766.85935932,128932,2615.788014,122361687.6094677,0
2021-02-09 16:00:00+00:00,46773.63,47110.72,46011.0,46470.85,4941.370825,2021-02-09 16:59:59.999000+00:00,230199072.6044007,151285,2534.089896,118083599.93105195,0
2021-02-09 17:00:00+00:00,46470.85,46940.91,46180.0,46483.67,3342.612648,2021-02-09 17:59:59.999000+00:00,155501851.86611673,111222,1647.913344,76675037.82333735,0
2021-02-09 18:00:00+00:00,46484.23,47433.78,46254.02,47012.77,4549.479116,2021-02-09 18:59:59.999000+00:00,213785907.55947328,126534,2415.68949,113522798.87660304,0
2021-02-09 19:00:00+00:00,47012.77,47289.28,46743.15,47060.18,2849.525357,2021-02-09 19:59:59.999000+00:00,133860890.58155884,102956,1235.974843,58082444.21378054,0
2021-02-09 20:00:00+00:00,47060.38,47499.43,46668.48,47084.17,3254.702714,2021-02-09 20:59:59.999000+00:00,153225097.12674645,100788,1614.440705,76019942.80397932,0
2021-02-09 21:00:00+00:00,47084.16,47461.06,46995.92,47231.03,2564.524939,2021-02-09 21:59:59.999000+00:00,121109049.8052757,77433,1355.083283,63994284.82557085,0
2021-02-09 22:00:00+00:00,47241.92,47241.92,46440.52,46839.01,2914.614311,2021-02-09 22:59:59.999000+00:00,136314971.82543424,105273,1282.121548,59976197.15951714,0
2021-02-09 23:00:00+00:00,46839.99,46860.0,46201.37,46420.42,2790.416785,2021-02-09 23:59:59.999000+00:00,129634067.8212916,113106,1279.801518,59458033.6368117,0
2021-02-10 00:00:00+00:00,46420.42,46900.0,46052.52,46517.64,3108.224942,2021-02-10 00:59:59.999000+00:00,144725522.01661322,112724,1542.878106,71867000.0128231,0
2021-02-10 01:00:00+00:00,46517.64,46533.52,45979.58,46259.97,3406.347841,2021-02-10 01:59:59.999000+00:00,157491628.44145226,120124,1719.19236,79491804.56903537,0
2021-02-10 02:00:00+00:00,46259.97,46800.0,46250.0,46276.51,3428.350592,2021-02-10 02:59:59.999000+00:00,159414024.2849222,109913,1845.631781,85821883.66758125,0
2021-02-10 03:00:00+00:00,46276.52,46743.87,46140.73,46221.07,3072.217667,2021-02-10 03:59:59.999000+00:00,142503680.27006617,82996,1520.52985,70536121.02378193,0
2021-02-10 04:00:00+00:00,46225.71,46319.03,45589.98,46020.4,4212.236257,2021-02-10 04:59:59.999000+00:00,193184808.9233057,92361,2197.980822,100796533.47325695,0
2021-02-10 05:00:00+00:00,46020.4,46424.93,45826.85,46131.99,2960.180557,2021-02-10 05:59:59.999000+00:00,136653923.65983346,107677,1564.684673,72237136.44424585,0
2021-02-10 06:00:00+00:00,46132.0,46650.0,46106.04,46510.25,2853.339579,2021-02-10 06:59:59.999000+00:00,132540701.74792469,77526,1555.67686,72262630.86099723,0
2021-02-10 07:00:00+00:00,46510.26,46944.07,46400.17,46563.69,3525.204228,2021-02-10 07:59:59.999000+00:00,164394158.86926743,122297,1909.591523,89062223.41210388,0
2021-02-10 08:00:00+00:00,46565.11,46844.59,46262.22,46668.89,3612.18762,2021-02-10 08:59:59.999000+00:00,168046442.3970771,106493,2006.55363,93370302.94057852,0
2021-02-10 09:00:00+00:00,46668.89,46900.0,46451.12,46550.0,3035.305488,2021-02-10 09:59:59.999000+00:00,141776623.4409743,92272,1682.152542,78565820.44870791,0
2021-02-10 10:00:00+00:00,46549.99,47310.0,46401.0,46630.17,4890.23204,2021-02-10 10:59:59.999000+00:00,229342420.95511848,158998,2630.312908,123370028.1424112,0
2021-02-10 11:00:00+00:00,46630.17,46691.94,46277.31,46586.56,2517.193741,2021-02-10 11:59:59.999000+00:00,116999072.96833032,89683,1254.293544,58304527.72301069,0
2021-02-10 12:00:00+00:00,46586.55,46593.34,44500.0,45652.34,9491.105424,2021-02-10 12:59:59.999000+00:00,432642241.1438196,263732,4074.050669,185753917.01434404,0
2021-02-10 13:00:00+00:00,45655.13,45969.28,45314.32,45626.32,5201.634714,2021-02-10 13:59:59.999000+00:00,237517282.99457,194463,2349.747764,107321228.71241675,0
2021-02-10 14:00:00+00:00,45626.32,45988.2,44800.0,44954.12,5933.227366,2021-02-10 14:59:59.999000+00:00,269001701.0191222,175733,2548.219649,115623932.20685685,0
2021-02-10 15:00:00+00:00,44954.13,45227.27,43727.0,44353.04,9617.540603,2021-02-10 15:59:59.999000+00:00,427486353.988366,221857,4388.633031,195152081.04265,0
2021-02-10 16:00:00+00:00,44354.5,44900.0,43800.0,44746.66,5766.039915,2021-02-10 16:59:59.999000+00:00,256477173.20488164,151805,2880.802721,128170383.5247706,0
2021-02-10 17:00:00+00:00,44746.65,45071.45,44446.12,44963.31,3576.597903,2021-02-10 17:59:59.999000+00:00,160245092.08724016,98294,1757.53643,78745423.3809777,0
2021-02-10 18:00:00+00:00,44963.32,45200.0,44731.74,45088.17,3335.951033,2021-02-10 18:59:59.999000+00:00,150232868.90680045,88939,1705.415833,76814403.81694472,0
2021-02-10 19:00:00+00:00,45088.16,45239.98,44450.1,45190.05,3638.897317,2021-02-10 19:59:59.999000+00:00,163302568.75371587,98852,1867.241896,83813850.26899005,0
2021-02-10 20:00:00+00:00,45190.05,45240.7,44400.0,44555.59,2929.852963,2021-02-10 20:59:59.999000+00:00,131336678.8368375,96105,1473.613056,66060274.38136047,0
2021-02-10 21:00:00+00:00,44555.59,45028.15,44355.0,44999.09,2811.104073,2021-02-10 21:59:59.999000+00:00,125539701.96718489,92892,1460.226264,65229667.6053356,0
2021-02-10 22:00:00+00:00,44999.09,45216.49,44880.0,45199.99,1698.334185,2021-02-10 22:59:59.999000+00:00,76570446.6751673,64905,851.458373,38392700.75485535,0
2021-02-10 23:00:00+00:00,45200.0,45322.09,44769.88,44807.58,2532.876152,2021-02-10 23:59:59.999000+00:00,114225012.69851428,70951,1185.561446,53467363.38955074,0
2021-02-11 00:00:00+00:00,44807.58,45051.27,43994.02,44250.0,4145.400343,2021-02-11 00:59:59.999000+00:00,184540982.07683787,117432,1904.417917,84814761.28277238,0
2021-02-11 01:00:00+00:00,44250.0,44554.91,44010.88,44180.86,2791.705197,2021-02-11 01:59:59.999000+00:00,123757289.11946866,78789,1479.853826,65613379.02573939,0
2021-02-11 02:00:00+00:00,44180.08,44698.15,44172.57,44582.07,825.571256,2021-02-11 02:59:59.999000+00:00,36756000.90767989,26744,451.86218,20120073.75826733,0
2021-02-11 03:00:00+00:00,44582.07,44582.07,44582.07,44582.07,0.0,2021-02-11 03:40:54.773000+00:00,0.0,0,0.0,0.0,0
2021-02-11 05:00:00+00:00,44583.71,44999.0,44507.0,44641.72,2359.409846,2021-02-11 05:59:59.999000+00:00,105586295.71125405,86586,1214.65927,54364467.84916051,0
2021-02-11 06:00:00+00:00,44641.71,44918.19,44397.62,44559.99,2121.320051,2021-02-11 06:59:59.999000+00:00,94729253.67138496,79025,1003.917676,44836209.59223975,0
2021-02-11 07:00:00+00:00,44559.98,45129.59,44559.98,44700.01,2885.695032,2021-02-11 07:59:59.999000+00:00,129648498.38039204,89906,1407.533477,63245537.87999281,0
2021-02-11 08:00:00+00:00,44700.0,45095.49,44500.0,45017.02,2819.24106,2021-02-11 08:59:59.999000+00:00,126257309.4188364,92734,1326.303925,59424263.51177562,0
2021-02-11 09:00:00+00:00,45017.01,45609.16,44789.11,45500.98,3446.630839,2021-02-11 09:59:59.999000+00:00,155601476.5657634,110310,1918.322367,86632857.7174399,0
2021-02-11 10:00:00+00:00,45500.98,46377.44,45351.0,46279.8,4555.921555,2021-02-11 10:59:59.999000+00:00,208521388.03699547,126846,2348.48315,107573294.3416235,0
2021-02-11 11:00:00+00:00,46279.81,46546.47,45864.4,46061.49,4197.208326,2021-02-11 11:59:59.999000+00:00,194027754.66724068,114423,2146.811903,99264614.59968872,0
2021-02-11 12:00:00+00:00,46061.48,46625.83,46060.03,46516.39,3578.107646,2021-02-11 12:59:59.999000+00:00,166014983.80997792,107617,1911.3519,88689856.29531454,0
2021-02-11 13:00:00+00:00,46516.39,48399.0,46516.39,47555.46,13364.205174,2021-02-11 13:59:59.999000+00:00,637152612.7328967,324269,7688.282141,366593968.2922656,0
2021-02-11 14:00:00+00:00,47555.46,48100.0,47233.0,47864.81,5336.005742,2021-02-11 14:59:59.999000+00:00,254515475.1472492,123624,2975.855108,142002750.77037892,0
2021-02-11 15:00:00+00:00,47864.81,48185.26,47576.58,47960.85,4946.077766,2021-02-11 15:59:59.999000+00:00,236862476.0309477,119640,2504.231526,119978280.81114286,0
2021-02-11 16:00:00+00:00,47960.86,48298.0,47337.18,47590.53,4852.407567,2021-02-11 16:59:59.999000+00:00,231886502.3589578,141567,2439.473105,116635147.3779902,0
2021-02-11 17:00:00+00:00,47590.52,47666.97,46900.0,47366.42,3618.164395,2021-02-11 17:59:59.999000+00:00,171070096.78908613,135155,1838.154936,86918626.85669068,0
2021-02-11 18:00:00+00:00,47366.43,48010.54,47311.01,47653.14,3425.204141,2021-02-11 18:59:59.999000+00:00,163336518.846695,99995,1817.686296,86691755.25250974,0
2021-02-11 19:00:00+00:00,47653.15,48050.0,47526.28,47754.03,3150.421374,2021-02-11 19:59:59.999000+00:00,150798893.31631416,117847,1697.156691,81247929.12738848,0
2021-02-11 20:00:00+00:00,47754.02,48678.9,47000.0,47027.49,6204.932556,2021-02-11 20:59:59.999000+00:00,297302565.32965946,158483,3139.169554,150593641.83827484,0
2021-02-11 21:00:00+00:00,47027.49,47360.0,46542.29,46884.84,5079.477409,2021-02-11 21:59:59.999000+00:00,238541749.492371,120266,2142.979127,100644373.61292271,0
2021-02-11 22:00:00+00:00,46885.07,47727.37,46864.32,47712.94,2820.02394,2021-02-11 22:59:59.999000+00:00,133425727.90695117,93877,1198.927516,56726849.6501241,0
2021-02-11 23:00:00+00:00,47716.44,48125.58,47588.65,47969.51,3037.950239,2021-02-11 23:59:59.999000+00:00,145297084.09393543,105814,1582.903149,75723283.24862085,0
2021-02-12 00:00:00+00:00,47968.66,48985.8,47770.58,47990.0,6786.707649,2021-02-12 00:59:59.999000+00:00,329105189.36083573,175069,3930.515152,190667676.28566924,0
2021-02-12 01:00:00+00:00,47990.01,48550.0,47721.0,48477.5,2957.115927,2021-02-12 01:59:59.999000+00:00,142466595.59612408,105150,1480.421906,71327147.2904116,0
2021-02-12 02:00:00+00:00,48477.51,48477.51,47729.68,47935.66,3206.021413,2021-02-12 02:59:59.999000+00:00,154268952.4315972,74731,1822.374435,87715348.27697328,0
2021-02-12 03:00:00+00:00,47935.66,47988.49,47338.35,47587.31,2471.162463,2021-02-12 03:59:59.999000+00:00,117791339.87269019,63708,1208.917403,57630517.38636812,0
2021-02-12 04:00:00+00:00,47587.31,47587.31,46888.0,47271.55,4724.621511,2021-02-12 04:59:59.999000+00:00,222878560.5410078,107423,1903.442375,89819256.58668268,0
2021-02-12 05:00:00+00:00,47271.54,47506.44,47086.3,47257.09,3397.955993,2021-02-12 05:59:59.999000+00:00,160812548.4631315,106915,1574.902932,74536014.38939227,0
2021-02-12 06:00:00+00:00,47257.09,47551.02,46789.0,47380.16,3483.711699,2021-02-12 06:59:59.999000+00:00,164362658.90442514,76561,1608.66549,75927489.29698522,0
2021-02-12 07:00:00+00:00,47380.15,47475.0,46903.48,47318.81,2921.008496,2021-02-12 07:59:59.999000+00:00,137891961.6519339,91205,1393.998995,65806393.93410295,0
2021-02-12 08:00:00+00:00,47318.02,47700.0,47080.0,47117.86,3406.824437,2021-02-12 08:59:59.999000+00:00,161434280.11324427,117079,1710.78602,81083052.15607195,0
2021-02-12 09:00:00+00:00,47117.86,47400.0,47027.03,47337.0,2666.718501,2021-02-12 09:59:59.999000+00:00,125893980.83818208,81497,1408.753664,66512693.47278401,0
2021-02-12 10:00:00+00:00,47337.01,47711.0,47300.0,47381.16,2710.457766,2021-02-12 10:59:59.999000+00:00,128709097.20287871,80154,1401.977855,66577186.87763223,0
2021-02-12 11:00:00+00:00,47371.8,47999.0,47280.26,47562.42,2966.767188,2021-02-12 11:59:59.999000+00:00,141273408.13448736,94784,1618.786632,77094280.58199452,0
2021-02-12 12:00:00+00:00,47560.06,47957.87,47323.61,47669.82,2999.82626,2021-02-12 12:59:59.999000+00:00,142971083.2691804,86565,1467.966189,69950703.40792844,0
2021-02-12 13:00:00+00:00,47669.82,48140.0,47646.0,47871.4,3795.086509,2021-02-12 13:59:59.999000+00:00,181852482.1591103,84014,1925.305394,92274673.39796592,0
2021-02-12 14:00:00+00:00,47871.4,47878.74,46125.0,46547.5,8109.950561,2021-02-12 14:59:59.999000+00:00,380438580.1882896,168342,3066.377778,143817140.7858309,0
2021-02-12 15:00:00+00:00,46542.6,47163.83,46525.25,47021.05,4791.740448,2021-02-12 15:59:59.999000+00:00,224732107.80397928,115458,1965.07758,92158450.76053783,0
2021-02-12 16:00:00+00:00,47021.05,47980.0,47008.4,47614.4,4632.358564,2021-02-12 16:59:59.999000+00:00,220200748.8020265,129365,2507.523078,119186545.049868,0
2021-02-12 17:00:00+00:00,47612.52,47905.0,47459.78,47713.82,3375.044449,2021-02-12 17:59:59.999000+00:00,160965420.00114915,108069,1770.456325,84446523.78661901,0
2021-02-12 18:00:00+00:00,47713.83,47800.0,46915.32,47269.25,3866.282102,2021-02-12 18:59:59.999000+00:00,183170674.50725803,113771,1898.856948,89979243.50280464,0
2021-02-12 19:00:00+00:00,47268.27,47453.99,47086.32,47272.95,2344.984289,2021-02-12 19:59:59.999000+00:00,110886680.18908772,82297,1039.97103,49174105.69542646,0
2021-02-12 20:00:00+00:00,47272.96,47653.24,47140.26,47577.49,2591.14661,2021-02-12 20:59:59.999000+00:00,122865293.60086744,77868,1176.037088,55773960.77881402,0
2021-02-12 21:00:00+00:00,47577.49,48150.0,47560.01,47860.54,3556.847855,2021-02-12 21:59:59.999000+00:00,170105117.730344,106653,2100.010687,100478479.98683871,0
2021-02-12 22:00:00+00:00,47860.75,47930.0,47602.71,47841.17,1481.563511,2021-02-12 22:59:59.999000+00:00,70786383.61192161,82449,719.212186,34362470.58815187,0
2021-02-12 23:00:00+00:00,47841.16,47870.0,47155.0,47287.6,2626.131496,2021-02-12 23:59:59.999000+00:00,124708763.99390936,89714,1140.701993,54173564.65273099,0
2021-02-13 00:00:00+00:00,47298.15,47587.29,47200.0,47459.54,2749.958429,2021-02-13 00:59:59.999000+00:00,130278520.7963911,77928,1566.45178,74203799.38910788,0
2021-02-13 01:00:00+00:00,47459.53,47799.61,47412.4,47626.98,2409.973757,2021-02-13 01:59:59.999000+00:00,114842069.79136774,71635,1311.326822,62494134.9243428,0
2021-02-13 02:00:00+00:00,47629.76,47944.84,47503.57,47839.77,2036.990459,2021-02-13 02:59:59.999000+00:00,97207665.40260088,68481,1087.686471,51913065.01987237,0
2021-02-13 03:00:00+00:00,47839.77,48150.0,47693.44,47829.22,2448.080225,2021-02-13 03:59:59.999000+00:00,117199433.02362885,82095,1285.271545,61544937.37874067,0
2021-02-13 04:00:00+00:00,47829.21,47924.86,47598.89,47904.7,1983.562896,2021-02-13 04:59:59.999000+00:00,94728852.94530848,55291,965.427369,46111202.15620792,0
2021-02-13 05:00:00+00:00,47904.69,47934.14,47397.71,47888.0,2604.324707,2021-02-13 05:59:59.999000+00:00,124213425.6693589,72837,1212.443521,57843107.35586879,0
2021-02-13 06:00:00+00:00,47887.99,47922.22,47483.88,47728.26,2058.778557,2021-02-13 06:59:59.999000+00:00,98127246.97414456,93121,984.58164,46924695.75272914,0
2021-02-13 07:00:00+00:00,47728.25,47794.36,46990.0,46995.72,3084.234244,2021-02-13 07:59:59.999000+00:00,146077668.0209398,117815,1287.872133,61025205.75170483,0
2021-02-13 08:00:00+00:00,46995.01,47499.93,46618.0,47429.93,3749.611888,2021-02-13 08:59:59.999000+00:00,176778974.6190536,124648,1694.462541,79890639.41544427,0
2021-02-13 09:00:00+00:00,47429.92,47569.03,47061.0,47205.53,2095.842431,2021-02-13 09:59:59.999000+00:00,99205007.00637642,74304,1002.363474,47448456.22309443,0
2021-02-13 10:00:00+00:00,47205.52,47266.05,46660.44,46709.17,4954.58299,2021-02-13 10:59:59.999000+00:00,233121108.6448269,121839,2391.407893,112553293.58607896,0
2021-02-13 11:00:00+00:00,46700.77,46990.0,46251.0,46589.2,5399.860524,2021-02-13 11:59:59.999000+00:00,251729345.47012648,162522,2340.43296,109125918.11598544,0
2021-02-13 12:00:00+00:00,46586.23,47209.25,46202.53,46879.81,3800.323617,2021-02-13 12:59:59.999000+00:00,178158136.50656325,104894,1841.052066,86339763.83543092,0
2021-02-13 13:00:00+00:00,46879.81,47150.22,46557.56,46971.43,3446.304275,2021-02-13 13:59:59.999000+00:00,161654009.8068346,89740,1598.698232,74991594.0777337,0
2021-02-13 14:00:00+00:00,46971.43,47044.04,46596.37,46946.9,2508.591322,2021-02-13 14:59:59.999000+00:00,117432469.885629,77718,1205.105708,56417225.26116503,0
2021-02-13 15:00:00+00:00,46946.67,47300.0,46883.03,47076.01,2933.387049,2021-02-13 15:59:59.999000+00:00,138289031.88103747,91046,1488.398789,70165043.71039797,0
2021-02-13 16:00:00+00:00,47076.02,47400.14,46864.48,47136.89,2729.098082,2021-02-13 16:59:59.999000+00:00,128649056.46212938,95531,1340.14111,63181395.35727337,0
2021-02-13 17:00:00+00:00,47136.9,47190.0,46735.83,46855.24,2308.468066,2021-02-13 17:59:59.999000+00:00,108463214.98842455,88653,1097.422619,51564386.74235221,0
2021-02-13 18:00:00+00:00,46855.23,47022.26,46738.24,46792.05,1858.546082,2021-02-13 18:59:59.999000+00:00,87151435.4289983,64903,868.046452,40703558.81344678,0
2021-02-13 19:00:00+00:00,46790.39,47086.92,46708.94,46870.15,1771.335227,2021-02-13 19:59:59.999000+00:00,83072851.52190489,60723,890.095567,41744449.53535929,0
2021-02-13 20:00:00+00:00,46871.95,46967.07,46653.58,46934.06,1644.419184,2021-02-13 20:59:59.999000+00:00,76962780.36939968,67842,788.680503,36916583.01501596,0
2021-02-13 21:00:00+00:00,46934.07,47397.36,46700.38,47130.82,2224.294587,2021-02-13 21:59:59.999000+00:00,104527195.39377084,75907,1206.90256,56721826.58286662,0
2021-02-13 22:00:00+00:00,47132.94,47280.26,46863.63,47058.88,1292.724619,2021-02-13 22:59:59.999000+00:00,60850363.11643882,59844,658.487016,30999765.17969414,0
2021-02-13 23:00:00+00:00,47058.88,47300.0,47001.01,47153.69,1674.804182,2021-02-13 23:59:59.999000+00:00,78990283.69290517,59506,883.551088,41671352.81289809,0
2021-02-14 00:00:00+00:00,47156.78,47695.18,47014.17,47594.52,3370.181722,2021-02-14 00:59:59.999000+00:00,160032955.65323055,95072,1734.659045,82366268.6251258,0
2021-02-14 01:00:00+00:00,47594.52,47730.0,47244.88,47471.23,2800.474801,2021-02-14 01:59:59.999000+00:00,132999504.11235504,67516,1710.556262,81204830.58789642,0
2021-02-14 02:00:00+00:00,47475.25,47630.0,47291.13,47378.87,2140.963331,2021-02-14 02:59:59.999000+00:00,101622478.66020674,57822,1211.586306,57492350.3030638,0
2021-02-14 03:00:00+00:00,47378.87,47498.74,47204.98,47267.21,1924.991073,2021-02-14 03:59:59.999000+00:00,91249019.54804192,58965,927.099676,43945003.00081581,0
2021-02-14 04:00:00+00:00,47267.2,47650.62,47220.42,47551.25,2140.737556,2021-02-14 04:59:59.999000+00:00,101552135.18153621,52242,1074.749954,50989392.76741221,0
2021-02-14 05:00:00+00:00,47551.25,48948.0,47497.39,48929.18,6249.804552,2021-02-14 05:59:59.999000+00:00,301375915.9962,131926,3706.826038,178767898.79206443,0
2021-02-14 06:00:00+00:00,48929.18,49404.94,48505.69,48745.29,7730.207519,2021-02-14 06:59:59.999000+00:00,378819096.25902367,160941,4662.705065,228584464.44144213,0
2021-02-14 07:00:00+00:00,48745.28,49082.33,48520.0,48725.18,2672.894227,2021-02-14 07:59:59.999000+00:00,130304315.88334335,69579,1434.037992,69918747.44310696,0
2021-02-14 08:00:00+00:00,48725.18,49018.37,48389.55,48710.17,2764.141482,2021-02-14 08:59:59.999000+00:00,134723038.6491859,72737,1302.987772,63516711.13205439,0
2021-02-14 09:00:00+00:00,48710.17,49190.0,48610.86,49134.33,2619.216351,2021-02-14 09:59:59.999000+00:00,128149093.37750375,77494,1396.106107,68307128.7401453,0
2021-02-14 10:00:00+00:00,49133.33,49349.76,48956.26,49024.21,3537.818879,2021-02-14 10:59:59.999000+00:00,173925503.2415843,95745,1723.57184,84747677.06129399,0
2021-02-14 11:00:00+00:00,49024.22,49139.38,48750.59,49055.16,2377.253195,2021-02-14 11:59:59.999000+00:00,116408121.81640217,82683,1258.213087,61615133.62091801,0
2021-02-14 12:00:00+00:00,49055.17,49707.43,48999.57,49436.86,5146.837081,2021-02-14 12:59:59.999000+00:00,254304722.4409808,151305,2837.710348,140208067.90938,0
2021-02-14 13:00:00+00:00,49434.05,49578.67,48550.0,48759.63,4143.328859,2021-02-14 13:59:59.999000+00:00,203312553.4202344,131420,2040.232179,100115403.51998615,0
2021-02-14 14:00:00+00:00,48759.62,49069.37,48449.76,48757.38,3279.619554,2021-02-14 14:59:59.999000+00:00,160075756.54762092,107053,1583.1615,77293478.27289885,0
2021-02-14 15:00:00+00:00,48757.39,48943.47,48101.38,48541.18,3668.24824,2021-02-14 15:59:59.999000+00:00,177837037.0423468,112627,1709.342238,82874968.43423887,0
2021-02-14 16:00:00+00:00,48537.96,49075.43,48424.66,49006.74,3211.721954,2021-02-14 16:59:59.999000+00:00,156577943.29069835,93272,1530.412611,74629271.28910978,0
2021-02-14 17:00:00+00:00,49005.01,49100.0,48587.0,48619.19,2166.342399,2021-02-14 17:59:59.999000+00:00,105859597.96267876,68456,1094.632719,53494133.23952528,0
2021-02-14 18:00:00+00:00,48619.2,48819.29,48400.31,48739.99,2031.327116,2021-02-14 18:59:59.999000+00:00,98756144.55389656,62016,907.815141,44137657.0178633,0
2021-02-14 19:00:00+00:00,48739.99,48919.86,48479.8,48693.39,1647.877557,2021-02-14 19:59:59.999000+00:00,80279379.08039664,72367,807.651193,39354820.47381999,0
2021-02-14 20:00:00+00:00,48693.38,49000.0,48600.0,48929.5,1775.365105,2021-02-14 20:59:59.999000+00:00,86734312.94108836,63113,894.335285,43699748.92437283,0
2021-02-14 21:00:00+00:00,48929.5,49058.74,48755.47,48822.66,1772.358231,2021-02-14 21:59:59.999000+00:00,86671621.44494648,54000,883.639647,43214284.61624973,0
2021-02-14 22:00:00+00:00,48822.67,49300.0,48706.53,49012.94,1875.450126,2021-02-14 22:59:59.999000+00:00,91999378.968321,85508,1060.562034,52031437.8863301,0
2021-02-14 23:00:00+00:00,49012.94,49094.71,48505.79,48577.79,2688.314623,2021-02-14 23:59:59.999000+00:00,131238722.76290996,66211,1259.562642,61501042.96374648,0
2021-02-15 00:00:00+00:00,48580.47,49010.92,48428.0,48763.62,2016.443495,2021-02-15 00:59:59.999000+00:00,98237902.75557832,81903,970.97984,47312216.92817248,0
2021-02-15 01:00:00+00:00,48763.79,48816.62,47700.0,48011.44,4889.300196,2021-02-15 01:59:59.999000+00:00,235426059.1281857,137267,2002.078469,96414045.04540308,0
2021-02-15 02:00:00+00:00,48011.45,48213.83,45570.79,46874.02,11217.851491,2021-02-15 02:59:59.999000+00:00,524402408.5935543,293802,4766.429864,222833708.12581664,0
2021-02-15 03:00:00+00:00,46874.01,47269.09,46540.67,47120.3,4188.452003,2021-02-15 03:59:59.999000+00:00,196816109.46067825,130430,1999.777899,93986906.83760872,0
2021-02-15 04:00:00+00:00,47120.31,47136.02,46174.78,46866.57,4963.734524,2021-02-15 04:59:59.999000+00:00,231640212.72911713,117265,2555.714183,119198071.11229075,0
2021-02-15 05:00:00+00:00,46866.56,47000.0,46400.0,46722.49,2939.430398,2021-02-15 05:59:59.999000+00:00,137310368.09635523,80552,1310.165495,61211676.80102441,0
2021-02-15 06:00:00+00:00,46722.48,47140.0,46683.02,46887.36,2622.539212,2021-02-15 06:59:59.999000+00:00,123158432.47353344,89824,1244.340407,58439504.94655495,0
2021-02-15 07:00:00+00:00,46887.36,47441.02,46831.61,47267.06,2861.559802,2021-02-15 07:59:59.999000+00:00,135181501.07298136,82240,1418.34999,66996900.89167774,0
2021-02-15 08:00:00+00:00,47270.5,47772.0,47112.38,47599.99,2821.991345,2021-02-15 08:59:59.999000+00:00,133918267.1245798,77978,1474.819295,69985910.06565022,0
2021-02-15 09:00:00+00:00,47600.0,47724.64,47201.27,47505.66,3001.829325,2021-02-15 09:59:59.999000+00:00,142576622.11924443,70082,1336.050934,63455178.90359955,0
2021-02-15 10:00:00+00:00,47505.67,47888.0,47306.02,47849.99,2326.612878,2021-02-15 10:59:59.999000+00:00,110656982.905302,66156,1225.884653,58304856.58190226,0
2021-02-15 11:00:00+00:00,47849.99,47999.0,47606.86,47802.66,2660.670963,2021-02-15 11:59:59.999000+00:00,127203238.52893592,74332,1418.001704,67791449.65179393,0
2021-02-15 12:00:00+00:00,47802.67,48070.0,47423.99,47951.01,3213.280059,2021-02-15 12:59:59.999000+00:00,153304036.36698225,104794,1786.620643,85274876.7842753,0
2021-02-15 13:00:00+00:00,47951.01,48219.23,47800.0,47960.73,3089.86453,2021-02-15 13:59:59.999000+00:00,148366647.5402514,85788,1552.52546,74543834.55454221,0
2021-02-15 14:00:00+00:00,47963.69,48150.62,47472.92,47564.16,3063.766728,2021-02-15 14:59:59.999000+00:00,146519643.89369118,95741,1404.414393,67177057.01943177,0
2021-02-15 15:00:00+00:00,47563.58,48000.0,47536.15,47938.83,2186.450381,2021-02-15 15:59:59.999000+00:00,104527719.43185055,85613,1123.123602,53693402.18585358,0
2021-02-15 16:00:00+00:00,47938.84,48570.75,47938.83,48494.96,3853.348752,2021-02-15 16:59:59.999000+00:00,186222808.78934652,103731,1884.576643,91076615.48945925,0
2021-02-15 17:00:00+00:00,48494.97,48800.0,48399.23,48562.31,2723.914033,2021-02-15 17:59:59.999000+00:00,132525799.34526873,76332,1428.764561,69514104.07326134,0
2021-02-15 18:00:00+00:00,48562.31,48698.52,48342.22,48358.99,2040.898434,2021-02-15 18:59:59.999000+00:00,99038423.24332973,61154,989.978022,48044410.01409379,0
2021-02-15 19:00:00+00:00,48361.0,48742.52,48354.78,48657.31,1945.428372,2021-02-15 19:59:59.999000+00:00,94501180.34830712,59582,916.644896,44527266.70598173,0
2021-02-15 20:00:00+00:00,48657.31,48801.0,48453.87,48580.99,3063.153399,2021-02-15 20:59:59.999000+00:00,149075816.14749956,63704,1527.092198,74328482.70080645,0
2021-02-15 21:00:00+00:00,48581.0,48750.0,48111.11,48207.54,2767.082753,2021-02-15 21:59:59.999000+00:00,134028984.37812316,92043,1369.707116,66345240.81797496,0
2021-02-15 22:00:00+00:00,48201.18,48334.23,47643.0,48284.89,2835.289841,2021-02-15 22:59:59.999000+00:00,136203912.55939987,121233,1430.739975,68737085.23889682,0
2021-02-15 23:00:00+00:00,48284.9,48432.73,47809.99,47911.1,2105.26387,2021-02-15 23:59:59.999000+00:00,101375983.63262612,61609,1039.584419,50058854.30535513,0
2021-02-16 00:00:00+00:00,47911.1,47958.4,47003.62,47669.02,4446.88263,2021-02-16 00:59:59.999000+00:00,211520110.56438768,108138,2122.751946,100966633.9732728,0
2021-02-16 01:00:00+00:00,47669.03,48319.33,47605.96,48305.28,2586.108562,2021-02-16 01:59:59.999000+00:00,124140059.17193204,67535,1216.075064,58379943.95026175,0
2021-02-16 02:00:00+00:00,48305.28,48689.25,48160.12,48442.06,2292.259471,2021-02-16 02:59:59.999000+00:00,110969746.49352592,63661,1089.984282,52782871.21542479,0
2021-02-16 03:00:00+00:00,48442.05,49670.0,48405.11,49624.03,5795.639155,2021-02-16 03:59:59.999000+00:00,285488361.36382926,137535,3567.260655,175740321.90302697,0
2021-02-16 04:00:00+00:00,49624.02,49998.0,49068.41,49350.01,5457.712993,2021-02-16 04:59:59.999000+00:00,270563379.0582852,122195,3072.708967,152415970.6642124,0
2021-02-16 05:00:00+00:00,49350.01,49500.0,48969.0,49179.03,2937.102334,2021-02-16 05:59:59.999000+00:00,144638880.08477047,68720,1646.53586,81086283.97363602,0
2021-02-16 06:00:00+00:00,49179.04,49234.7,48550.0,49023.74,3291.761029,2021-02-16 06:59:59.999000+00:00,160999597.6516702,75160,1568.790668,76747021.12143053,0
2021-02-16 07:00:00+00:00,49020.91,49281.81,48609.9,49163.46,2651.264264,2021-02-16 07:59:59.999000+00:00,129833533.79377934,69430,1286.371144,63015986.21663588,0
2021-02-16 08:00:00+00:00,49161.75,49300.0,48871.2,49293.26,2651.816179,2021-02-16 08:59:59.999000+00:00,130244759.29780027,70945,1542.700077,75782998.8027156,0
2021-02-16 09:00:00+00:00,49289.75,49318.47,48900.0,49283.3,2177.75779,2021-02-16 09:59:59.999000+00:00,106976494.62458384,59616,1187.276318,58344890.18167947,0
2021-02-16 10:00:00+00:00,49283.3,49318.47,48750.09,49020.0,2241.003693,2021-02-16 10:59:59.999000+00:00,109964695.6373114,59947,1066.061333,52317017.13588433,0
2021-02-16 11:00:00+00:00,49020.0,49114.68,48700.0,48915.48,2048.978078,2021-02-16 11:59:59.999000+00:00,100241550.94394565,63385,988.919739,48385685.98339005,0
2021-02-16 12:00:00+00:00,48915.49,50689.18,48403.21,49650.01,14737.103865,2021-02-16 12:59:59.999000+00:00,732384592.4827926,309032,8496.065468,422705966.11879987,0
2021-02-16 13:00:00+00:00,49650.0,49826.12,48862.99,48950.89,5108.592465,2021-02-16 13:59:59.999000+00:00,251611466.3066446,114976,2372.89496,116899397.76024333,0
2021-02-16 14:00:00+00:00,48950.89,49457.0,48700.0,49289.4,4348.899937,2021-02-16 14:59:59.999000+00:00,213452078.2700846,110414,2002.839399,98336603.68360025,0
2021-02-16 15:00:00+00:00,49286.8,49509.84,48935.7,48956.91,3296.496309,2021-02-16 15:59:59.999000+00:00,162347104.0242042,79948,1553.287541,76503999.81067586,0
2021-02-16 16:00:00+00:00,48956.91,49291.0,48073.0,48167.68,4643.951929,2021-02-16 16:59:59.999000+00:00,226315620.09887105,123288,2097.969774,102287785.73942366,0
2021-02-16 17:00:00+00:00,48165.07,48618.6,48128.81,48230.5,3626.449688,2021-02-16 17:59:59.999000+00:00,175494885.18182847,91405,1834.787781,88797433.14423107,0
2021-02-16 18:00:00+00:00,48230.63,48692.1,47750.0,48616.79,4046.889396,2021-02-16 18:59:59.999000+00:00,195127956.52220225,104643,1798.041749,86746114.8198658,0
2021-02-16 19:00:00+00:00,48616.79,48800.42,48340.14,48537.39,1898.845992,2021-02-16 19:59:59.999000+00:00,92258235.99179016,57825,939.279669,45638140.85655053,0
2021-02-16 20:00:00+00:00,48536.35,48784.29,48173.81,48769.27,2584.417826,2021-02-16 20:59:59.999000+00:00,125224973.58411437,72638,1170.405798,56713941.58012348,0
2021-02-16 21:00:00+00:00,48769.28,48809.09,48355.8,48575.07,2220.458707,2021-02-16 21:59:59.999000+00:00,107864262.87435384,59586,983.159258,47748809.49058261,0
2021-02-16 22:00:00+00:00,48575.06,49180.0,48524.65,49108.68,1763.412213,2021-02-16 22:59:59.999000+00:00,86066130.65612859,55227,976.920444,47698669.49893138,0
2021-02-16 23:00:00+00:00,49113.91,49290.0,48933.33,49133.45,1959.461793,2021-02-16 23:59:59.999000+00:00,96255303.01353128,54600,1027.515944,50482117.36375763,0
2021-02-17 00:00:00+00:00,49133.45,49566.66,49034.35,49079.99,2890.370858,2021-02-17 00:59:59.999000+00:00,142739155.81647983,71248,1555.495417,76827486.692996,0
2021-02-17 01:00:00+00:00,49079.99,49417.25,48947.0,49282.8,1693.384246,2021-02-17 01:59:59.999000+00:00,83381268.34242158,50936,894.158924,44030913.38943179,0
2021-02-17 02:00:00+00:00,49283.14,50274.88,49268.42,49654.89,4959.603535,2021-02-17 02:59:59.999000+00:00,247368994.85793248,115010,2814.906419,140400743.28110093,0
2021-02-17 03:00:00+00:00,49657.54,49759.46,49231.09,49657.38,2563.134357,2021-02-17 03:59:59.999000+00:00,126902933.720163,71106,1306.009541,64665779.2582558,0
2021-02-17 04:00:00+00:00,49657.84,49963.4,49106.75,49345.38,3012.375127,2021-02-17 04:59:59.999000+00:00,149086045.25660273,77807,1468.628684,72710985.70366317,0
2021-02-17 05:00:00+00:00,49345.39,49731.03,49227.68,49706.8,2239.281539,2021-02-17 05:59:59.999000+00:00,110753762.97524,64527,1004.118863,49672597.69420271,0
2021-02-17 06:00:00+00:00,49706.8,50677.58,49624.06,50556.05,6397.974067,2021-02-17 06:59:59.999000+00:00,321370364.3962933,147819,3592.323353,180474031.3309504,0
2021-02-17 07:00:00+00:00,50556.15,51266.09,50200.0,51112.39,6735.574967,2021-02-17 07:59:59.999000+00:00,342035834.2611767,193718,3793.023447,192682135.7678441,0
2021-02-17 08:00:00+00:00,51116.77,51300.0,50628.58,51031.71,4279.621193,2021-02-17 08:59:59.999000+00:00,217886860.01050135,149891,2251.729817,114644447.2645184,0
2021-02-17 09:00:00+00:00,51031.71,51678.36,50991.69,51431.04,5578.732017,2021-02-17 09:59:59.999000+00:00,286611008.96667963,162052,3286.03457,168840616.15725178,0
2021-02-17 10:00:00+00:00,51436.11,51612.8,50995.0,51192.0,3569.370833,2021-02-17 10:59:59.999000+00:00,183265198.81630453,131463,1754.586339,90096143.57606316,0
2021-02-17 11:00:00+00:00,51192.0,51675.55,51101.07,51273.46,3178.178503,2021-02-17 11:59:59.999000+00:00,163389326.95798126,140591,1725.829962,88728208.71586879,0
2021-02-17 12:00:00+00:00,51270.86,51530.0,50777.2,51039.56,4448.576712,2021-02-17 12:59:59.999000+00:00,227775681.681394,137066,2205.984237,112968102.53606598,0
2021-02-17 13:00:00+00:00,51039.56,51234.0,50542.3,51149.96,4231.90257,2021-02-17 13:59:59.999000+00:00,215340528.8926804,100049,2143.900307,109100848.019723,0
2021-02-17 14:00:00+00:00,51149.97,51284.78,50770.82,51262.0,4229.887263,2021-02-17 14:59:59.999000+00:00,215714255.19115636,99421,2185.308426,111440510.05745384,0
2021-02-17 15:00:00+00:00,51262.01,51633.17,50968.87,51169.97,3226.681349,2021-02-17 15:59:59.999000+00:00,165434598.21261716,90598,1673.888916,85838931.40725455,0
2021-02-17 16:00:00+00:00,51169.97,51435.09,50780.0,51241.35,3213.608201,2021-02-17 16:59:59.999000+00:00,164123126.33986163,87698,1432.192512,73147635.8825775,0
2021-02-17 17:00:00+00:00,51241.35,51436.0,51085.95,51376.85,2383.38491,2021-02-17 17:59:59.999000+00:00,122173286.38895154,70006,1248.797558,64017785.26346042,0
2021-02-17 18:00:00+00:00,51380.78,51780.0,51304.96,51430.59,2455.346746,2021-02-17 18:59:59.999000+00:00,126498176.7700494,73853,1417.981761,73061493.41716664,0
2021-02-17 19:00:00+00:00,51430.59,52395.0,51374.56,52142.35,4887.841609,2021-02-17 19:59:59.999000+00:00,254172782.78805092,119808,2674.022475,139072940.34043923,0
2021-02-17 20:00:00+00:00,52142.36,52546.0,51956.82,52240.0,3160.988797,2021-02-17 20:59:59.999000+00:00,165159364.15775177,101344,1673.499477,87431344.98006769,0
2021-02-17 21:00:00+00:00,52239.99,52618.74,52021.37,52349.99,2544.386647,2021-02-17 21:59:59.999000+00:00,133129592.23551998,111942,1217.138655,63694297.65795707,0
2021-02-17 22:00:00+00:00,52349.99,52381.2,51893.34,52104.43,1961.280327,2021-02-17 22:59:59.999000+00:00,102283994.6897726,66116,794.1423,41419168.94664244,0
2021-02-17 23:00:00+00:00,52104.44,52397.84,51899.64,52119.71,1902.151445,2021-02-17 23:59:59.999000+00:00,99235373.08971612,80305,941.744281,49132087.93906716,0
2021-02-18 00:00:00+00:00,52117.67,52530.0,52104.69,52267.32,2415.711881,2021-02-18 00:59:59.999000+00:00,126462808.59351452,68990,1184.674276,62020150.22809579,0
2021-02-18 01:00:00+00:00,52263.85,52383.42,52026.06,52132.46,3038.626699,2021-02-18 01:59:59.999000+00:00,158563091.46887273,83050,1497.390176,78141903.8847789,0
2021-02-18 02:00:00+00:00,52132.47,52340.01,51933.24,52318.89,2290.196005,2021-02-18 02:59:59.999000+00:00,119421691.2698776,79558,1076.650232,56149947.94241353,0
2021-02-18 03:00:00+00:00,52318.89,52399.73,51951.0,52032.64,1876.438424,2021-02-18 03:59:59.999000+00:00,97826861.30463848,70318,795.66203,41494969.72859426,0
2021-02-18 04:00:00+00:00,52032.64,52180.0,51712.5,52153.36,2402.288468,2021-02-18 04:59:59.999000+00:00,124762052.22122245,96640,1167.562784,60643202.97179693,0
2021-02-18 05:00:00+00:00,52153.36,52298.0,52015.68,52170.01,1777.762593,2021-02-18 05:59:59.999000+00:00,92719155.2341525,66549,833.814478,43490476.29551979,0
2021-02-18 06:00:00+00:00,52170.02,52237.45,51862.78,51905.66,1952.330308,2021-02-18 06:59:59.999000+00:00,101615004.47725444,53661,921.284084,47950239.42759454,0
2021-02-18 07:00:00+00:00,51905.65,52085.85,51295.0,51901.96,4482.238407,2021-02-18 07:59:59.999000+00:00,231492219.32012463,104998,2082.116486,107551721.11270122,0
2021-02-18 08:00:00+00:00,51901.95,52168.75,51542.32,51706.88,2314.544023,2021-02-18 08:59:59.999000+00:00,119941863.1158202,102125,1221.347675,63298289.53003857,0
2021-02-18 09:00:00+00:00,51706.87,51873.41,51459.82,51770.99,2754.16149,2021-02-18 09:59:59.999000+00:00,142340212.0918981,72873,1209.013401,62464981.94171498,0
2021-02-18 10:00:00+00:00,51772.82,52000.0,51529.2,51643.5,2180.567729,2021-02-18 10:59:59.999000+00:00,112913519.80171944,62181,1050.336113,54397716.66662668,0
2021-02-18 11:00:00+00:00,51643.49,51720.32,51133.0,51374.07,3329.973382,2021-02-18 11:59:59.999000+00:00,171274319.05293027,87957,1690.230638,86927479.69519652,0
2021-02-18 12:00:00+00:00,51375.12,51623.37,50901.9,51464.66,3689.599653,2021-02-18 12:59:59.999000+00:00,189054669.440808,139022,1548.148905,79378801.25721557,0
2021-02-18 13:00:00+00:00,51464.67,52025.0,51262.43,51796.24,3004.844903,2021-02-18 13:59:59.999000+00:00,155300530.92317072,101151,1397.341764,72231807.92522654,0
2021-02-18 14:00:00+00:00,51796.24,52285.0,51613.23,52233.43,2980.969179,2021-02-18 14:59:59.999000+00:00,154938085.1794999,97995,1450.318153,75397809.46952058,0
2021-02-18 15:00:00+00:00,52233.43,52260.0,51450.0,51585.29,3418.733991,2021-02-18 15:59:59.999000+00:00,176937329.8292826,87026,1656.394801,85726936.09436359,0
2021-02-18 16:00:00+00:00,51585.29,52099.0,51450.0,52091.02,2524.318916,2021-02-18 16:59:59.999000+00:00,130884579.77739727,73116,1296.259712,67212387.0967449,0
2021-02-18 17:00:00+00:00,52091.03,52100.0,51777.0,51839.55,2163.575319,2021-02-18 17:59:59.999000+00:00,112371921.92356896,67551,1053.740307,54728472.25750906,0
2021-02-18 18:00:00+00:00,51839.56,52177.75,51764.16,51862.85,2028.774318,2021-02-18 18:59:59.999000+00:00,105496043.6776796,63518,1060.935054,55166552.56671546,0
2021-02-18 19:00:00+00:00,51860.4,52070.68,51685.0,51760.01,1593.365918,2021-02-18 19:59:59.999000+00:00,82699893.18919559,55280,784.057008,40700741.13264565,0
2021-02-18 20:00:00+00:00,51760.01,52115.92,51514.26,52111.89,2609.194526,2021-02-18 20:59:59.999000+00:00,135456895.07548493,72923,1178.500746,61185198.08094893,0
2021-02-18 21:00:00+00:00,52111.89,52195.12,51892.2,52007.21,2176.642817,2021-02-18 21:59:59.999000+00:00,113327558.51274467,64911,1055.364639,54943569.74469788,0
2021-02-18 22:00:00+00:00,52005.08,52075.07,51615.01,51837.19,1724.94218,2021-02-18 22:59:59.999000+00:00,89417272.03740989,59893,738.00623,38254993.28968866,0
2021-02-18 23:00:00+00:00,51837.18,51920.51,51510.0,51552.6,2028.245825,2021-02-18 23:59:59.999000+00:00,104755499.96919844,60306,944.208931,48773287.50356038,0
2021-02-19 00:00:00+00:00,51552.61,51943.99,51452.0,51511.33,2713.994591,2021-02-19 00:59:59.999000+00:00,140325236.14208725,73812,1277.91639,66079407.67949208,0
2021-02-19 01:00:00+00:00,51512.62,51700.99,51165.88,51325.44,2620.936803,2021-02-19 01:59:59.999000+00:00,134749623.2758672,77935,1180.172161,60691482.33635172,0
2021-02-19 02:00:00+00:00,51325.44,51339.05,50710.2,51248.52,3846.48439,2021-02-19 02:59:59.999000+00:00,196444482.9614296,99919,1697.428063,86704110.90889451,0
2021-02-19 03:00:00+00:00,51248.53,51500.15,51200.0,51245.0,1787.936147,2021-02-19 03:59:59.999000+00:00,91806401.12800927,51393,884.108815,45394334.76811912,0
2021-02-19 04:00:00+00:00,51247.86,51530.56,50918.0,51166.3,1969.380992,2021-02-19 04:59:59.999000+00:00,100815563.36062376,55063,964.023334,49359592.08224309,0
2021-02-19 05:00:00+00:00,51166.29,51567.26,51166.29,51524.05,2079.78925,2021-02-19 05:59:59.999000+00:00,106871810.17193274,58451,1079.432393,55471459.87239495,0
2021-02-19 06:00:00+00:00,51524.06,51822.96,51517.16,51734.88,2693.880858,2021-02-19 06:59:59.999000+00:00,139210203.2624752,98332,1411.005723,72920017.03868398,0
2021-02-19 07:00:00+00:00,51734.87,51894.77,51654.57,51727.08,2224.775733,2021-02-19 07:59:59.999000+00:00,115164269.58954757,90363,1170.606002,60593865.41858441,0
2021-02-19 08:00:00+00:00,51727.09,52293.77,51649.82,52236.31,2775.402347,2021-02-19 08:59:59.999000+00:00,144118630.72947437,112827,1599.561714,83091994.11254978,0
2021-02-19 09:00:00+00:00,52236.31,52965.31,52218.62,52690.7,5901.166458,2021-02-19 09:59:59.999000+00:00,310796784.2045351,149725,3320.32334,174853654.519235,0
2021-02-19 10:00:00+00:00,52690.75,52984.99,52625.0,52687.6,2635.229127,2021-02-19 10:59:59.999000+00:00,139156643.2010172,89427,1364.593622,72066017.08383998,0
2021-02-19 11:00:00+00:00,52685.98,52863.19,52485.95,52710.0,2380.099015,2021-02-19 11:59:59.999000+00:00,125517764.46963318,77057,1208.92392,63759654.75650406,0
2021-02-19 12:00:00+00:00,52709.99,52729.75,52400.09,52534.75,2360.668133,2021-02-19 12:59:59.999000+00:00,124206180.92702526,103686,1155.50898,60803591.81707465,0
2021-02-19 13:00:00+00:00,52534.76,52850.0,52315.37,52800.04,2831.216965,2021-02-19 13:59:59.999000+00:00,148967037.12173167,85835,1444.863627,76032822.29639958,0
2021-02-19 14:00:00+00:00,52800.03,53280.0,52653.93,52890.0,3789.65655,2021-02-19 14:59:59.999000+00:00,200676344.4119799,104574,1912.949285,101312292.85425076,0
2021-02-19 15:00:00+00:00,52877.1,53886.07,52810.11,53863.19,5187.732719,2021-02-19 15:59:59.999000+00:00,277195452.0643724,123877,2656.187402,141945314.8649444,0
2021-02-19 16:00:00+00:00,53863.82,54850.0,53605.58,54368.65,6521.087343,2021-02-19 16:59:59.999000+00:00,353986874.9043308,156593,3288.785668,178412524.08597556,0
2021-02-19 17:00:00+00:00,54368.61,54766.34,54054.0,54765.49,2446.444607,2021-02-19 17:59:59.999000+00:00,133286273.95126311,75913,1177.152466,64134875.67038222,0
2021-02-19 18:00:00+00:00,54765.5,55435.96,54525.11,55384.46,2849.832423,2021-02-19 18:59:59.999000+00:00,156724151.03477344,69618,1641.458485,90288653.98634404,0
2021-02-19 19:00:00+00:00,55384.46,55843.78,54583.95,54990.01,5529.094114,2021-02-19 19:59:59.999000+00:00,304068964.59181106,146628,3009.868196,165517149.87116405,0
2021-02-19 20:00:00+00:00,54994.85,55698.16,54800.0,55348.33,3733.048485,2021-02-19 20:59:59.999000+00:00,206292559.74413168,115558,1851.227548,102289448.68597727,0
2021-02-19 21:00:00+00:00,55345.17,56368.0,55304.52,55651.16,5011.990364,2021-02-19 21:59:59.999000+00:00,280151757.43058395,146559,2540.360481,142019526.2717395,0
2021-02-19 22:00:00+00:00,55651.16,55767.29,55130.0,55426.4,3226.954069,2021-02-19 22:59:59.999000+00:00,178971150.4172379,99522,1480.467108,82104873.17686108,0
2021-02-19 23:00:00+00:00,55426.4,55950.0,55330.0,55906.0,2542.976537,2021-02-19 23:59:59.999000+00:00,141663668.58837265,76548,1239.095523,69024646.06593566,0
2021-02-20 00:00:00+00:00,55906.0,56500.0,55322.0,56226.73,5639.852063,2021-02-20 00:59:59.999000+00:00,315580909.79922146,139690,2957.744322,165522858.02641097,0
2021-02-20 01:00:00+00:00,56223.44,56609.14,55946.27,56179.17,3867.219681,2021-02-20 01:59:59.999000+00:00,217600207.6793069,110107,1956.807189,110112112.46941632,0
2021-02-20 02:00:00+00:00,56179.16,56395.0,55959.41,56143.46,2927.809202,2021-02-20 02:59:59.999000+00:00,164594593.3502009,101379,1367.09183,76865833.70079412,0
2021-02-20 03:00:00+00:00,56143.46,56250.0,55481.38,55706.07,2837.352129,2021-02-20 03:59:59.999000+00:00,158565110.54746008,107593,1399.966034,78247337.88213564,0
2021-02-20 04:00:00+00:00,55711.9,56144.87,55511.0,55815.19,1943.941713,2021-02-20 04:59:59.999000+00:00,108608963.3322242,61115,971.018482,54257440.0320753,0
2021-02-20 05:00:00+00:00,55815.19,55952.18,55555.55,55675.43,1876.990886,2021-02-20 05:59:59.999000+00:00,104616251.66430172,94387,842.857986,46985070.93292468,0
2021-02-20 06:00:00+00:00,55675.44,55952.88,55580.0,55937.12,1688.2327,2021-02-20 06:59:59.999000+00:00,94196751.80932634,60030,858.003798,47874150.83791051,0
2021-02-20 07:00:00+00:00,55937.02,55967.14,55185.98,55207.92,3179.750229,2021-02-20 07:59:59.999000+00:00,176654915.3582229,83321,1482.632264,82383749.90358093,0
2021-02-20 08:00:00+00:00,55207.93,55674.68,55185.16,55236.53,2266.720072,2021-02-20 08:59:59.999000+00:00,125623432.56659792,123216,1109.729499,61506912.30132833,0
2021-02-20 09:00:00+00:00,55236.54,55525.0,55030.0,55252.4,2534.566586,2021-02-20 09:59:59.999000+00:00,140183539.19055307,115629,1267.498349,70106264.42073113,0
2021-02-20 10:00:00+00:00,55252.4,55929.23,55210.53,55895.31,2330.741952,2021-02-20 10:59:59.999000+00:00,129723444.86482129,71009,1196.608003,66591499.28420447,0
2021-02-20 11:00:00+00:00,55895.31,56388.37,55752.77,56355.91,2787.349712,2021-02-20 11:59:59.999000+00:00,155931507.43980733,77103,1370.906441,76720072.86851603,0
2021-02-20 12:00:00+00:00,56355.94,57700.46,56268.01,57291.92,6646.361255,2021-02-20 12:59:59.999000+00:00,379343463.9268228,167002,2945.25839,167994072.82411003,0
2021-02-20 13:00:00+00:00,57291.93,57550.0,56923.04,57274.34,3515.239807,2021-02-20 13:59:59.999000+00:00,201257726.46089095,129782,1745.62097,99946792.89291827,0
2021-02-20 14:00:00+00:00,57274.35,57426.57,56080.0,56280.83,4268.778023,2021-02-20 14:59:59.999000+00:00,243081284.266987,121978,2083.746919,118700258.45525396,0
2021-02-20 15:00:00+00:00,56280.83,56759.99,55722.11,56145.97,5099.634979,2021-02-20 15:59:59.999000+00:00,286778901.8617318,170299,2379.84257,133831357.21577136,0
2021-02-20 16:00:00+00:00,56136.55,56943.6,56136.55,56720.16,3717.384367,2021-02-20 16:59:59.999000+00:00,210031148.92345145,144866,1722.498946,97326270.53841968,0
2021-02-20 17:00:00+00:00,56720.17,57425.0,56713.79,57048.35,4217.723339,2021-02-20 17:59:59.999000+00:00,240931598.9831814,134869,1947.709695,111267847.46584216,0
2021-02-20 18:00:00+00:00,57048.35,57152.33,56800.01,57115.24,1840.03131,2021-02-20 18:59:59.999000+00:00,104893005.61052269,73385,954.077131,54389820.50943438,0
2021-02-20 19:00:00+00:00,57118.09,57234.48,56709.23,56975.12,1864.07048,2021-02-20 19:59:59.999000+00:00,106178555.91371,79787,919.413315,52370693.25698575,0
2021-02-20 20:00:00+00:00,56975.12,57050.0,56562.51,56719.52,2039.86527,2021-02-20 20:59:59.999000+00:00,115803725.90370443,66950,980.294658,55654794.27561605,0
2021-02-20 21:00:00+00:00,56719.52,56878.28,56250.66,56472.13,2361.840106,2021-02-20 21:59:59.999000+00:00,133665925.43983635,70121,1178.71298,66716850.38525542,0
2021-02-20 22:00:00+00:00,56472.13,56495.33,53863.93,55423.99,7721.822365,2021-02-20 22:59:59.999000+00:00,427670179.98369896,229383,3261.294137,180656146.9291108,0
2021-02-20 23:00:00+00:00,55424.0,56191.43,55378.02,55841.19,3774.927088,2021-02-20 23:59:59.999000+00:00,210375714.9746926,109845,1736.732366,96805671.03221858,0
2021-02-21 00:00:00+00:00,55841.19,56061.64,55477.59,55834.95,2949.777561,2021-02-21 00:59:59.999000+00:00,164492362.88754973,84284,1567.96922,87449093.15253602,0
2021-02-21 01:00:00+00:00,55834.95,56351.08,55717.87,56347.69,2125.263288,2021-02-21 01:59:59.999000+00:00,119014770.77697408,70496,1075.387803,60228584.99549423,0
2021-02-21 02:00:00+00:00,56347.7,56660.94,56253.77,56318.08,2201.031649,2021-02-21 02:59:59.999000+00:00,124306784.48488624,60339,1103.502739,62317358.21959931,0
2021-02-21 03:00:00+00:00,56318.08,56900.0,56311.4,56505.22,2027.220197,2021-02-21 03:59:59.999000+00:00,114735892.16174038,58188,1149.97872,65093136.83821802,0
2021-02-21 04:00:00+00:00,56505.22,56725.12,56040.31,56701.08,2060.642337,2021-02-21 04:59:59.999000+00:00,116297497.07284269,58464,1062.284697,59954099.29038342,0
2021-02-21 05:00:00+00:00,56701.08,56959.71,56511.54,56545.13,2041.764791,2021-02-21 05:59:59.999000+00:00,115814774.95798892,52225,917.485463,52041831.40677734,0
2021-02-21 06:00:00+00:00,56545.12,56609.46,56250.0,56493.23,1604.425885,2021-02-21 06:59:59.999000+00:00,90577328.06397416,56614,752.113367,42463469.43576441,0
2021-02-21 07:00:00+00:00,56493.22,56594.23,55863.54,56091.76,2600.753519,2021-02-21 07:59:59.999000+00:00,146223148.2279601,72120,1269.803744,71395366.24749209,0
2021-02-21 08:00:00+00:00,56092.02,56676.7,55821.03,56513.22,2357.262556,2021-02-21 08:59:59.999000+00:00,132614264.62652808,68592,1197.620475,67393178.59409487,0
2021-02-21 09:00:00+00:00,56513.21,56845.9,56364.65,56795.81,1801.288868,2021-02-21 09:59:59.999000+00:00,101801688.8923649,61188,939.187851,53077127.37936225,0
2021-02-21 10:00:00+00:00,56795.81,57827.0,56657.96,57560.0,4162.463811,2021-02-21 10:59:59.999000+00:00,239049955.88924408,119544,2387.900285,137110975.22207403,0
2021-02-21 11:00:00+00:00,57560.0,57570.94,57200.0,57284.79,2690.83005,2021-02-21 11:59:59.999000+00:00,154331132.25970185,75626,1599.03421,91702070.55597468,0
2021-02-21 12:00:00+00:00,57284.78,57440.82,56589.0,56888.8,2904.91437,2021-02-21 12:59:59.999000+00:00,165858686.62890995,85031,1712.705069,97820928.2877368,0
2021-02-21 13:00:00+00:00,56888.81,57220.0,56888.79,57154.19,1979.238464,2021-02-21 13:59:59.999000+00:00,112975449.21178608,89259,891.566901,50893748.72844281,0
2021-02-21 14:00:00+00:00,57154.19,57449.0,56783.33,57381.13,2751.799231,2021-02-21 14:59:59.999000+00:00,157416712.46221265,80003,1276.319321,73018095.70725042,0
2021-02-21 15:00:00+00:00,57381.12,57555.0,57165.4,57313.99,2657.731075,2021-02-21 15:59:59.999000+00:00,152476065.18503597,124088,1300.655902,74627514.63854969,0
2021-02-21 16:00:00+00:00,57313.99,57782.0,57006.16,57733.96,2772.771079,2021-02-21 16:59:59.999000+00:00,159262145.61400902,116379,1338.483292,76890547.27388531,0
2021-02-21 17:00:00+00:00,57733.95,57749.82,57356.53,57499.01,1895.347027,2021-02-21 17:59:59.999000+00:00,109165561.47905982,71673,899.254127,51792489.75834086,0
2021-02-21 18:00:00+00:00,57499.02,58300.0,57333.79,58183.69,2708.746124,2021-02-21 18:59:59.999000+00:00,156704543.25729913,119447,1533.095884,88720683.24901281,0
2021-02-21 19:00:00+00:00,58183.69,58352.8,57916.66,58072.62,2656.043123,2021-02-21 19:59:59.999000+00:00,154497112.99673593,80188,1256.416174,73085956.47884253,0
2021-02-21 20:00:00+00:00,58072.62,58247.84,57458.15,57654.8,2454.891718,2021-02-21 20:59:59.999000+00:00,142135184.400357,89127,1154.676163,66858169.40086438,0
2021-02-21 21:00:00+00:00,57657.1,57900.0,57180.0,57293.53,2438.14225,2021-02-21 21:59:59.999000+00:00,140356109.44497323,84682,1122.749161,64646612.45708931,0
2021-02-21 22:00:00+00:00,57293.52,57616.34,56935.03,57328.47,2198.427423,2021-02-21 22:59:59.999000+00:00,125844765.70797285,113697,1043.311905,59724900.74080561,0
2021-02-21 23:00:00+00:00,57328.46,57590.05,57100.0,57408.57,2125.932115,2021-02-21 23:59:59.999000+00:00,122046326.6577823,59279,954.586612,54801150.09877834,0
2021-02-22 00:00:00+00:00,57412.35,57508.47,56230.84,56235.15,4513.740342,2021-02-22 00:59:59.999000+00:00,256206476.9264704,101603,2052.930155,116527941.8563091,0
2021-02-22 01:00:00+00:00,56235.15,57000.0,56013.13,56860.04,3425.036403,2021-02-22 01:59:59.999000+00:00,194048532.2010008,131706,1687.571,95610108.82367428,0
2021-02-22 02:00:00+00:00,56860.04,57277.99,55351.15,56855.12,4511.028711,2021-02-22 02:59:59.999000+00:00,254949389.91415915,102202,2217.524209,125342467.22338428,0
2021-02-22 03:00:00+00:00,56855.13,57078.5,55757.58,55860.12,2876.056528,2021-02-22 03:59:59.999000+00:00,162014342.4940832,107178,1400.272729,78908418.38414443,0
2021-02-22 04:00:00+00:00,55858.99,56258.49,55102.77,55786.36,4117.070458,2021-02-22 04:59:59.999000+00:00,229089676.70647493,107816,1812.863826,100869406.52186815,0
2021-02-22 05:00:00+00:00,55785.61,56372.01,55625.11,55869.15,2634.169091,2021-02-22 05:59:59.999000+00:00,147463057.07817703,83020,1185.580011,66366349.12047309,0
2021-02-22 06:00:00+00:00,55869.16,56377.0,55684.74,55989.36,2101.704381,2021-02-22 06:59:59.999000+00:00,117982728.6277038,73328,1086.169142,60976053.84114737,0
2021-02-22 07:00:00+00:00,55989.35,56550.0,55652.45,56422.92,2595.910519,2021-02-22 07:59:59.999000+00:00,145788942.68097487,72550,1247.080293,70045210.0675761,0
2021-02-22 08:00:00+00:00,56422.23,56623.69,55408.92,55480.8,4285.433552,2021-02-22 08:59:59.999000+00:00,239939231.56158727,85723,1844.935132,103362861.2856544,0
2021-02-22 09:00:00+00:00,55480.8,55800.0,54355.0,54766.39,5226.543514,2021-02-22 09:59:59.999000+00:00,288464821.3441832,122713,2507.17848,138510621.77047116,0
2021-02-22 10:00:00+00:00,54747.23,55101.69,53505.7,54847.72,8059.544952,2021-02-22 10:59:59.999000+00:00,438974088.46219295,184557,3812.06418,207693324.36044735,0
2021-02-22 11:00:00+00:00,54847.72,55251.79,54403.11,54524.94,4098.268648,2021-02-22 11:59:59.999000+00:00,225014641.37038055,111831,1937.005772,106318273.85508172,0
2021-02-22 12:00:00+00:00,54515.0,54695.66,52628.9,53781.12,10930.650637,2021-02-22 12:59:59.999000+00:00,585168995.1497669,238630,5133.965072,274790620.59419256,0
2021-02-22 13:00:00+00:00,53784.14,54062.77,52050.0,52070.47,8203.249064,2021-02-22 13:59:59.999000+00:00,434668374.13266486,185091,4008.41171,212584375.41294596,0
2021-02-22 14:00:00+00:00,52066.99,53654.37,47622.0,53478.83,24477.792792,2021-02-22 14:59:59.999000+00:00,1252120246.3173802,508500,11859.23979,606836411.5580432,0
2021-02-22 15:00:00+00:00,53472.69,53993.0,52483.39,53236.69,11024.959692,2021-02-22 15:59:59.999000+00:00,588440597.7115232,267399,4644.854266,247758483.4249549,0
2021-02-22 16:00:00+00:00,53236.69,53847.56,52730.0,53180.05,5464.145518,2021-02-22 16:59:59.999000+00:00,291577112.37865895,153293,2558.143675,136554777.2175554,0
2021-02-22 17:00:00+00:00,53177.82,53302.59,51955.65,52100.0,4675.174252,2021-02-22 17:59:59.999000+00:00,246033067.08975184,124241,2258.17834,118830414.26901206,0
2021-02-22 18:00:00+00:00,52100.0,53490.0,51570.0,53227.23,5492.271315,2021-02-22 18:59:59.999000+00:00,288540225.07433707,138584,2571.49882,135020716.48823553,0
2021-02-22 19:00:00+00:00,53227.23,53746.29,52942.33,53581.69,2709.392508,2021-02-22 19:59:59.999000+00:00,144745202.52390015,81259,1240.425628,66276641.32370668,0
2021-02-22 20:00:00+00:00,53587.41,54364.0,53452.51,53771.34,3461.089486,2021-02-22 20:59:59.999000+00:00,187077759.39328223,93144,1743.125627,94207575.36040388,0
2021-02-22 21:00:00+00:00,53779.38,54900.0,53667.72,54883.16,2928.494197,2021-02-22 21:59:59.999000+00:00,159285168.5256107,81059,1528.697874,83133656.64893852,0
2021-02-22 22:00:00+00:00,54883.16,54989.46,53782.09,54084.97,2862.157081,2021-02-22 22:59:59.999000+00:00,155579306.49037132,85407,1491.619365,81048353.69973041,0
2021-02-22 23:00:00+00:00,54084.97,54373.32,53279.02,54087.67,3345.551303,2021-02-22 23:59:59.999000+00:00,180214736.282162,72249,1848.326883,99644091.41302238,0
2021-02-23 00:00:00+00:00,54087.67,54183.59,53018.54,53440.66,2943.368965,2021-02-23 00:59:59.999000+00:00,157532202.95411357,107377,1463.669314,78334979.37420292,0
2021-02-23 01:00:00+00:00,53431.44,53925.86,52281.88,52546.18,3132.594416,2021-02-23 01:59:59.999000+00:00,165831902.16947043,83399,1571.230297,83164230.74900639,0
2021-02-23 02:00:00+00:00,52546.59,52887.66,50901.0,51218.63,5963.505975,2021-02-23 02:59:59.999000+00:00,309284577.5172198,157353,2965.014726,153869619.324163,0
2021-02-23 03:00:00+00:00,51218.75,52496.9,51153.33,51906.36,5642.99707,2021-02-23 03:59:59.999000+00:00,292785084.7103905,139770,2790.727135,144781100.8071328,0
2021-02-23 04:00:00+00:00,51900.73,52311.71,49600.0,50754.5,6698.057285,2021-02-23 04:59:59.999000+00:00,340983951.87896335,150863,2904.196752,148035992.07803085,0
2021-02-23 05:00:00+00:00,50754.5,50755.48,48615.0,49950.0,10951.855984,2021-02-23 05:59:59.999000+00:00,544401197.9131927,229947,4974.201657,247273966.34705156,0
2021-02-23 06:00:00+00:00,49952.49,51241.99,49380.14,49547.02,6064.549404,2021-02-23 06:59:59.999000+00:00,305207167.88787806,133354,3082.082756,155117465.41686264,0
2021-02-23 07:00:00+00:00,49544.58,50547.3,49288.94,49640.33,4936.853735,2021-02-23 07:59:59.999000+00:00,246714261.69089672,109379,2392.570527,119574223.4506715,0
2021-02-23 08:00:00+00:00,49642.92,50027.01,46560.0,46565.18,15751.170677,2021-02-23 08:59:59.999000+00:00,758815141.1792396,312940,6948.967696,334957181.75485307,0
2021-02-23 09:00:00+00:00,46562.33,48695.75,45000.0,48075.45,17379.422804,2021-02-23 09:59:59.999000+00:00,821119205.8308128,368112,8358.224223,395536539.20981646,0
2021-02-23 10:00:00+00:00,48072.01,48979.17,46568.0,47546.01,8447.622298,2021-02-23 10:59:59.999000+00:00,402870433.9721365,193960,4140.714152,197483399.16148373,0
2021-02-23 11:00:00+00:00,47531.15,48275.74,44892.56,46369.29,12372.254433,2021-02-23 11:59:59.999000+00:00,572863947.2572736,242476,5839.996784,270527141.2207073,0
2021-02-23 12:00:00+00:00,46359.14,49455.53,45788.1,48670.21,13248.95882,2021-02-23 12:59:59.999000+00:00,629347433.6064249,259976,6898.846507,327806976.86841774,0
2021-02-23 13:00:00+00:00,48670.54,49600.0,48032.17,48750.0,7741.589412,2021-02-23 13:59:59.999000+00:00,377614079.1180676,172266,4023.142352,196254720.55646503,0
2021-02-23 14:00:00+00:00,48754.47,49141.89,45838.84,46978.18,7605.541251,2021-02-23 14:59:59.999000+00:00,360869163.7086939,191730,3632.636844,172532576.0296288,0
2021-02-23 15:00:00+00:00,46977.89,49350.0,46635.0,48602.03,7893.56502,2021-02-23 15:59:59.999000+00:00,381359810.3780728,186256,4125.874282,199476492.49976093,0
2021-02-23 16:00:00+00:00,48602.02,49247.69,47230.01,47365.61,5789.955008,2021-02-23 16:59:59.999000+00:00,278323778.5723752,127453,2681.220273,129036576.21017608,0
2021-02-23 17:00:00+00:00,47361.41,48197.74,46888.0,47175.27,3541.701585,2021-02-23 17:59:59.999000+00:00,168002549.47439545,94047,1758.355482,83426686.47410004,0
2021-02-23 18:00:00+00:00,47163.74,47777.0,46501.34,46881.49,3767.752618,2021-02-23 18:59:59.999000+00:00,177599282.14800304,100101,1842.674911,86936002.82502872,0
2021-02-23 19:00:00+00:00,46872.77,47291.03,45500.0,45523.0,4845.948913,2021-02-23 19:59:59.999000+00:00,224281371.841782,120852,2209.357519,102293371.28860547,0
2021-02-23 20:00:00+00:00,45523.02,47820.0,45251.0,47814.5,4719.434099,2021-02-23 20:59:59.999000+00:00,220303390.69267213,113735,2429.290308,113559842.78994764,0
2021-02-23 21:00:00+00:00,47812.8,48474.31,47400.7,47937.33,4237.631396,2021-02-23 21:59:59.999000+00:00,203749279.9299937,95017,2468.495313,118729321.24352527,0
2021-02-23 22:00:00+00:00,47930.44,48756.0,47738.82,48589.69,3213.007653,2021-02-23 22:59:59.999000+00:00,155350590.0315054,74216,1710.039297,82702263.28772867,0
2021-02-23 23:00:00+00:00,48597.19,48938.85,48124.51,48891.0,2485.68623,2021-02-23 23:59:59.999000+00:00,120629326.779812,60617,1252.613885,60784623.12998936,0
2021-02-24 00:00:00+00:00,48891.0,49100.0,46988.69,48456.58,4847.530736,2021-02-24 00:59:59.999000+00:00,232076690.35418093,113148,2353.748575,112801918.33755374,0
2021-02-24 01:00:00+00:00,48456.58,50225.22,48419.48,50191.6,5367.924104,2021-02-24 01:59:59.999000+00:00,264734974.10829008,116620,2863.565492,141251223.84913263,0
2021-02-24 02:00:00+00:00,50191.68,50553.33,49803.0,50160.42,3962.034445,2021-02-24 02:59:59.999000+00:00,198889484.54245096,101287,1961.740698,98491365.70161724,0
2021-02-24 03:00:00+00:00,50160.21,50993.57,50025.01,50874.99,3145.829808,2021-02-24 03:59:59.999000+00:00,158803323.04548693,79857,1666.776309,84155964.55322894,0
2021-02-24 04:00:00+00:00,50869.77,51357.0,50327.35,50617.29,4569.379341,2021-02-24 04:59:59.999000+00:00,232438416.7933921,109519,2570.520355,130768549.11077604,0
2021-02-24 05:00:00+00:00,50619.83,51044.22,50000.0,50247.4,3407.580769,2021-02-24 05:59:59.999000+00:00,171886820.25996956,84827,1810.313646,91331452.56812188,0
2021-02-24 06:00:00+00:00,50247.61,50719.78,49456.0,50109.21,4666.11847,2021-02-24 06:59:59.999000+00:00,233390526.45703587,109361,2366.155741,118348580.97282153,0
2021-02-24 07:00:00+00:00,50109.2,50368.4,49530.43,50090.57,3036.979203,2021-02-24 07:59:59.999000+00:00,151776782.2798424,78641,1584.034852,79184469.311958,0
2021-02-24 08:00:00+00:00,50090.61,50886.2,49799.29,50634.36,3931.006201,2021-02-24 08:59:59.999000+00:00,198647202.8393908,102253,1954.689938,98774033.09842809,0
2021-02-24 09:00:00+00:00,50634.32,51374.99,50306.12,50847.51,4804.820769,2021-02-24 09:59:59.999000+00:00,244207904.89909112,115218,2495.372098,126760609.5548454,0
2021-02-24 10:00:00+00:00,50847.5,51000.0,50033.52,50075.0,3196.212389,2021-02-24 10:59:59.999000+00:00,161464416.54413843,92558,1504.951205,76053703.29705311,0
2021-02-24 11:00:00+00:00,50075.0,50875.0,50049.15,50360.02,2831.804622,2021-02-24 11:59:59.999000+00:00,142887063.44259435,82887,1430.93015,72212300.177515,0
2021-02-24 12:00:00+00:00,50360.02,51294.0,50326.81,50739.94,4538.97781,2021-02-24 12:59:59.999000+00:00,230946348.0751186,102495,2106.565475,107201169.34209976,0
2021-02-24 13:00:00+00:00,50738.27,51060.0,49056.33,49481.61,7310.454148,2021-02-24 13:59:59.999000+00:00,363938756.1203267,152980,3406.188258,169502557.32618663,0
2021-02-24 14:00:00+00:00,49469.19,49777.0,48758.0,49404.04,4794.065064,2021-02-24 14:59:59.999000+00:00,236323203.72922683,99104,2365.99498,116665506.76388924,0
2021-02-24 15:00:00+00:00,49404.62,49850.0,48450.0,49819.5,4685.051928,2021-02-24 15:59:59.999000+00:00,230450785.3037268,105383,2398.340436,118032165.63465616,0
2021-02-24 16:00:00+00:00,49819.49,50150.0,49160.0,49308.28,3788.498695,2021-02-24 16:59:59.999000+00:00,188185982.84580415,80231,1918.82606,95330349.09763052,0
2021-02-24 17:00:00+00:00,49308.29,50060.31,49303.56,50041.8,2368.467368,2021-02-24 17:59:59.999000+00:00,117885039.8718704,62024,1207.152489,60083975.40984697,0
2021-02-24 18:00:00+00:00,50046.03,50052.18,49465.15,49570.0,2338.306566,2021-02-24 18:59:59.999000+00:00,116311162.40909256,55934,1071.793362,53314935.44764492,0
2021-02-24 19:00:00+00:00,49570.0,49690.15,48811.26,48959.93,2856.47685,2021-02-24 19:59:59.999000+00:00,140540872.27822316,63481,1377.779918,67775581.68214042,0
2021-02-24 20:00:00+00:00,48959.93,49266.39,48581.26,49101.18,2532.664087,2021-02-24 20:59:59.999000+00:00,123860543.1829956,65161,1201.331837,58743856.60865807,0
2021-02-24 21:00:00+00:00,49101.18,49150.0,48090.0,48707.72,3651.366236,2021-02-24 21:59:59.999000+00:00,176954151.2870466,82126,1747.746135,84724951.63964196,0
2021-02-24 22:00:00+00:00,48715.97,48950.0,48028.18,48811.63,2341.058459,2021-02-24 22:59:59.999000+00:00,113682228.47331084,69019,1035.685055,50305302.55720192,0
2021-02-24 23:00:00+00:00,48811.63,49747.49,48722.71,49676.2,2908.601184,2021-02-24 23:59:59.999000+00:00,143750322.23693025,70418,1350.511767,66752084.0956987,0
2021-02-25 00:00:00+00:00,49676.21,50865.0,49517.01,50507.25,3530.403462,2021-02-25 00:59:59.999000+00:00,177315058.26818627,87157,1865.290521,93677845.27793825,0
2021-02-25 01:00:00+00:00,50507.24,50884.88,50357.14,50504.71,2197.136753,2021-02-25 01:59:59.999000+00:00,111268572.08912712,53310,1189.00936,60218195.43755632,0
2021-02-25 02:00:00+00:00,50505.26,50834.43,50421.36,50650.95,1895.037242,2021-02-25 02:59:59.999000+00:00,96020905.959903,47719,975.193484,49414002.72529453,0
2021-02-25 03:00:00+00:00,50650.95,50659.77,50033.94,50206.97,1947.218508,2021-02-25 03:59:59.999000+00:00,97997520.78394555,52519,973.232211,48974935.56632615,0
2021-02-25 04:00:00+00:00,50206.97,50366.67,49567.89,49627.34,2531.016524,2021-02-25 04:59:59.999000+00:00,126596464.51532777,55577,1271.090204,63579920.34369894,0
2021-02-25 05:00:00+00:00,49626.9,50449.07,49533.44,50388.6,2489.276145,2021-02-25 05:59:59.999000+00:00,124308971.42079987,63601,1312.361981,65532875.49801985,0
2021-02-25 06:00:00+00:00,50391.1,50568.97,50212.79,50453.54,1878.141846,2021-02-25 06:59:59.999000+00:00,94672068.91718432,71321,936.383396,47201518.69036245,0
2021-02-25 07:00:00+00:00,50453.54,50559.51,50105.71,50395.99,1945.51267,2021-02-25 07:59:59.999000+00:00,98085710.90143532,55250,987.332403,49783416.6023704,0
2021-02-25 08:00:00+00:00,50395.58,50513.35,49534.9,49700.0,2853.468486,2021-02-25 08:59:59.999000+00:00,142708611.690164,73044,1442.17472,72134777.56929015,0
2021-02-25 09:00:00+00:00,49700.01,49840.6,48581.71,48977.03,4454.011462,2021-02-25 09:59:59.999000+00:00,218864240.01879808,109551,2159.841008,106137032.63691127,0
2021-02-25 10:00:00+00:00,48977.03,49729.52,48812.92,49551.51,2744.27976,2021-02-25 10:59:59.999000+00:00,135270333.22223812,108491,1409.134538,69471930.39275964,0
2021-02-25 11:00:00+00:00,49551.51,50403.14,49551.51,50294.8,3076.063338,2021-02-25 11:59:59.999000+00:00,153555644.4935598,104662,1581.691235,78976835.05466704,0
2021-02-25 12:00:00+00:00,50299.0,51500.0,50077.0,51487.06,5006.691965,2021-02-25 12:59:59.999000+00:00,253928753.6257044,142209,2750.04184,139510873.3158894,0
2021-02-25 13:00:00+00:00,51497.98,52041.73,51060.27,51347.6,6437.209284,2021-02-25 13:59:59.999000+00:00,331813816.6832537,156703,3305.411761,170455329.8533795,0
2021-02-25 14:00:00+00:00,51351.93,51530.0,50599.0,50830.88,3602.682472,2021-02-25 14:59:59.999000+00:00,184076620.8684228,96270,1629.945666,83315760.6294345,0
2021-02-25 15:00:00+00:00,50830.6,51367.61,50480.0,50849.99,3311.822558,2021-02-25 15:59:59.999000+00:00,168638000.4178746,102306,1540.157069,78411652.12854002,0
2021-02-25 16:00:00+00:00,50850.0,51370.18,50563.82,50630.66,3186.563736,2021-02-25 16:59:59.999000+00:00,162452252.98783743,100933,1528.304131,77914098.04088616,0
2021-02-25 17:00:00+00:00,50632.85,50665.78,49306.91,49550.95,4625.133162,2021-02-25 17:59:59.999000+00:00,231011634.46842036,109813,2024.93443,101143499.45406222,0
2021-02-25 18:00:00+00:00,49550.96,50086.28,49226.09,49544.14,3513.021838,2021-02-25 18:59:59.999000+00:00,174509030.0408019,96606,1739.77401,86434357.97169301,0
2021-02-25 19:00:00+00:00,49543.04,50000.0,49262.29,49443.86,2583.926013,2021-02-25 19:59:59.999000+00:00,128220155.52403963,110202,1288.110881,63926257.90612366,0
2021-02-25 20:00:00+00:00,49442.2,49550.01,48529.47,49152.75,4249.675158,2021-02-25 20:59:59.999000+00:00,208126020.3747421,123297,1950.511504,95521642.40626772,0
2021-02-25 21:00:00+00:00,49151.36,49300.0,48051.0,48101.99,3634.643305,2021-02-25 21:59:59.999000+00:00,177026810.9177327,101460,1592.401494,77619066.20353466,0
2021-02-25 22:00:00+00:00,48102.01,48900.0,47471.0,48235.85,5670.505167,2021-02-25 22:59:59.999000+00:00,272928468.0975904,152785,2249.084709,108297095.7927977,0
2021-02-25 23:00:00+00:00,48229.63,48463.27,46674.34,47073.73,5947.232267,2021-02-25 23:59:59.999000+00:00,282793061.85452557,130893,2909.252203,138415598.14855835,0
2021-02-26 00:00:00+00:00,47073.73,47613.5,46000.0,46801.05,8103.393177,2021-02-26 00:59:59.999000+00:00,377831011.5688277,172768,3825.352595,178444800.91619933,0
2021-02-26 01:00:00+00:00,46807.84,47479.06,46240.84,46480.48,6203.219104,2021-02-26 01:59:59.999000+00:00,290755125.081698,136879,2797.088983,131130552.04979824,0
2021-02-26 02:00:00+00:00,46480.48,47800.0,46124.74,47343.51,5240.307754,2021-02-26 02:59:59.999000+00:00,246801657.2500507,113885,2727.868349,128587722.42657518,0
2021-02-26 03:00:00+00:00,47343.5,47695.77,46639.24,47330.24,3512.635304,2021-02-26 03:59:59.999000+00:00,165764356.62534803,74188,1678.738692,79268414.42883371,0
2021-02-26 04:00:00+00:00,47331.34,47786.5,46806.49,47025.06,2839.219439,2021-02-26 04:59:59.999000+00:00,134360235.86143333,67187,1404.247217,66455661.80800747,0
2021-02-26 05:00:00+00:00,47028.8,47207.4,45502.69,45517.53,5228.388208,2021-02-26 05:59:59.999000+00:00,241909695.32155713,106473,2393.475587,110855039.1288312,0
2021-02-26 06:00:00+00:00,45524.35,46500.0,45512.02,46093.07,3894.665568,2021-02-26 06:59:59.999000+00:00,179503674.0082341,92708,2004.622944,92392698.0001297,0
2021-02-26 07:00:00+00:00,46098.99,46430.02,44106.78,44973.68,10843.412216,2021-02-26 07:59:59.999000+00:00,488062440.4769249,182846,4759.614148,214102124.22802636,0
2021-02-26 08:00:00+00:00,44986.99,45950.0,44939.19,45727.74,5560.53718,2021-02-26 08:59:59.999000+00:00,252899486.5313655,112993,3040.301069,138268949.01498577,0
2021-02-26 09:00:00+00:00,45727.75,46626.35,45325.0,46410.76,6228.045638,2021-02-26 09:59:59.999000+00:00,287389360.5380064,120877,2953.799862,136357667.0799477,0
2021-02-26 10:00:00+00:00,46410.76,46880.4,46168.0,46706.85,3745.266335,2021-02-26 10:59:59.999000+00:00,174396328.08068973,83336,1855.109179,86378782.45516731,0
2021-02-26 11:00:00+00:00,46704.75,46850.0,45662.94,46427.65,3319.259512,2021-02-26 11:59:59.999000+00:00,153378598.05698267,74580,1652.149324,76345324.90886055,0
2021-02-26 12:00:00+00:00,46427.65,47266.34,46315.08,46823.39,3485.252609,2021-02-26 12:59:59.999000+00:00,163279933.3118564,73849,1769.62185,82921416.43307298,0
2021-02-26 13:00:00+00:00,46823.38,46999.77,45800.0,45958.41,3593.678669,2021-02-26 13:59:59.999000+00:00,166636422.45052785,74350,1875.939012,86995976.18924902,0
2021-02-26 14:00:00+00:00,45958.41,47429.0,45828.37,46868.98,4508.896864,2021-02-26 14:59:59.999000+00:00,210961601.7595051,95235,2427.591828,113576978.9315511,0
2021-02-26 15:00:00+00:00,46869.59,47853.13,46333.0,47594.65,5170.124688,2021-02-26 15:59:59.999000+00:00,243331076.2451492,95719,2707.734383,127476530.2478866,0
2021-02-26 16:00:00+00:00,47590.66,48219.08,47450.0,48127.26,4556.162306,2021-02-26 16:59:59.999000+00:00,218038757.46334767,97078,2376.520569,113747181.50612344,0
2021-02-26 17:00:00+00:00,48127.26,48424.11,47542.2,47660.98,3255.906182,2021-02-26 17:59:59.999000+00:00,156184096.40823588,97578,1516.645018,72767422.86201629,0
2021-02-26 18:00:00+00:00,47659.96,47873.24,47269.99,47317.09,2473.723905,2021-02-26 18:59:59.999000+00:00,117680138.80192219,67348,1261.371983,59999766.57364878,0
2021-02-26 19:00:00+00:00,47317.09,47478.07,46602.62,46959.17,3342.27688,2021-02-26 19:59:59.999000+00:00,157219140.61462316,81667,1775.236478,83525665.16354664,0
2021-02-26 20:00:00+00:00,46959.18,47115.38,46071.89,46270.0,3514.297867,2021-02-26 20:59:59.999000+00:00,163727573.68617535,80837,1733.792105,80755103.9478745,0
2021-02-26 21:00:00+00:00,46270.0,46867.0,45500.0,45677.46,3831.690182,2021-02-26 21:59:59.999000+00:00,177173658.77323526,85141,1806.78594,83585069.8493964,0
2021-02-26 22:00:00+00:00,45680.0,45988.77,45000.0,45476.3,4400.975291,2021-02-26 22:59:59.999000+00:00,200547396.6139756,123927,2204.948968,100559178.29847832,0
2021-02-26 23:00:00+00:00,45476.3,46444.57,45368.74,46276.87,2571.865785,2021-02-26 23:59:59.999000+00:00,118542767.20494308,60317,1078.348539,49692166.80407637,0
2021-02-27 00:00:00+00:00,46276.88,47568.18,46156.24,47525.07,3534.299991,2021-02-27 00:59:59.999000+00:00,165803625.84097624,86580,1665.015671,78110640.54767086,0
2021-02-27 01:00:00+00:00,47523.34,47960.0,47331.54,47761.97,2844.988088,2021-02-27 01:59:59.999000+00:00,135514542.91739056,66295,1421.251526,67704139.35897203,0
2021-02-27 02:00:00+00:00,47761.97,48085.47,47186.0,47375.34,4456.600855,2021-02-27 02:59:59.999000+00:00,212457424.2120407,78369,2189.071664,104342900.4665517,0
2021-02-27 03:00:00+00:00,47375.34,47937.03,47158.26,47423.08,2661.321937,2021-02-27 03:59:59.999000+00:00,126754003.33040375,57862,1405.789067,66954860.25786872,0
2021-02-27 04:00:00+00:00,47423.07,47918.4,47278.54,47657.47,2060.909659,2021-02-27 04:59:59.999000+00:00,98143308.31298745,53225,1066.134913,50771040.52663614,0
2021-02-27 05:00:00+00:00,47657.48,47955.58,47460.21,47803.71,1995.349774,2021-02-27 05:59:59.999000+00:00,95113752.31335984,49559,1050.354018,50073355.08143282,0
2021-02-27 06:00:00+00:00,47799.68,48394.0,47527.33,47566.6,2654.871204,2021-02-27 06:59:59.999000+00:00,127353603.53008118,66971,1405.048278,67410668.8104419,0
2021-02-27 07:00:00+00:00,47560.69,47626.26,46712.18,47158.53,3140.61823,2021-02-27 07:59:59.999000+00:00,148219870.16535473,103195,1362.546208,64305961.13869768,0
2021-02-27 08:00:00+00:00,47153.01,47284.74,46380.0,46620.5,2860.165113,2021-02-27 08:59:59.999000+00:00,133799040.21912424,72532,1377.747472,64451428.416304,0
2021-02-27 09:00:00+00:00,46620.83,46827.73,46224.84,46671.04,2576.345092,2021-02-27 09:59:59.999000+00:00,119862455.12701158,69632,1302.272927,60589695.58045667,0
2021-02-27 10:00:00+00:00,46671.04,47099.97,46601.01,46775.51,2600.524981,2021-02-27 10:59:59.999000+00:00,121899926.21080388,73219,1320.991958,61923992.42977355,0
2021-02-27 11:00:00+00:00,46775.68,47640.03,46690.0,47299.99,2765.212376,2021-02-27 11:59:59.999000+00:00,130625873.88869272,98218,1334.869623,63061410.76453267,0
2021-02-27 12:00:00+00:00,47299.99,47800.0,46735.63,47429.99,3286.079994,2021-02-27 12:59:59.999000+00:00,155524036.6900477,104559,1719.140085,81375777.57309195,0
2021-02-27 13:00:00+00:00,47430.0,47700.0,47058.82,47441.91,2358.377128,2021-02-27 13:59:59.999000+00:00,111900397.24020664,67771,1165.133955,55286834.45013342,0
2021-02-27 14:00:00+00:00,47441.91,47620.0,46836.0,47079.64,2566.954954,2021-02-27 14:59:59.999000+00:00,121112174.87390988,68107,1187.811474,56048094.24457132,0
2021-02-27 15:00:00+00:00,47078.23,47378.92,46337.53,46528.64,3281.962659,2021-02-27 15:59:59.999000+00:00,153502286.09020233,75010,1591.876444,74468168.9868206,0
2021-02-27 16:00:00+00:00,46528.82,46949.96,46271.0,46883.19,2253.460932,2021-02-27 16:59:59.999000+00:00,105298736.37827274,63972,1046.250988,48907145.01779883,0
2021-02-27 17:00:00+00:00,46883.19,47177.0,46700.0,47042.53,1672.240315,2021-02-27 17:59:59.999000+00:00,78515466.79669112,51211,805.285824,37810517.31586011,0
2021-02-27 18:00:00+00:00,47041.13,47329.17,46900.0,47136.3,1457.743379,2021-02-27 18:59:59.999000+00:00,68687063.11667067,46792,729.861971,34391944.86717012,0
2021-02-27 19:00:00+00:00,47136.29,47450.26,47028.59,47405.39,1684.935,2021-02-27 19:59:59.999000+00:00,79658239.62294506,60931,834.003717,39436662.2900026,0
2021-02-27 20:00:00+00:00,47405.38,47557.14,46900.0,47081.07,1868.827472,2021-02-27 20:59:59.999000+00:00,88246185.35643803,58133,998.738748,47167746.01101271,0
2021-02-27 21:00:00+00:00,47083.43,47170.0,46534.13,46825.3,1969.982979,2021-02-27 21:59:59.999000+00:00,92418276.77836797,53136,879.072759,41240297.39382531,0
2021-02-27 22:00:00+00:00,46825.3,46870.31,45742.0,45828.43,2593.332914,2021-02-27 22:59:59.999000+00:00,120278864.92911988,77561,1114.377053,51711821.9152825,0
2021-02-27 23:00:00+00:00,45828.44,46441.41,45000.0,46106.43,6915.729266,2021-02-27 23:59:59.999000+00:00,315208284.60987294,154880,3014.373304,137467007.5046898,0
2021-02-28 00:00:00+00:00,46103.67,46638.46,45588.11,46345.94,3169.797146,2021-02-28 00:59:59.999000+00:00,146343245.43574777,73122,1659.586994,76624309.58339223,0
2021-02-28 01:00:00+00:00,46345.93,46600.0,46100.0,46442.5,1907.1464,2021-02-28 01:59:59.999000+00:00,88446962.56277917,46835,969.55992,44980753.83648046,0
2021-02-28 02:00:00+00:00,46439.2,46518.68,45220.28,45397.23,2844.474074,2021-02-28 02:59:59.999000+00:00,130253873.25121637,71301,1295.886871,59331828.16020728,0
2021-02-28 03:00:00+00:00,45397.97,45684.56,44444.0,44629.17,5409.315083,2021-02-28 03:59:59.999000+00:00,243565752.27029848,107113,2459.097253,110765442.09332018,0
2021-02-28 04:00:00+00:00,44632.7,45100.0,44267.48,44384.14,3744.721908,2021-02-28 04:59:59.999000+00:00,167372917.56371388,81166,1864.176552,83344548.00617287,0
2021-02-28 05:00:00+00:00,44384.38,45600.0,44200.0,44791.27,4065.088851,2021-02-28 05:59:59.999000+00:00,182473020.621414,88176,2025.526628,91017014.80541964,0
2021-02-28 06:00:00+00:00,44791.27,44977.05,43738.65,44372.43,6061.425675,2021-02-28 06:59:59.999000+00:00,268938540.4662765,123877,2986.340308,132564535.19387008,0
2021-02-28 07:00:00+00:00,44379.68,44783.29,44099.99,44400.83,2997.717303,2021-02-28 07:59:59.999000+00:00,133261571.87941588,71352,1509.46732,67112779.23711468,0
2021-02-28 08:00:00+00:00,44400.83,45273.68,44375.02,44856.61,3222.936039,2021-02-28 08:59:59.999000+00:00,144621237.5541983,69922,1672.730124,75067985.53918451,0
2021-02-28 09:00:00+00:00,44856.61,45530.62,44680.71,45067.61,2733.85811,2021-02-28 09:59:59.999000+00:00,123504689.95208468,60914,1397.299728,63134373.77267454,0
2021-02-28 10:00:00+00:00,45067.51,45513.78,44712.19,45177.2,2357.303049,2021-02-28 10:59:59.999000+00:00,106473932.85628457,51637,1191.640294,53849452.1193128,0
2021-02-28 11:00:00+00:00,45177.2,45493.87,44966.63,45284.86,2221.513465,2021-02-28 11:59:59.999000+00:00,100639192.03627692,48549,1133.878326,51377617.18932274,0
2021-02-28 12:00:00+00:00,45287.25,45500.17,44501.0,44756.99,2991.001919,2021-02-28 12:59:59.999000+00:00,134304067.74202043,70740,1533.225145,68851526.75005113,0
2021-02-28 13:00:00+00:00,44756.99,44889.0,44150.0,44178.8,3108.191798,2021-02-28 13:59:59.999000+00:00,138482357.92560297,65249,1410.563671,62851419.90856457,0
2021-02-28 14:00:00+00:00,44183.52,44652.3,43556.98,44561.92,5862.909591,2021-02-28 14:59:59.999000+00:00,258553829.19896808,118733,2853.845355,125894209.04068267,0
2021-02-28 15:00:00+00:00,44564.46,44628.89,43168.0,43391.14,5007.270583,2021-02-28 15:59:59.999000+00:00,218771349.57323167,108126,2347.124109,102573613.94667771,0
2021-02-28 16:00:00+00:00,43391.14,43934.56,43000.0,43514.78,4682.774075,2021-02-28 16:59:59.999000+00:00,203706183.1227609,100278,2208.853262,96126605.99246249,0
2021-02-28 17:00:00+00:00,43514.77,43942.62,43085.0,43119.02,3300.005387,2021-02-28 17:59:59.999000+00:00,143500534.3332475,72028,1493.072054,64961325.13164407,0
2021-02-28 18:00:00+00:00,43123.42,43779.96,43001.0,43677.39,2672.292925,2021-02-28 18:59:59.999000+00:00,116189047.22323295,56790,1365.949089,59415305.5769956,0
2021-02-28 19:00:00+00:00,43683.79,44521.66,43434.22,44405.32,2825.265109,2021-02-28 19:59:59.999000+00:00,124222953.0398942,66719,1390.802175,61174762.09096287,0
2021-02-28 20:00:00+00:00,44402.88,44960.0,44088.0,44860.38,2723.975339,2021-02-28 20:59:59.999000+00:00,120993189.49728924,64301,1276.705201,56732923.18431498,0
2021-02-28 21:00:00+00:00,44866.37,45380.21,44845.88,45129.52,3611.87808,2021-02-28 21:59:59.999000+00:00,163044265.6245478,85094,1695.557227,76544169.1265296,0
2021-02-28 22:00:00+00:00,45129.52,45362.35,44755.1,45180.0,1990.557933,2021-02-28 22:59:59.999000+00:00,89784874.35224988,55700,1104.365197,49819715.24342241,0
2021-02-28 23:00:00+00:00,45179.99,45919.61,44850.0,45135.66,3543.9492,2021-02-28 23:59:59.999000+00:00,160912377.371829,80623,1842.919047,83681231.07360078,0
2021-03-01 00:00:00+00:00,45134.11,46571.3,44950.53,46217.19,4899.574833,2021-03-01 00:59:59.999000+00:00,225513040.97302687,98570,2546.123832,117249522.8767099,0
2021-03-01 01:00:00+00:00,46217.18,46492.33,45850.0,46161.83,2685.386005,2021-03-01 01:59:59.999000+00:00,123992734.60490434,63851,1272.878724,58775192.06854412,0
2021-03-01 02:00:00+00:00,46166.16,46796.94,46102.84,46419.56,2926.951099,2021-03-01 02:59:59.999000+00:00,136131784.1401781,66979,1434.366103,66682014.58160103,0
2021-03-01 03:00:00+00:00,46414.7,46540.31,46204.08,46336.37,1970.348912,2021-03-01 03:59:59.999000+00:00,91409715.9983535,48608,996.758237,46245628.53192638,0
2021-03-01 04:00:00+00:00,46336.38,46688.13,45959.7,46458.33,2152.379904,2021-03-01 04:59:59.999000+00:00,99623997.43976884,52281,1018.964084,47174472.85825921,0
2021-03-01 05:00:00+00:00,46474.53,46486.33,45980.0,46200.47,2151.816109,2021-03-01 05:59:59.999000+00:00,99418827.428032,42108,1160.448995,53602856.04459932,0
2021-03-01 06:00:00+00:00,46200.46,46272.38,45641.02,45857.3,2462.755992,2021-03-01 06:59:59.999000+00:00,113251774.58884,54715,1221.626363,56181460.93743773,0
2021-03-01 07:00:00+00:00,45857.3,46425.61,45837.28,46288.18,2757.471426,2021-03-01 07:59:59.999000+00:00,127185633.65512986,52132,1401.279589,64626989.17786812,0
2021-03-01 08:00:00+00:00,46291.87,47300.0,46272.1,47009.38,4893.935446,2021-03-01 08:59:59.999000+00:00,229398351.72244388,105294,2517.084942,118002132.07713202,0
2021-03-01 09:00:00+00:00,47009.38,47500.0,46900.0,47350.12,3890.526253,2021-03-01 09:59:59.999000+00:00,183805805.5709406,119593,1860.703074,87929478.97873057,0
2021-03-01 10:00:00+00:00,47347.51,47714.61,46968.0,47615.66,3790.498797,2021-03-01 10:59:59.999000+00:00,179579344.64943492,113749,1814.066763,85969877.50688834,0
2021-03-01 11:00:00+00:00,47615.66,48050.0,47400.0,47722.78,5754.507833,2021-03-01 11:59:59.999000+00:00,274969148.28367645,148678,2584.480269,123436759.74516606,0
2021-03-01 12:00:00+00:00,47722.42,48044.63,47450.32,47913.8,3184.936085,2021-03-01 12:59:59.999000+00:00,152215160.11143973,130402,1642.635397,78521976.07015114,0
2021-03-01 13:00:00+00:00,47913.8,48441.96,47757.78,47799.33,5239.109885,2021-03-01 13:59:59.999000+00:00,252041307.3055306,128669,2231.271963,107367721.13743488,0
2021-03-01 14:00:00+00:00,47799.34,48564.03,47580.1,48083.04,4564.095166,2021-03-01 14:59:59.999000+00:00,219732963.7036326,106239,2351.119598,113191346.51585312,0
2021-03-01 15:00:00+00:00,48083.04,49298.0,48065.54,49188.0,5757.101133,2021-03-01 15:59:59.999000+00:00,281053341.77638507,126214,3130.480066,152782808.6639168,0
2021-03-01 16:00:00+00:00,49187.99,49469.99,48530.36,49065.4,5837.99284,2021-03-01 16:59:59.999000+00:00,286091759.2987119,155200,3045.56667,149251264.1953903,0
2021-03-01 17:00:00+00:00,49069.6,49200.0,48527.27,48565.0,3508.198181,2021-03-01 17:59:59.999000+00:00,171459146.32915217,75536,1500.417548,73337903.66428158,0
2021-03-01 18:00:00+00:00,48565.0,48777.71,48233.33,48465.27,3120.340984,2021-03-01 18:59:59.999000+00:00,151243496.6957199,71330,1632.040037,79098725.1417514,0
2021-03-01 19:00:00+00:00,48465.27,48700.0,48019.06,48262.83,2240.122682,2021-03-01 19:59:59.999000+00:00,108246561.65351668,59593,1097.233938,53024323.54805958,0
2021-03-01 20:00:00+00:00,48262.66,48916.55,47876.0,48512.4,4496.213304,2021-03-01 20:59:59.999000+00:00,217115102.90005243,101790,2755.454633,133029219.81850436,0
2021-03-01 21:00:00+00:00,48512.99,48872.0,48338.25,48784.09,2011.396977,2021-03-01 21:59:59.999000+00:00,97812320.0982862,96201,1014.305106,49324876.35973564,0
2021-03-01 22:00:00+00:00,48784.46,49300.0,48588.89,49137.73,1882.441682,2021-03-01 22:59:59.999000+00:00,92252313.95743199,57553,870.785036,42666007.40763326,0
2021-03-01 23:00:00+00:00,49137.73,49790.0,49064.62,49587.03,2908.01012,2021-03-01 23:59:59.999000+00:00,143972161.9811395,71938,1516.903394,75094127.70673212,0
2021-03-02 00:00:00+00:00,49595.76,50200.0,49278.94,49354.62,4346.814024,2021-03-02 00:59:59.999000+00:00,216488087.5998841,129863,2270.178184,113115088.77165505,0
2021-03-02 01:00:00+00:00,49354.63,49699.93,48710.0,49368.6,2651.16259,2021-03-02 01:59:59.999000+00:00,130190243.85463367,69946,1413.3882,69418719.0228406,0
2021-03-02 02:00:00+00:00,49368.6,49777.0,49045.45,49272.74,2909.335711,2021-03-02 02:59:59.999000+00:00,143869485.52624628,70920,1463.014514,72353098.4971137,0
2021-03-02 03:00:00+00:00,49272.74,49398.0,48825.0,48974.75,2134.19589,2021-03-02 03:59:59.999000+00:00,104756035.22156955,50352,962.660981,47247693.9757177,0
2021-03-02 04:00:00+00:00,48974.74,49243.0,48544.75,49159.16,2213.465416,2021-03-02 04:59:59.999000+00:00,108239030.17290431,54092,1153.584933,56405746.98290183,0
2021-03-02 05:00:00+00:00,49159.16,49402.07,48660.28,48672.07,1944.604656,2021-03-02 05:59:59.999000+00:00,95318839.0113894,46463,925.044895,45331645.20696174,0
2021-03-02 06:00:00+00:00,48673.88,48846.03,48333.0,48638.36,2733.660154,2021-03-02 06:59:59.999000+00:00,132803863.87494008,113819,1346.874139,65437960.53324578,0
2021-03-02 07:00:00+00:00,48631.58,48833.1,48301.36,48331.61,2277.992619,2021-03-02 07:59:59.999000+00:00,110625788.7444566,99655,1231.219301,59791562.29107835,0
2021-03-02 08:00:00+00:00,48331.6,49222.0,48270.69,48858.08,2996.196635,2021-03-02 08:59:59.999000+00:00,146165949.2117582,67298,1564.550093,76329343.62713566,0
2021-03-02 09:00:00+00:00,48861.23,49265.54,48861.22,49144.23,2269.415485,2021-03-02 09:59:59.999000+00:00,111331476.44254827,59578,1029.797361,50509186.8054075,0
2021-03-02 10:00:00+00:00,49144.22,49263.95,48550.0,48721.09,2242.273409,2021-03-02 10:59:59.999000+00:00,109735288.60017008,59225,1055.029946,51635794.36524153,0
2021-03-02 11:00:00+00:00,48721.09,49047.06,48550.0,48844.13,1837.035863,2021-03-02 11:59:59.999000+00:00,89672315.5573389,51394,925.983878,45202432.84676146,0
2021-03-02 12:00:00+00:00,48844.14,49117.0,48568.98,48811.03,1941.874871,2021-03-02 12:59:59.999000+00:00,94695646.41897205,58535,939.501437,45819256.80625263,0
2021-03-02 13:00:00+00:00,48807.45,49076.7,48712.7,49000.0,2099.034689,2021-03-02 13:59:59.999000+00:00,102661918.65694,53590,1048.341351,51275549.02548314,0
2021-03-02 14:00:00+00:00,49000.0,49699.99,48769.32,48899.31,4150.046481,2021-03-02 14:59:59.999000+00:00,204406128.59988016,93972,2043.691392,100694555.36869732,0
2021-03-02 15:00:00+00:00,48899.3,49043.99,48380.83,48676.08,3178.211655,2021-03-02 15:59:59.999000+00:00,154673872.36398196,74708,1340.282854,65238082.99869603,0
2021-03-02 16:00:00+00:00,48676.09,48718.18,47265.79,47520.01,5366.205318,2021-03-02 16:59:59.999000+00:00,257575962.00608256,151798,2348.609688,112738228.67151535,0
2021-03-02 17:00:00+00:00,47519.58,47982.45,47200.0,47852.63,3662.977354,2021-03-02 17:59:59.999000+00:00,174456947.30407828,128730,1829.516438,87142089.64553995,0
2021-03-02 18:00:00+00:00,47852.63,48030.48,47526.31,47678.38,1994.874179,2021-03-02 18:59:59.999000+00:00,95233303.89670688,93769,952.798256,45494063.33970039,0
2021-03-02 19:00:00+00:00,47678.38,47944.43,47144.22,47467.43,2771.263095,2021-03-02 19:59:59.999000+00:00,131747693.06842034,98596,1309.93651,62301181.25787985,0
2021-03-02 20:00:00+00:00,47467.43,47643.28,47047.6,47529.57,2453.648426,2021-03-02 20:59:59.999000+00:00,116231937.36985676,64205,1202.556264,56972275.63864315,0
2021-03-02 21:00:00+00:00,47529.57,47870.0,47273.01,47407.03,1932.811031,2021-03-02 21:59:59.999000+00:00,91943475.69137602,53329,928.83926,44190501.89233958,0
2021-03-02 22:00:00+00:00,47407.25,47960.0,47331.96,47789.87,1253.986262,2021-03-02 22:59:59.999000+00:00,59837463.58720565,47363,580.485739,27703230.00487398,0
2021-03-02 23:00:00+00:00,47793.36,48489.24,47719.7,48440.65,2859.976327,2021-03-02 23:59:59.999000+00:00,137811317.12811264,64383,1511.152463,72798082.56783824,0
2021-03-03 00:00:00+00:00,48436.61,48745.13,48100.71,48507.96,2531.591234,2021-03-03 00:59:59.999000+00:00,122798419.62848663,53077,1177.892217,57133626.05636271,0
2021-03-03 01:00:00+00:00,48514.8,48882.43,48458.38,48848.63,1643.30219,2021-03-03 01:59:59.999000+00:00,80018499.29918459,41210,726.73526,35389387.98642285,0
2021-03-03 02:00:00+00:00,48848.63,49000.51,48528.92,48594.07,1553.527418,2021-03-03 02:59:59.999000+00:00,75752054.89001708,38394,719.594821,35090864.33090984,0
2021-03-03 03:00:00+00:00,48594.06,48839.27,48494.53,48704.75,1185.088121,2021-03-03 03:59:59.999000+00:00,57663580.92956713,40893,607.002641,29538436.50475996,0
2021-03-03 04:00:00+00:00,48704.75,49327.7,48653.09,49105.47,2790.449361,2021-03-03 04:59:59.999000+00:00,136996237.70821637,65457,1488.157553,73047477.71140268,0
2021-03-03 05:00:00+00:00,49105.47,49466.69,48837.0,49079.64,2164.587257,2021-03-03 05:59:59.999000+00:00,106340109.61150005,108475,1065.723825,52357904.27170272,0
2021-03-03 06:00:00+00:00,49078.59,49637.39,49078.59,49529.9,2958.78076,2021-03-03 06:59:59.999000+00:00,146185107.96354,93723,1666.722513,82355738.29385588,0
2021-03-03 07:00:00+00:00,49529.9,49960.0,49474.11,49752.97,2792.459518,2021-03-03 07:59:59.999000+00:00,138931530.68384826,97584,1459.854212,72631476.78293404,0
2021-03-03 08:00:00+00:00,49752.97,50998.0,49752.97,50909.41,5488.749346,2021-03-03 08:59:59.999000+00:00,277024353.58012754,125973,3143.494511,158582078.0192092,0
2021-03-03 09:00:00+00:00,50909.4,51495.0,50720.0,51445.31,5106.819503,2021-03-03 09:59:59.999000+00:00,261126093.92694196,132698,2763.203495,141336464.5045827,0
2021-03-03 10:00:00+00:00,51445.31,51756.05,51187.07,51414.19,4520.038046,2021-03-03 10:59:59.999000+00:00,232747613.88113272,151516,2397.065612,123449947.65462317,0
2021-03-03 11:00:00+00:00,51414.19,51777.0,51155.33,51666.33,4391.345937,2021-03-03 11:59:59.999000+00:00,226230013.9690397,130413,2396.121463,123441814.3252916,0
2021-03-03 12:00:00+00:00,51665.83,52575.17,51355.0,52540.04,5714.410551,2021-03-03 12:59:59.999000+00:00,296992452.1304561,127191,3308.029355,171904075.38866857,0
2021-03-03 13:00:00+00:00,52547.23,52640.0,51188.31,51559.5,5758.603238,2021-03-03 13:59:59.999000+00:00,298239335.7813956,137323,2804.767651,145233591.2172358,0
2021-03-03 14:00:00+00:00,51559.63,51564.15,50651.0,50776.36,7069.149551,2021-03-03 14:59:59.999000+00:00,360402221.1781526,141576,3365.809421,171557758.4070331,0
2021-03-03 15:00:00+00:00,50776.35,51155.0,50481.0,50767.36,4526.078716,2021-03-03 15:59:59.999000+00:00,229708968.53050295,130473,2035.281699,103338304.58871396,0
2021-03-03 16:00:00+00:00,50767.35,51444.9,50750.02,51077.0,4984.124825,2021-03-03 16:59:59.999000+00:00,254824653.2966489,165716,2300.108713,117606484.26926301,0
2021-03-03 17:00:00+00:00,51077.0,51449.84,50825.18,51307.78,2696.715738,2021-03-03 17:59:59.999000+00:00,138068361.3062666,87905,1283.441695,65716481.02773078,0
2021-03-03 18:00:00+00:00,51305.5,51600.0,51100.0,51233.11,2318.503808,2021-03-03 18:59:59.999000+00:00,119154743.77854526,60959,1156.397732,59434033.01814201,0
2021-03-03 19:00:00+00:00,51233.11,51257.29,50260.0,50857.17,3237.728932,2021-03-03 19:59:59.999000+00:00,164086181.75125292,85121,1481.368723,75059542.8975279,0
2021-03-03 20:00:00+00:00,50857.17,51172.62,50431.37,50521.4,2027.515652,2021-03-03 20:59:59.999000+00:00,103090865.08911169,59000,941.505632,47881773.5668222,0
2021-03-03 21:00:00+00:00,50523.93,51123.0,50364.64,50958.6,1734.770986,2021-03-03 21:59:59.999000+00:00,88022811.63217603,52301,837.514218,42524598.54984129,0
2021-03-03 22:00:00+00:00,50956.1,51356.86,50500.0,50577.34,1805.803205,2021-03-03 22:59:59.999000+00:00,91937030.51610346,60526,858.106185,43715137.90935652,0
2021-03-03 23:00:00+00:00,50577.33,51068.99,50301.5,50349.37,2035.769812,2021-03-03 23:59:59.999000+00:00,103180016.47848618,54627,971.469252,49259901.39581802,0
2021-03-04 00:00:00+00:00,50349.37,51147.05,49850.81,50894.48,3929.680636,2021-03-04 00:59:59.999000+00:00,197918438.7019136,136711,1730.253424,87217347.38470511,0
2021-03-04 01:00:00+00:00,50894.48,51622.94,50714.28,51475.19,3033.528823,2021-03-04 01:59:59.999000+00:00,155800990.35958907,71501,1699.676333,87308878.17578879,0
2021-03-04 02:00:00+00:00,51475.14,51773.88,50790.55,50791.63,2491.789612,2021-03-04 02:59:59.999000+00:00,127904320.77595812,63350,1207.294398,61990478.73723125,0
2021-03-04 03:00:00+00:00,50792.02,51033.47,49401.3,49574.89,4911.74132,2021-03-04 03:59:59.999000+00:00,246022529.21847695,106305,2092.219461,104801051.58968788,0
2021-03-04 04:00:00+00:00,49574.89,49811.66,49010.1,49065.33,3987.470142,2021-03-04 04:59:59.999000+00:00,197194266.5443752,99280,1978.714587,97856280.97287022,0
2021-03-04 05:00:00+00:00,49065.32,49698.43,49034.81,49661.35,2844.024024,2021-03-04 05:59:59.999000+00:00,140413615.69223365,102342,1521.527679,75117152.19597828,0
2021-03-04 06:00:00+00:00,49664.4,49870.0,49237.49,49393.07,2645.167125,2021-03-04 06:59:59.999000+00:00,131018764.94435118,72059,1176.34274,58273254.52288077,0
2021-03-04 07:00:00+00:00,49393.08,49816.0,49320.0,49696.49,2234.03931,2021-03-04 07:59:59.999000+00:00,110828678.90419888,109498,1055.000322,52337421.41246901,0
2021-03-04 08:00:00+00:00,49701.37,50756.23,49688.46,50221.61,4072.44769,2021-03-04 08:59:59.999000+00:00,205017535.4210499,98949,1920.062073,96645888.47671644,0
2021-03-04 09:00:00+00:00,50221.67,50225.0,48524.86,49069.98,5990.247251,2021-03-04 09:59:59.999000+00:00,293836706.53748167,155675,2850.863279,139805295.2398041,0
2021-03-04 10:00:00+00:00,49069.99,49562.49,48747.46,49219.42,3159.201522,2021-03-04 10:59:59.999000+00:00,155318797.62700936,82160,1450.194689,71297604.04786283,0
2021-03-04 11:00:00+00:00,49216.96,49499.0,48898.64,49323.32,2362.818137,2021-03-04 11:59:59.999000+00:00,116380363.77900442,79907,1225.974293,60394695.3487438,0
2021-03-04 12:00:00+00:00,49323.31,49764.92,49113.63,49355.84,2548.535149,2021-03-04 12:59:59.999000+00:00,125917611.7563147,106501,1271.475011,62830402.83400939,0
2021-03-04 13:00:00+00:00,49355.85,49710.0,48721.43,49633.44,3379.867937,2021-03-04 13:59:59.999000+00:00,166619030.46277973,90032,1744.425321,86010212.06358469,0
2021-03-04 14:00:00+00:00,49633.44,50569.41,49205.13,49422.53,4935.923849,2021-03-04 14:59:59.999000+00:00,245794766.67514643,122141,2398.658226,119450300.3167561,0
2021-03-04 15:00:00+00:00,49422.53,49812.41,48829.07,49412.6,4123.163413,2021-03-04 15:59:59.999000+00:00,203320373.6006032,103220,2125.301999,104800742.77860545,0
2021-03-04 16:00:00+00:00,49412.6,50033.92,49300.01,49693.59,2731.211319,2021-03-04 16:59:59.999000+00:00,135736787.7349852,81783,1392.033447,69191403.27582915,0
2021-03-04 17:00:00+00:00,49694.6,49927.34,48319.36,48508.07,4940.77189,2021-03-04 17:59:59.999000+00:00,242741823.7954332,124202,2414.986766,118688903.20083292,0
2021-03-04 18:00:00+00:00,48508.01,48666.66,47588.52,47600.01,5960.913553,2021-03-04 18:59:59.999000+00:00,286835970.4742268,144059,2727.598639,131306475.85429756,0
2021-03-04 19:00:00+00:00,47600.0,48394.04,47596.29,48000.36,3689.389353,2021-03-04 19:59:59.999000+00:00,177510471.1683348,115542,1802.298352,86688235.65910484,0
2021-03-04 20:00:00+00:00,48000.37,48270.99,47500.0,48221.0,3058.630607,2021-03-04 20:59:59.999000+00:00,146501948.75320175,76424,1483.319505,71073269.89941984,0
2021-03-04 21:00:00+00:00,48221.0,48434.68,47800.0,47955.77,1971.817946,2021-03-04 21:59:59.999000+00:00,94901008.52759784,51084,1041.881625,50141918.29659669,0
2021-03-04 22:00:00+00:00,47955.78,48350.0,47859.16,48249.99,1346.518452,2021-03-04 22:59:59.999000+00:00,64853394.20502821,50261,732.946929,35308935.56370703,0
2021-03-04 23:00:00+00:00,48249.99,48710.94,48049.0,48374.09,2300.817769,2021-03-04 23:59:59.999000+00:00,111449045.19746824,48950,1226.92879,59419406.95733242,0
2021-03-05 00:00:00+00:00,48374.09,48376.2,46512.9,46829.84,6980.751374,2021-03-05 00:59:59.999000+00:00,328721516.54924524,147184,2850.39814,134215808.17783862,0
2021-03-05 01:00:00+00:00,46829.84,47000.0,46300.0,46709.94,4433.211665,2021-03-05 01:59:59.999000+00:00,206693722.64967048,110525,2172.250145,101302132.56477425,0
2021-03-05 02:00:00+00:00,46709.95,47180.85,46366.33,47108.28,3350.864721,2021-03-05 02:59:59.999000+00:00,156723197.32219964,72991,1732.806574,81056202.99890545,0
2021-03-05 03:00:00+00:00,47107.25,47339.0,46800.88,47289.81,2239.182667,2021-03-05 03:59:59.999000+00:00,105421027.9099174,61052,1025.98802,48309932.46178079,0
2021-03-05 04:00:00+00:00,47289.81,47307.69,46500.0,46679.08,2082.333942,2021-03-05 04:59:59.999000+00:00,97950064.721698,49715,876.455576,41235865.38349453,0
2021-03-05 05:00:00+00:00,46670.26,47253.17,46665.73,47153.13,2232.822226,2021-03-05 05:59:59.999000+00:00,104974819.51468484,88227,1125.101989,52905458.2865399,0
2021-03-05 06:00:00+00:00,47153.13,47442.01,46954.81,47396.56,2085.318226,2021-03-05 06:59:59.999000+00:00,98517743.60347576,53209,1051.949833,49709329.18608152,0
2021-03-05 07:00:00+00:00,47396.56,47547.0,47010.89,47380.0,2244.810602,2021-03-05 07:59:59.999000+00:00,106162561.0235032,54941,1154.788432,54615062.09516183,0
2021-03-05 08:00:00+00:00,47380.0,47500.0,46418.12,46634.35,3887.953562,2021-03-05 08:59:59.999000+00:00,182154304.92190576,84285,1868.719699,87561478.4165694,0
2021-03-05 09:00:00+00:00,46635.75,47157.43,46530.0,47063.51,2099.123806,2021-03-05 09:59:59.999000+00:00,98404068.56155051,81748,1069.297664,50123416.57233001,0
2021-03-05 10:00:00+00:00,47063.5,47229.79,46780.01,47080.97,2049.14217,2021-03-05 10:59:59.999000+00:00,96466965.17676228,56548,1022.735745,48147056.34526113,0
2021-03-05 11:00:00+00:00,47080.96,47523.59,47080.96,47478.87,2364.220376,2021-03-05 11:59:59.999000+00:00,111937863.72534426,60511,1234.428235,58449332.72046962,0
2021-03-05 12:00:00+00:00,47478.86,47880.0,46974.32,47649.99,3769.823253,2021-03-05 12:59:59.999000+00:00,179062291.788392,91969,1890.510776,89822202.81165215,0
2021-03-05 13:00:00+00:00,47650.0,48296.93,47325.94,48056.18,4933.827323,2021-03-05 13:59:59.999000+00:00,236340662.63323137,112419,2398.930315,114929846.39371216,0
2021-03-05 14:00:00+00:00,48061.21,48728.21,47936.51,48136.81,5144.607621,2021-03-05 14:59:59.999000+00:00,248717770.50665325,116319,2514.109976,121555662.47912867,0
2021-03-05 15:00:00+00:00,48136.82,48698.19,47837.83,47867.45,3709.701118,2021-03-05 15:59:59.999000+00:00,178860366.4265612,137384,1948.050504,93911930.76677331,0
2021-03-05 16:00:00+00:00,47867.45,47867.45,46885.0,47658.14,5565.805651,2021-03-05 16:59:59.999000+00:00,264110340.34202984,145730,2898.839003,137588239.24386048,0
2021-03-05 17:00:00+00:00,47656.65,48237.42,47320.0,48096.01,3532.149676,2021-03-05 17:59:59.999000+00:00,169030691.69754073,73267,1771.066205,84768832.99502806,0
2021-03-05 18:00:00+00:00,48096.0,48558.5,47918.38,48478.11,3039.365048,2021-03-05 18:59:59.999000+00:00,146912674.73393673,102775,1519.112979,73436368.93067457,0
2021-03-05 19:00:00+00:00,48478.12,49400.0,48310.4,49295.47,3687.784444,2021-03-05 19:59:59.999000+00:00,180194817.8314868,81593,2000.579713,97749213.50761804,0
2021-03-05 20:00:00+00:00,49285.76,49448.93,48832.17,49173.85,2917.735053,2021-03-05 20:59:59.999000+00:00,143449027.150225,98086,1373.603486,67531426.71356788,0
2021-03-05 21:00:00+00:00,49173.85,49398.0,48890.97,49035.21,2046.17724,2021-03-05 21:59:59.999000+00:00,100533176.6597332,49623,901.49816,44284505.17435807,0
2021-03-05 22:00:00+00:00,49035.2,49389.99,48673.71,49061.76,1773.898853,2021-03-05 22:59:59.999000+00:00,87064645.44800825,68027,847.374775,41588318.89630794,0
2021-03-05 23:00:00+00:00,49061.77,49160.29,48579.59,48751.71,2021.885755,2021-03-05 23:59:59.999000+00:00,98728783.93955465,56088,1069.714433,52227389.095661,0
2021-03-06 00:00:00+00:00,48746.81,49156.0,48675.67,48808.05,1845.193392,2021-03-06 00:59:59.999000+00:00,90328263.10627943,50809,831.665855,40712519.85447785,0
2021-03-06 01:00:00+00:00,48807.83,48901.65,48520.0,48647.38,1293.844925,2021-03-06 01:59:59.999000+00:00,62960628.37109181,36753,686.710598,33415823.72733721,0
2021-03-06 03:00:00+00:00,48647.37,48801.81,48350.0,48657.72,818.440673,2021-03-06 03:59:59.999000+00:00,39764114.17495608,24356,390.872551,18994831.45205219,0
2021-03-06 04:00:00+00:00,48657.72,48687.49,48115.83,48451.16,1726.74406,2021-03-06 04:59:59.999000+00:00,83446085.40417749,65417,838.477967,40521172.94952703,0
2021-03-06 05:00:00+00:00,48450.12,48895.32,48193.0,48496.28,1653.759434,2021-03-06 05:59:59.999000+00:00,80307401.56732063,60397,797.992582,38755342.22985057,0
2021-03-06 06:00:00+00:00,48496.27,48971.29,48482.17,48922.0,1754.071955,2021-03-06 06:59:59.999000+00:00,85589315.54183216,45201,814.311758,39727407.03789698,0
2021-03-06 07:00:00+00:00,48922.0,49117.32,48772.24,48820.12,1647.181142,2021-03-06 07:59:59.999000+00:00,80636495.63993865,44370,828.008188,40541376.07465345,0
2021-03-06 08:00:00+00:00,48820.13,49100.0,48600.0,48641.64,2233.922587,2021-03-06 08:59:59.999000+00:00,109189858.35294528,94092,1019.194959,49830387.272389,0
2021-03-06 09:00:00+00:00,48641.65,48785.0,48270.01,48335.1,1882.877579,2021-03-06 09:59:59.999000+00:00,91307735.75840452,48858,968.13415,46956183.45522934,0
2021-03-06 10:00:00+00:00,48335.22,48499.99,48000.0,48035.36,2154.956482,2021-03-06 10:59:59.999000+00:00,103866218.0121119,86010,799.336014,38574224.33102557,0
2021-03-06 11:00:00+00:00,48035.37,48331.91,48000.0,48171.01,1402.215627,2021-03-06 11:59:59.999000+00:00,67556132.69875655,65040,720.069733,34694811.70184996,0
2021-03-06 12:00:00+00:00,48171.02,48212.85,47401.82,47660.74,3296.638061,2021-03-06 12:59:59.999000+00:00,157314265.4186105,107114,1500.307161,71558286.3150131,0
2021-03-06 13:00:00+00:00,47660.75,47753.39,47070.0,47320.3,3107.861335,2021-03-06 13:59:59.999000+00:00,147223560.49443072,111334,1571.478251,74445086.16189465,0
2021-03-06 14:00:00+00:00,47320.3,47725.51,47201.12,47560.96,1820.411482,2021-03-06 14:59:59.999000+00:00,86454116.6039791,85390,887.38063,42145146.74546724,0
2021-03-06 15:00:00+00:00,47562.67,47712.69,47238.32,47267.88,1475.155534,2021-03-06 15:59:59.999000+00:00,70130991.28769349,64970,643.010726,30570476.13868999,0
2021-03-06 16:00:00+00:00,47267.88,47941.03,47104.85,47757.43,2487.134131,2021-03-06 16:59:59.999000+00:00,118538409.63733009,67272,1233.57733,58804306.46299256,0
2021-03-06 17:00:00+00:00,47755.08,48450.0,47655.01,48250.69,2674.933637,2021-03-06 17:59:59.999000+00:00,128615238.6087408,74126,1417.646819,68178381.97808647,0
2021-03-06 18:00:00+00:00,48250.7,48623.0,48109.79,48473.3,2003.054699,2021-03-06 18:59:59.999000+00:00,96878694.16266076,60766,1000.803858,48414740.6600449,0
2021-03-06 19:00:00+00:00,48473.3,48690.6,48248.27,48341.01,1584.422616,2021-03-06 19:59:59.999000+00:00,76741497.6955958,55227,752.46265,36448564.22125696,0
2021-03-06 20:00:00+00:00,48341.0,48734.84,48223.36,48518.5,2390.266537,2021-03-06 20:59:59.999000+00:00,115903829.22444937,64961,1131.75658,54877668.79805545,0
2021-03-06 21:00:00+00:00,48518.51,48723.0,48264.63,48578.71,1716.060822,2021-03-06 21:59:59.999000+00:00,83333485.928172,45864,853.452732,41443886.40759648,0
2021-03-06 22:00:00+00:00,48577.22,49200.0,48463.75,48920.88,1991.425981,2021-03-06 22:59:59.999000+00:00,97393078.60634556,64007,1087.317073,53176565.98816272,0
2021-03-06 23:00:00+00:00,48920.87,49120.01,48805.0,48882.2,1438.661551,2021-03-06 23:59:59.999000+00:00,70431288.99568053,54140,726.647452,35578683.01640515,0
2021-03-07 00:00:00+00:00,48882.2,49312.0,48882.2,49203.25,2100.259456,2021-03-07 00:59:59.999000+00:00,103198224.50174949,50983,970.038904,47668550.32244923,0
2021-03-07 01:00:00+00:00,49203.25,49490.0,48982.17,49121.95,2165.861947,2021-03-07 01:59:59.999000+00:00,106634203.07368672,55306,1075.887146,52971496.16525737,0
2021-03-07 02:00:00+00:00,49121.95,49851.0,49052.91,49550.58,2579.982018,2021-03-07 02:59:59.999000+00:00,127803055.39798112,66389,1312.802487,65019805.7774057,0
2021-03-07 03:00:00+00:00,49550.57,49900.99,49433.88,49551.44,1952.161244,2021-03-07 03:59:59.999000+00:00,96921817.8294949,45080,1107.943689,55006437.20451545,0
2021-03-07 04:00:00+00:00,49551.43,49687.98,49296.8,49436.18,1523.224739,2021-03-07 04:59:59.999000+00:00,75402078.26888658,39760,800.139526,39611555.27593347,0
2021-03-07 05:00:00+00:00,49436.18,49459.25,49111.11,49342.0,1579.320186,2021-03-07 05:59:59.999000+00:00,77820439.49386913,42161,804.419094,39636770.77620378,0
2021-03-07 06:00:00+00:00,49342.0,49650.0,49146.68,49458.56,1487.211773,2021-03-07 06:59:59.999000+00:00,73428065.5867433,40988,782.704619,38646695.30076986,0
2021-03-07 07:00:00+00:00,49459.61,50179.17,49327.57,50052.68,1987.006737,2021-03-07 07:59:59.999000+00:00,98810047.42277224,59667,1170.229967,58216821.3540371,0
2021-03-07 08:00:00+00:00,50041.84,50839.54,50041.84,50383.09,4309.510427,2021-03-07 08:59:59.999000+00:00,217681721.76721013,102837,2278.356952,115075147.33173564,0
2021-03-07 09:00:00+00:00,50384.11,51148.22,50384.11,50943.02,4216.983377,2021-03-07 09:59:59.999000+00:00,214282778.69557452,92581,1954.810084,99350510.16871536,0
2021-03-07 10:00:00+00:00,50942.82,50985.84,50448.3,50612.92,2825.81054,2021-03-07 10:59:59.999000+00:00,143295200.53975448,77271,1378.184593,69882515.37060364,0
2021-03-07 11:00:00+00:00,50612.92,50899.22,50472.81,50705.52,2058.273715,2021-03-07 11:59:59.999000+00:00,104312732.69251847,95481,966.462364,48974258.26926097,0
2021-03-07 12:00:00+00:00,50705.52,50827.68,50391.19,50746.2,1924.672033,2021-03-07 12:59:59.999000+00:00,97483869.91578244,98865,982.099453,49745023.69876585,0
2021-03-07 13:00:00+00:00,50746.2,50850.0,50504.22,50764.44,1476.168709,2021-03-07 13:59:59.999000+00:00,74825391.39357173,78201,786.477939,39869761.83968621,0
2021-03-07 14:00:00+00:00,50764.44,51250.0,50130.65,50646.34,3464.338506,2021-03-07 14:59:59.999000+00:00,175437666.26768616,132882,1812.381146,91831991.42017184,0
2021-03-07 15:00:00+00:00,50644.47,50827.93,50375.0,50585.23,1711.75694,2021-03-07 15:59:59.999000+00:00,86620570.80002084,82961,831.838941,42101517.7419013,0
2021-03-07 16:00:00+00:00,50585.23,51352.1,50585.23,51052.9,3580.06799,2021-03-07 16:59:59.999000+00:00,182478941.6880288,142491,1928.849708,98306982.13874967,0
2021-03-07 17:00:00+00:00,51052.89,51201.0,50757.59,51075.93,2180.45262,2021-03-07 17:59:59.999000+00:00,111189339.99283849,72122,1004.534341,51215894.92970774,0
2021-03-07 18:00:00+00:00,51075.92,51085.71,50368.2,50412.31,1905.272673,2021-03-07 18:59:59.999000+00:00,96571297.83960344,55137,823.152491,41713682.58501177,0
2021-03-07 19:00:00+00:00,50412.31,50580.21,50250.0,50381.68,1644.627708,2021-03-07 19:59:59.999000+00:00,82922192.40165974,56614,777.781553,39217774.29134322,0
2021-03-07 20:00:00+00:00,50381.69,50381.69,49758.01,50036.64,2640.363891,2021-03-07 20:59:59.999000+00:00,131910392.54777116,75982,1291.977143,64531393.4174763,0
2021-03-07 21:00:00+00:00,50036.63,50265.81,49833.08,50086.12,1456.990252,2021-03-07 21:59:59.999000+00:00,72905828.8053193,46097,737.534481,36904326.2165819,0
2021-03-07 22:00:00+00:00,50086.11,50784.12,49986.39,50498.55,1517.24544,2021-03-07 22:59:59.999000+00:00,76506985.44567601,57815,805.728653,40637640.3201304,0
2021-03-07 23:00:00+00:00,50498.56,51450.03,50480.89,50971.75,2947.465111,2021-03-07 23:59:59.999000+00:00,150433067.08092704,90430,1501.26169,76646327.80473961,0
2021-03-08 00:00:00+00:00,50959.11,51685.0,50843.59,51491.1,3257.854652,2021-03-08 00:59:59.999000+00:00,167532220.804726,87283,1664.750159,85625625.09715073,0
2021-03-08 01:00:00+00:00,51491.1,51847.38,51250.05,51557.7,2584.406454,2021-03-08 01:59:59.999000+00:00,133321736.21101052,68603,1386.323609,71527975.714118,0
2021-03-08 02:00:00+00:00,51557.7,51594.22,50481.84,50730.82,2903.065624,2021-03-08 02:59:59.999000+00:00,148006873.56592113,91650,1345.21497,68578272.37141787,0
2021-03-08 03:00:00+00:00,50730.82,50808.32,50234.98,50598.49,2601.686256,2021-03-08 03:59:59.999000+00:00,131406016.57716334,78549,1357.852077,68578506.12065437,0
2021-03-08 04:00:00+00:00,50598.49,50598.5,50100.0,50417.44,2251.803673,2021-03-08 04:59:59.999000+00:00,113395708.42521138,74157,976.484518,49163995.4139976,0
2021-03-08 05:00:00+00:00,50417.45,50816.16,50355.16,50765.77,2044.284159,2021-03-08 05:59:59.999000+00:00,103420379.41058104,50504,869.21726,43967243.94008993,0
2021-03-08 06:00:00+00:00,50765.77,50944.0,50150.42,50274.76,2858.160422,2021-03-08 06:59:59.999000+00:00,144355922.99870986,68636,1336.255964,67455288.09774122,0
2021-03-08 07:00:00+00:00,50274.76,50427.53,49521.2,49755.24,4023.214322,2021-03-08 07:59:59.999000+00:00,200668275.32925713,144588,1873.218012,93429823.1916583,0
2021-03-08 08:00:00+00:00,49755.24,49888.59,49274.67,49880.35,3692.482483,2021-03-08 08:59:59.999000+00:00,183134555.22723845,113084,2047.760887,101577562.53025497,0
2021-03-08 09:00:00+00:00,49880.49,50099.97,49400.0,49880.0,2802.450341,2021-03-08 09:59:59.999000+00:00,139353571.38893107,87412,1425.308096,70870549.564416,0
2021-03-08 10:00:00+00:00,49883.13,50271.67,49682.3,50061.0,2791.023369,2021-03-08 10:59:59.999000+00:00,139630861.87948468,83384,1306.782303,65377786.40296342,0
2021-03-08 11:00:00+00:00,50061.01,50560.0,49878.0,50496.82,2218.683534,2021-03-08 11:59:59.999000+00:00,111303263.4683836,67392,1046.06135,52500038.2172707,0
2021-03-08 12:00:00+00:00,50490.39,50550.0,50100.01,50275.0,2463.59128,2021-03-08 12:59:59.999000+00:00,123859515.9321923,106998,1230.167488,61832507.3871882,0
2021-03-08 13:00:00+00:00,50274.58,51065.63,50265.16,50978.43,3657.938767,2021-03-08 13:59:59.999000+00:00,185567165.9782194,96513,1959.700802,99433094.01405773,0
2021-03-08 14:00:00+00:00,50978.42,51233.0,50122.45,50740.9,3500.519254,2021-03-08 14:59:59.999000+00:00,177662740.737064,90866,1728.699594,87764612.54062723,0
2021-03-08 15:00:00+00:00,50744.26,51220.0,50541.67,51054.99,3226.788191,2021-03-08 15:59:59.999000+00:00,164440816.0968335,100209,1585.305499,80788201.25393566,0
2021-03-08 16:00:00+00:00,51055.0,51175.0,50550.01,50664.91,2348.856571,2021-03-08 16:59:59.999000+00:00,119420974.82149234,94450,1086.437083,55242344.202548,0
2021-03-08 17:00:00+00:00,50664.91,50880.0,50630.0,50809.04,1704.212046,2021-03-08 17:59:59.999000+00:00,86504651.13651522,50012,847.610823,43022964.53166323,0
2021-03-08 18:00:00+00:00,50801.55,51075.4,50732.36,50803.18,1705.523577,2021-03-08 18:59:59.999000+00:00,86766065.4606534,55683,906.680329,46127826.51742071,0
2021-03-08 19:00:00+00:00,50803.19,51485.35,50790.0,51310.82,2750.068321,2021-03-08 19:59:59.999000+00:00,140806609.39956927,78017,1554.604075,79595830.83252232,0
2021-03-08 20:00:00+00:00,51310.82,51996.58,51236.2,51759.63,3743.685927,2021-03-08 20:59:59.999000+00:00,193227154.41797584,91822,2046.414602,105638054.54415525,0
2021-03-08 21:00:00+00:00,51762.77,51927.0,51505.0,51848.33,2386.929883,2021-03-08 21:59:59.999000+00:00,123383951.07238626,69111,1226.123397,63380257.47346715,0
2021-03-08 22:00:00+00:00,51848.34,51900.0,51300.0,51599.99,2086.905644,2021-03-08 22:59:59.999000+00:00,107715294.6375025,64080,996.38337,51424034.54236948,0
2021-03-08 23:00:00+00:00,51599.99,52402.78,51599.99,52375.17,3383.224914,2021-03-08 23:59:59.999000+00:00,175963606.05905193,86398,1792.073303,93215403.6038113,0
2021-03-09 00:00:00+00:00,52375.18,52540.48,51789.41,52020.23,3791.402835,2021-03-09 00:59:59.999000+00:00,197912696.36021608,87276,1664.149661,86874880.25037327,0
2021-03-09 01:00:00+00:00,52020.24,53760.0,51981.26,53575.35,7510.120433,2021-03-09 01:59:59.999000+00:00,399283702.0698572,175064,3768.113098,200164678.25920823,0
2021-03-09 02:00:00+00:00,53575.35,53799.0,53250.41,53592.7,3698.608108,2021-03-09 02:59:59.999000+00:00,197955885.60833725,85448,1754.373369,93895295.30641556,0
2021-03-09 03:00:00+00:00,53592.84,54100.0,53452.47,53840.62,3755.860808,2021-03-09 03:59:59.999000+00:00,202076703.45060343,123817,2013.203131,108337810.89619364,0
2021-03-09 04:00:00+00:00,53840.63,54040.0,53484.44,53678.88,2461.50389,2021-03-09 04:59:59.999000+00:00,132389835.35042694,105442,1212.580735,65232255.48113861,0
2021-03-09 05:00:00+00:00,53684.14,54400.8,53681.44,54254.52,3270.8322,2021-03-09 05:59:59.999000+00:00,177122662.01191595,105492,1617.875225,87612894.14903043,0
2021-03-09 06:00:00+00:00,54254.52,54448.0,53737.0,53847.64,3100.272326,2021-03-09 06:59:59.999000+00:00,167775430.98412365,105727,1472.887908,79711132.13164485,0
2021-03-09 07:00:00+00:00,53847.64,53890.92,53409.57,53546.9,3215.783794,2021-03-09 07:59:59.999000+00:00,172686602.92112193,89948,1660.186736,89151626.76902997,0
2021-03-09 08:00:00+00:00,53546.89,54168.99,53274.96,54023.79,2853.623442,2021-03-09 08:59:59.999000+00:00,153610890.80429792,85740,1417.536743,76321973.66824262,0
2021-03-09 09:00:00+00:00,54023.79,54270.27,53872.05,54112.5,2719.145792,2021-03-09 09:59:59.999000+00:00,147119316.09875464,109901,1324.060806,71645321.27726512,0
2021-03-09 10:00:00+00:00,54112.5,54355.0,53875.0,54159.52,3441.459004,2021-03-09 10:59:59.999000+00:00,186327392.60715717,84266,1855.506042,100465270.82105504,0
2021-03-09 11:00:00+00:00,54159.52,54293.97,53917.21,54233.32,2086.755984,2021-03-09 11:59:59.999000+00:00,112971333.32137996,74794,1091.298704,59083177.99982496,0
2021-03-09 12:00:00+00:00,54235.88,54236.7,53538.77,53725.5,2514.80248,2021-03-09 12:59:59.999000+00:00,135616547.029712,85101,1219.357172,65770018.74282352,0
2021-03-09 13:00:00+00:00,53725.49,54815.84,53664.21,54779.99,4188.622682,2021-03-09 13:59:59.999000+00:00,227723165.86607817,95413,2150.280537,116843910.89693138,0
2021-03-09 14:00:00+00:00,54780.26,54787.99,54364.32,54488.22,3828.422728,2021-03-09 14:59:59.999000+00:00,208801703.42261675,88343,1713.494936,93455110.78079581,0
2021-03-09 15:00:00+00:00,54491.33,54515.22,53852.36,54097.02,3283.758878,2021-03-09 15:59:59.999000+00:00,178144082.5732506,87761,1620.735775,87930796.04115975,0
2021-03-09 16:00:00+00:00,54097.03,54338.0,53750.0,54098.11,2509.812945,2021-03-09 16:59:59.999000+00:00,135766937.13154167,81155,1198.875108,64862537.00357689,0
2021-03-09 17:00:00+00:00,54098.1,54272.05,53770.71,53793.76,1643.376244,2021-03-09 17:59:59.999000+00:00,88748904.9703426,55343,756.51538,40857782.17084192,0
2021-03-09 18:00:00+00:00,53793.75,54046.78,53626.97,53885.96,1917.18194,2021-03-09 18:59:59.999000+00:00,103252757.9734127,64916,853.528323,45971308.9044847,0
2021-03-09 19:00:00+00:00,53885.96,54225.35,53790.0,54108.79,1688.787963,2021-03-09 19:59:59.999000+00:00,91204342.1073032,52793,764.361356,41284647.6299038,0
2021-03-09 20:00:00+00:00,54108.79,54584.19,54052.76,54326.14,2231.220655,2021-03-09 20:59:59.999000+00:00,121220201.85818624,64958,919.93164,49982072.82172721,0
2021-03-09 21:00:00+00:00,54326.14,54519.47,53882.52,54278.61,2200.557782,2021-03-09 21:59:59.999000+00:00,119259800.97293869,107247,991.928194,53764999.76525669,0
2021-03-09 22:00:00+00:00,54278.61,54860.28,54139.1,54808.75,1795.944555,2021-03-09 22:59:59.999000+00:00,97889012.49945934,110379,998.303579,54433604.60717156,0
2021-03-09 23:00:00+00:00,54808.76,54895.0,54474.99,54884.5,1948.879608,2021-03-09 23:59:59.999000+00:00,106591056.66186948,68074,972.456928,53191667.31053432,0
2021-03-10 00:00:00+00:00,54874.67,55763.0,54782.93,55510.0,5030.931259,2021-03-10 00:59:59.999000+00:00,278163888.80423135,123240,2865.372559,158451994.679474,0
2021-03-10 01:00:00+00:00,55510.01,55813.09,54468.26,54676.87,3691.175872,2021-03-10 01:59:59.999000+00:00,203388526.25539067,108462,1723.70589,95018007.0215354,0
2021-03-10 02:00:00+00:00,54676.86,54676.87,53300.0,53936.44,5819.532147,2021-03-10 02:59:59.999000+00:00,313787381.3625533,184750,2818.009693,151971986.61652163,0
2021-03-10 03:00:00+00:00,53936.43,54126.67,53134.8,53467.8,3497.096744,2021-03-10 03:59:59.999000+00:00,187553477.50767544,128407,1721.736249,92340567.68327364,0
2021-03-10 04:00:00+00:00,53468.33,53837.16,53332.46,53647.63,1979.670658,2021-03-10 04:59:59.999000+00:00,106022641.77677776,90802,1016.04946,54420863.19915381,0
2021-03-10 05:00:00+00:00,53647.63,53692.21,53005.0,53651.39,2203.223101,2021-03-10 05:59:59.999000+00:00,117817036.44144043,61148,1003.516783,53671721.06711454,0
2021-03-10 06:00:00+00:00,53651.38,54065.65,53510.01,53864.41,2538.97931,2021-03-10 06:59:59.999000+00:00,136586624.91054383,66401,1181.665893,63576141.89829709,0
2021-03-10 07:00:00+00:00,53864.4,54407.74,53826.26,54173.38,3010.885728,2021-03-10 07:59:59.999000+00:00,163063921.96133852,73576,1305.8917,70694918.41897155,0
2021-03-10 08:00:00+00:00,54177.47,54734.96,54032.38,54632.79,2225.610269,2021-03-10 08:59:59.999000+00:00,121263076.05268721,68375,1075.332298,58597179.33791266,0
2021-03-10 09:00:00+00:00,54632.78,55444.0,54300.11,55227.99,3499.580512,2021-03-10 09:59:59.999000+00:00,192174619.38342005,117610,1883.974876,103469981.96843684,0
2021-03-10 10:00:00+00:00,55228.0,55389.0,54679.95,54832.98,2604.477482,2021-03-10 10:59:59.999000+00:00,143232395.1098902,74415,1258.614162,69219098.23965225,0
2021-03-10 11:00:00+00:00,54832.99,54991.0,54512.0,54858.47,2400.099796,2021-03-10 11:59:59.999000+00:00,131435336.54839867,72473,1242.545034,68049556.66874276,0
2021-03-10 12:00:00+00:00,54858.47,55481.28,54834.0,55219.99,2894.179492,2021-03-10 12:59:59.999000+00:00,159715138.18974388,96315,1435.425213,79210645.41164055,0
2021-03-10 13:00:00+00:00,55219.99,56333.0,55139.01,56262.56,5022.454307,2021-03-10 13:59:59.999000+00:00,280601614.94202185,168592,2834.61204,158395300.2281216,0
2021-03-10 14:00:00+00:00,56260.09,56400.0,55761.66,56092.62,4222.239446,2021-03-10 14:59:59.999000+00:00,236711475.6536973,105277,2216.069983,124253250.76830776,0
2021-03-10 15:00:00+00:00,56092.62,56489.66,55952.63,56328.81,3869.229294,2021-03-10 15:59:59.999000+00:00,217544118.1418284,119846,2033.892092,114362468.8718782,0
2021-03-10 16:00:00+00:00,56328.81,57075.92,56100.0,57009.53,4890.442021,2021-03-10 16:59:59.999000+00:00,276608476.1581413,158136,2688.45561,152151018.9470165,0
2021-03-10 17:00:00+00:00,57009.53,57100.0,56366.0,56860.01,4201.856361,2021-03-10 17:59:59.999000+00:00,238726485.19676864,112830,2078.517224,118097883.359132,0
2021-03-10 18:00:00+00:00,56860.01,57100.0,56566.0,56730.54,3021.749446,2021-03-10 18:59:59.999000+00:00,171672296.48973268,112253,1527.956861,86833386.89608197,0
2021-03-10 19:00:00+00:00,56730.55,57387.69,56595.76,56739.4,3678.781434,2021-03-10 19:59:59.999000+00:00,209778225.643227,113397,1948.747315,111142625.66022465,0
2021-03-10 20:00:00+00:00,56739.4,56894.11,56037.15,56266.0,4313.702343,2021-03-10 20:59:59.999000+00:00,243351448.84513944,103580,2056.778388,116032467.81399536,0
2021-03-10 21:00:00+00:00,56266.0,57045.22,55530.01,56918.4,4757.620061,2021-03-10 21:59:59.999000+00:00,267433343.98345128,137896,2238.293993,125891109.13654263,0
2021-03-10 22:00:00+00:00,56919.1,57225.73,56476.95,56905.37,2148.260323,2021-03-10 22:59:59.999000+00:00,122097690.91867705,122720,1031.856849,58640715.97042828,0
2021-03-10 23:00:00+00:00,56905.37,56950.0,55800.0,55851.59,3227.461537,2021-03-10 23:59:59.999000+00:00,181468323.082436,126783,1464.86724,82363403.0043158,0
2021-03-11 00:00:00+00:00,55851.59,56499.98,55505.0,55601.55,3761.550649,2021-03-11 00:59:59.999000+00:00,210353015.9026969,90868,1696.505501,94915524.54606974,0
2021-03-11 01:00:00+00:00,55607.55,55947.36,55170.22,55781.92,2880.278005,2021-03-11 01:59:59.999000+00:00,159874580.29863754,101593,1368.353402,75951107.75153002,0
2021-03-11 02:00:00+00:00,55781.91,56323.51,55649.93,56314.58,2435.826637,2021-03-11 02:59:59.999000+00:00,136454058.7635073,75084,1144.621837,64131823.51034431,0
2021-03-11 03:00:00+00:00,56316.41,56483.11,55599.0,55992.6,2196.109247,2021-03-11 03:59:59.999000+00:00,122958150.58607872,55310,1008.889133,56489560.21144334,0
2021-03-11 04:00:00+00:00,55992.6,56179.87,55603.66,55835.4,1923.302279,2021-03-11 04:59:59.999000+00:00,107433105.09803672,53208,867.976445,48494019.10522811,0
2021-03-11 05:00:00+00:00,55835.39,55835.39,55200.8,55275.32,2300.088255,2021-03-11 05:59:59.999000+00:00,127532060.6346474,59755,1026.444077,56917529.14522981,0
2021-03-11 06:00:00+00:00,55275.32,55767.15,55005.0,55557.94,2896.871399,2021-03-11 06:59:59.999000+00:00,160614869.33489713,88276,1212.49627,67219434.03965598,0
2021-03-11 07:00:00+00:00,55555.13,55797.07,55005.0,55034.2,2820.532451,2021-03-11 07:59:59.999000+00:00,156384279.72275555,67395,1232.048635,68339656.6440655,0
2021-03-11 08:00:00+00:00,55034.21,55093.53,54272.82,54761.02,5458.583108,2021-03-11 08:59:59.999000+00:00,298607963.54632676,163889,2560.043741,140024508.03798744,0
2021-03-11 09:00:00+00:00,54761.01,54928.43,54431.86,54474.27,2587.031188,2021-03-11 09:59:59.999000+00:00,141452638.84688428,104738,1153.32501,63068186.21338541,0
2021-03-11 10:00:00+00:00,54474.27,55612.95,54414.4,55530.6,3587.14363,2021-03-11 10:59:59.999000+00:00,197503390.76972887,103026,1736.73689,95653283.58413024,0
2021-03-11 11:00:00+00:00,55530.59,56270.75,55407.18,56227.34,3528.166725,2021-03-11 11:59:59.999000+00:00,196688903.3731704,137451,1746.611714,97389590.6337277,0
2021-03-11 12:00:00+00:00,56233.42,56445.09,55702.09,56272.54,3821.539708,2021-03-11 12:59:59.999000+00:00,214419408.69514292,120863,2079.669454,116708252.8687762,0
2021-03-11 13:00:00+00:00,56275.0,56999.0,56272.54,56921.18,3907.839705,2021-03-11 13:59:59.999000+00:00,221504818.8551744,105871,2166.029279,122786018.61260916,0
2021-03-11 14:00:00+00:00,56921.18,57238.5,56462.48,56815.13,4930.079177,2021-03-11 14:59:59.999000+00:00,280477535.3570052,113826,2610.848449,148553409.34894556,0
2021-03-11 15:00:00+00:00,56815.13,57091.06,55855.0,56347.19,4918.273522,2021-03-11 15:59:59.999000+00:00,277865272.78465664,132208,2348.873956,132736207.88730156,0
2021-03-11 16:00:00+00:00,56347.19,57030.0,56340.06,56872.1,3501.189276,2021-03-11 16:59:59.999000+00:00,198572717.14887413,111203,1874.836134,106345667.99200097,0
2021-03-11 17:00:00+00:00,56872.1,57050.0,56269.76,56802.88,3424.875572,2021-03-11 17:59:59.999000+00:00,194291111.72167817,118769,1684.21031,95569536.956955,0
2021-03-11 18:00:00+00:00,56802.88,57682.0,56531.67,57519.86,4910.646052,2021-03-11 18:59:59.999000+00:00,281082821.1391341,164860,2879.094972,164857199.07505497,0
2021-03-11 19:00:00+00:00,57519.86,57651.35,56628.03,56827.84,2840.072878,2021-03-11 19:59:59.999000+00:00,162499210.3540652,95082,1414.140525,80929865.243107,0
2021-03-11 20:00:00+00:00,56823.78,57600.0,56560.0,57457.36,3049.186167,2021-03-11 20:59:59.999000+00:00,174323211.0567035,113435,1521.537753,87003639.98001722,0
2021-03-11 21:00:00+00:00,57457.36,57900.0,57235.29,57562.49,4464.246617,2021-03-11 21:59:59.999000+00:00,257564954.4447072,118133,2252.67833,129995977.23068368,0
2021-03-11 22:00:00+00:00,57573.7,58050.0,57462.12,57874.67,2810.014359,2021-03-11 22:59:59.999000+00:00,162377609.21271527,136545,1485.205488,85852721.92193145,0
2021-03-11 23:00:00+00:00,57882.57,58150.0,57604.16,57773.16,2961.366253,2021-03-11 23:59:59.999000+00:00,171530513.3549956,78582,1532.272363,88772098.55492637,0
2021-03-12 00:00:00+00:00,57773.15,58081.51,56777.77,57362.04,4018.339418,2021-03-12 00:59:59.999000+00:00,230508156.3594513,134725,1818.08041,104320105.25958164,0
2021-03-12 01:00:00+00:00,57362.05,57640.34,56624.0,56902.8,2607.214319,2021-03-12 01:59:59.999000+00:00,149079401.68997005,114182,1240.525908,70947086.08468644,0
2021-03-12 02:00:00+00:00,56902.8,57120.67,56700.0,56972.08,1664.628699,2021-03-12 02:59:59.999000+00:00,94746373.78696696,70797,794.819424,45243034.81560026,0
2021-03-12 03:00:00+00:00,56972.08,57294.47,56800.0,57104.17,1559.933597,2021-03-12 03:59:59.999000+00:00,88961260.28276832,49973,761.14216,43413589.44827765,0
2021-03-12 04:00:00+00:00,57107.14,57238.7,56456.58,56696.17,2369.870299,2021-03-12 04:59:59.999000+00:00,134411337.01335934,66996,1031.563771,58510635.64214419,0
2021-03-12 05:00:00+00:00,56696.18,57269.87,56350.0,57164.51,2283.873792,2021-03-12 05:59:59.999000+00:00,129789530.71142608,69906,1128.040236,64124927.24905406,0
2021-03-12 06:00:00+00:00,57168.24,57430.0,56894.49,57061.52,2057.801778,2021-03-12 06:59:59.999000+00:00,117619076.35749923,68727,1035.960804,59220887.22747215,0
2021-03-12 07:00:00+00:00,57061.52,57061.53,56456.71,56670.9,2870.522676,2021-03-12 07:59:59.999000+00:00,162772861.65533325,77700,1440.144153,81661907.25243048,0
2021-03-12 08:00:00+00:00,56670.9,57095.76,56259.79,56503.21,3164.297806,2021-03-12 08:59:59.999000+00:00,179199309.03937185,98671,1533.972064,86892152.12575597,0
2021-03-12 09:00:00+00:00,56506.71,56819.42,56311.0,56540.53,2384.202818,2021-03-12 09:59:59.999000+00:00,134846075.46292302,72558,1096.980138,62041774.84713004,0
2021-03-12 10:00:00+00:00,56540.53,56866.83,55826.05,56715.97,3955.426742,2021-03-12 10:59:59.999000+00:00,222654294.08345985,111261,1931.754645,108780158.60526392,0
2021-03-12 11:00:00+00:00,56715.97,57073.48,56347.0,56500.0,2990.148796,2021-03-12 11:59:59.999000+00:00,169660312.3444826,143232,1436.444422,81511264.8259546,0
2021-03-12 12:00:00+00:00,56499.99,56844.61,56179.47,56386.89,2404.350508,2021-03-12 12:59:59.999000+00:00,135679621.30430332,87431,1167.11705,65871600.70213599,0
2021-03-12 13:00:00+00:00,56385.97,56391.25,54962.84,55689.99,8573.239283,2021-03-12 13:59:59.999000+00:00,476655241.5619401,258557,3933.548164,218767849.41357744,0
2021-03-12 14:00:00+00:00,55689.99,56252.77,55368.42,56211.83,3760.798579,2021-03-12 14:59:59.999000+00:00,209965143.95426217,142307,1899.516795,106074466.5085306,0
2021-03-12 15:00:00+00:00,56221.53,57095.41,56025.2,56956.95,4384.397186,2021-03-12 15:59:59.999000+00:00,248013123.58209527,140803,2373.426984,134272670.05564597,0
2021-03-12 16:00:00+00:00,56956.96,57625.91,56956.95,57367.21,4127.973992,2021-03-12 16:59:59.999000+00:00,236584058.17017195,120676,2255.187538,129253583.05823977,0
2021-03-12 17:00:00+00:00,57367.21,57768.0,57062.31,57175.99,2912.778032,2021-03-12 17:59:59.999000+00:00,167389828.4328878,105122,1337.486702,76849459.49283539,0
2021-03-12 18:00:00+00:00,57175.26,57667.79,57070.0,57349.23,2355.169394,2021-03-12 18:59:59.999000+00:00,135217315.900907,64578,1254.786953,72036826.11114289,0
2021-03-12 19:00:00+00:00,57349.24,57547.07,56712.51,56942.41,2759.492761,2021-03-12 19:59:59.999000+00:00,157560117.21653336,76856,1346.648051,76894391.5292328,0
2021-03-12 20:00:00+00:00,56942.41,57200.0,56400.0,56696.8,3482.306734,2021-03-12 20:59:59.999000+00:00,197381435.6037124,103916,1628.037614,92278016.3880687,0
2021-03-12 21:00:00+00:00,56696.81,57170.0,56262.14,56936.78,2554.419549,2021-03-12 21:59:59.999000+00:00,144882646.37166268,123258,1234.568765,70050444.56596874,0
2021-03-12 22:00:00+00:00,56936.78,57465.38,56859.06,57157.29,2252.890204,2021-03-12 22:59:59.999000+00:00,128889329.20606504,107068,1090.602346,62389139.17149281,0
2021-03-12 23:00:00+00:00,57157.29,57500.0,57153.68,57221.72,1911.329085,2021-03-12 23:59:59.999000+00:00,109588876.28728604,80631,1032.586365,59210330.09320884,0
2021-03-13 00:00:00+00:00,57221.72,57307.2,56312.91,56689.35,2913.361726,2021-03-13 00:59:59.999000+00:00,165168452.54477605,113394,1417.098852,80336764.68534268,0
2021-03-13 01:00:00+00:00,56689.36,56707.0,56081.59,56386.39,2358.624577,2021-03-13 01:59:59.999000+00:00,132887326.66178754,74110,1151.113501,64862774.93364839,0
2021-03-13 02:00:00+00:00,56386.39,56639.54,56078.23,56473.41,2183.697695,2021-03-13 02:59:59.999000+00:00,123160401.31981544,60691,1223.918717,69032245.32164948,0
2021-03-13 03:00:00+00:00,56473.41,56790.0,56308.98,56694.32,1902.375299,2021-03-13 03:59:59.999000+00:00,107744212.6480449,54805,950.261452,53819559.32391189,0
2021-03-13 04:00:00+00:00,56694.32,56899.0,56257.47,56896.32,1547.932181,2021-03-13 04:59:59.999000+00:00,87520342.53587563,52050,782.230492,44236447.06928076,0
2021-03-13 05:00:00+00:00,56882.74,57090.46,56610.0,56744.89,1432.003068,2021-03-13 05:59:59.999000+00:00,81423246.77819169,49512,683.343919,38858981.704269,0
2021-03-13 06:00:00+00:00,56744.89,57060.86,56491.92,56931.58,1759.409727,2021-03-13 06:59:59.999000+00:00,99851921.2155012,57668,1017.242875,57722872.08075861,0
2021-03-13 07:00:00+00:00,56931.57,57389.58,56753.9,57343.7,1998.200368,2021-03-13 07:59:59.999000+00:00,113909858.80102126,69690,1028.789199,58662494.06794287,0
2021-03-13 08:00:00+00:00,57343.7,57649.03,57126.2,57434.31,2957.359471,2021-03-13 08:59:59.999000+00:00,169868896.0153268,85667,1636.122074,93990427.2366813,0
2021-03-13 09:00:00+00:00,57434.3,57614.52,57253.31,57610.77,1827.03931,2021-03-13 09:59:59.999000+00:00,104898332.1002614,62926,960.819181,55167917.14087029,0
2021-03-13 10:00:00+00:00,57610.77,59850.0,57446.81,59448.19,12696.973243,2021-03-13 10:59:59.999000+00:00,750024013.9572548,308276,6970.798827,411352961.91663015,0
2021-03-13 11:00:00+00:00,59448.2,60200.0,59420.99,59849.74,9101.228649,2021-03-13 11:59:59.999000+00:00,544708721.0932896,230042,5410.489407,323841046.3258644,0
2021-03-13 12:00:00+00:00,59853.58,60500.0,59232.53,59911.99,5886.085422,2021-03-13 12:59:59.999000+00:00,352958744.727743,152578,2983.048079,178934553.17226556,0
2021-03-13 13:00:00+00:00,59911.99,60159.45,59500.0,59915.25,3621.796209,2021-03-13 13:59:59.999000+00:00,216545084.8807837,125555,1860.582512,111263139.20593683,0
2021-03-13 14:00:00+00:00,59915.3,60087.09,59700.67,59756.45,2295.311318,2021-03-13 14:59:59.999000+00:00,137491113.6350192,123378,1178.622345,70603882.1834791,0
2021-03-13 15:00:00+00:00,59761.93,59953.63,59523.0,59692.99,2357.243586,2021-03-13 15:59:59.999000+00:00,140901493.52422565,109010,1038.611504,62081067.12577019,0
2021-03-13 16:00:00+00:00,59693.0,59924.18,59458.67,59820.43,2721.303963,2021-03-13 16:59:59.999000+00:00,162527909.67512986,78798,1488.986567,88925467.77484757,0
2021-03-13 17:00:00+00:00,59820.39,60520.0,59751.7,60333.33,3328.787428,2021-03-13 17:59:59.999000+00:00,200018042.3903629,90171,1629.795186,97905366.36486346,0
2021-03-13 18:00:00+00:00,60333.33,60451.39,59977.6,60281.95,2419.095224,2021-03-13 18:59:59.999000+00:00,145583487.3011219,73902,1202.734776,72388179.96026483,0
2021-03-13 19:00:00+00:00,60281.95,60864.97,60144.2,60773.56,3093.953168,2021-03-13 19:59:59.999000+00:00,187200648.05200943,92026,1723.996704,104318320.72619846,0
2021-03-13 20:00:00+00:00,60773.56,61844.0,60651.74,61648.26,6042.502819,2021-03-13 20:59:59.999000+00:00,370846057.04175514,162598,3694.468128,226772352.2601736,0
2021-03-13 21:00:00+00:00,61648.26,61737.02,60605.5,61151.07,4486.032217,2021-03-13 21:59:59.999000+00:00,274099735.55532587,163963,2167.402694,132488084.65847787,0
2021-03-13 22:00:00+00:00,61156.4,61311.19,60767.62,61096.04,1770.676941,2021-03-13 22:59:59.999000+00:00,108082107.64509045,100492,870.908452,53168252.09290489,0
2021-03-13 23:00:00+00:00,61091.75,61480.0,61089.98,61188.39,2544.097737,2021-03-13 23:59:59.999000+00:00,155963303.1462648,67700,1315.846475,80657657.44076046,0
2021-03-14 00:00:00+00:00,61188.38,61724.79,60900.0,61260.48,2902.157561,2021-03-14 00:59:59.999000+00:00,178152245.82840267,78033,1479.976674,90847893.62271734,0
2021-03-14 01:00:00+00:00,61260.47,61260.48,60724.26,61081.0,2275.236278,2021-03-14 01:59:59.999000+00:00,138789298.91416192,70486,1047.794055,63914782.16084928,0
2021-03-14 02:00:00+00:00,61081.0,61218.2,60788.01,61061.27,1563.802448,2021-03-14 02:59:59.999000+00:00,95357203.88183232,64760,802.939892,48962245.42333133,0
2021-03-14 03:00:00+00:00,61061.28,61472.08,60900.0,61356.31,1564.465197,2021-03-14 03:59:59.999000+00:00,95843858.04768763,48896,785.523932,48122174.79458445,0
2021-03-14 04:00:00+00:00,61356.3,61595.09,61088.67,61225.53,1478.039905,2021-03-14 04:59:59.999000+00:00,90606709.6216329,50459,785.00741,48134610.9275744,0
2021-03-14 05:00:00+00:00,61225.54,61285.41,60903.96,61016.29,1714.889509,2021-03-14 05:59:59.999000+00:00,104720513.49644332,46898,899.678373,54930777.67156941,0
2021-03-14 06:00:00+00:00,61016.29,61016.3,60523.14,60975.39,2353.149783,2021-03-14 06:59:59.999000+00:00,143136145.20747867,61901,1136.063274,69101977.93047488,0
2021-03-14 07:00:00+00:00,60975.39,60975.39,60455.28,60494.8,1519.289718,2021-03-14 07:59:59.999000+00:00,92234962.6442214,56073,704.870038,42795620.94834144,0
2021-03-14 08:00:00+00:00,60494.8,60871.03,60250.01,60787.75,2163.70124,2021-03-14 08:59:59.999000+00:00,131189408.7361804,98980,1075.272909,65197075.16781411,0
2021-03-14 09:00:00+00:00,60787.75,61110.53,60618.0,60934.11,1847.338403,2021-03-14 09:59:59.999000+00:00,112600404.62197313,55882,868.622559,52950318.77186565,0
2021-03-14 10:00:00+00:00,60933.62,60970.0,60135.37,60293.09,2947.301811,2021-03-14 10:59:59.999000+00:00,178349426.28366977,85222,1530.031645,92592255.68971744,0
2021-03-14 11:00:00+00:00,60293.08,60405.03,59354.62,60308.31,4632.321204,2021-03-14 11:59:59.999000+00:00,277582980.7546931,175131,2195.462674,131591203.91019271,0
2021-03-14 12:00:00+00:00,60308.3,60550.0,60140.96,60427.82,2296.793557,2021-03-14 12:59:59.999000+00:00,138632917.16206044,73366,1097.824053,66268257.78031005,0
2021-03-14 13:00:00+00:00,60427.81,60481.7,59734.03,59940.0,2543.079883,2021-03-14 13:59:59.999000+00:00,152769221.56988016,82975,1205.330896,72403815.66563478,0
2021-03-14 14:00:00+00:00,59940.0,60477.83,59868.12,60001.91,1950.743605,2021-03-14 14:59:59.999000+00:00,117410605.02275072,63605,1001.670063,60290558.8411631,0
2021-03-14 15:00:00+00:00,60001.9,60150.0,59470.0,59681.26,2495.615256,2021-03-14 15:59:59.999000+00:00,149336242.94249174,76701,1064.238961,63721696.9749835,0
2021-03-14 16:00:00+00:00,59681.21,60066.59,59300.0,59567.74,3099.347608,2021-03-14 16:59:59.999000+00:00,184953713.995949,120192,1377.264744,82198780.32783666,0
2021-03-14 17:00:00+00:00,59567.74,60023.07,59523.66,59701.1,1638.551378,2021-03-14 17:59:59.999000+00:00,97971937.36521325,89045,829.240433,49596173.3131467,0
2021-03-14 18:00:00+00:00,59701.1,60369.99,59700.0,60138.31,1579.177604,2021-03-14 18:59:59.999000+00:00,94907457.27258275,64152,846.772151,50891878.69917035,0
2021-03-14 19:00:00+00:00,60138.31,60200.0,59789.74,59931.7,1318.69249,2021-03-14 19:59:59.999000+00:00,79162190.55300161,55188,619.659327,37195690.01610081,0
2021-03-14 20:00:00+00:00,59928.71,60325.98,59702.78,60264.48,1677.502893,2021-03-14 20:59:59.999000+00:00,100584010.81332783,57797,795.019966,47679877.50516328,0
2021-03-14 21:00:00+00:00,60264.48,60485.08,59852.18,60081.54,1480.961277,2021-03-14 21:59:59.999000+00:00,89065134.54869998,57633,732.282748,44037662.87055341,0
2021-03-14 22:00:00+00:00,60081.55,60324.43,59733.38,60201.19,1414.972973,2021-03-14 22:59:59.999000+00:00,84965673.31902896,53647,633.951684,38072956.04917135,0
2021-03-14 23:00:00+00:00,60201.19,60750.0,58966.78,58968.31,4143.921169,2021-03-14 23:59:59.999000+00:00,248075311.2812788,142747,1810.768589,108552720.33577378,0
2021-03-15 00:00:00+00:00,58976.08,59917.78,58705.47,59404.48,4470.863099,2021-03-15 00:59:59.999000+00:00,265713953.23734152,100243,2528.170463,150316819.4428394,0
2021-03-15 01:00:00+00:00,59404.48,60251.42,59227.52,60066.56,2965.917023,2021-03-15 01:59:59.999000+00:00,177264954.872724,80765,1686.309054,100744333.35911316,0
2021-03-15 02:00:00+00:00,60066.56,60331.02,60037.61,60069.63,1776.362134,2021-03-15 02:59:59.999000+00:00,106937773.31051113,56984,969.207633,58344923.59552751,0
2021-03-15 03:00:00+00:00,60069.63,60491.47,60069.62,60379.99,1353.807936,2021-03-15 03:59:59.999000+00:00,81603410.2108285,48278,689.847654,41586267.39876213,0
2021-03-15 04:00:00+00:00,60379.99,60633.43,59658.87,59773.71,2437.909665,2021-03-15 04:59:59.999000+00:00,146672139.5393865,68290,1186.421995,71396347.2729943,0
2021-03-15 05:00:00+00:00,59773.7,59916.24,59005.0,59013.35,3320.909352,2021-03-15 05:59:59.999000+00:00,197532625.4726964,81960,1585.256557,94305122.29442164,0
2021-03-15 06:00:00+00:00,59019.39,59365.42,58421.0,58781.49,4947.782412,2021-03-15 06:59:59.999000+00:00,291146694.77416575,130536,2194.574434,129180466.6111414,0
2021-03-15 07:00:00+00:00,58783.38,58792.57,57253.0,57789.76,8895.351216,2021-03-15 07:59:59.999000+00:00,515335194.02854794,208289,3768.966557,218358307.6022708,0
2021-03-15 08:00:00+00:00,57789.75,58350.0,57500.0,57757.7,4975.321732,2021-03-15 08:59:59.999000+00:00,288336805.0650365,119653,2424.436593,140511615.46207803,0
2021-03-15 09:00:00+00:00,57757.71,58100.0,54600.0,55867.91,16138.467401,2021-03-15 09:59:59.999000+00:00,905203244.1908643,325051,7435.247695,416798260.80812347,0
2021-03-15 10:00:00+00:00,55871.29,56438.0,55555.55,56355.14,5624.833829,2021-03-15 10:59:59.999000+00:00,315479252.5005592,153767,2615.800085,146712393.30472207,0
2021-03-15 11:00:00+00:00,56355.13,56576.37,55888.01,56150.79,4161.882475,2021-03-15 11:59:59.999000+00:00,234126646.7605573,137998,2003.629851,112723665.39977284,0
2021-03-15 12:00:00+00:00,56150.8,56481.38,55050.0,56439.53,6180.176003,2021-03-15 12:59:59.999000+00:00,344675696.13245714,133436,3111.957453,173549833.79185963,0
2021-03-15 13:00:00+00:00,56439.54,57046.87,56250.48,56855.58,4832.090078,2021-03-15 13:59:59.999000+00:00,274254493.3214679,124306,2321.194889,131723807.4370812,0
2021-03-15 14:00:00+00:00,56855.58,57312.47,56123.12,56134.09,4699.216333,2021-03-15 14:59:59.999000+00:00,267295233.1289563,143725,2203.524004,125368219.14239432,0
2021-03-15 15:00:00+00:00,56134.09,56816.69,55854.2,56224.13,4402.384401,2021-03-15 15:59:59.999000+00:00,247998456.87422207,96774,2407.067273,135606156.46048522,0
2021-03-15 16:00:00+00:00,56224.14,56700.0,55669.28,56247.87,4462.956112,2021-03-15 16:59:59.999000+00:00,251075090.05218077,153182,2259.944065,127126686.2749867,0
2021-03-15 17:00:00+00:00,56261.02,56331.11,55478.01,56035.79,3315.713786,2021-03-15 17:59:59.999000+00:00,185299555.94013667,116860,1603.267063,89604950.24974911,0
2021-03-15 18:00:00+00:00,56034.82,56377.66,55800.0,56113.9,2345.779168,2021-03-15 18:59:59.999000+00:00,131599524.68354644,64657,1239.803615,69548719.30195048,0
2021-03-15 19:00:00+00:00,56113.9,56647.24,56096.8,56570.36,2094.001784,2021-03-15 19:59:59.999000+00:00,118124197.63037132,71275,1090.661088,61529446.31604523,0
2021-03-15 20:00:00+00:00,56570.37,56930.17,56221.0,56379.97,2748.536814,2021-03-15 20:59:59.999000+00:00,155576007.81124943,75928,1325.017008,75010039.35635407,0
2021-03-15 21:00:00+00:00,56379.97,56940.0,56338.56,56707.71,1725.166215,2021-03-15 21:59:59.999000+00:00,97702184.794309,61993,805.677472,45624776.00748374,0
2021-03-15 22:00:00+00:00,56712.71,56900.0,55979.22,56136.73,2331.705036,2021-03-15 22:59:59.999000+00:00,131374668.50131774,64676,1105.406216,62274498.24970701,0
2021-03-15 23:00:00+00:00,56144.74,56672.0,55537.0,55605.2,2564.293294,2021-03-15 23:59:59.999000+00:00,143913249.2599382,65189,1264.04963,70961431.494506,0
2021-03-16 00:00:00+00:00,55605.2,56140.55,53960.11,54088.76,7957.153587,2021-03-16 00:59:59.999000+00:00,437202648.13417995,191332,3393.894364,186476877.3967645,0
2021-03-16 01:00:00+00:00,54097.2,54568.42,53271.34,54471.57,6577.501394,2021-03-16 01:59:59.999000+00:00,354381089.4539852,142568,3216.725008,173331683.3602026,0
2021-03-16 02:00:00+00:00,54471.57,54649.95,54122.38,54567.64,2831.213528,2021-03-16 02:59:59.999000+00:00,154093135.08368528,75225,1481.730986,80637920.03171626,0
2021-03-16 03:00:00+00:00,54567.64,54624.99,53850.0,54272.86,3152.447961,2021-03-16 03:59:59.999000+00:00,170852387.52141333,75978,1515.485322,82140373.34025878,0
2021-03-16 04:00:00+00:00,54272.66,54850.0,54188.82,54418.19,2351.535075,2021-03-16 04:59:59.999000+00:00,128281117.372428,57980,1142.11968,62312485.76723559,0
2021-03-16 05:00:00+00:00,54418.19,54459.08,53607.93,54096.52,2955.460357,2021-03-16 05:59:59.999000+00:00,159632428.00944406,87512,1519.06826,82053862.77793191,0
2021-03-16 06:00:00+00:00,54088.44,55334.77,53650.0,55060.06,4606.992765,2021-03-16 06:59:59.999000+00:00,251599927.6503421,106911,1980.46517,108056129.30196051,0
2021-03-16 07:00:00+00:00,55060.05,55491.0,54787.7,55239.81,3771.704823,2021-03-16 07:59:59.999000+00:00,208210331.92943865,100358,1724.851999,95216251.56835064,0
2021-03-16 08:00:00+00:00,55239.81,56100.0,55110.73,55894.27,3835.328714,2021-03-16 08:59:59.999000+00:00,213901595.63400257,105005,1970.907492,109933399.52205051,0
2021-03-16 09:00:00+00:00,55892.13,56400.0,55709.32,55870.43,2595.145605,2021-03-16 09:59:59.999000+00:00,145272849.0930839,80280,1271.74494,71201820.3301987,0
2021-03-16 10:00:00+00:00,55870.43,56150.05,55432.44,55805.0,2847.304333,2021-03-16 10:59:59.999000+00:00,158917868.72733188,101166,1422.742748,79427012.81574485,0
2021-03-16 11:00:00+00:00,55805.0,55900.0,55079.63,55471.21,3253.397364,2021-03-16 11:59:59.999000+00:00,180370410.5109993,119308,1740.046204,96461021.80227284,0
2021-03-16 12:00:00+00:00,55464.11,55631.57,54596.89,55091.95,3389.37464,2021-03-16 12:59:59.999000+00:00,186675722.53714168,92060,1640.042667,90333547.8375045,0
2021-03-16 13:00:00+00:00,55091.94,55906.86,55006.35,55324.3,3311.894993,2021-03-16 13:59:59.999000+00:00,183623764.90859133,80400,1554.878816,86221695.1327172,0
2021-03-16 14:00:00+00:00,55324.3,55722.55,55199.48,55645.93,2532.834207,2021-03-16 14:59:59.999000+00:00,140545964.7538036,76281,1318.689612,73175688.08518264,0
2021-03-16 15:00:00+00:00,55645.93,55913.57,55420.0,55844.92,2814.912928,2021-03-16 15:59:59.999000+00:00,156715501.8855234,80479,1327.821935,73922058.01778391,0
2021-03-16 16:00:00+00:00,55844.92,56087.02,55436.66,55657.89,2849.028429,2021-03-16 16:59:59.999000+00:00,158841732.9456005,100571,1363.084714,76004971.37626362,0
2021-03-16 17:00:00+00:00,55657.9,55850.99,54950.16,55250.21,3538.503655,2021-03-16 17:59:59.999000+00:00,195923778.17482665,126985,1721.682496,95314824.30772918,0
2021-03-16 18:00:00+00:00,55250.2,55667.95,55091.32,55349.99,2023.350621,2021-03-16 18:59:59.999000+00:00,112029692.9621344,61640,1017.042831,56315680.78136919,0
2021-03-16 19:00:00+00:00,55349.99,55820.0,55151.7,55731.36,1579.066372,2021-03-16 19:59:59.999000+00:00,87714795.49289384,53288,823.004047,45727907.58998827,0
2021-03-16 20:00:00+00:00,55731.36,56431.41,55673.23,56373.1,2877.447845,2021-03-16 20:59:59.999000+00:00,161651593.80010456,80244,1550.927107,87119308.17251492,0
2021-03-16 21:00:00+00:00,56369.86,56619.02,56083.08,56450.11,1699.814336,2021-03-16 21:59:59.999000+00:00,95842718.1909662,87749,864.817141,48773282.71847072,0
2021-03-16 22:00:00+00:00,56450.1,56820.0,56225.79,56243.43,2651.034786,2021-03-16 22:59:59.999000+00:00,150005594.50554296,71284,1204.159077,68143298.44410022,0
2021-03-16 23:00:00+00:00,56243.44,56938.29,56070.23,56900.75,1984.246037,2021-03-16 23:59:59.999000+00:00,111972558.36763656,86604,1059.568877,59810262.07292637,0
2021-03-17 00:00:00+00:00,56900.74,57189.43,56258.77,56518.57,3017.411795,2021-03-17 00:59:59.999000+00:00,171061428.5115195,79700,1522.155821,86311900.38341504,0
2021-03-17 01:00:00+00:00,56518.57,56535.06,56060.0,56283.4,1658.777512,2021-03-17 01:59:59.999000+00:00,93420081.7388452,77672,792.606044,44643219.26220265,0
2021-03-17 02:00:00+00:00,56283.41,56283.41,55629.34,55777.69,2010.759174,2021-03-17 02:59:59.999000+00:00,112448953.6832378,112846,991.589974,55448075.53475651,0
2021-03-17 03:00:00+00:00,55777.68,56152.41,55401.02,55506.23,1845.94923,2021-03-17 03:59:59.999000+00:00,103036667.73348933,67859,848.766501,47384837.81674542,0
2021-03-17 04:00:00+00:00,55506.23,55861.88,55401.01,55569.07,1498.021642,2021-03-17 04:59:59.999000+00:00,83352718.56123611,44454,752.726403,41883730.67841739,0
2021-03-17 05:00:00+00:00,55569.06,55970.28,55185.42,55951.37,2124.189248,2021-03-17 05:59:59.999000+00:00,118057910.8523184,77314,1048.499743,58285628.85644024,0
2021-03-17 06:00:00+00:00,55951.37,56326.53,55834.29,56306.84,2223.802401,2021-03-17 06:59:59.999000+00:00,124730274.66955772,63389,1036.151181,58122491.18894678,0
2021-03-17 07:00:00+00:00,56306.84,56322.46,55682.03,55821.01,1768.838259,2021-03-17 07:59:59.999000+00:00,99041648.72076432,74940,803.447291,44985306.91548634,0
2021-03-17 08:00:00+00:00,55819.23,56052.63,55622.94,55775.16,1931.020471,2021-03-17 08:59:59.999000+00:00,107751893.61626658,62044,936.795817,52277764.17880552,0
2021-03-17 09:00:00+00:00,55784.11,55871.05,54326.27,54762.77,4958.342822,2021-03-17 09:59:59.999000+00:00,272971874.2344457,127316,2140.092816,117904688.76140568,0
2021-03-17 10:00:00+00:00,54763.59,55234.88,54600.0,55088.89,2354.374722,2021-03-17 10:59:59.999000+00:00,129491352.51325752,84505,1173.860534,64559380.27751988,0
2021-03-17 11:00:00+00:00,55088.9,55200.0,54569.99,54840.0,2315.501517,2021-03-17 11:59:59.999000+00:00,127134285.80518268,90616,1100.816342,60441474.01781767,0
2021-03-17 12:00:00+00:00,54840.01,55413.63,54123.69,55151.01,3929.965789,2021-03-17 12:59:59.999000+00:00,215310490.7777135,137146,1963.794288,107624094.07202576,0
2021-03-17 13:00:00+00:00,55151.01,55406.79,54711.6,55105.41,3060.906808,2021-03-17 13:59:59.999000+00:00,168599299.64973795,121106,1497.146636,82469230.61745621,0
2021-03-17 14:00:00+00:00,55108.44,55152.48,54524.65,54548.97,2732.546031,2021-03-17 14:59:59.999000+00:00,149859158.26320678,67724,1296.643593,71119003.88558349,0
2021-03-17 15:00:00+00:00,54547.57,55244.03,54298.18,54930.0,3582.184868,2021-03-17 15:59:59.999000+00:00,196551207.33039576,80629,1729.896899,94945360.50294276,0
2021-03-17 16:00:00+00:00,54930.0,55600.27,54740.0,55275.08,2677.396761,2021-03-17 16:59:59.999000+00:00,147973226.98216748,71997,1342.136655,74175857.79149212,0
2021-03-17 17:00:00+00:00,55275.08,55659.93,55162.6,55542.5,1783.078559,2021-03-17 17:59:59.999000+00:00,98799496.44741873,54185,857.008265,47479669.26712274,0
2021-03-17 18:00:00+00:00,55542.5,57576.28,55542.5,57575.51,6667.370984,2021-03-17 18:59:59.999000+00:00,378321072.8944184,154832,3591.510233,203764983.5729004,0
2021-03-17 19:00:00+00:00,57575.51,58201.58,57329.44,57867.42,5960.951808,2021-03-17 19:59:59.999000+00:00,344434829.1454926,133407,2970.356778,171667082.00578925,0
2021-03-17 20:00:00+00:00,57867.42,58333.0,57709.04,57715.19,3384.958665,2021-03-17 20:59:59.999000+00:00,196329088.7054329,88383,1772.892161,102835167.85216364,0
2021-03-17 21:00:00+00:00,57710.93,58732.08,57601.92,58427.49,3200.255266,2021-03-17 21:59:59.999000+00:00,186219950.72705665,115571,1649.648493,96007562.236312,0
2021-03-17 22:00:00+00:00,58427.49,58940.0,58234.33,58284.41,3296.265538,2021-03-17 22:59:59.999000+00:00,193172893.7509454,118643,1626.836351,95348141.72472216,0
2021-03-17 23:00:00+00:00,58299.98,58974.73,58236.0,58912.97,2438.750971,2021-03-17 23:59:59.999000+00:00,142923166.84018517,98018,1333.366956,78140871.27985895,0
2021-03-18 00:00:00+00:00,58912.97,59561.54,58709.03,58927.54,4549.118018,2021-03-18 00:59:59.999000+00:00,269144816.40752417,108968,2364.279877,139892545.35798252,0
2021-03-18 01:00:00+00:00,58927.53,59326.93,58758.01,59043.14,2078.671883,2021-03-18 01:59:59.999000+00:00,122755934.65744768,57646,1005.39054,59373223.940416,0
2021-03-18 02:00:00+00:00,59043.13,59300.0,58908.0,58996.77,1879.600942,2021-03-18 02:59:59.999000+00:00,111172999.5544929,60761,884.14754,52292935.2427992,0
2021-03-18 03:00:00+00:00,58999.17,59058.33,58606.1,58712.33,1790.197481,2021-03-18 03:59:59.999000+00:00,105284148.20737736,86293,840.22241,49409421.01416344,0
2021-03-18 04:00:00+00:00,58712.34,59200.0,58623.85,58800.01,1944.107501,2021-03-18 04:59:59.999000+00:00,114428946.48940696,66378,986.445693,58063497.36896383,0
2021-03-18 05:00:00+00:00,58800.01,59183.96,58651.0,58957.44,1825.78964,2021-03-18 05:59:59.999000+00:00,107606654.088276,78974,884.131858,52108142.48884573,0
2021-03-18 06:00:00+00:00,58957.43,59070.0,58650.01,58910.0,2056.933521,2021-03-18 06:59:59.999000+00:00,121023138.8048118,52697,1028.900906,60540991.57198846,0
2021-03-18 07:00:00+00:00,58909.99,58926.26,58119.0,58355.15,3028.616466,2021-03-18 07:59:59.999000+00:00,177130313.04424155,69124,1372.106727,80234741.54906116,0
2021-03-18 08:00:00+00:00,58355.14,58525.83,57899.0,58007.11,2413.166183,2021-03-18 08:59:59.999000+00:00,140565936.7310182,67896,1062.366345,61890023.72523356,0
2021-03-18 09:00:00+00:00,58007.11,58475.01,57936.22,58399.98,2245.146761,2021-03-18 09:59:59.999000+00:00,130759852.31288752,63316,1095.379501,63795071.49612447,0
2021-03-18 10:00:00+00:00,58399.98,58660.0,58221.05,58520.25,1746.541818,2021-03-18 10:59:59.999000+00:00,102079058.46371359,57295,813.190838,47527049.03234213,0
2021-03-18 11:00:00+00:00,58520.24,58550.0,57870.38,58170.37,2116.020905,2021-03-18 11:59:59.999000+00:00,123129919.35665676,66479,987.425415,57455402.62199199,0
2021-03-18 12:00:00+00:00,58168.69,58187.11,57586.31,58051.31,3297.481342,2021-03-18 12:59:59.999000+00:00,190832667.23974136,121393,1603.70198,92809239.50561036,0
2021-03-18 13:00:00+00:00,58051.31,58188.85,57777.0,57846.31,1998.12233,2021-03-18 13:59:59.999000+00:00,115885895.93320046,65146,979.624632,56815083.20210928,0
2021-03-18 14:00:00+00:00,57846.31,58037.35,57500.0,57863.14,2429.211712,2021-03-18 14:59:59.999000+00:00,140366667.47553593,74499,1137.6945,65752018.42164948,0
2021-03-18 15:00:00+00:00,57863.13,59637.39,57700.0,59533.68,5520.693523,2021-03-18 15:59:59.999000+00:00,324789182.97982675,140483,2966.635655,174573742.56305087,0
2021-03-18 16:00:00+00:00,59533.67,60129.97,59037.15,59080.61,7435.164303,2021-03-18 16:59:59.999000+00:00,443802273.70528615,202184,3589.950271,214372955.0261207,0
2021-03-18 17:00:00+00:00,59074.61,59480.0,59073.4,59250.81,2837.015949,2021-03-18 17:59:59.999000+00:00,168260289.73092714,116412,1408.933201,83562882.73898958,0
2021-03-18 18:00:00+00:00,59250.81,59310.13,58000.1,58221.01,3740.434981,2021-03-18 18:59:59.999000+00:00,219147368.77852777,140677,1834.838546,107509027.11434388,0
2021-03-18 19:00:00+00:00,58221.02,58416.56,57200.0,57293.79,3699.021704,2021-03-18 19:59:59.999000+00:00,213974977.63845643,103954,1654.740199,95766804.03167024,0
2021-03-18 20:00:00+00:00,57294.12,57898.66,57023.0,57508.9,2886.381464,2021-03-18 20:59:59.999000+00:00,166099816.10098642,83598,1331.096902,76606514.53457965,0
2021-03-18 21:00:00+00:00,57506.15,57995.0,57434.79,57900.05,1567.21836,2021-03-18 21:59:59.999000+00:00,90568291.24721251,58003,823.228156,47573781.80871666,0
2021-03-18 22:00:00+00:00,57900.06,58146.6,57623.23,57627.64,1703.488731,2021-03-18 22:59:59.999000+00:00,98643846.84367897,52033,800.328594,46345304.48002936,0
2021-03-18 23:00:00+00:00,57635.11,58036.43,57354.24,57648.16,1792.261157,2021-03-18 23:59:59.999000+00:00,103432765.4215716,46738,832.619625,48057292.52991381,0
2021-03-19 00:00:00+00:00,57641.0,57689.65,56270.74,56880.0,4455.451875,2021-03-19 00:59:59.999000+00:00,253070962.0947871,100646,2047.655,116275710.26080409,0
2021-03-19 01:00:00+00:00,56880.0,57413.67,56663.23,57393.18,1844.079318,2021-03-19 01:59:59.999000+00:00,105265428.45446348,56616,928.157808,52978321.32668744,0
2021-03-19 02:00:00+00:00,57393.19,57763.0,57200.0,57358.32,1694.181442,2021-03-19 02:59:59.999000+00:00,97307383.21843028,58815,775.787136,44556456.19386931,0
2021-03-19 03:00:00+00:00,57358.31,57898.48,57298.81,57779.84,1431.320206,2021-03-19 03:59:59.999000+00:00,82462970.9412671,50245,711.890172,41013823.76315546,0
2021-03-19 04:00:00+00:00,57779.84,58259.02,57632.38,57866.12,1888.532285,2021-03-19 04:59:59.999000+00:00,109408385.55747506,54755,980.511986,56816146.68573658,0
2021-03-19 05:00:00+00:00,57866.13,58391.78,57603.92,58364.76,1694.975177,2021-03-19 05:59:59.999000+00:00,98262292.53285442,65184,838.571771,48616229.52199021,0
2021-03-19 06:00:00+00:00,58362.01,58492.85,57978.71,58142.29,1609.312488,2021-03-19 06:59:59.999000+00:00,93601976.39314128,72093,759.535294,44177666.93720238,0
2021-03-19 07:00:00+00:00,58142.29,58381.5,57700.0,57834.04,1715.835623,2021-03-19 07:59:59.999000+00:00,99685537.27183892,88932,758.649322,44074140.42954641,0
2021-03-19 08:00:00+00:00,57834.04,58568.0,57499.63,58338.07,3166.106159,2021-03-19 08:59:59.999000+00:00,184070527.78925467,118845,1568.427105,91216742.61388868,0
2021-03-19 09:00:00+00:00,58338.09,58888.0,58178.13,58300.0,2622.976626,2021-03-19 09:59:59.999000+00:00,153558830.0669274,85814,1278.539041,74861504.91367806,0
2021-03-19 10:00:00+00:00,58295.02,58707.27,58101.97,58583.92,1819.57824,2021-03-19 10:59:59.999000+00:00,106206708.2799626,62413,886.68383,51761378.14575761,0
2021-03-19 11:00:00+00:00,58583.92,58834.49,58402.66,58831.33,2091.391246,2021-03-19 11:59:59.999000+00:00,122595300.34469473,84995,1016.717326,59604527.28874963,0
2021-03-19 12:00:00+00:00,58831.34,59249.5,58718.57,58849.99,2998.893405,2021-03-19 12:59:59.999000+00:00,176968100.07543716,116170,1509.396156,89072512.02173588,0
2021-03-19 13:00:00+00:00,58849.99,58884.0,58057.04,58280.0,3297.065437,2021-03-19 13:59:59.999000+00:00,192659656.7932494,107817,1628.434769,95162627.6984646,0
2021-03-19 14:00:00+00:00,58279.99,58786.03,57950.59,58729.99,2375.168031,2021-03-19 14:59:59.999000+00:00,138727999.56583795,90305,1063.174864,62097776.872395,0
2021-03-19 15:00:00+00:00,58729.98,59164.86,58500.0,58971.5,2704.905375,2021-03-19 15:59:59.999000+00:00,159309454.2988324,76398,1378.139507,81176226.94425808,0
2021-03-19 16:00:00+00:00,58977.04,59180.0,58610.56,58859.79,2724.409211,2021-03-19 16:59:59.999000+00:00,160457239.10271707,81048,1284.649223,75662984.31666912,0
2021-03-19 17:00:00+00:00,58857.51,58976.47,58625.0,58864.3,1451.313981,2021-03-19 17:59:59.999000+00:00,85356895.9124108,57905,707.294878,41600812.02682967,0
2021-03-19 18:00:00+00:00,58865.57,58956.0,58345.14,58800.0,1683.611903,2021-03-19 18:59:59.999000+00:00,98818631.8748062,80113,818.896897,48066970.89750706,0
2021-03-19 19:00:00+00:00,58800.0,58970.6,58643.99,58826.56,1456.446763,2021-03-19 19:59:59.999000+00:00,85633513.74350445,89411,696.73233,40966148.44637518,0
2021-03-19 20:00:00+00:00,58826.56,59468.0,58101.92,58372.4,3962.118935,2021-03-19 20:59:59.999000+00:00,232999139.19975385,122541,2161.95202,127191965.26271927,0
2021-03-19 21:00:00+00:00,58372.41,58755.15,58299.08,58648.78,1105.409387,2021-03-19 21:59:59.999000+00:00,64737463.55670261,67783,521.253182,30529585.70503679,0
2021-03-19 22:00:00+00:00,58648.78,58648.78,58283.94,58501.56,972.230179,2021-03-19 22:59:59.999000+00:00,56836165.13578407,43768,450.741371,26347224.81248144,0
2021-03-19 23:00:00+00:00,58501.55,58550.61,58000.0,58030.01,1627.339669,2021-03-19 23:59:59.999000+00:00,94710585.7307922,53218,780.720235,45446600.17880425,0
2021-03-20 00:00:00+00:00,58030.01,58677.52,57820.17,58639.33,2400.214781,2021-03-20 00:59:59.999000+00:00,139775135.6100888,117250,1347.979355,78500967.45701455,0
2021-03-20 01:00:00+00:00,58639.33,58879.18,58482.57,58724.01,1418.756106,2021-03-20 01:59:59.999000+00:00,83213022.25642246,101473,722.878177,42402789.32659511,0
2021-03-20 02:00:00+00:00,58724.02,58913.98,58416.16,58549.33,1292.836586,2021-03-20 02:59:59.999000+00:00,75847128.67752989,69251,619.034007,36318989.33848892,0
2021-03-20 03:00:00+00:00,58549.33,58581.62,58179.05,58367.74,1369.405141,2021-03-20 03:59:59.999000+00:00,79937434.71747051,46038,591.440814,34524792.40265906,0
2021-03-20 04:00:00+00:00,58367.75,58606.63,58153.28,58209.83,1090.348211,2021-03-20 04:59:59.999000+00:00,63662122.4493517,43737,526.137318,30719558.56332919,0
2021-03-20 05:00:00+00:00,58209.83,58362.11,58050.0,58131.57,1005.929849,2021-03-20 05:59:59.999000+00:00,58567178.12265729,39647,465.762563,27119534.26410283,0
2021-03-20 06:00:00+00:00,58131.57,58373.46,57980.0,58344.3,1229.536038,2021-03-20 06:59:59.999000+00:00,71624722.72447132,44474,575.164139,33509550.96012928,0
2021-03-20 07:00:00+00:00,58344.3,58536.84,58268.0,58402.41,1346.293944,2021-03-20 07:59:59.999000+00:00,78602838.71808992,50903,630.865283,36832154.86072246,0
2021-03-20 08:00:00+00:00,58402.41,58798.6,58402.4,58671.46,2269.326664,2021-03-20 08:59:59.999000+00:00,133160868.73101746,84561,1187.391082,69673923.44977064,0
2021-03-20 09:00:00+00:00,58671.45,58899.0,58577.55,58780.02,1730.987159,2021-03-20 09:59:59.999000+00:00,101687855.91921923,68464,980.322614,57593022.15701652,0
2021-03-20 10:00:00+00:00,58780.03,58908.26,58577.0,58687.97,1237.611788,2021-03-20 10:59:59.999000+00:00,72708435.82915074,48073,611.824298,35947362.69142132,0
2021-03-20 11:00:00+00:00,58685.98,59299.0,58626.27,59242.47,2563.593536,2021-03-20 11:59:59.999000+00:00,151265724.30349675,83862,1402.493759,82758094.51402985,0
2021-03-20 12:00:00+00:00,59242.91,59325.6,58756.41,59144.54,1890.878779,2021-03-20 12:59:59.999000+00:00,111643256.77481864,89613,951.300271,56166468.01419311,0
2021-03-20 13:00:00+00:00,59144.54,59880.0,58610.62,59033.13,4616.41624,2021-03-20 13:59:59.999000+00:00,274375295.41173726,144830,2437.66477,144919181.183574,0
2021-03-20 14:00:00+00:00,59027.95,59368.75,58755.3,59365.02,2675.669073,2021-03-20 14:59:59.999000+00:00,158134357.729296,90798,1349.339029,79747356.17011844,0
2021-03-20 15:00:00+00:00,59365.02,59722.0,59030.23,59244.52,2360.947068,2021-03-20 15:59:59.999000+00:00,140261533.88830587,99599,1167.312842,69353759.96468136,0
2021-03-20 16:00:00+00:00,59244.51,59300.0,58901.66,59031.13,2191.019101,2021-03-20 16:59:59.999000+00:00,129425314.87936091,106206,1081.416178,63877039.82319377,0
2021-03-20 17:00:00+00:00,59032.02,59297.0,59019.0,59138.44,1417.884867,2021-03-20 17:59:59.999000+00:00,83895162.59915379,56570,704.210179,41666608.98425554,0
2021-03-20 18:00:00+00:00,59138.43,59474.89,59104.28,59173.03,1437.476965,2021-03-20 18:59:59.999000+00:00,85219757.78372867,51039,729.131938,43227766.82794822,0
2021-03-20 19:00:00+00:00,59173.03,59424.73,59134.89,59272.82,1012.055066,2021-03-20 19:59:59.999000+00:00,59990429.4545115,43892,493.905402,29275388.50818034,0
2021-03-20 20:00:00+00:00,59272.83,59381.7,58131.55,58519.84,3576.514684,2021-03-20 20:59:59.999000+00:00,209782761.7914668,93892,1574.402471,92363981.56180751,0
2021-03-20 21:00:00+00:00,58519.77,58782.77,58371.01,58728.76,935.90892,2021-03-20 21:59:59.999000+00:00,54866148.76920476,48358,464.094063,27208066.08540614,0
2021-03-20 22:00:00+00:00,58728.75,58800.0,58370.65,58503.01,1162.196427,2021-03-20 22:59:59.999000+00:00,68105272.24163727,44509,552.253973,32361495.99054868,0
2021-03-20 23:00:00+00:00,58503.01,58525.96,57966.85,58102.28,2245.134783,2021-03-20 23:59:59.999000+00:00,130783333.66939774,57092,1046.122198,60956140.02425656,0
2021-03-21 00:00:00+00:00,58100.02,58589.1,57811.41,58331.43,2342.929801,2021-03-21 00:59:59.999000+00:00,136538084.4852266,69680,1071.6938,62463637.34090045,0
2021-03-21 01:00:00+00:00,58331.42,58463.99,58091.02,58180.0,953.47411,2021-03-21 01:59:59.999000+00:00,55562369.53512714,41963,471.572215,27483461.87584013,0
2021-03-21 02:00:00+00:00,58179.99,58180.0,57480.0,57615.32,2283.571093,2021-03-21 02:59:59.999000+00:00,131982856.29604344,68914,1031.968786,59651950.01712061,0
2021-03-21 03:00:00+00:00,57615.33,57856.42,57363.07,57790.0,1761.74702,2021-03-21 03:59:59.999000+00:00,101663371.5299426,74206,774.972456,44722649.09867494,0
2021-03-21 04:00:00+00:00,57790.0,57797.45,56717.81,56909.83,3073.168352,2021-03-21 04:59:59.999000+00:00,175780313.09631985,86215,1400.08391,80068414.8668588,0
2021-03-21 05:00:00+00:00,56911.99,57242.59,56856.66,57129.99,1641.059369,2021-03-21 05:59:59.999000+00:00,93655921.94588567,49850,822.282811,46929002.35872647,0
2021-03-21 06:00:00+00:00,57130.0,57413.66,56668.0,57047.98,1874.113922,2021-03-21 06:59:59.999000+00:00,107040728.45689568,89964,901.116682,51477799.54670575,0
2021-03-21 07:00:00+00:00,57047.98,57312.64,56862.07,56972.68,1201.107722,2021-03-21 07:59:59.999000+00:00,68584960.2493101,82421,567.774076,32420902.28364581,0
2021-03-21 08:00:00+00:00,56972.68,57325.45,56800.0,57161.38,1533.421747,2021-03-21 08:59:59.999000+00:00,87617906.39176203,76623,762.343811,43565517.29553083,0
2021-03-21 09:00:00+00:00,57161.38,57260.0,55450.11,55963.32,4428.209529,2021-03-21 09:59:59.999000+00:00,249238457.27821916,117612,1862.787107,104843164.02340084,0
2021-03-21 10:00:00+00:00,55960.52,56384.33,55605.94,56134.34,3100.618062,2021-03-21 10:59:59.999000+00:00,174018493.39656377,77409,1595.714489,89559114.55119471,0
2021-03-21 11:00:00+00:00,56134.34,56330.0,55811.0,56267.65,1990.461238,2021-03-21 11:59:59.999000+00:00,111699942.41938144,62748,1003.130947,56304195.87072113,0
2021-03-21 12:00:00+00:00,56270.13,56291.16,55870.23,56191.64,1993.882436,2021-03-21 12:59:59.999000+00:00,111861648.18482056,73949,1045.764844,58672203.00334655,0
2021-03-21 13:00:00+00:00,56191.64,57362.68,56191.63,57026.8,3817.151075,2021-03-21 13:59:59.999000+00:00,216997391.56100693,133424,1884.987942,107128557.41369604,0
2021-03-21 14:00:00+00:00,57021.95,57320.66,57000.05,57177.37,1476.549534,2021-03-21 14:59:59.999000+00:00,84452550.78751478,81647,748.039382,42786152.92264914,0
2021-03-21 15:00:00+00:00,57177.37,57539.0,57013.3,57159.04,1843.330454,2021-03-21 15:59:59.999000+00:00,105609106.64405382,61563,937.739764,53732812.62977626,0
2021-03-21 16:00:00+00:00,57159.04,57415.0,56750.0,57222.31,2353.110731,2021-03-21 16:59:59.999000+00:00,134543097.31826907,86291,1178.598869,67387726.55387738,0
2021-03-21 17:00:00+00:00,57220.26,57303.95,56962.26,57249.14,1477.505165,2021-03-21 17:59:59.999000+00:00,84478197.5718293,63505,691.441954,39535734.17814303,0
2021-03-21 18:00:00+00:00,57249.13,57481.01,57186.82,57365.08,1076.795958,2021-03-21 18:59:59.999000+00:00,61746267.59817861,45033,548.344959,31446857.79532542,0
2021-03-21 19:00:00+00:00,57365.08,57676.0,57357.94,57513.18,1742.064224,2021-03-21 19:59:59.999000+00:00,100208419.86674434,54295,994.3657,57198073.86755493,0
2021-03-21 20:00:00+00:00,57517.0,57997.0,57517.0,57760.48,1929.968499,2021-03-21 20:59:59.999000+00:00,111551469.71607172,85083,921.491121,53254664.60693564,0
2021-03-21 21:00:00+00:00,57760.47,58098.99,57474.46,58087.79,1423.235879,2021-03-21 21:59:59.999000+00:00,82369330.63404685,88451,809.434026,46859959.40497461,0
2021-03-21 22:00:00+00:00,58085.41,58113.0,57530.82,57588.25,1502.158208,2021-03-21 22:59:59.999000+00:00,86800599.92592376,49980,714.675806,41297372.24385507,0
2021-03-21 23:00:00+00:00,57588.25,57789.25,57128.89,57351.56,1744.836146,2021-03-21 23:59:59.999000+00:00,100221644.7346726,52720,908.616219,52199267.52738395,0
2021-03-22 00:00:00+00:00,57351.56,57449.47,56420.0,56590.76,2801.926267,2021-03-22 00:59:59.999000+00:00,159511227.3499343,80233,1291.522569,73546883.98473088,0
2021-03-22 01:00:00+00:00,56585.85,56735.0,56289.0,56623.19,1877.894804,2021-03-22 01:59:59.999000+00:00,106146306.73804805,53896,892.305349,50445499.72483795,0
2021-03-22 02:00:00+00:00,56623.2,57034.96,56418.55,56969.85,1345.872199,2021-03-22 02:59:59.999000+00:00,76432376.58302055,41406,654.521064,37173612.33176436,0
2021-03-22 03:00:00+00:00,56969.84,57647.89,56969.84,57563.63,1620.720105,2021-03-22 03:59:59.999000+00:00,92915275.30407543,50721,788.406204,45203195.33613145,0
2021-03-22 04:00:00+00:00,57564.17,57831.41,57388.07,57615.8,1442.600014,2021-03-22 04:59:59.999000+00:00,83119342.58225359,45408,750.200549,43232008.92556114,0
2021-03-22 05:00:00+00:00,57615.8,57780.1,57315.22,57597.39,1190.090612,2021-03-22 05:59:59.999000+00:00,68453599.31324255,40938,631.304619,36316971.6513791,0
2021-03-22 06:00:00+00:00,57597.39,57895.78,57569.43,57678.12,1405.515518,2021-03-22 06:59:59.999000+00:00,81180072.53030996,65014,703.227474,40614862.12442252,0
2021-03-22 07:00:00+00:00,57678.12,57850.0,57513.41,57576.5,1477.315564,2021-03-22 07:59:59.999000+00:00,85236518.96565482,82797,760.520527,43883138.18569509,0
2021-03-22 08:00:00+00:00,57576.51,57703.29,57095.0,57210.57,1811.998172,2021-03-22 08:59:59.999000+00:00,104035984.59794556,59255,843.646393,48435675.04139424,0
2021-03-22 09:00:00+00:00,57210.58,57396.99,57024.13,57372.0,1792.564445,2021-03-22 09:59:59.999000+00:00,102557149.48416984,61249,936.443942,53579887.01839904,0
2021-03-22 10:00:00+00:00,57372.01,58430.73,57282.0,57908.82,3343.848801,2021-03-22 10:59:59.999000+00:00,194015333.867728,92851,1764.351616,102352164.12642536,0
2021-03-22 11:00:00+00:00,57908.82,58160.55,57555.55,57713.79,1618.683303,2021-03-22 11:59:59.999000+00:00,93649806.04137076,79396,787.392087,45559240.92842103,0
2021-03-22 12:00:00+00:00,57713.79,57761.0,56857.96,57259.48,2852.460232,2021-03-22 12:59:59.999000+00:00,163502623.71671915,85516,1249.203985,71606668.77078305,0
2021-03-22 13:00:00+00:00,57267.75,57414.0,56521.01,56969.98,3973.052114,2021-03-22 13:59:59.999000+00:00,226578587.93555713,97449,2226.931062,127038349.3522204,0
2021-03-22 14:00:00+00:00,56969.98,57279.26,56778.52,56990.02,2367.480357,2021-03-22 14:59:59.999000+00:00,135060741.1055455,70581,1110.846828,63381210.7855368,0
2021-03-22 15:00:00+00:00,56990.02,57229.71,56866.38,57083.0,1765.178473,2021-03-22 15:59:59.999000+00:00,100730863.45070069,80274,783.607841,44718133.17019892,0
2021-03-22 16:00:00+00:00,57082.99,57195.0,56191.19,56753.6,3186.883792,2021-03-22 16:59:59.999000+00:00,180496976.74780124,131357,1486.689212,84200698.55555634,0
2021-03-22 17:00:00+00:00,56753.61,57190.0,56551.04,57080.31,1802.844052,2021-03-22 17:59:59.999000+00:00,102592238.20817184,57615,939.045054,53427746.32490926,0
2021-03-22 18:00:00+00:00,57080.31,57175.11,56366.0,56494.11,2352.946051,2021-03-22 18:59:59.999000+00:00,133534931.82958493,65710,1149.931633,65262463.9541862,0
2021-03-22 19:00:00+00:00,56492.91,56561.6,55508.0,55524.99,3887.353873,2021-03-22 19:59:59.999000+00:00,217417256.22068125,107907,1757.336031,98306562.52081136,0
2021-03-22 20:00:00+00:00,55524.99,56000.0,54179.99,54507.62,6810.572561,2021-03-22 20:59:59.999000+00:00,374982959.2817908,174717,3169.028344,174521797.6001535,0
2021-03-22 21:00:00+00:00,54504.94,54956.33,54200.0,54566.77,3177.529247,2021-03-22 21:59:59.999000+00:00,173720317.2948548,122333,1605.763993,87820957.43857937,0
2021-03-22 22:00:00+00:00,54566.77,54658.87,53650.0,54614.23,5482.640591,2021-03-22 22:59:59.999000+00:00,297418671.82235456,112911,2727.734123,148061680.68348944,0
2021-03-22 23:00:00+00:00,54614.99,54871.14,54060.0,54083.25,3193.655022,2021-03-22 23:59:59.999000+00:00,174190353.3541376,67811,1739.098529,94889672.0334137,0
2021-03-23 00:00:00+00:00,54083.25,54760.0,53777.68,54697.73,3111.382982,2021-03-23 00:59:59.999000+00:00,169359321.488061,76981,1449.909087,78956072.74628498,0
2021-03-23 01:00:00+00:00,54681.39,55344.26,54509.89,55120.83,3136.554106,2021-03-23 01:59:59.999000+00:00,172242309.75594473,63208,1704.800575,93614276.00034668,0
2021-03-23 02:00:00+00:00,55120.83,55145.05,54438.0,54548.58,2407.135162,2021-03-23 02:59:59.999000+00:00,132073097.72445253,56842,1260.431289,69151617.90890726,0
2021-03-23 03:00:00+00:00,54548.58,54742.3,54379.96,54684.83,1868.285406,2021-03-23 03:59:59.999000+00:00,101923157.23816556,49728,958.0743,52273409.44137583,0
2021-03-23 04:00:00+00:00,54683.6,54780.02,54057.28,54438.64,1925.284163,2021-03-23 04:59:59.999000+00:00,104735575.91838238,58804,930.737085,50624150.91438398,0
2021-03-23 05:00:00+00:00,54435.33,54471.36,53111.66,53532.25,4706.262267,2021-03-23 05:59:59.999000+00:00,252354951.53553537,122164,2096.053638,112425536.36115415,0
2021-03-23 06:00:00+00:00,53532.26,53806.65,53000.0,53306.84,4134.572485,2021-03-23 06:59:59.999000+00:00,220711968.6636873,108218,1910.608013,102027627.28618404,0
2021-03-23 07:00:00+00:00,53306.84,54277.78,53306.83,54161.34,2579.310685,2021-03-23 07:59:59.999000+00:00,138655852.90025482,72768,1380.905173,74257828.68765254,0
2021-03-23 08:00:00+00:00,54166.12,54482.81,53821.79,54309.24,2327.974587,2021-03-23 08:59:59.999000+00:00,126148537.96936443,67620,1141.271023,61839349.06153722,0
2021-03-23 09:00:00+00:00,54309.24,54698.3,54215.24,54607.86,1916.519037,2021-03-23 09:59:59.999000+00:00,104265823.29169431,60656,940.842175,51188559.87600498,0
2021-03-23 10:00:00+00:00,54602.43,54865.37,54430.52,54671.06,1862.74427,2021-03-23 10:59:59.999000+00:00,101733390.20100932,56591,909.134919,49657314.27881122,0
2021-03-23 11:00:00+00:00,54671.05,54804.98,54060.79,54249.81,2196.960975,2021-03-23 11:59:59.999000+00:00,119728525.4665541,65637,1107.095543,60330606.70631122,0
2021-03-23 12:00:00+00:00,54249.8,55287.52,54234.96,55110.0,2936.007551,2021-03-23 12:59:59.999000+00:00,161275779.25986892,82894,1576.944285,86601477.76655093,0
2021-03-23 13:00:00+00:00,55110.0,55450.0,55020.81,55263.36,2692.723917,2021-03-23 13:59:59.999000+00:00,148785566.49087355,76122,1258.377497,69538143.33867124,0
2021-03-23 14:00:00+00:00,55263.35,55367.34,54744.86,55184.25,2359.374263,2021-03-23 14:59:59.999000+00:00,129942554.18421824,74552,1187.057673,65378157.41766447,0
2021-03-23 15:00:00+00:00,55185.06,55356.31,54919.72,55165.19,1857.122656,2021-03-23 15:59:59.999000+00:00,102459149.92956989,58405,861.278691,47523308.38980538,0
2021-03-23 16:00:00+00:00,55165.2,55760.0,54830.01,55548.52,2642.91064,2021-03-23 16:59:59.999000+00:00,146358183.3259486,76457,1345.99041,74544053.91249982,0
2021-03-23 17:00:00+00:00,55548.52,55767.01,55401.0,55710.87,2130.55535,2021-03-23 17:59:59.999000+00:00,118490038.55690664,76235,1051.041562,58453622.16245961,0
2021-03-23 18:00:00+00:00,55705.78,55830.9,55362.18,55364.69,1880.519753,2021-03-23 18:59:59.999000+00:00,104635595.341517,64129,879.148948,48920929.59875126,0
2021-03-23 19:00:00+00:00,55364.68,55541.81,54825.42,55008.46,2847.211367,2021-03-23 19:59:59.999000+00:00,156951291.7359659,85941,1458.840938,80427794.45161654,0
2021-03-23 20:00:00+00:00,55008.45,55080.16,54318.7,54452.6,2952.881221,2021-03-23 20:59:59.999000+00:00,161716826.3563944,90165,1549.23165,84854921.62285177,0
2021-03-23 21:00:00+00:00,54453.3,54759.56,54190.1,54646.59,1816.23829,2021-03-23 21:59:59.999000+00:00,98891795.3692797,62680,985.195474,53644698.90738132,0
2021-03-23 22:00:00+00:00,54646.58,54906.78,54359.15,54387.91,1981.082894,2021-03-23 22:59:59.999000+00:00,108292192.28130132,53815,868.198522,47449972.86481284,0
2021-03-23 23:00:00+00:00,54387.91,54816.01,54299.95,54340.89,1519.7514,2021-03-23 23:59:59.999000+00:00,82919289.83251141,79737,752.24127,41038721.11723732,0
2021-03-24 00:00:00+00:00,54342.8,54669.35,53596.32,53688.07,2878.754265,2021-03-24 00:59:59.999000+00:00,155551408.22227117,77847,1428.232429,77192218.9194107,0
2021-03-24 01:00:00+00:00,53691.25,54588.0,53511.39,54466.36,2069.621473,2021-03-24 01:59:59.999000+00:00,111900928.17014262,53512,1003.030133,54222277.88259269,0
2021-03-24 02:00:00+00:00,54466.38,54647.87,54350.0,54430.79,1756.511006,2021-03-24 02:59:59.999000+00:00,95699346.08002542,45589,745.573201,40619126.31955856,0
2021-03-24 03:00:00+00:00,54430.79,54769.44,54051.35,54350.54,1667.112485,2021-03-24 03:59:59.999000+00:00,90720483.01972345,44344,717.657864,39055830.90927197,0
2021-03-24 04:00:00+00:00,54350.54,54580.0,53966.89,54122.07,1650.390799,2021-03-24 04:59:59.999000+00:00,89595053.32201412,44963,776.402648,42152171.35246611,0
2021-03-24 05:00:00+00:00,54127.12,54294.82,53783.23,54100.0,2037.76106,2021-03-24 05:59:59.999000+00:00,110112223.99485044,84112,1061.288699,57352901.51932588,0
2021-03-24 06:00:00+00:00,54100.0,55000.0,53700.0,54662.79,3668.396569,2021-03-24 06:59:59.999000+00:00,199442187.71947092,95215,1909.919849,103780541.74010558,0
2021-03-24 07:00:00+00:00,54661.64,55612.92,54606.0,55464.2,4769.800293,2021-03-24 07:59:59.999000+00:00,263851963.164448,103773,2423.074298,134023367.44869757,0
2021-03-24 08:00:00+00:00,55464.46,56400.13,55452.14,56280.41,4871.585812,2021-03-24 08:59:59.999000+00:00,273041085.20244557,162454,2448.519895,137253356.3335864,0
2021-03-24 09:00:00+00:00,56280.4,56662.08,56280.4,56404.73,3431.056068,2021-03-24 09:59:59.999000+00:00,193735178.66180757,94783,1718.520292,97041353.40019453,0
2021-03-24 10:00:00+00:00,56405.11,56592.85,56028.0,56465.75,3062.558393,2021-03-24 10:59:59.999000+00:00,172464238.2003106,74043,1536.609976,86533653.90556176,0
2021-03-24 11:00:00+00:00,56465.74,56600.54,56256.51,56541.03,1881.596112,2021-03-24 11:59:59.999000+00:00,106175943.96314847,55058,973.297414,54926971.48586247,0
2021-03-24 12:00:00+00:00,56536.08,57038.31,56536.08,56900.01,3523.679336,2021-03-24 12:59:59.999000+00:00,200364741.5121109,87707,1889.893494,107467342.9618726,0
2021-03-24 13:00:00+00:00,56900.0,57200.0,56368.42,56759.91,3226.3056,2021-03-24 13:59:59.999000+00:00,183420203.94672233,148723,1582.110303,89955718.60459568,0
2021-03-24 14:00:00+00:00,56761.86,56929.99,56450.0,56539.35,2514.753239,2021-03-24 14:59:59.999000+00:00,142547204.49858636,100545,1268.993126,71931766.29005244,0
2021-03-24 15:00:00+00:00,56539.34,56641.81,56000.0,56298.12,2954.006836,2021-03-24 15:59:59.999000+00:00,166382192.12277657,100677,1502.216668,84613926.23650695,0
2021-03-24 16:00:00+00:00,56298.12,56422.02,55729.46,55762.89,2997.531716,2021-03-24 16:59:59.999000+00:00,167825985.28421888,100162,1479.479917,82836693.54239146,0
2021-03-24 17:00:00+00:00,55762.89,56400.0,55570.82,56125.89,2956.203026,2021-03-24 17:59:59.999000+00:00,165719682.77496395,72526,1199.343077,67211925.26658294,0
2021-03-24 18:00:00+00:00,56125.9,56370.14,55300.0,55378.91,2463.770602,2021-03-24 18:59:59.999000+00:00,137560449.34312895,69102,1190.55857,66465103.1165943,0
2021-03-24 19:00:00+00:00,55380.64,55571.12,54666.66,54736.53,3623.339294,2021-03-24 19:59:59.999000+00:00,199638470.11340973,100074,1761.733704,97070813.81605628,0
2021-03-24 20:00:00+00:00,54736.52,54743.38,53202.0,54058.85,7329.513472,2021-03-24 20:59:59.999000+00:00,395485214.78828573,177333,3287.50398,177418185.89877427,0
2021-03-24 21:00:00+00:00,54058.85,54250.0,53540.05,53749.99,3305.882221,2021-03-24 21:59:59.999000+00:00,178083270.81082237,108086,1507.364726,81231854.41667767,0
2021-03-24 22:00:00+00:00,53749.99,53749.99,51700.0,52534.03,11193.616418,2021-03-24 22:59:59.999000+00:00,589015075.1536566,282465,4162.928195,219014081.40070483,0
2021-03-24 23:00:00+00:00,52534.03,52987.87,52300.0,52303.65,3703.718926,2021-03-24 23:59:59.999000+00:00,194827083.9771205,118895,1748.877609,92015496.039377,0
2021-03-25 00:00:00+00:00,52303.66,52900.0,52000.0,52626.91,3818.550957,2021-03-25 00:59:59.999000+00:00,200450080.56963453,92858,1765.435957,92712596.8446409,0
2021-03-25 01:00:00+00:00,52626.91,52768.46,51748.08,51830.21,4295.491111,2021-03-25 01:59:59.999000+00:00,224589381.98383144,115065,1744.035795,91200782.07496712,0
2021-03-25 02:00:00+00:00,51831.13,52555.0,51500.0,52255.37,4425.195886,2021-03-25 02:59:59.999000+00:00,230458328.69211757,136670,2353.760782,122563812.50369456,0
2021-03-25 03:00:00+00:00,52255.38,52561.65,51818.84,52122.86,2267.357844,2021-03-25 03:59:59.999000+00:00,118262107.0476384,71486,1140.639031,59497229.49147399,0
2021-03-25 04:00:00+00:00,52131.51,52518.73,51905.58,52250.97,2280.576007,2021-03-25 04:59:59.999000+00:00,119232385.39634223,51434,1172.341626,61306793.85894235,0
2021-03-25 05:00:00+00:00,52251.96,52850.0,52135.14,52686.15,2898.576135,2021-03-25 05:59:59.999000+00:00,152565712.00503197,57773,1508.616547,79373011.07798307,0
2021-03-25 06:00:00+00:00,52686.15,53287.0,52653.81,52975.46,2716.600094,2021-03-25 06:59:59.999000+00:00,143920679.28504264,69694,1346.679621,71345751.08485463,0
2021-03-25 07:00:00+00:00,52975.46,53130.0,52200.0,52270.71,2325.331507,2021-03-25 07:59:59.999000+00:00,122659234.04926997,88971,1105.866914,58332374.18134711,0
2021-03-25 08:00:00+00:00,52270.72,52794.66,52101.0,52611.36,2720.763839,2021-03-25 08:59:59.999000+00:00,142635288.72351974,70456,1303.769016,68357327.59089941,0
2021-03-25 09:00:00+00:00,52611.36,53000.0,52365.0,52944.42,2363.325497,2021-03-25 09:59:59.999000+00:00,124632201.85269174,54796,1254.874346,66192681.54965097,0
2021-03-25 10:00:00+00:00,52944.95,53067.67,52520.0,52958.0,2287.576642,2021-03-25 10:59:59.999000+00:00,120883638.70860772,58153,1130.163314,59726541.53665456,0
2021-03-25 11:00:00+00:00,52955.72,53160.85,52134.27,52163.19,3108.303684,2021-03-25 11:59:59.999000+00:00,163792245.8943362,65244,1597.71674,84267299.83006734,0
2021-03-25 12:00:00+00:00,52163.2,52408.64,50438.88,51076.92,10807.720073,2021-03-25 12:59:59.999000+00:00,553156328.026246,204711,4966.287926,253954059.43797067,0
2021-03-25 13:00:00+00:00,51076.93,51976.95,50427.56,51653.76,6586.262081,2021-03-25 13:59:59.999000+00:00,337522102.57548606,120381,3358.838944,172164883.21954525,0
2021-03-25 14:00:00+00:00,51649.9,52066.21,51046.4,51296.96,4571.040648,2021-03-25 14:59:59.999000+00:00,235699668.7845547,103180,2352.259796,121267023.38923816,0
2021-03-25 15:00:00+00:00,51296.96,51521.68,50620.0,50996.15,5364.282692,2021-03-25 15:59:59.999000+00:00,273722391.0053596,122707,2664.79042,136009452.44271865,0
2021-03-25 16:00:00+00:00,50996.15,51700.0,50550.0,51306.95,5642.866294,2021-03-25 16:59:59.999000+00:00,288380030.6316899,136824,2694.645656,137723867.71011496,0
2021-03-25 17:00:00+00:00,51303.96,51811.13,51102.45,51620.6,2738.112891,2021-03-25 17:59:59.999000+00:00,141213953.34081945,73647,1365.560041,70429570.2470384,0
2021-03-25 18:00:00+00:00,51620.61,52532.0,51500.0,52236.72,3466.099951,2021-03-25 18:59:59.999000+00:00,180434431.5287569,77150,1896.86907,98760375.93244444,0
2021-03-25 19:00:00+00:00,52225.0,52300.0,51619.72,52195.19,2450.567176,2021-03-25 19:59:59.999000+00:00,127509658.96445912,62484,1214.303058,63196955.66676113,0
2021-03-25 20:00:00+00:00,52195.19,52700.0,51820.0,51980.75,2724.343164,2021-03-25 20:59:59.999000+00:00,142350337.90325797,69042,1297.19804,67806356.60360114,0
2021-03-25 21:00:00+00:00,51981.6,52575.39,51937.19,52437.1,1473.662357,2021-03-25 21:59:59.999000+00:00,77047746.78310463,54897,785.14608,41061910.93976086,0
2021-03-25 22:00:00+00:00,52437.21,52720.24,51578.93,51741.6,3342.126288,2021-03-25 22:59:59.999000+00:00,174483103.70195988,71206,1578.510019,82421963.14397177,0
2021-03-25 23:00:00+00:00,51734.03,52048.41,51220.72,51293.78,2725.80172,2021-03-25 23:59:59.999000+00:00,140726147.50410202,70596,1349.088994,69678949.22868478,0
2021-03-26 00:00:00+00:00,51293.78,52258.47,51214.6,52083.14,3107.222289,2021-03-26 00:59:59.999000+00:00,161203741.4868042,76103,1564.03721,81155462.99447098,0
2021-03-26 01:00:00+00:00,52083.13,52350.0,51966.66,52255.41,2051.392379,2021-03-26 01:59:59.999000+00:00,107099565.46150143,56433,1172.443537,61223620.85473877,0
2021-03-26 02:00:00+00:00,52255.41,52364.87,51551.0,51696.7,2151.71252,2021-03-26 02:59:59.999000+00:00,111613727.47233745,50258,963.672582,50016797.42882324,0
2021-03-26 03:00:00+00:00,51696.7,52723.68,51696.7,52407.19,2341.379132,2021-03-26 03:59:59.999000+00:00,122330161.64175278,60617,1162.854478,60756284.6927186,0
2021-03-26 04:00:00+00:00,52407.19,52774.71,52172.34,52693.13,1990.736097,2021-03-26 04:59:59.999000+00:00,104360255.49163347,63258,988.118933,51812192.72997649,0
2021-03-26 05:00:00+00:00,52693.13,52899.01,52500.86,52825.67,2442.408592,2021-03-26 05:59:59.999000+00:00,128747568.6861319,59654,1096.180898,57790510.20795073,0
2021-03-26 06:00:00+00:00,52822.29,52883.09,52462.16,52582.45,1853.445965,2021-03-26 06:59:59.999000+00:00,97622109.18512036,52665,855.889472,45083272.11983136,0
2021-03-26 07:00:00+00:00,52582.44,53600.9,52400.86,53569.85,4262.213656,2021-03-26 07:59:59.999000+00:00,226172721.70545825,96447,2253.455574,119601995.96011809,0
2021-03-26 08:00:00+00:00,53569.24,53826.48,53164.34,53365.17,4277.038153,2021-03-26 08:59:59.999000+00:00,228930046.36871684,107906,2012.822239,107767269.47585222,0
2021-03-26 09:00:00+00:00,53365.17,53600.0,53205.29,53331.62,2018.783494,2021-03-26 09:59:59.999000+00:00,107858768.78490826,90208,992.501904,53027966.55061846,0
2021-03-26 10:00:00+00:00,53331.62,53579.98,53169.0,53378.06,1879.141521,2021-03-26 10:59:59.999000+00:00,100279148.67613374,83361,985.092928,52572921.95404697,0
2021-03-26 11:00:00+00:00,53378.06,53450.0,52570.0,52710.96,4910.150297,2021-03-26 11:59:59.999000+00:00,259774910.38714588,136866,2400.586441,127011157.75202572,0
2021-03-26 12:00:00+00:00,52710.95,53242.96,52508.19,53001.57,2859.894107,2021-03-26 12:59:59.999000+00:00,151424408.70949304,78430,1535.951762,81325257.57926954,0
2021-03-26 13:00:00+00:00,53001.57,53325.35,52731.49,53316.82,2320.578703,2021-03-26 13:59:59.999000+00:00,123115623.86085248,64320,1229.355516,65228938.90248027,0
2021-03-26 14:00:00+00:00,53316.81,53500.0,53108.36,53414.09,2174.358984,2021-03-26 14:59:59.999000+00:00,115808702.46777225,59857,1127.906102,60077808.03137052,0
2021-03-26 15:00:00+00:00,53414.1,53542.0,53210.01,53308.27,2174.156905,2021-03-26 15:59:59.999000+00:00,115970527.50414415,70500,1026.410029,54752839.0005623,0
2021-03-26 16:00:00+00:00,53315.54,54060.24,52888.81,53776.05,4853.624034,2021-03-26 16:59:59.999000+00:00,260457166.1204352,110983,2581.391136,138578980.8830234,0
2021-03-26 17:00:00+00:00,53776.14,53908.2,53500.0,53823.98,2110.343066,2021-03-26 17:59:59.999000+00:00,113357603.19732893,63599,994.723147,53435857.75605738,0
2021-03-26 18:00:00+00:00,53826.34,53913.79,53463.49,53682.52,2058.328718,2021-03-26 18:59:59.999000+00:00,110444768.58990754,56784,935.66443,50205576.37231101,0
2021-03-26 19:00:00+00:00,53682.51,53813.9,53528.35,53778.55,1472.068747,2021-03-26 19:59:59.999000+00:00,78989614.45684412,44923,750.210604,40253223.94046864,0
2021-03-26 20:00:00+00:00,53773.38,54270.53,53773.38,53960.0,3098.794306,2021-03-26 20:59:59.999000+00:00,167456588.00422865,85794,1435.507038,77589075.8719347,0
2021-03-26 21:00:00+00:00,53960.0,54599.66,53950.16,54574.41,2342.535017,2021-03-26 21:59:59.999000+00:00,127349702.94799848,77107,1188.469257,64612879.41575459,0
2021-03-26 22:00:00+00:00,54574.4,54773.0,54329.79,54383.14,2638.526155,2021-03-26 22:59:59.999000+00:00,143971966.12851575,65988,1162.573231,63445421.96028515,0
2021-03-26 23:00:00+00:00,54383.15,55073.46,54292.0,55025.59,2424.941855,2021-03-26 23:59:59.999000+00:00,132696743.41647236,61089,1406.72679,77000730.90242663,0
2021-03-27 00:00:00+00:00,55025.59,55555.0,54716.31,54745.38,3813.287491,2021-03-27 00:59:59.999000+00:00,210558188.92293045,89810,2078.131382,114763238.1705042,0
2021-03-27 01:00:00+00:00,54745.37,54972.32,54558.67,54682.64,2538.822451,2021-03-27 01:59:59.999000+00:00,139077370.26333833,46940,1194.901052,65472778.7715902,0
2021-03-27 02:00:00+00:00,54682.64,54886.51,54495.12,54745.0,1287.989308,2021-03-27 02:59:59.999000+00:00,70496326.53284203,38556,629.804394,34475358.55821082,0
2021-03-27 03:00:00+00:00,54745.01,54838.98,54560.51,54760.97,983.715616,2021-03-27 03:59:59.999000+00:00,53797137.45597051,34111,471.424344,25781122.65192854,0
2021-03-27 04:00:00+00:00,54759.96,55236.76,54660.11,54944.72,1853.105088,2021-03-27 04:59:59.999000+00:00,101929616.4342974,45673,927.560699,51013311.08651071,0
2021-03-27 05:00:00+00:00,54944.72,55378.7,54698.28,55177.81,1819.661663,2021-03-27 05:59:59.999000+00:00,100074621.5200218,45339,899.519627,49484126.01661243,0
2021-03-27 06:00:00+00:00,55177.89,55283.65,54957.43,55027.16,1532.809292,2021-03-27 06:59:59.999000+00:00,84473486.5033158,44599,728.065273,40127410.30989917,0
2021-03-27 07:00:00+00:00,55027.16,55088.14,54733.65,54950.28,1643.401774,2021-03-27 07:59:59.999000+00:00,90254339.32602815,45888,771.925831,42392538.15125774,0
2021-03-27 08:00:00+00:00,54950.27,55146.23,54641.63,54925.06,1774.051877,2021-03-27 08:59:59.999000+00:00,97343324.8619011,51405,825.598632,45315219.63881574,0
2021-03-27 09:00:00+00:00,54925.05,55030.24,54781.64,55013.42,1104.076712,2021-03-27 09:59:59.999000+00:00,60612014.97437757,39025,592.932979,32553218.45573852,0
2021-03-27 10:00:00+00:00,55013.42,55105.85,54672.98,54680.0,1823.376951,2021-03-27 10:59:59.999000+00:00,100048615.84434316,48410,954.790923,52404322.41498533,0
2021-03-27 11:00:00+00:00,54680.01,54814.89,54311.6,54442.89,2715.098748,2021-03-27 11:59:59.999000+00:00,148052315.2201437,71198,1302.619198,71036710.98991807,0
2021-03-27 12:00:00+00:00,54442.89,54592.97,53950.0,54291.28,3025.906708,2021-03-27 12:59:59.999000+00:00,163956828.11981612,82878,1466.854998,79480493.0514648,0
2021-03-27 13:00:00+00:00,54291.29,54847.47,54066.42,54735.64,1817.708577,2021-03-27 13:59:59.999000+00:00,98875964.55337676,53433,941.218026,51204991.78189068,0
2021-03-27 14:00:00+00:00,54735.64,54745.81,54376.08,54630.06,1515.538586,2021-03-27 14:59:59.999000+00:00,82710006.44784728,73639,723.934615,39507717.3404595,0
2021-03-27 15:00:00+00:00,54630.06,55041.79,54501.29,54961.85,1871.177567,2021-03-27 15:59:59.999000+00:00,102630822.11146984,59849,1043.410677,57235895.2593904,0
2021-03-27 16:00:00+00:00,54961.85,56220.0,54949.27,56167.46,4967.786007,2021-03-27 16:59:59.999000+00:00,276296469.26793605,146020,2782.791952,154797598.8794392,0
2021-03-27 17:00:00+00:00,56163.52,56271.0,55838.73,56084.74,2788.990927,2021-03-27 17:59:59.999000+00:00,156303282.98407853,114796,1421.274785,79649976.80420797,0
2021-03-27 18:00:00+00:00,56081.46,56086.0,55556.0,55728.93,1829.789725,2021-03-27 18:59:59.999000+00:00,102078097.6650694,57505,873.15263,48717247.5606416,0
2021-03-27 19:00:00+00:00,55728.92,55900.0,55621.0,55765.01,1160.073603,2021-03-27 19:59:59.999000+00:00,64694044.51713007,45178,566.665666,31601666.54312198,0
2021-03-27 20:00:00+00:00,55765.01,55900.01,55680.68,55858.74,1197.780803,2021-03-27 20:59:59.999000+00:00,66865724.21912843,42396,568.27281,31725433.01574969,0
2021-03-27 21:00:00+00:00,55858.73,56700.36,55675.0,56433.17,3146.20652,2021-03-27 21:59:59.999000+00:00,177153409.0436211,104593,1251.05327,70359768.94070692,0
2021-03-27 22:00:00+00:00,56433.17,56605.93,56024.67,56370.94,2002.301364,2021-03-27 22:59:59.999000+00:00,112698006.3589619,94181,923.442591,51979259.73473495,0
2021-03-27 23:00:00+00:00,56373.5,56440.0,55730.0,55817.14,1892.817697,2021-03-27 23:59:59.999000+00:00,106090162.71398532,53354,800.602117,44885913.12274446,0
2021-03-28 00:00:00+00:00,55817.14,56200.0,55572.0,56020.28,2235.455,2021-03-28 00:59:59.999000+00:00,124776057.3137561,62844,1098.599578,61334890.83932521,0
2021-03-28 01:00:00+00:00,56020.29,56182.88,55720.0,56068.69,1365.792568,2021-03-28 01:59:59.999000+00:00,76486642.20641871,75351,688.424564,38556009.88051891,0
2021-03-28 02:00:00+00:00,56068.69,56113.08,55742.94,55804.92,1407.042222,2021-03-28 02:59:59.999000+00:00,78662433.63180383,67635,660.520417,36929855.25078275,0
2021-03-28 03:00:00+00:00,55804.92,56161.67,55738.17,56052.05,1153.920001,2021-03-28 03:59:59.999000+00:00,64597522.46181432,35879,609.31927,34112360.97682889,0
2021-03-28 04:00:00+00:00,56052.52,56496.0,56052.52,56272.49,1608.604624,2021-03-28 04:59:59.999000+00:00,90513603.12576844,62710,851.97516,47935957.83942802,0
2021-03-28 05:00:00+00:00,56272.49,56407.86,56104.49,56269.49,965.546625,2021-03-28 05:59:59.999000+00:00,54295462.77117824,35334,475.68744,26748622.09901928,0
2021-03-28 06:00:00+00:00,56264.9,56319.56,55831.43,55935.61,1197.029461,2021-03-28 06:59:59.999000+00:00,67090845.13916098,41015,550.491401,30849219.04566741,0
2021-03-28 07:00:00+00:00,55935.61,56400.01,55865.62,56200.66,1269.246424,2021-03-28 07:59:59.999000+00:00,71229641.28343879,40309,649.105358,36415932.64458981,0
2021-03-28 08:00:00+00:00,56200.66,56300.0,55976.99,56296.57,1089.739304,2021-03-28 08:59:59.999000+00:00,61187723.74379152,51167,514.758639,28904012.721579,0
2021-03-28 09:00:00+00:00,56296.57,56559.75,56026.19,56114.95,1703.627296,2021-03-28 09:59:59.999000+00:00,95976040.03285566,53325,845.766744,47654835.17881137,0
2021-03-28 10:00:00+00:00,56117.75,56181.83,55683.56,56085.93,1817.708478,2021-03-28 10:59:59.999000+00:00,101694218.68295015,55706,861.809155,48214347.15659487,0
2021-03-28 11:00:00+00:00,56085.93,56085.94,55777.0,55787.03,1395.390651,2021-03-28 11:59:59.999000+00:00,78046762.47714712,77955,604.990115,33836544.57376214,0
2021-03-28 12:00:00+00:00,55787.02,56000.0,55291.13,55525.24,2202.098454,2021-03-28 12:59:59.999000+00:00,122365045.0283484,72499,983.725058,54674165.58883575,0
2021-03-28 13:00:00+00:00,55525.25,55895.65,55461.01,55750.0,1325.181086,2021-03-28 13:59:59.999000+00:00,73843442.16354856,46718,689.984904,38450010.15488302,0
2021-03-28 14:00:00+00:00,55750.0,55842.5,55500.25,55800.0,1498.585575,2021-03-28 14:59:59.999000+00:00,83437514.53453176,82162,824.501738,45909959.36144047,0
2021-03-28 15:00:00+00:00,55800.0,56375.19,55654.1,56354.35,2105.252254,2021-03-28 15:59:59.999000+00:00,118116692.1238764,116205,1159.913965,65077998.92674479,0
2021-03-28 16:00:00+00:00,56356.98,56490.0,56016.12,56275.59,2003.533285,2021-03-28 16:59:59.999000+00:00,112683455.67809744,122117,1083.972244,60967773.61198476,0
2021-03-28 17:00:00+00:00,56275.59,56325.68,55803.19,55967.73,1986.584862,2021-03-28 17:59:59.999000+00:00,111327313.81614128,73812,994.925432,55751289.59572361,0
2021-03-28 18:00:00+00:00,55967.73,56000.0,55159.17,55192.08,2296.061435,2021-03-28 18:59:59.999000+00:00,127597057.31964616,98361,970.738397,53944980.68752933,0
2021-03-28 19:00:00+00:00,55192.08,55414.01,54691.84,55208.69,3037.571132,2021-03-28 19:59:59.999000+00:00,167193396.55173507,99041,1448.090519,79716592.63892804,0
2021-03-28 20:00:00+00:00,55208.7,55210.47,54743.18,54860.0,1697.208073,2021-03-28 20:59:59.999000+00:00,93358763.69516435,48978,793.587491,43654358.98349944,0
2021-03-28 21:00:00+00:00,54859.99,55370.45,54819.4,55140.01,1060.813536,2021-03-28 21:59:59.999000+00:00,58396461.40825655,45187,566.474894,31189257.44195137,0
2021-03-28 22:00:00+00:00,55140.01,55655.53,55000.0,55600.01,1412.656832,2021-03-28 22:59:59.999000+00:00,78194033.40293175,42840,727.080903,40254121.26236848,0
2021-03-28 23:00:00+00:00,55600.01,55884.4,55511.8,55777.63,1215.738333,2021-03-28 23:59:59.999000+00:00,67707200.85285509,44133,608.282549,33876449.49821212,0
2021-03-29 00:00:00+00:00,55777.65,56013.76,55290.0,55409.67,2071.045479,2021-03-29 00:59:59.999000+00:00,115328946.29623364,65853,1058.119184,58941601.78172665,0
2021-03-29 01:00:00+00:00,55409.68,55500.0,54977.8,55241.28,1598.266576,2021-03-29 01:59:59.999000+00:00,88174215.88755205,42237,815.555285,44997031.46995951,0
2021-03-29 02:00:00+00:00,55241.29,55515.36,55151.26,55349.99,1797.373217,2021-03-29 02:59:59.999000+00:00,99524934.40911368,55712,793.784741,43941663.89633333,0
2021-03-29 03:00:00+00:00,55354.67,55554.4,55276.51,55371.6,1157.888636,2021-03-29 03:59:59.999000+00:00,64182444.67418246,43554,598.46616,33174266.97238507,0
2021-03-29 04:00:00+00:00,55371.61,55522.0,55107.08,55315.01,1701.17971,2021-03-29 04:59:59.999000+00:00,94034508.05690524,41399,949.366926,52474859.53412208,0
2021-03-29 05:00:00+00:00,55315.01,55425.26,54848.98,55048.8,2153.129346,2021-03-29 05:59:59.999000+00:00,118593995.64283484,48496,1056.61297,58217933.65360399,0
2021-03-29 06:00:00+00:00,55048.8,55656.64,54800.01,55401.26,2624.405151,2021-03-29 06:59:59.999000+00:00,145049141.44089717,57299,1386.218121,76643520.6727697,0
2021-03-29 07:00:00+00:00,55401.26,56167.37,55358.94,55911.99,2920.308077,2021-03-29 07:59:59.999000+00:00,163231921.36289135,71453,1468.160038,82061550.27542268,0
2021-03-29 08:00:00+00:00,55911.99,57230.0,55911.99,57126.15,4953.178951,2021-03-29 08:59:59.999000+00:00,280273899.5482879,121645,2864.444517,162139540.48968717,0
2021-03-29 09:00:00+00:00,57129.58,58225.0,56966.54,57922.2,6364.379538,2021-03-29 09:59:59.999000+00:00,366418067.01212096,196931,3265.458143,188067573.9160434,0
2021-03-29 10:00:00+00:00,57922.2,58350.0,57777.87,58024.51,4216.172753,2021-03-29 10:59:59.999000+00:00,244694727.97123164,114396,2128.606342,123511781.77295208,0
2021-03-29 11:00:00+00:00,58024.5,58100.0,57609.81,57854.32,3166.067618,2021-03-29 11:59:59.999000+00:00,183121495.9847724,83322,1783.241769,103144315.3213582,0
2021-03-29 12:00:00+00:00,57854.14,58405.82,57792.05,58035.18,3524.585427,2021-03-29 12:59:59.999000+00:00,204922801.0619114,104038,1912.608902,111202240.97322647,0
2021-03-29 13:00:00+00:00,58035.19,58200.0,57808.8,57960.17,2105.236427,2021-03-29 13:59:59.999000+00:00,122113580.99902324,70519,1088.529196,63138292.93043591,0
2021-03-29 14:00:00+00:00,57960.65,58174.24,57837.83,58130.06,3009.312864,2021-03-29 14:59:59.999000+00:00,174710051.4018401,81033,1576.546416,91529961.34626998,0
2021-03-29 15:00:00+00:00,58130.05,58182.13,57267.98,57719.74,6372.193904,2021-03-29 15:59:59.999000+00:00,367698873.4418674,119376,2750.832582,158620090.59605363,0
2021-03-29 16:00:00+00:00,57719.74,57845.0,57170.0,57624.77,3104.75509,2021-03-29 16:59:59.999000+00:00,178757579.06012565,112954,1450.198614,83505593.05370778,0
2021-03-29 17:00:00+00:00,57622.63,58290.0,57571.42,57924.69,3251.681483,2021-03-29 17:59:59.999000+00:00,188539539.19729036,129259,1743.423008,101091142.61955895,0
2021-03-29 18:00:00+00:00,57924.69,58021.19,57561.22,57819.99,2358.379227,2021-03-29 18:59:59.999000+00:00,136323805.24272665,74306,1182.069097,68327740.25483105,0
2021-03-29 19:00:00+00:00,57820.0,57870.01,57317.02,57676.42,2131.841296,2021-03-29 19:59:59.999000+00:00,122920792.15640928,69948,1014.502264,58501397.22307647,0
2021-03-29 20:00:00+00:00,57676.41,57733.95,57103.43,57277.13,2539.76849,2021-03-29 20:59:59.999000+00:00,145862942.49307925,71736,1220.825652,70127618.82793777,0
2021-03-29 21:00:00+00:00,57281.79,57641.47,57160.0,57547.6,1773.72325,2021-03-29 21:59:59.999000+00:00,101843500.17786627,68698,930.680279,53443616.66314266,0
2021-03-29 22:00:00+00:00,57547.6,57900.0,57478.74,57747.01,1508.923297,2021-03-29 22:59:59.999000+00:00,87089305.83361645,53386,683.249839,39440004.75300571,0
2021-03-29 23:00:00+00:00,57747.0,57782.2,57297.31,57635.47,1454.141591,2021-03-29 23:59:59.999000+00:00,83720040.38186638,85887,652.304511,37556834.65844935,0
2021-03-30 00:00:00+00:00,57635.46,57769.01,57405.23,57520.41,1518.865216,2021-03-30 00:59:59.999000+00:00,87465062.91814268,48026,729.824368,42027940.79360449,0
2021-03-30 01:00:00+00:00,57520.41,57612.4,57259.48,57439.67,2383.174636,2021-03-30 01:59:59.999000+00:00,136867004.9128757,47284,859.341334,49351905.02889852,0
2021-03-30 02:00:00+00:00,57439.67,57450.0,57175.02,57322.02,1655.608498,2021-03-30 02:59:59.999000+00:00,94837975.508201,43755,789.680751,45232343.69098869,0
2021-03-30 03:00:00+00:00,57322.84,57391.74,57117.36,57181.33,1542.713985,2021-03-30 03:59:59.999000+00:00,88314309.2835552,50051,678.571679,38843352.44940175,0
2021-03-30 04:00:00+00:00,57181.33,57839.16,57071.35,57567.01,2296.115065,2021-03-30 04:59:59.999000+00:00,131847984.286453,53331,1022.344226,58709715.58729569,0
2021-03-30 05:00:00+00:00,57567.01,57692.97,57369.5,57670.13,1700.34384,2021-03-30 05:59:59.999000+00:00,97798019.8936686,45992,879.173706,50572579.09743021,0
2021-03-30 06:00:00+00:00,57670.14,58277.0,57505.49,58056.0,2326.61064,2021-03-30 06:59:59.999000+00:00,134751998.9481039,65792,1296.156937,75094362.00608593,0
2021-03-30 07:00:00+00:00,58056.01,58272.6,57938.38,58116.17,2286.435783,2021-03-30 07:59:59.999000+00:00,132842065.8569062,89608,1100.258182,63930632.08591835,0
2021-03-30 08:00:00+00:00,58116.16,58200.0,57726.72,57940.0,2180.462041,2021-03-30 08:59:59.999000+00:00,126375544.28008422,65215,1085.041345,62887334.52707004,0
2021-03-30 09:00:00+00:00,57940.0,58923.26,57842.82,58873.91,4935.511609,2021-03-30 09:59:59.999000+00:00,288798913.0436248,117981,2774.32116,162370557.67149478,0
2021-03-30 10:00:00+00:00,58873.91,59335.0,58625.0,58842.87,5932.477265,2021-03-30 10:59:59.999000+00:00,350371808.64148617,148029,3135.481999,185186684.0127021,0
2021-03-30 11:00:00+00:00,58842.87,59246.93,58837.6,59240.34,2607.64886,2021-03-30 11:59:59.999000+00:00,153932693.35447708,77002,1462.824575,86361226.59975722,0
2021-03-30 12:00:00+00:00,59240.33,59368.0,59015.32,59112.81,2817.346731,2021-03-30 12:59:59.999000+00:00,166730083.48264003,80325,1528.225157,90444899.2544735,0
2021-03-30 13:00:00+00:00,59112.81,59265.18,58819.19,58890.01,3403.891044,2021-03-30 13:59:59.999000+00:00,200801285.2860124,87357,1526.73265,90072826.99409722,0
2021-03-30 14:00:00+00:00,58890.01,58999.14,58626.92,58865.9,2524.060038,2021-03-30 14:59:59.999000+00:00,148462062.65103608,84866,1232.675075,72506202.06124762,0
2021-03-30 15:00:00+00:00,58865.9,58948.4,58500.0,58526.42,2265.278432,2021-03-30 15:59:59.999000+00:00,133010137.85156952,68431,1081.48309,63513212.35139124,0
2021-03-30 16:00:00+00:00,58526.43,58825.0,58470.0,58698.26,2018.91882,2021-03-30 16:59:59.999000+00:00,118411705.78234948,68812,955.857551,56070177.48376798,0
2021-03-30 17:00:00+00:00,58698.26,58888.0,58656.71,58700.0,1371.586003,2021-03-30 17:59:59.999000+00:00,80626365.56949212,51314,686.191654,40336960.28473891,0
2021-03-30 18:00:00+00:00,58699.99,59107.84,58699.99,58853.02,1916.959052,2021-03-30 18:59:59.999000+00:00,113014689.52405256,58984,1128.643433,66551057.1502887,0
2021-03-30 19:00:00+00:00,58853.02,59060.0,58700.0,59060.0,1508.342789,2021-03-30 19:59:59.999000+00:00,88829363.90160432,50704,808.934198,47645503.91391312,0
2021-03-30 20:00:00+00:00,59060.0,59086.65,58380.02,58627.0,2548.967892,2021-03-30 20:59:59.999000+00:00,149425767.9007841,73902,1091.992536,64049218.63463485,0
2021-03-30 21:00:00+00:00,58627.0,58840.0,58542.18,58722.88,833.346344,2021-03-30 21:59:59.999000+00:00,48899761.22614474,45462,424.176971,24891465.58338964,0
2021-03-30 22:00:00+00:00,58722.89,58900.0,58615.0,58682.41,1112.28554,2021-03-30 22:59:59.999000+00:00,65351002.59584944,47622,524.665192,30826197.05793409,0
2021-03-30 23:00:00+00:00,58682.41,58769.96,58531.7,58746.57,1435.492999,2021-03-30 23:59:59.999000+00:00,84178500.75591707,42899,738.928911,43336303.60937723,0
2021-03-31 00:00:00+00:00,58746.57,59015.0,58631.65,58991.52,1856.658978,2021-03-31 00:59:59.999000+00:00,109296782.4907042,50873,1007.805822,59334863.41574539,0
2021-03-31 01:00:00+00:00,58991.52,59050.0,58799.81,58885.76,1462.525429,2021-03-31 01:59:59.999000+00:00,86169707.05261345,69577,704.269482,41495303.39039286,0
2021-03-31 02:00:00+00:00,58885.76,58913.74,58638.0,58646.12,1675.452499,2021-03-31 02:59:59.999000+00:00,98498070.28046076,62156,799.097762,46975424.69170163,0
2021-03-31 03:00:00+00:00,58646.11,58714.28,58369.0,58608.63,2120.525417,2021-03-31 03:59:59.999000+00:00,124137053.4094424,67770,830.772752,48640734.74089529,0
2021-03-31 04:00:00+00:00,58608.62,58779.63,58476.81,58716.86,1677.411188,2021-03-31 04:59:59.999000+00:00,98367051.5398562,89192,719.620035,42193412.16569014,0
2021-03-31 05:00:00+00:00,58716.87,58719.0,58550.0,58710.95,1450.802838,2021-03-31 05:59:59.999000+00:00,85028068.69057727,55520,723.821568,42417111.64578463,0
2021-03-31 06:00:00+00:00,58710.96,59800.0,58651.08,59687.56,3882.816028,2021-03-31 06:59:59.999000+00:00,230554277.57013243,122063,2264.648834,134482173.04852253,0
2021-03-31 07:00:00+00:00,59687.56,59800.0,57500.18,58173.83,4724.353821,2021-03-31 07:59:59.999000+00:00,277638882.9286628,130942,2242.195206,131899837.78532273,0
2021-03-31 08:00:00+00:00,58173.82,58275.45,56769.0,57975.33,6030.926289,2021-03-31 08:59:59.999000+00:00,347871145.5552212,164094,2797.412718,161410102.28062567,0
2021-03-31 09:00:00+00:00,57983.77,58263.87,57697.22,57959.05,2145.270576,2021-03-31 09:59:59.999000+00:00,124345771.92504255,62110,929.343402,53887503.04761828,0
2021-03-31 10:00:00+00:00,57959.05,58088.66,57254.9,57718.44,2719.462638,2021-03-31 10:59:59.999000+00:00,156807399.0201394,73737,1304.840433,75244264.49328016,0
2021-03-31 11:00:00+00:00,57718.44,58137.01,57630.63,58015.02,1758.377291,2021-03-31 11:59:59.999000+00:00,101869366.29738323,56290,900.705395,52179882.36324988,0
2021-03-31 12:00:00+00:00,58015.02,58326.01,57641.06,58159.98,2438.468929,2021-03-31 12:59:59.999000+00:00,141585307.26241323,67917,1226.436564,71218887.68414101,0
2021-03-31 13:00:00+00:00,58159.99,58813.1,58059.02,58598.55,2612.024261,2021-03-31 13:59:59.999000+00:00,152728839.07119545,81208,1426.748932,83424079.83187164,0
2021-03-31 14:00:00+00:00,58598.55,58783.63,58370.2,58588.16,1701.220057,2021-03-31 14:59:59.999000+00:00,99654763.16196278,60649,802.356694,47001346.66996654,0
2021-03-31 15:00:00+00:00,58588.15,59430.54,58586.73,59304.75,3850.195299,2021-03-31 15:59:59.999000+00:00,227594348.75084856,114524,2062.22434,121908008.9149421,0
2021-03-31 16:00:00+00:00,59304.76,59648.52,58782.8,59000.0,3236.754261,2021-03-31 16:59:59.999000+00:00,191676527.0081468,102849,1758.157558,104160176.44341032,0
2021-03-31 17:00:00+00:00,58999.99,59269.03,58880.0,59251.99,2257.738723,2021-03-31 17:59:59.999000+00:00,133352749.95385356,69215,1492.089095,88128255.27330305,0
2021-03-31 18:00:00+00:00,59251.99,59585.61,59165.85,59299.45,2328.760264,2021-03-31 18:59:59.999000+00:00,138240288.4622717,79040,1350.030232,80136456.8166459,0
2021-03-31 19:00:00+00:00,59304.45,59567.28,58453.3,58553.12,3276.305903,2021-03-31 19:59:59.999000+00:00,193887301.21751744,97127,1740.881816,103076769.90146989,0
2021-03-31 20:00:00+00:00,58553.12,59087.0,58328.55,58934.6,3283.190916,2021-03-31 20:59:59.999000+00:00,192746174.5738344,86303,1756.558164,103123186.26419528,0
2021-03-31 21:00:00+00:00,58935.1,59289.45,58700.0,58940.5,1671.199727,2021-03-31 21:59:59.999000+00:00,98577068.47579318,68641,866.580653,51119834.72804941,0
2021-03-31 22:00:00+00:00,58940.5,59009.85,58558.0,58621.94,1447.622712,2021-03-31 22:59:59.999000+00:00,85052315.52218886,48355,715.999322,42068025.01783044,0
2021-03-31 23:00:00+00:00,58621.94,58895.2,58540.0,58740.55,1367.478622,2021-03-31 23:59:59.999000+00:00,80296823.58431382,48072,652.216408,38297152.29579528,0
2021-04-01 00:00:00+00:00,58739.46,59240.07,58720.82,59221.95,1834.685608,2021-04-01 00:59:59.999000+00:00,108266228.54735336,68073,913.288391,53894606.46228596,0
2021-04-01 01:00:00+00:00,59221.95,59314.53,58931.43,59143.72,1518.676507,2021-04-01 01:59:59.999000+00:00,89846706.33347172,81719,700.622775,41446257.43130713,0
2021-04-01 02:00:00+00:00,59139.74,59309.44,59014.9,59086.99,1220.337644,2021-04-01 02:59:59.999000+00:00,72181365.68744773,51296,612.810667,36248422.23044715,0
2021-04-01 03:00:00+00:00,59086.99,59165.28,58941.56,59119.02,1307.393155,2021-04-01 03:59:59.999000+00:00,77169960.29973513,41711,681.090775,40199963.22326041,0
2021-04-01 04:00:00+00:00,59119.02,59232.59,58622.0,58869.99,1695.238357,2021-04-01 04:59:59.999000+00:00,99949376.39632544,49312,794.248012,46819096.36751709,0
2021-04-01 05:00:00+00:00,58869.99,58970.0,58660.65,58764.79,1547.236392,2021-04-01 05:59:59.999000+00:00,91027694.05873184,45217,763.545946,44918462.07615538,0
2021-04-01 06:00:00+00:00,58764.79,59032.34,58659.02,58731.61,1408.450131,2021-04-01 06:59:59.999000+00:00,82931811.82397667,49646,676.608542,39840271.48289874,0
2021-04-01 07:00:00+00:00,58734.41,58937.37,58500.2,58817.77,2069.410493,2021-04-01 07:59:59.999000+00:00,121571220.60253704,61865,879.822377,51683401.26529353,0
2021-04-01 08:00:00+00:00,58817.78,59490.0,58564.0,58839.7,3323.162872,2021-04-01 08:59:59.999000+00:00,196317594.1505488,87496,1681.425144,99361617.28035285,0
2021-04-01 09:00:00+00:00,58839.7,59256.42,58722.01,58820.19,2131.291897,2021-04-01 09:59:59.999000+00:00,125623138.48567492,61647,968.43842,57083165.62469944,0
2021-04-01 10:00:00+00:00,58820.19,58974.34,58500.0,58630.99,2801.287684,2021-04-01 10:59:59.999000+00:00,164429809.5795092,70995,1314.103045,77150475.21238661,0
2021-04-01 11:00:00+00:00,58628.86,58695.99,58115.0,58584.32,3703.85432,2021-04-01 11:59:59.999000+00:00,216415426.9331748,114282,1693.946659,98976647.21076272,0
2021-04-01 12:00:00+00:00,58584.32,58740.86,58375.0,58730.06,1872.099775,2021-04-01 12:59:59.999000+00:00,109719704.18199052,93468,933.258814,54698319.9897164,0
2021-04-01 13:00:00+00:00,58730.07,59111.74,58712.0,58930.34,2362.826328,2021-04-01 13:59:59.999000+00:00,139274947.9047924,65356,1238.907917,73027685.89314164,0
2021-04-01 14:00:00+00:00,58930.34,59088.0,58771.17,58999.86,1974.247816,2021-04-01 14:59:59.999000+00:00,116359191.94430608,67920,1046.176905,61659086.43718222,0
2021-04-01 15:00:00+00:00,58999.86,59263.3,58935.0,58974.65,2198.460689,2021-04-01 15:59:59.999000+00:00,129874041.49706508,68349,1058.922753,62561133.28688672,0
2021-04-01 16:00:00+00:00,58974.66,59146.77,58646.0,58754.87,2114.62954,2021-04-01 16:59:59.999000+00:00,124418936.8492034,66989,1020.276206,60037471.81695828,0
2021-04-01 17:00:00+00:00,58754.87,58850.62,58317.33,58501.63,2095.048857,2021-04-01 17:59:59.999000+00:00,122774054.39296116,79654,998.257885,58506624.25283651,0
2021-04-01 18:00:00+00:00,58501.63,58824.16,57935.45,58716.56,3236.404283,2021-04-01 18:59:59.999000+00:00,189056924.69909847,130638,1590.359372,92922031.99953371,0
2021-04-01 19:00:00+00:00,58716.56,58953.24,58599.67,58918.99,1713.885477,2021-04-01 19:59:59.999000+00:00,100773944.16053925,58099,816.334876,47994209.15225303,0
2021-04-01 20:00:00+00:00,58918.99,59033.0,58621.59,58854.75,1688.139485,2021-04-01 20:59:59.999000+00:00,99457994.98005415,55670,798.694738,47060968.14444508,0
2021-04-01 21:00:00+00:00,58854.75,58936.15,58544.16,58760.67,955.134015,2021-04-01 21:59:59.999000+00:00,56108034.73872437,47518,469.705039,27591540.21554817,0
2021-04-01 22:00:00+00:00,58760.68,59054.72,58524.7,59007.28,1328.613375,2021-04-01 22:59:59.999000+00:00,78247158.8606974,40131,627.43261,36956933.74238966,0
2021-04-01 23:00:00+00:00,59007.29,59069.74,58700.0,58720.44,1315.10252,2021-04-01 23:59:59.999000+00:00,77443612.83545448,37380,687.978868,40513307.09396353,0
2021-04-02 00:00:00+00:00,58720.45,58885.93,58455.1,58648.62,1936.788412,2021-04-02 00:59:59.999000+00:00,113620391.01669423,56755,929.53944,54528844.86667165,0
2021-04-02 01:00:00+00:00,58648.62,59029.0,58633.87,58891.26,1785.573223,2021-04-02 01:59:59.999000+00:00,105073868.48723112,48134,868.344128,51100373.05914718,0
2021-04-02 02:00:00+00:00,58891.25,60200.0,58842.28,59718.72,7510.632223,2021-04-02 02:59:59.999000+00:00,448366753.7955957,188147,4532.36892,270623393.02129966,0
2021-04-02 03:00:00+00:00,59718.09,60036.76,59567.26,59869.79,2729.722394,2021-04-02 03:59:59.999000+00:00,163254682.95581895,66725,1282.953083,76728771.44512807,0
2021-04-02 04:00:00+00:00,59869.79,59997.0,59425.03,59562.12,1828.780728,2021-04-02 04:59:59.999000+00:00,109145898.13120776,57248,887.004915,52942470.72143359,0
2021-04-02 05:00:00+00:00,59562.12,59688.08,59381.04,59554.69,1564.615073,2021-04-02 05:59:59.999000+00:00,93137433.46813488,92632,777.439078,46279151.30998548,0
2021-04-02 06:00:00+00:00,59554.68,59649.33,59307.35,59527.58,1673.632487,2021-04-02 06:59:59.999000+00:00,99580625.79040596,80659,851.011177,50631653.29255517,0
2021-04-02 07:00:00+00:00,59527.58,59741.65,59417.63,59417.63,1750.198301,2021-04-02 07:59:59.999000+00:00,104358535.0341727,53275,851.48526,50769563.76958547,0
2021-04-02 08:00:00+00:00,59421.21,59645.19,59414.46,59483.5,1526.491262,2021-04-02 08:59:59.999000+00:00,90830307.7193011,60610,765.005556,45519342.97484418,0
2021-04-02 09:00:00+00:00,59483.5,59685.0,59218.0,59621.01,1775.679026,2021-04-02 09:59:59.999000+00:00,105616338.53721608,70531,842.857219,50140126.68398831,0
2021-04-02 10:00:00+00:00,59621.02,59659.09,59449.0,59597.49,1164.609002,2021-04-02 10:59:59.999000+00:00,69371851.04958062,50286,585.685711,34886396.25029384,0
2021-04-02 11:00:00+00:00,59597.48,59660.3,59406.18,59542.78,1132.501932,2021-04-02 11:59:59.999000+00:00,67417986.83098745,48835,549.706536,32723572.19209429,0
2021-04-02 12:00:00+00:00,59542.78,59600.0,59203.77,59491.3,1690.767565,2021-04-02 12:59:59.999000+00:00,100436320.90763398,60372,863.580025,51298828.59721496,0
2021-04-02 13:00:00+00:00,59491.3,59516.63,58827.66,59204.99,2231.891287,2021-04-02 13:59:59.999000+00:00,132100825.53299671,78669,1030.484378,61007450.62679266,0
2021-04-02 14:00:00+00:00,59205.0,59382.66,59050.0,59363.17,2251.262649,2021-04-02 14:59:59.999000+00:00,133330663.50690743,95649,1083.421422,64168145.83504162,0
2021-04-02 15:00:00+00:00,59357.65,59624.86,59340.01,59480.06,2034.308974,2021-04-02 15:59:59.999000+00:00,121034448.70570676,74055,984.223564,58559664.46034873,0
2021-04-02 16:00:00+00:00,59480.06,59600.0,59152.57,59270.47,1840.208831,2021-04-02 16:59:59.999000+00:00,109255997.76987916,77504,905.009682,53736609.33344832,0
2021-04-02 17:00:00+00:00,59270.46,59274.27,59082.0,59180.02,1509.056432,2021-04-02 17:59:59.999000+00:00,89272023.25473735,62223,735.930892,43534274.27768547,0
2021-04-02 18:00:00+00:00,59180.02,59280.45,59000.0,59087.7,1182.255519,2021-04-02 18:59:59.999000+00:00,69909140.65895729,55375,548.417074,32431550.92158007,0
2021-04-02 19:00:00+00:00,59087.71,59087.71,58525.01,58850.0,2861.244906,2021-04-02 19:59:59.999000+00:00,168284012.69225684,82879,1293.964758,76106106.04224339,0
2021-04-02 20:00:00+00:00,58850.0,58948.0,58568.63,58670.64,1457.097174,2021-04-02 20:59:59.999000+00:00,85656960.61486447,54812,684.187662,40219167.19936115,0
2021-04-02 21:00:00+00:00,58670.65,58883.19,58428.57,58739.13,1396.23593,2021-04-02 21:59:59.999000+00:00,81918413.14312437,58285,611.204903,35871521.27781069,0
2021-04-02 22:00:00+00:00,58739.12,58927.03,58639.17,58816.21,1037.773084,2021-04-02 22:59:59.999000+00:00,61040461.01042565,42265,514.909647,30285520.95862962,0
2021-04-02 23:00:00+00:00,58816.21,59219.0,58733.97,58950.01,1511.092367,2021-04-02 23:59:59.999000+00:00,89145820.6546307,50431,716.960124,42301230.71358561,0
2021-04-03 00:00:00+00:00,58950.01,59450.08,58931.3,59387.13,1706.898053,2021-04-03 00:59:59.999000+00:00,101095846.62444408,58524,888.878462,52645877.34044732,0
2021-04-03 01:00:00+00:00,59387.13,59391.76,59003.0,59254.98,1295.372272,2021-04-03 01:59:59.999000+00:00,76718816.44156344,49075,627.161216,37138314.45172978,0
2021-04-03 02:00:00+00:00,59254.98,59410.15,59124.32,59408.2,1232.436973,2021-04-03 02:59:59.999000+00:00,73045391.11585644,39318,637.031041,37756780.25937485,0
2021-04-03 03:00:00+00:00,59408.2,59430.0,59153.16,59221.53,944.716561,2021-04-03 03:59:59.999000+00:00,55999404.67313573,34063,434.407375,25750302.64786449,0
2021-04-03 04:00:00+00:00,59221.52,59463.17,59191.98,59394.92,1092.556173,2021-04-03 04:59:59.999000+00:00,64817334.80335382,35804,588.554643,34919037.63709084,0
2021-04-03 05:00:00+00:00,59394.93,59531.74,59319.93,59466.37,1151.514362,2021-04-03 05:59:59.999000+00:00,68457671.1276933,42122,626.227187,37229774.62950828,0
2021-04-03 06:00:00+00:00,59466.38,59525.0,59180.0,59410.96,1413.416522,2021-04-03 06:59:59.999000+00:00,83891918.68163826,51964,677.369755,40204597.82041524,0
2021-04-03 07:00:00+00:00,59410.95,59438.59,59275.0,59298.85,1481.484973,2021-04-03 07:59:59.999000+00:00,87916039.35047811,45758,804.544991,47746727.83032167,0
2021-04-03 08:00:00+00:00,59301.8,59791.72,58750.96,59028.65,3131.957995,2021-04-03 08:59:59.999000+00:00,185831603.93613008,93421,1563.123247,92790384.67397691,0
2021-04-03 09:00:00+00:00,59028.65,59437.91,58814.28,59423.9,1553.857246,2021-04-03 09:59:59.999000+00:00,91868057.16771115,56120,789.157196,46665783.44434717,0
2021-04-03 10:00:00+00:00,59423.9,59700.0,59338.14,59338.14,1874.845695,2021-04-03 10:59:59.999000+00:00,111608187.78602764,67809,1015.060137,60426688.84690258,0
2021-04-03 11:00:00+00:00,59339.85,59461.28,59194.0,59255.02,1336.032807,2021-04-03 11:59:59.999000+00:00,79288346.44081719,49147,621.753407,36899891.6624205,0
2021-04-03 12:00:00+00:00,59256.07,59415.04,59124.83,59254.76,1259.255801,2021-04-03 12:59:59.999000+00:00,74638613.84320255,48108,617.065754,36574186.45917744,0
2021-04-03 13:00:00+00:00,59254.75,59454.83,59156.4,59414.8,1291.151812,2021-04-03 13:59:59.999000+00:00,76604757.32959098,59860,695.602057,41272207.05736827,0
2021-04-03 14:00:00+00:00,59414.8,59454.71,59119.0,59144.38,1801.314135,2021-04-03 14:59:59.999000+00:00,106812047.674902,58782,885.6089,52514988.14674243,0
2021-04-03 15:00:00+00:00,59146.38,59248.18,58800.0,58829.99,2429.329924,2021-04-03 15:59:59.999000+00:00,143454976.24353096,81070,1107.977974,65443801.46439921,0
2021-04-03 16:00:00+00:00,58829.99,59143.71,58600.0,58809.74,2625.33302,2021-04-03 16:59:59.999000+00:00,154591849.30653524,131675,1202.64389,70828373.06710973,0
2021-04-03 17:00:00+00:00,58809.74,58811.14,58177.77,58210.13,3433.071237,2021-04-03 17:59:59.999000+00:00,200816618.3741132,121555,1489.658156,87137528.60828328,0
2021-04-03 18:00:00+00:00,58208.33,58483.9,57707.7,58455.36,3619.77905,2021-04-03 18:59:59.999000+00:00,210638031.11384535,102735,1646.14291,95834596.20444489,0
2021-04-03 19:00:00+00:00,58455.36,58748.76,58160.34,58597.04,1923.092472,2021-04-03 19:59:59.999000+00:00,112402388.23899288,61289,939.645013,54929062.53381531,0
2021-04-03 20:00:00+00:00,58597.04,58597.04,57851.28,58054.15,1767.463495,2021-04-03 20:59:59.999000+00:00,102912805.8319244,60384,770.344814,44855173.16427406,0
2021-04-03 21:00:00+00:00,58054.16,58262.3,57500.0,57631.28,2312.683097,2021-04-03 21:59:59.999000+00:00,133876741.0037893,88615,1031.548417,59731997.18657785,0
2021-04-03 22:00:00+00:00,57631.28,57784.19,57088.27,57556.75,3075.478671,2021-04-03 22:59:59.999000+00:00,176641914.34173593,90698,1344.621106,77228270.95559256,0
2021-04-03 23:00:00+00:00,57556.76,57800.0,56880.0,57051.94,3656.809767,2021-04-03 23:59:59.999000+00:00,209222324.713525,78909,2053.839369,117435918.52977791,0
2021-04-04 00:00:00+00:00,57051.95,57269.92,56507.91,56600.0,3651.491736,2021-04-04 00:59:59.999000+00:00,207554470.16439116,87692,1859.388941,105659972.51602672,0
2021-04-04 01:00:00+00:00,56600.0,57153.74,56388.0,56933.46,3526.29084,2021-04-04 01:59:59.999000+00:00,200130948.80140743,72294,1864.853238,105832189.71667024,0
2021-04-04 02:00:00+00:00,56933.47,57551.0,56933.46,57363.48,1864.771643,2021-04-04 02:59:59.999000+00:00,106812991.78012764,47481,870.1463,49835017.18693407,0
2021-04-04 03:00:00+00:00,57363.48,57583.32,57200.0,57492.42,1419.349385,2021-04-04 03:59:59.999000+00:00,81416458.8798346,36814,728.957499,41814364.42190438,0
2021-04-04 04:00:00+00:00,57492.42,57723.48,57380.95,57547.52,1331.258877,2021-04-04 04:59:59.999000+00:00,76575653.97656296,38240,678.156203,39014658.59880345,0
2021-04-04 05:00:00+00:00,57547.52,57650.0,57290.0,57477.08,1166.244527,2021-04-04 05:59:59.999000+00:00,67042726.378842,38728,539.430603,31012665.29291523,0
2021-04-04 06:00:00+00:00,57473.71,57548.28,57139.02,57439.98,1312.971027,2021-04-04 06:59:59.999000+00:00,75282090.04233935,46144,655.058844,37561738.05470218,0
2021-04-04 07:00:00+00:00,57439.97,57614.53,57248.79,57614.52,1413.14856,2021-04-04 07:59:59.999000+00:00,81152883.5773511,49662,709.218372,40730606.44976526,0
2021-04-04 08:00:00+00:00,57614.52,57688.92,57402.3,57429.84,1354.946568,2021-04-04 08:59:59.999000+00:00,77960770.5202001,52139,714.617874,41122084.36772464,0
2021-04-04 09:00:00+00:00,57429.84,57700.0,57429.84,57686.35,1511.276383,2021-04-04 09:59:59.999000+00:00,87046651.04562166,83981,784.663688,45193956.73188563,0
2021-04-04 10:00:00+00:00,57686.36,57787.79,57525.99,57708.05,1421.04842,2021-04-04 10:59:59.999000+00:00,81901404.3351325,64691,772.175462,44504735.4077886,0
2021-04-04 11:00:00+00:00,57708.05,57766.79,57033.85,57275.55,1616.44444,2021-04-04 11:59:59.999000+00:00,92950406.4355081,53975,755.436077,43453054.8625115,0
2021-04-04 12:00:00+00:00,57278.23,58000.0,57000.0,57755.08,2218.680018,2021-04-04 12:59:59.999000+00:00,127875866.33767582,86360,1123.631448,64779157.50480144,0
2021-04-04 13:00:00+00:00,57755.07,58166.46,57754.61,58128.14,1993.921527,2021-04-04 13:59:59.999000+00:00,115704344.25684808,66521,991.980202,57561297.90222914,0
2021-04-04 14:00:00+00:00,58128.15,58300.0,58010.41,58130.99,1653.289104,2021-04-04 14:59:59.999000+00:00,96113559.88185783,59133,821.854295,47779347.71352984,0
2021-04-04 15:00:00+00:00,58130.98,58492.85,57703.49,57918.11,2938.613648,2021-04-04 15:59:59.999000+00:00,170809979.3268707,92440,1429.602198,83115809.7884832,0
2021-04-04 16:00:00+00:00,57918.11,58097.54,57684.29,58030.89,2131.596668,2021-04-04 16:59:59.999000+00:00,123505770.93497612,86313,1104.270165,63984178.52143989,0
2021-04-04 17:00:00+00:00,58030.89,58280.0,58030.88,58179.03,1402.241097,2021-04-04 17:59:59.999000+00:00,81535887.98412536,77718,711.819248,41390518.98834471,0
2021-04-04 18:00:00+00:00,58179.03,58263.33,57959.3,58102.92,1238.78024,2021-04-04 18:59:59.999000+00:00,72016192.71273434,80505,617.856907,35920327.65001669,0
2021-04-04 19:00:00+00:00,58102.91,58184.01,57758.34,57953.86,1550.104287,2021-04-04 19:59:59.999000+00:00,89793120.87926143,81675,865.145767,50101857.59354548,0
2021-04-04 20:00:00+00:00,57953.86,58051.25,57826.16,58025.11,1240.209016,2021-04-04 20:59:59.999000+00:00,71854318.8115015,49347,559.519199,32420870.90050205,0
2021-04-04 21:00:00+00:00,58025.11,58184.0,57976.73,58116.69,987.374632,2021-04-04 21:59:59.999000+00:00,57343867.36022763,45218,435.11574,25267430.38769546,0
2021-04-04 22:00:00+00:00,58116.69,58199.15,57886.15,58129.22,1349.518591,2021-04-04 22:59:59.999000+00:00,78385241.80632477,46635,513.432284,29814268.27792642,0
2021-04-04 23:00:00+00:00,58129.22,58300.0,58106.78,58202.01,1020.510739,2021-04-04 23:59:59.999000+00:00,59373404.50051033,55407,502.803607,29253433.7437372,0
2021-04-05 00:00:00+00:00,58202.01,58387.35,57890.97,57908.13,2110.945386,2021-04-05 00:59:59.999000+00:00,122641807.43481828,74711,960.671736,55824836.89171628,0
2021-04-05 01:00:00+00:00,57908.14,57913.01,57638.33,57787.88,1850.541826,2021-04-05 01:59:59.999000+00:00,106906022.90876622,57758,927.96665,53603673.61876944,0
2021-04-05 02:00:00+00:00,57787.88,57816.32,57427.98,57595.45,1664.352968,2021-04-05 02:59:59.999000+00:00,95939326.44652703,57520,822.850056,47434021.40475484,0
2021-04-05 03:00:00+00:00,57595.44,57723.64,57320.0,57467.12,1655.241274,2021-04-05 03:59:59.999000+00:00,95306536.62789074,50436,818.454813,47124416.7356188,0
2021-04-05 04:00:00+00:00,57467.12,57618.0,57272.05,57284.99,1933.835659,2021-04-05 04:59:59.999000+00:00,111154821.37352864,55045,840.327976,48293946.5513024,0
2021-04-05 05:00:00+00:00,57285.19,57368.53,56855.55,56897.45,2536.408297,2021-04-05 05:59:59.999000+00:00,144920826.8701366,94805,1301.782876,74399151.02088407,0
2021-04-05 06:00:00+00:00,56897.45,57316.74,56790.57,57143.59,2513.578405,2021-04-05 06:59:59.999000+00:00,143485305.558654,120243,1226.372503,70011311.03733014,0
2021-04-05 07:00:00+00:00,57143.59,57371.42,56947.64,57250.0,1971.331091,2021-04-05 07:59:59.999000+00:00,112704148.1674044,101547,953.174949,54495075.35217711,0
2021-04-05 08:00:00+00:00,57250.0,57346.8,56777.77,57149.25,1865.587059,2021-04-05 08:59:59.999000+00:00,106498732.62194696,66304,912.245056,52080006.86144288,0
2021-04-05 09:00:00+00:00,57149.25,57550.0,56980.0,57539.15,1987.786041,2021-04-05 09:59:59.999000+00:00,113987631.56836651,67277,927.431049,53182134.70984913,0
2021-04-05 10:00:00+00:00,57539.14,57718.53,57324.77,57668.98,1667.359248,2021-04-05 10:59:59.999000+00:00,95829731.29592584,68855,838.940464,48218382.97274466,0
2021-04-05 11:00:00+00:00,57668.98,57766.84,57507.69,57756.36,1986.430246,2021-04-05 11:59:59.999000+00:00,114500846.35032424,73540,971.275439,55986401.94176387,0
2021-04-05 12:00:00+00:00,57756.36,58124.67,57754.67,57959.23,2666.575204,2021-04-05 12:59:59.999000+00:00,154466760.42662334,92865,1353.866256,78425087.93390994,0
2021-04-05 13:00:00+00:00,57959.22,58116.63,57746.74,58113.06,2510.4784,2021-04-05 13:59:59.999000+00:00,145498951.97996837,89587,1279.230445,74140490.1694337,0
2021-04-05 14:00:00+00:00,58113.07,59175.01,58113.06,59170.68,4931.302768,2021-04-05 14:59:59.999000+00:00,289270713.2084448,147422,2688.41601,157727067.17897707,0
2021-04-05 15:00:00+00:00,59173.64,59272.0,58850.0,59018.29,3402.24601,2021-04-05 15:59:59.999000+00:00,200810903.46043608,115231,1778.764599,104992709.8974908,0
2021-04-05 16:00:00+00:00,59020.0,59240.0,58853.14,58983.51,3483.467503,2021-04-05 16:59:59.999000+00:00,205709889.31491432,148090,1807.583353,106732967.23727603,0
2021-04-05 17:00:00+00:00,58983.51,59078.69,58610.0,58954.6,2683.09487,2021-04-05 17:59:59.999000+00:00,157893319.9748855,124755,1414.164246,83222187.67825344,0
2021-04-05 18:00:00+00:00,58954.6,59032.99,58732.08,58876.29,1600.890593,2021-04-05 18:59:59.999000+00:00,94255296.00765908,69581,787.823312,46381767.33577778,0
2021-04-05 19:00:00+00:00,58876.3,59089.4,58800.0,59005.2,1834.250144,2021-04-05 19:59:59.999000+00:00,108124883.87390408,68765,931.869846,54931599.43929279,0
2021-04-05 20:00:00+00:00,59005.21,59100.0,58737.7,58770.61,2148.099702,2021-04-05 20:59:59.999000+00:00,126623929.33916873,75718,1078.263033,63556819.45106572,0
2021-04-05 21:00:00+00:00,58773.16,58880.0,58479.59,58664.04,1663.675369,2021-04-05 21:59:59.999000+00:00,97637748.547011,79078,861.299404,50551889.43385828,0
2021-04-05 22:00:00+00:00,58664.04,58967.0,58664.04,58877.18,1717.467965,2021-04-05 22:59:59.999000+00:00,101018762.96289864,68264,839.329239,49368539.76356095,0
2021-04-05 23:00:00+00:00,58877.18,59130.0,58533.1,59129.99,1873.069762,2021-04-05 23:59:59.999000+00:00,110027867.84428224,68480,947.38938,55660302.93691873,0
2021-04-06 00:00:00+00:00,59129.99,59479.0,59043.47,59356.23,3279.189201,2021-04-06 00:59:59.999000+00:00,194343459.73908257,152874,1901.237815,112687945.8043371,0
2021-04-06 01:00:00+00:00,59356.23,59495.24,58728.1,58800.01,2467.891456,2021-04-06 01:59:59.999000+00:00,145847131.09748545,85771,1220.331439,72133692.13338514,0
2021-04-06 02:00:00+00:00,58800.02,58868.96,58635.72,58745.27,1448.834443,2021-04-06 02:59:59.999000+00:00,85138790.92258503,48958,716.536815,42105268.38229724,0
2021-04-06 03:00:00+00:00,58745.28,58947.35,58600.0,58608.7,1203.320036,2021-04-06 03:59:59.999000+00:00,70741421.87084173,40996,563.560418,33131122.64648273,0
2021-04-06 04:00:00+00:00,58610.19,58894.05,58601.87,58794.93,1716.387852,2021-04-06 04:59:59.999000+00:00,100872433.5390938,50263,1071.373838,62961719.82290187,0
2021-04-06 05:00:00+00:00,58794.94,59031.66,58755.56,58867.32,1359.193267,2021-04-06 05:59:59.999000+00:00,80023176.11163121,54488,638.440125,37586586.43930476,0
2021-04-06 06:00:00+00:00,58867.31,58969.01,58618.0,58843.53,1690.611394,2021-04-06 06:59:59.999000+00:00,99413252.4299353,66096,823.624002,48430864.45671968,0
2021-04-06 07:00:00+00:00,58843.52,58928.23,58349.0,58576.59,2311.422694,2021-04-06 07:59:59.999000+00:00,135562024.01830965,78764,1009.271497,59204330.39484188,0
2021-04-06 08:00:00+00:00,58576.59,59000.0,58300.0,58487.37,3332.731056,2021-04-06 08:59:59.999000+00:00,195511547.20449445,125882,1674.510244,98248455.27694798,0
2021-04-06 09:00:00+00:00,58487.38,58747.74,58419.75,58685.53,1787.072226,2021-04-06 09:59:59.999000+00:00,104749655.45361651,74654,904.46427,53014288.70339668,0
2021-04-06 10:00:00+00:00,58681.85,58752.93,58333.02,58365.0,2565.717795,2021-04-06 10:59:59.999000+00:00,150288800.0163608,101545,1177.29568,68967753.48220558,0
2021-04-06 11:00:00+00:00,58365.0,58720.0,58325.08,58541.34,2278.841791,2021-04-06 11:59:59.999000+00:00,133220945.03120495,93378,1144.832633,66933961.18802374,0
2021-04-06 12:00:00+00:00,58541.34,58998.0,58442.89,58471.92,3288.81116,2021-04-06 12:59:59.999000+00:00,193173056.54615995,110056,1702.804528,100023249.46721944,0
2021-04-06 13:00:00+00:00,58471.93,58677.91,58342.0,58414.29,2445.677696,2021-04-06 13:59:59.999000+00:00,143118927.70042178,90654,1121.332435,65625154.79630643,0
2021-04-06 14:00:00+00:00,58414.29,58414.3,57413.02,57949.27,6536.601449,2021-04-06 14:59:59.999000+00:00,378076815.05389935,172035,2885.556488,166856352.67896476,0
2021-04-06 15:00:00+00:00,57949.27,58085.4,57622.0,57818.53,2531.959922,2021-04-06 15:59:59.999000+00:00,146488824.7350631,84347,1187.997088,68731266.34641126,0
2021-04-06 16:00:00+00:00,57818.54,58188.88,57722.23,58077.51,2469.880874,2021-04-06 16:59:59.999000+00:00,143300098.76704535,81132,1365.554234,79231946.26138337,0
2021-04-06 17:00:00+00:00,58077.51,58271.66,58000.0,58247.17,1774.688867,2021-04-06 17:59:59.999000+00:00,103216603.66508909,72777,901.362403,52423953.55902696,0
2021-04-06 18:00:00+00:00,58247.17,58267.45,57996.01,58238.78,1505.797414,2021-04-06 18:59:59.999000+00:00,87578197.96400274,63341,762.279097,44335484.28290119,0
2021-04-06 19:00:00+00:00,58238.78,58282.12,57996.0,58225.0,1655.440463,2021-04-06 19:59:59.999000+00:00,96236944.38640976,64439,829.327149,48211205.21161489,0
2021-04-06 20:00:00+00:00,58225.01,58311.91,57999.99,58211.84,1503.21866,2021-04-06 20:59:59.999000+00:00,87525926.89263271,63475,715.410048,41653488.28451568,0
2021-04-06 21:00:00+00:00,58211.85,58225.95,57555.0,57860.63,1961.883403,2021-04-06 21:59:59.999000+00:00,113671697.26365708,78391,988.734229,57302388.2740482,0
2021-04-06 22:00:00+00:00,57860.63,58040.34,57483.71,57887.24,1660.671452,2021-04-06 22:59:59.999000+00:00,96080375.59420817,57833,713.342256,41272493.66483717,0
2021-04-06 23:00:00+00:00,57887.24,58163.0,57832.34,57991.15,1425.156156,2021-04-06 23:59:59.999000+00:00,82731451.1449272,48364,680.019141,39466154.21998554,0
2021-04-07 00:00:00+00:00,57990.03,58200.01,57500.53,57639.29,2427.973637,2021-04-07 00:59:59.999000+00:00,140506260.74288547,77741,1221.953448,70727199.71950188,0
2021-04-07 01:00:00+00:00,57639.29,57685.99,57161.86,57510.84,2542.119404,2021-04-07 01:59:59.999000+00:00,146081011.08663556,71634,1096.504547,63011998.60783169,0
2021-04-07 02:00:00+00:00,57510.84,57926.82,57475.86,57784.7,1604.510184,2021-04-07 02:59:59.999000+00:00,92625349.60018136,50552,826.421626,47702294.39278798,0
2021-04-07 03:00:00+00:00,57784.7,58124.75,57677.68,57922.75,1594.895156,2021-04-07 03:59:59.999000+00:00,92354046.5860038,57342,906.143131,52475488.54599659,0
2021-04-07 04:00:00+00:00,57922.74,57975.73,57268.0,57645.61,2883.869038,2021-04-07 04:59:59.999000+00:00,165913923.39374372,78256,1252.580989,72096692.6437495,0
2021-04-07 05:00:00+00:00,57645.61,58317.06,57540.91,58285.99,2754.942848,2021-04-07 05:59:59.999000+00:00,159647372.22682473,80517,1544.82191,89540885.3981299,0
2021-04-07 06:00:00+00:00,58286.0,58655.0,57877.74,58059.53,3465.444177,2021-04-07 06:59:59.999000+00:00,201850167.83842888,101396,1738.842484,101296414.41172074,0
2021-04-07 07:00:00+00:00,58059.53,58093.01,57420.0,57850.57,3165.061413,2021-04-07 07:59:59.999000+00:00,182982137.39248425,106820,1541.839664,89143791.42564774,0
2021-04-07 08:00:00+00:00,57850.57,57938.77,57438.79,57749.03,2452.481874,2021-04-07 08:59:59.999000+00:00,141476677.28633568,85896,1193.748632,68866686.95114072,0
2021-04-07 09:00:00+00:00,57749.02,57820.01,57000.0,57466.61,4550.286088,2021-04-07 09:59:59.999000+00:00,261147626.30743527,129681,2290.328172,131478453.28320952,0
2021-04-07 10:00:00+00:00,57466.61,57610.6,56600.0,56787.52,3548.856089,2021-04-07 10:59:59.999000+00:00,202745038.49390644,107145,1659.304745,94815478.231328,0
2021-04-07 11:00:00+00:00,56787.51,57195.0,55700.0,56320.47,8173.364881,2021-04-07 11:59:59.999000+00:00,460284240.6901096,196878,3608.990149,203350119.67786625,0
2021-04-07 12:00:00+00:00,56320.47,56659.12,55612.0,56463.22,5088.776518,2021-04-07 12:59:59.999000+00:00,285820202.31889963,134225,2595.634996,145811292.02859896,0
2021-04-07 13:00:00+00:00,56463.23,56816.72,56335.45,56756.66,3705.192404,2021-04-07 13:59:59.999000+00:00,209763162.6442369,121828,1809.86428,102464890.1553821,0
2021-04-07 14:00:00+00:00,56753.13,56937.15,56571.44,56660.0,2747.71963,2021-04-07 14:59:59.999000+00:00,155955278.68335083,87480,1339.796449,76050120.35221194,0
2021-04-07 15:00:00+00:00,56660.0,56870.0,56275.0,56451.45,2486.231524,2021-04-07 15:59:59.999000+00:00,140697996.6734584,84069,1163.672844,65853620.70641641,0
2021-04-07 16:00:00+00:00,56451.46,56850.0,56170.51,56587.44,3262.581394,2021-04-07 16:59:59.999000+00:00,184509758.28735635,97788,1719.57223,97259067.48359811,0
2021-04-07 17:00:00+00:00,56587.44,56659.26,55972.33,56050.54,2938.065503,2021-04-07 17:59:59.999000+00:00,165368804.34592208,99506,1425.399368,80227237.4297662,0
2021-04-07 18:00:00+00:00,56054.22,56456.0,55827.7,55859.13,2354.86463,2021-04-07 18:59:59.999000+00:00,132157547.59326705,85897,1151.616137,64638407.57846248,0
2021-04-07 19:00:00+00:00,55859.13,56153.83,55473.0,56153.83,3776.246649,2021-04-07 19:59:59.999000+00:00,210636838.4361913,109655,1875.831706,104637748.140495,0
2021-04-07 20:00:00+00:00,56153.84,56250.0,55717.15,56249.99,1716.413018,2021-04-07 20:59:59.999000+00:00,96133384.54077058,69241,912.532231,51111470.9411539,0
2021-04-07 21:00:00+00:00,56250.0,56374.25,56071.99,56205.73,1261.306956,2021-04-07 21:59:59.999000+00:00,70964557.29408456,63214,614.588569,34578473.57731339,0
2021-04-07 22:00:00+00:00,56205.73,56560.29,56108.6,56452.88,1353.731444,2021-04-07 22:59:59.999000+00:00,76313143.79088408,56441,641.709411,36173170.08402377,0
2021-04-07 23:00:00+00:00,56452.89,56570.24,55865.11,55953.45,1373.4712,2021-04-07 23:59:59.999000+00:00,77359490.23111808,53231,605.884437,34127032.16229716,0
2021-04-08 00:00:00+00:00,55953.44,56520.0,55700.0,56429.2,2093.488934,2021-04-08 00:59:59.999000+00:00,117448209.07928228,65994,1075.410963,60327861.05867434,0
2021-04-08 01:00:00+00:00,56429.58,56700.0,56242.92,56504.14,1494.435156,2021-04-08 01:59:59.999000+00:00,84463562.4538701,44930,743.217182,41998761.33696362,0
2021-04-08 02:00:00+00:00,56504.13,56541.78,56200.3,56497.45,1474.04599,2021-04-08 02:59:59.999000+00:00,83065933.46214826,45336,640.672906,36101829.9526406,0
2021-04-08 03:00:00+00:00,56497.44,56654.14,56263.8,56540.62,1443.09607,2021-04-08 03:59:59.999000+00:00,81524248.81754692,45017,752.680638,42521500.75691397,0
2021-04-08 04:00:00+00:00,56540.62,57096.46,56529.78,56920.01,2321.525022,2021-04-08 04:59:59.999000+00:00,131885098.9763996,70203,1291.604806,73354241.37168784,0
2021-04-08 05:00:00+00:00,56920.0,57073.27,56800.0,56871.9,1595.619885,2021-04-08 05:59:59.999000+00:00,90870884.18410994,92872,699.770738,39851296.89755946,0
2021-04-08 06:00:00+00:00,56871.89,57280.0,56841.85,57125.99,1942.72265,2021-04-08 06:59:59.999000+00:00,110940940.93554509,74411,994.565484,56793587.97830697,0
2021-04-08 07:00:00+00:00,57125.98,57333.85,56995.0,57025.71,1839.241776,2021-04-08 07:59:59.999000+00:00,105077630.50400808,85042,899.148906,51369004.09486392,0
2021-04-08 08:00:00+00:00,57023.63,57267.49,56769.22,56893.04,1680.803421,2021-04-08 08:59:59.999000+00:00,95857265.3952257,67263,815.538519,46514971.30396957,0
2021-04-08 09:00:00+00:00,56893.05,57043.99,56600.0,56676.26,1661.339923,2021-04-08 09:59:59.999000+00:00,94409862.97051324,61995,822.958462,46767771.3335406,0
2021-04-08 10:00:00+00:00,56676.25,56844.87,56416.63,56738.09,2164.769464,2021-04-08 10:59:59.999000+00:00,122587089.91774064,85149,1074.399059,60841899.00449822,0
2021-04-08 11:00:00+00:00,56738.09,56767.0,56330.77,56421.18,2060.668222,2021-04-08 11:59:59.999000+00:00,116580545.23528056,84650,960.486199,54343831.35987409,0
2021-04-08 12:00:00+00:00,56421.17,57556.0,56311.77,57472.09,3327.120686,2021-04-08 12:59:59.999000+00:00,189846329.20798048,86053,1781.570741,101663502.07083435,0
2021-04-08 13:00:00+00:00,57472.08,57710.66,57256.81,57437.92,2879.673829,2021-04-08 13:59:59.999000+00:00,165417922.0023654,76531,1345.581663,77286013.27929494,0
2021-04-08 14:00:00+00:00,57437.93,57912.02,57350.93,57688.36,2848.446625,2021-04-08 14:59:59.999000+00:00,164278341.6206225,82866,1382.576439,79738340.71869163,0
2021-04-08 15:00:00+00:00,57688.37,57900.0,57549.62,57768.13,1894.423586,2021-04-08 15:59:59.999000+00:00,109326425.3902226,67942,962.155832,55525881.83192364,0
2021-04-08 16:00:00+00:00,57769.0,58000.0,57622.09,57722.47,2223.53353,2021-04-08 16:59:59.999000+00:00,128507708.44468892,120424,1118.636746,64658123.54138467,0
2021-04-08 17:00:00+00:00,57722.59,57813.28,57538.52,57749.09,1280.489124,2021-04-08 17:59:59.999000+00:00,73870123.27909602,67310,677.894272,39105841.26706292,0
2021-04-08 18:00:00+00:00,57749.09,58153.31,57682.01,57899.98,1904.283311,2021-04-08 18:59:59.999000+00:00,110332171.77808528,76054,1014.151227,58761629.29302929,0
2021-04-08 19:00:00+00:00,57899.98,58000.0,57617.04,57734.94,1320.715876,2021-04-08 19:59:59.999000+00:00,76333717.24477008,53711,643.572696,37199831.96428798,0
2021-04-08 20:00:00+00:00,57732.53,57824.49,57575.34,57674.17,1374.895109,2021-04-08 20:59:59.999000+00:00,79319030.49711895,56166,704.432156,40638647.2742596,0
2021-04-08 21:00:00+00:00,57674.18,57750.0,57449.04,57669.7,1033.366107,2021-04-08 21:59:59.999000+00:00,59497945.01054172,54419,507.52449,29223236.23142801,0
2021-04-08 22:00:00+00:00,57669.69,58100.0,57569.8,57916.29,1330.053092,2021-04-08 22:59:59.999000+00:00,76916066.6903184,53009,697.407348,40332725.92750802,0
2021-04-08 23:00:00+00:00,57916.3,58099.27,57729.63,58077.52,1094.389631,2021-04-08 23:59:59.999000+00:00,63422629.45494622,43733,555.733038,32206529.59469221,0
2021-04-09 00:00:00+00:00,58077.52,58389.0,58032.01,58301.72,1654.31328,2021-04-09 00:59:59.999000+00:00,96323140.34740852,85346,913.54352,53192571.12476278,0
2021-04-09 01:00:00+00:00,58301.72,58419.45,57933.56,57978.35,1326.512151,2021-04-09 01:59:59.999000+00:00,77142364.76725382,63579,632.142641,36765767.55694976,0
2021-04-09 02:00:00+00:00,57978.34,58177.02,57850.0,57903.35,1275.114861,2021-04-09 02:59:59.999000+00:00,74001054.3526556,44969,633.917117,36788813.70975783,0
2021-04-09 03:00:00+00:00,57903.35,58167.76,57806.03,57985.71,979.303042,2021-04-09 03:59:59.999000+00:00,56802518.19348656,39532,471.590743,27353352.59594722,0
2021-04-09 04:00:00+00:00,57985.71,58200.0,57971.06,58192.77,1219.538947,2021-04-09 04:59:59.999000+00:00,70870929.76302858,60327,611.144849,35512780.94276164,0
2021-04-09 05:00:00+00:00,58192.76,58314.0,57947.66,57947.67,1277.356886,2021-04-09 05:59:59.999000+00:00,74279163.9208094,47279,567.598439,33001604.95659542,0
2021-04-09 06:00:00+00:00,57947.67,58100.94,57809.38,57830.0,1445.825147,2021-04-09 06:59:59.999000+00:00,83812066.41858032,50425,689.63458,39978726.87775651,0
2021-04-09 07:00:00+00:00,57830.81,58062.88,57654.0,58051.42,1704.039556,2021-04-09 07:59:59.999000+00:00,98590992.25522132,70928,846.175967,48959733.94293776,0
2021-04-09 08:00:00+00:00,58048.7,58061.48,57669.58,57740.13,1675.368723,2021-04-09 08:59:59.999000+00:00,96925675.10454828,68184,805.437627,46592915.66242045,0
2021-04-09 09:00:00+00:00,57740.12,57935.94,57740.12,57911.45,1569.259373,2021-04-09 09:59:59.999000+00:00,90784739.86098833,79852,769.25198,44504098.27496219,0
2021-04-09 10:00:00+00:00,57911.44,58650.0,57857.95,58633.03,3251.130576,2021-04-09 10:59:59.999000+00:00,189898415.23519364,124641,1780.844286,104024697.63861498,0
2021-04-09 11:00:00+00:00,58633.02,58894.9,58450.8,58527.19,2951.531801,2021-04-09 11:59:59.999000+00:00,173139960.96832657,100495,1512.51859,88732809.46089746,0
2021-04-09 12:00:00+00:00,58527.2,58700.0,58350.0,58504.18,2290.103815,2021-04-09 12:59:59.999000+00:00,134031528.2051361,80957,1079.568669,63184198.78001097,0
2021-04-09 13:00:00+00:00,58504.18,58783.47,58304.54,58390.15,2509.534482,2021-04-09 13:59:59.999000+00:00,146961789.4571174,85383,1210.949264,70924559.74338512,0
2021-04-09 14:00:00+00:00,58390.16,58530.0,58024.0,58358.48,2593.210819,2021-04-09 14:59:59.999000+00:00,151225483.86015332,89892,1280.776043,74695350.82860276,0
2021-04-09 15:00:00+00:00,58358.49,58369.63,58051.0,58240.0,1701.007847,2021-04-09 15:59:59.999000+00:00,99033187.1758472,66121,851.272333,49561991.00806499,0
2021-04-09 16:00:00+00:00,58239.99,58291.04,57870.57,58207.56,2274.286624,2021-04-09 16:59:59.999000+00:00,132097160.78279833,81957,1112.794055,64642588.33853011,0
2021-04-09 17:00:00+00:00,58207.56,58447.89,58080.57,58405.08,1407.368662,2021-04-09 17:59:59.999000+00:00,82002939.43804419,57492,720.988409,42010632.08942147,0
2021-04-09 18:00:00+00:00,58405.02,58528.0,58240.35,58381.84,1390.507909,2021-04-09 18:59:59.999000+00:00,81199641.1501127,54880,737.011837,43039384.16006791,0
2021-04-09 19:00:00+00:00,58381.85,58499.0,58208.33,58370.59,1288.287785,2021-04-09 19:59:59.999000+00:00,75165181.65256351,51883,619.036419,36120559.39539187,0
2021-04-09 20:00:00+00:00,58370.59,58600.0,58263.47,58331.66,1388.154447,2021-04-09 20:59:59.999000+00:00,81122256.1870125,56995,681.276994,39817650.19915972,0
2021-04-09 21:00:00+00:00,58331.65,58514.07,58310.97,58361.24,888.460055,2021-04-09 21:59:59.999000+00:00,51901649.0046073,50514,430.876706,25170948.18554142,0
2021-04-09 22:00:00+00:00,58361.24,58361.24,58025.0,58086.38,1284.14011,2021-04-09 22:59:59.999000+00:00,74706758.42871386,49581,658.440857,38307384.07172157,0
2021-04-09 23:00:00+00:00,58086.37,58181.39,57873.31,58142.54,1487.528013,2021-04-09 23:59:59.999000+00:00,86322100.75997686,54750,737.442531,42796248.36577452,0
2021-04-10 00:00:00+00:00,58142.55,58327.9,57900.01,58109.08,1547.050745,2021-04-10 00:59:59.999000+00:00,89886409.566637,86069,760.12613,44164557.87577688,0
2021-04-10 01:00:00+00:00,58109.08,58435.72,58072.92,58413.52,1476.432913,2021-04-10 01:59:59.999000+00:00,85987726.03253204,49912,693.748116,40405245.99794074,0
2021-04-10 02:00:00+00:00,58414.98,58733.0,58334.82,58721.55,1680.436608,2021-04-10 02:59:59.999000+00:00,98271154.84918332,53585,849.108222,49655586.44297413,0
2021-04-10 03:00:00+00:00,58721.22,59238.27,58707.1,59229.5,4519.509551,2021-04-10 03:59:59.999000+00:00,266803780.1252678,128377,2795.81009,165047600.18393216,0
2021-04-10 04:00:00+00:00,59229.5,61232.83,59229.5,61074.09,11794.107861,2021-04-10 04:59:59.999000+00:00,711859089.9766872,342925,7181.996279,433326437.0194633,0
2021-04-10 05:00:00+00:00,61074.09,61500.0,60663.1,60851.92,5998.781763,2021-04-10 05:59:59.999000+00:00,366283703.4354068,165758,2714.382808,165695799.42786795,0
2021-04-10 06:00:00+00:00,60851.91,61050.0,60521.01,60576.8,2869.435605,2021-04-10 06:59:59.999000+00:00,174215756.70206985,81779,1518.206434,92179831.26818153,0
2021-04-10 07:00:00+00:00,60576.8,60816.9,60333.0,60480.4,3925.458861,2021-04-10 07:59:59.999000+00:00,237688265.72371247,100981,2307.109361,139704565.91339836,0
2021-04-10 08:00:00+00:00,60480.4,60821.58,60338.54,60534.89,2426.387609,2021-04-10 08:59:59.999000+00:00,147117530.2173806,90023,1122.335432,68057685.27517118,0
2021-04-10 09:00:00+00:00,60534.89,60803.0,60452.65,60772.73,1891.513568,2021-04-10 09:59:59.999000+00:00,114721311.47141944,90066,1004.075405,60900041.1948835,0
2021-04-10 10:00:00+00:00,60772.73,60997.18,60515.88,60659.02,1957.635669,2021-04-10 10:59:59.999000+00:00,118883693.96547684,98198,1024.780557,62239237.03363099,0
2021-04-10 11:00:00+00:00,60659.02,60723.38,60500.0,60575.94,1553.650081,2021-04-10 11:59:59.999000+00:00,94173384.29063629,64157,751.22895,45534907.85009764,0
2021-04-10 12:00:00+00:00,60575.94,60800.0,59811.74,60088.62,3523.271144,2021-04-10 12:59:59.999000+00:00,212493061.6194049,106545,1643.666317,99129933.7884764,0
2021-04-10 13:00:00+00:00,60088.61,60490.0,59981.06,60465.89,2381.214252,2021-04-10 13:59:59.999000+00:00,143341402.151616,88521,1203.426107,72443127.99640992,0
2021-04-10 14:00:00+00:00,60465.88,60499.0,60255.0,60398.19,2006.878229,2021-04-10 14:59:59.999000+00:00,121180340.18009196,71480,980.797287,59221564.02933915,0
2021-04-10 15:00:00+00:00,60398.19,60465.94,60106.85,60247.26,2082.226622,2021-04-10 15:59:59.999000+00:00,125500254.61093268,97059,1024.023276,61721244.51144194,0
2021-04-10 16:00:00+00:00,60247.26,60550.0,60116.14,60265.0,2397.70075,2021-04-10 16:59:59.999000+00:00,144651593.66828296,119963,1187.707777,71653677.94220074,0
2021-04-10 17:00:00+00:00,60265.0,60265.0,59920.86,60100.48,2358.924027,2021-04-10 17:59:59.999000+00:00,141784730.95510405,104450,1217.627476,73188429.34509704,0
2021-04-10 18:00:00+00:00,60100.48,60115.82,59572.64,60020.0,2460.215042,2021-04-10 18:59:59.999000+00:00,147234255.09705213,98379,1140.096122,68233871.79276147,0
2021-04-10 19:00:00+00:00,60020.0,60020.01,59550.0,59567.38,1490.84532,2021-04-10 19:59:59.999000+00:00,89092181.66808148,58630,732.585764,43781952.81369832,0
2021-04-10 20:00:00+00:00,59567.38,59800.0,58374.61,58615.28,3793.833218,2021-04-10 20:59:59.999000+00:00,224204531.24434465,120539,1538.934825,90989304.1241144,0
2021-04-10 21:00:00+00:00,58619.72,59256.36,58485.84,59161.03,2360.073159,2021-04-10 21:59:59.999000+00:00,139157715.35370165,95874,1059.198761,62460725.25876154,0
2021-04-10 22:00:00+00:00,59161.04,59399.84,59013.79,59029.17,1603.625597,2021-04-10 22:59:59.999000+00:00,95014670.53806455,88752,723.093372,42840354.0980467,0
2021-04-10 23:00:00+00:00,59029.17,59842.63,59008.39,59769.13,1807.215923,2021-04-10 23:59:59.999000+00:00,107592009.02594703,68376,844.572698,50282716.56977394,0
2021-04-11 00:00:00+00:00,59769.13,60429.56,59544.94,60148.5,3267.635378,2021-04-11 00:59:59.999000+00:00,196487750.92872608,108019,1776.724857,106865699.5419495,0
2021-04-11 01:00:00+00:00,60148.5,60600.0,60036.58,60594.67,1914.398174,2021-04-11 01:59:59.999000+00:00,115347140.11780912,66005,1152.497258,69445505.83229944,0
2021-04-11 02:00:00+00:00,60594.67,60594.68,60262.53,60509.7,1210.228989,2021-04-11 02:59:59.999000+00:00,73086241.23858614,73024,566.655783,34220192.41160837,0
2021-04-11 03:00:00+00:00,60509.7,60699.0,60202.69,60268.58,1441.270928,2021-04-11 03:59:59.999000+00:00,87039438.32774864,49556,717.843225,43352655.11495933,0
2021-04-11 04:00:00+00:00,60268.58,60328.0,59777.77,59906.6,1697.500794,2021-04-11 04:59:59.999000+00:00,101982393.2266218,52781,799.885258,48056094.37491663,0
2021-04-11 05:00:00+00:00,59906.59,60012.05,59535.52,59679.97,2572.829914,2021-04-11 05:59:59.999000+00:00,153786143.65123278,97386,1439.519687,86043041.27337252,0
2021-04-11 06:00:00+00:00,59679.96,59909.68,59339.83,59735.0,2046.862344,2021-04-11 06:59:59.999000+00:00,121993099.07957892,85807,1008.326426,60082987.37721046,0
2021-04-11 07:00:00+00:00,59735.01,59790.15,59400.0,59655.49,1192.611866,2021-04-11 07:59:59.999000+00:00,71102991.40713176,49429,593.360187,35376564.93671946,0
2021-04-11 08:00:00+00:00,59655.5,60144.7,59655.49,59961.81,1433.554804,2021-04-11 08:59:59.999000+00:00,85922949.70346135,59577,722.569865,43310191.38966514,0
2021-04-11 09:00:00+00:00,59961.81,60045.0,59455.09,59676.2,1743.375163,2021-04-11 09:59:59.999000+00:00,104063652.04916412,92157,805.707326,48093568.49986635,0
2021-04-11 10:00:00+00:00,59676.2,59950.81,59500.0,59599.99,1608.373258,2021-04-11 10:59:59.999000+00:00,95979106.599211,86408,842.202871,50256225.61391167,0
2021-04-11 11:00:00+00:00,59600.0,59860.87,59450.0,59721.84,1669.713692,2021-04-11 11:59:59.999000+00:00,99650398.15923032,66292,857.657616,51188064.86536045,0
2021-04-11 12:00:00+00:00,59721.85,59844.0,59449.93,59724.45,1722.788442,2021-04-11 12:59:59.999000+00:00,102716178.57851624,81160,838.263683,49977133.24389718,0
2021-04-11 13:00:00+00:00,59724.44,59746.0,59232.52,59340.55,1816.723554,2021-04-11 13:59:59.999000+00:00,108057044.4004948,74619,783.616705,46612286.40101931,0
2021-04-11 14:00:00+00:00,59340.54,59664.98,59250.0,59570.77,1626.838611,2021-04-11 14:59:59.999000+00:00,96744798.0110868,60875,782.753865,46553010.5832259,0
2021-04-11 15:00:00+00:00,59573.36,59780.06,59558.0,59645.46,1515.938864,2021-04-11 15:59:59.999000+00:00,90482896.87478612,70629,750.216398,44778671.14774921,0
2021-04-11 16:00:00+00:00,59645.45,59785.37,59480.0,59569.4,1802.114348,2021-04-11 16:59:59.999000+00:00,107448787.4451012,92962,998.593126,59540512.14294162,0
2021-04-11 17:00:00+00:00,59569.41,59975.95,59405.18,59864.39,2132.313387,2021-04-11 17:59:59.999000+00:00,127273623.53925072,91480,1045.421258,62405026.06233795,0
2021-04-11 18:00:00+00:00,59864.39,59948.89,59758.63,59865.0,1183.987714,2021-04-11 18:59:59.999000+00:00,70860690.17635237,56613,596.084546,35676727.50797203,0
2021-04-11 19:00:00+00:00,59865.01,60190.0,59557.13,59705.53,1932.371834,2021-04-11 19:59:59.999000+00:00,115645136.88304096,71642,989.850435,59258352.54539728,0
2021-04-11 20:00:00+00:00,59705.53,59820.0,59479.0,59707.8,1158.885152,2021-04-11 20:59:59.999000+00:00,69130625.45818008,54707,566.394799,33793300.47799181,0
2021-04-11 21:00:00+00:00,59707.79,59707.81,59488.57,59610.72,967.262478,2021-04-11 21:59:59.999000+00:00,57637057.40907979,51851,510.170023,30399571.43774259,0
2021-04-11 22:00:00+00:00,59610.72,60130.57,59433.29,60101.68,2000.612746,2021-04-11 22:59:59.999000+00:00,119731194.9236053,80813,950.866983,56910573.69609128,0
2021-04-11 23:00:00+00:00,60101.68,60107.96,59760.0,60002.43,1498.522957,2021-04-11 23:59:59.999000+00:00,89863588.42998485,72310,702.876599,42153134.96527181,0
2021-04-12 00:00:00+00:00,59998.8,60355.0,59605.0,59830.28,1825.011152,2021-04-12 00:59:59.999000+00:00,109336575.48508117,77192,945.68507,56669605.80144161,0
2021-04-12 01:00:00+00:00,59830.28,60147.9,59800.0,59865.36,1521.296424,2021-04-12 01:59:59.999000+00:00,91196678.77593634,51731,725.381985,43480107.79273879,0
2021-04-12 02:00:00+00:00,59865.36,59922.88,59586.01,59694.25,1268.139445,2021-04-12 02:59:59.999000+00:00,75795531.75118682,49539,606.096204,36226988.44560567,0
2021-04-12 03:00:00+00:00,59694.26,60456.29,59665.0,60368.96,2098.575788,2021-04-12 03:59:59.999000+00:00,126059391.46636347,68592,1153.537766,69305665.5086611,0
2021-04-12 04:00:00+00:00,60368.95,60607.0,60056.0,60126.54,2502.185128,2021-04-12 04:59:59.999000+00:00,151075631.14222032,74298,1352.947429,81703737.64150521,0
2021-04-12 05:00:00+00:00,60126.54,60287.19,60020.0,60207.01,1552.457457,2021-04-12 05:59:59.999000+00:00,93380598.82833596,56887,782.858064,47090797.15793788,0
2021-04-12 06:00:00+00:00,60207.01,60842.92,60101.19,60826.66,2659.931894,2021-04-12 06:59:59.999000+00:00,160761724.86850896,97953,1431.642216,86546836.57892916,0
2021-04-12 07:00:00+00:00,60829.68,61300.0,60636.59,60711.01,4818.506765,2021-04-12 07:59:59.999000+00:00,293688577.42854756,133468,2815.394197,171624861.59124452,0
2021-04-12 08:00:00+00:00,60711.0,60840.57,60536.35,60694.42,2470.51527,2021-04-12 08:59:59.999000+00:00,149955355.77076527,78229,1312.909383,79692272.44028956,0
2021-04-12 09:00:00+00:00,60694.42,60878.25,59651.0,59992.22,4139.125287,2021-04-12 09:59:59.999000+00:00,249922167.3121846,132174,1935.32306,116873983.97658272,0
2021-04-12 10:00:00+00:00,59992.22,60277.76,59350.59,59776.71,4161.93653,2021-04-12 10:59:59.999000+00:00,249095462.68934557,110719,1977.923295,118386982.08756804,0
2021-04-12 11:00:00+00:00,59776.71,60269.02,59727.45,60241.5,2995.374453,2021-04-12 11:59:59.999000+00:00,179774594.90688285,75224,1278.703181,76739567.37395397,0
2021-04-12 12:00:00+00:00,60241.5,60564.19,60151.03,60421.84,2578.459033,2021-04-12 12:59:59.999000+00:00,155574456.82288808,87510,1181.751319,71306761.48925284,0
2021-04-12 13:00:00+00:00,60421.84,60584.28,60280.0,60304.69,2386.622666,2021-04-12 13:59:59.999000+00:00,144183616.53730357,63945,1157.244326,69909306.61417577,0
2021-04-12 14:00:00+00:00,60301.04,60345.5,59873.04,59888.44,2994.841826,2021-04-12 14:59:59.999000+00:00,180088285.4164285,75982,1498.436529,90112970.44405934,0
2021-04-12 15:00:00+00:00,59888.45,60129.43,59610.96,59986.83,3077.065446,2021-04-12 15:59:59.999000+00:00,184240260.9864117,112588,1507.878739,90293647.1840536,0
2021-04-12 16:00:00+00:00,59986.82,60112.36,59703.02,59972.5,2692.01222,2021-04-12 16:59:59.999000+00:00,161439019.0918692,85139,1067.496601,64000568.65573471,0
2021-04-12 17:00:00+00:00,59972.5,59972.5,59725.35,59749.4,1724.629658,2021-04-12 17:59:59.999000+00:00,103212476.19814567,59493,748.318531,44783784.12542369,0
2021-04-12 18:00:00+00:00,59749.41,60018.0,59680.9,59988.95,1312.920477,2021-04-12 18:59:59.999000+00:00,78592405.32617787,50640,658.359336,39416873.21715017,0
2021-04-12 19:00:00+00:00,59988.94,60223.0,59881.28,60090.41,1331.638954,2021-04-12 19:59:59.999000+00:00,79932021.28489073,52449,737.712313,44284855.32664784,0
2021-04-12 20:00:00+00:00,60090.42,60241.32,59922.22,60049.92,1697.705759,2021-04-12 20:59:59.999000+00:00,102045643.4501008,61139,803.866775,48317387.29493626,0
2021-04-12 21:00:00+00:00,60049.92,60073.8,59759.05,59992.53,1349.30976,2021-04-12 21:59:59.999000+00:00,80859949.57513188,56062,717.388786,42986472.46861892,0
2021-04-12 22:00:00+00:00,59992.53,60072.3,59850.0,60044.75,1418.174164,2021-04-12 22:59:59.999000+00:00,84990755.13390969,46289,674.804574,40435764.88534867,0
2021-04-12 23:00:00+00:00,60044.75,60100.0,59859.06,59860.0,1798.601561,2021-04-12 23:59:59.999000+00:00,107841687.62285018,49056,573.541474,34399025.30916892,0
2021-04-13 00:00:00+00:00,59860.01,60473.0,59805.15,60452.35,2540.404587,2021-04-13 00:59:59.999000+00:00,153036497.37048557,67989,1466.756711,88384518.80905259,0
2021-04-13 01:00:00+00:00,60452.35,60780.26,60215.0,60641.13,3057.550989,2021-04-13 01:59:59.999000+00:00,185030508.7298554,59136,1303.598286,78900412.12722452,0
2021-04-13 02:00:00+00:00,60641.13,60951.27,60571.42,60829.01,3023.477817,2021-04-13 02:59:59.999000+00:00,183650666.41270176,67137,1186.352409,72084611.43940517,0
2021-04-13 03:00:00+00:00,60829.01,61100.0,60435.28,60493.43,3358.73602,2021-04-13 03:59:59.999000+00:00,204162518.91821048,93516,1834.245249,111531376.47268668,0
2021-04-13 04:00:00+00:00,60493.43,60650.0,60330.74,60585.4,2385.72594,2021-04-13 04:59:59.999000+00:00,144343926.55863893,61332,989.614227,59883557.2020609,0
2021-04-13 05:00:00+00:00,60585.4,60814.16,60470.0,60668.74,1937.134735,2021-04-13 05:59:59.999000+00:00,117497458.4312829,79982,970.679505,58878350.92431659,0
2021-04-13 06:00:00+00:00,60668.74,61415.5,60450.25,60719.86,5124.405057,2021-04-13 06:59:59.999000+00:00,312195981.59087,154548,2687.211727,163768497.05937997,0
2021-04-13 07:00:00+00:00,60719.86,61190.0,60582.21,61050.99,2717.23696,2021-04-13 07:59:59.999000+00:00,165477153.9968401,102768,1383.580015,84257405.94599108,0
2021-04-13 08:00:00+00:00,61050.99,62878.0,61046.45,62711.51,11272.865488,2021-04-13 08:59:59.999000+00:00,702208842.7576287,305481,6269.806143,390393025.5268693,0
2021-04-13 09:00:00+00:00,62711.51,63287.88,62300.88,62924.24,6333.624079,2021-04-13 09:59:59.999000+00:00,397544743.31117207,190071,3605.461764,226346448.48752967,0
2021-04-13 10:00:00+00:00,62924.23,63100.0,62458.0,62745.56,4400.767576,2021-04-13 10:59:59.999000+00:00,276040305.0690229,141476,2191.675626,137478027.49732903,0
2021-04-13 11:00:00+00:00,62745.56,63093.82,62500.0,62942.21,3337.013558,2021-04-13 11:59:59.999000+00:00,209653954.49583647,128126,1549.536054,97357091.28974427,0
2021-04-13 12:00:00+00:00,62942.21,63260.0,62790.85,62973.25,4125.909956,2021-04-13 12:59:59.999000+00:00,259854700.65292564,153428,1754.848356,110540049.78354314,0
2021-04-13 13:00:00+00:00,62973.24,63019.97,62500.0,62787.35,4190.261038,2021-04-13 13:59:59.999000+00:00,262980863.9556832,110217,2023.43887,126987429.30501004,0
2021-04-13 14:00:00+00:00,62787.36,63031.34,62595.66,62920.99,2414.092233,2021-04-13 14:59:59.999000+00:00,151667368.8617845,82125,1150.437021,72279684.75130746,0
2021-04-13 15:00:00+00:00,62921.0,63657.86,62740.0,63331.83,4259.095727,2021-04-13 15:59:59.999000+00:00,269156564.0048766,123313,2183.835174,138068530.8740654,0
2021-04-13 16:00:00+00:00,63331.83,63777.77,62988.0,63150.79,4000.923562,2021-04-13 16:59:59.999000+00:00,253356415.51811773,124424,1952.711739,123665726.82464874,0
2021-04-13 17:00:00+00:00,63150.79,63364.75,63026.46,63332.85,2346.347961,2021-04-13 17:59:59.999000+00:00,148321811.81305304,82182,1149.600895,72671363.50326239,0
2021-04-13 18:00:00+00:00,63328.84,63548.7,62550.0,62641.77,3188.866516,2021-04-13 18:59:59.999000+00:00,201411468.13158935,104265,1568.475092,99084113.41145425,0
2021-04-13 19:00:00+00:00,62641.77,63046.13,62530.0,62997.02,2382.821555,2021-04-13 19:59:59.999000+00:00,149656660.38173103,104596,1156.284905,72627366.40064424,0
2021-04-13 20:00:00+00:00,62997.02,63210.0,62842.99,63167.72,1589.748821,2021-04-13 20:59:59.999000+00:00,100262671.32735008,111374,791.811099,49940397.44698456,0
2021-04-13 21:00:00+00:00,63167.72,63320.0,62859.43,63139.99,1360.995683,2021-04-13 21:59:59.999000+00:00,85884948.65316068,68927,695.930157,43915005.17698393,0
2021-04-13 22:00:00+00:00,63139.97,63300.0,62867.02,63238.81,1618.455859,2021-04-13 22:59:59.999000+00:00,102135453.85913251,102046,808.826136,51043584.98149997,0
2021-04-13 23:00:00+00:00,63238.81,63666.0,63200.0,63575.0,1882.227029,2021-04-13 23:59:59.999000+00:00,119345890.58766794,85276,987.815868,62637873.12885662,0
2021-04-14 00:00:00+00:00,63575.01,63869.99,63208.97,63315.03,2542.54651,2021-04-14 00:59:59.999000+00:00,161265503.5613434,102933,1319.546288,83704447.75171036,0
2021-04-14 01:00:00+00:00,63315.03,63484.16,63082.0,63446.84,2449.739766,2021-04-14 01:59:59.999000+00:00,155055713.5835189,74859,1245.865588,78854543.14391929,0
2021-04-14 02:00:00+00:00,63446.84,63459.53,63088.5,63208.66,1715.991618,2021-04-14 02:59:59.999000+00:00,108512396.43505196,54759,832.614552,52645414.04200974,0
2021-04-14 03:00:00+00:00,63208.64,63865.0,63063.32,63749.19,2653.389128,2021-04-14 03:59:59.999000+00:00,168468281.5496332,77140,1391.331807,88359937.43990219,0
2021-04-14 04:00:00+00:00,63749.19,64280.0,63605.85,64268.97,3136.566814,2021-04-14 04:59:59.999000+00:00,200273313.12852937,103020,1757.407792,112242111.89330512,0
2021-04-14 05:00:00+00:00,64268.97,64720.0,63890.54,64038.49,4224.556908,2021-04-14 05:59:59.999000+00:00,271609036.9060113,119445,2155.994628,138668129.372286,0
2021-04-14 06:00:00+00:00,64038.48,64854.0,63915.0,64577.26,4207.951122,2021-04-14 06:59:59.999000+00:00,271074760.6357171,155169,2183.808145,140696937.95500368,0
2021-04-14 07:00:00+00:00,64577.25,64655.0,64280.0,64288.8,2682.621518,2021-04-14 07:59:59.999000+00:00,172885004.50156212,122708,1243.148326,80122704.9868912,0
2021-04-14 08:00:00+00:00,64288.8,64565.54,63368.0,63928.57,3931.25458,2021-04-14 08:59:59.999000+00:00,252259196.79728025,160523,1869.518695,119988325.04267736,0
2021-04-14 09:00:00+00:00,63928.58,64165.0,63012.84,63568.42,4808.785992,2021-04-14 09:59:59.999000+00:00,305664986.1962989,137044,2308.905229,146763346.74275517,0
2021-04-14 10:00:00+00:00,63568.41,64151.97,63431.98,64099.99,3544.018237,2021-04-14 10:59:59.999000+00:00,226423836.9661013,101467,1676.97966,107146584.46650304,0
2021-04-14 11:00:00+00:00,64100.0,64787.98,64084.64,64511.21,3597.696262,2021-04-14 11:59:59.999000+00:00,231850148.84566936,96229,1833.401974,118164442.20221564,0
2021-04-14 12:00:00+00:00,64509.48,64640.58,63631.58,63871.42,3852.323304,2021-04-14 12:59:59.999000+00:00,247196695.44698387,98763,1825.194104,117117435.00872226,0
2021-04-14 13:00:00+00:00,63871.41,64466.66,63597.23,63772.67,3584.128345,2021-04-14 13:59:59.999000+00:00,229517940.47056812,98176,1736.847206,111237040.63679609,0
2021-04-14 14:00:00+00:00,63777.69,63782.09,62550.0,62996.12,5974.141695,2021-04-14 14:59:59.999000+00:00,377360664.5335878,194489,2786.734813,176052409.5466067,0
2021-04-14 15:00:00+00:00,62997.9,63383.0,62345.67,63045.02,4378.384772,2021-04-14 15:59:59.999000+00:00,275520807.38511586,139280,2030.879098,127831973.56047887,0
2021-04-14 16:00:00+00:00,63045.03,63680.0,62800.0,63484.79,3756.47563,2021-04-14 16:59:59.999000+00:00,237720872.24513173,121234,1744.752229,110427034.83403108,0
2021-04-14 17:00:00+00:00,63484.79,63764.62,62231.49,62250.14,3905.678478,2021-04-14 17:59:59.999000+00:00,245911612.92308804,101499,1701.971648,107221725.54802269,0
2021-04-14 18:00:00+00:00,62250.14,62697.53,61568.0,62119.26,5025.114605,2021-04-14 18:59:59.999000+00:00,312476421.818009,130017,2269.510122,141175526.12117347,0
2021-04-14 19:00:00+00:00,62119.26,62496.45,61301.0,62150.04,4727.102401,2021-04-14 19:59:59.999000+00:00,292306892.5660271,119021,2258.987982,139719989.88779837,0
2021-04-14 20:00:00+00:00,62150.03,62479.08,61873.51,62397.39,1987.51545,2021-04-14 20:59:59.999000+00:00,123563757.37490332,68090,967.471768,60150609.57129628,0
2021-04-14 21:00:00+00:00,62397.39,62838.18,62363.5,62773.65,2128.235856,2021-04-14 21:59:59.999000+00:00,133289927.87312436,88464,960.446884,60156370.08616615,0
2021-04-14 22:00:00+00:00,62773.65,63048.82,62550.0,62842.13,1932.972332,2021-04-14 22:59:59.999000+00:00,121381080.71601516,89775,963.437688,60503172.82822782,0
2021-04-14 23:00:00+00:00,62842.13,63062.38,62580.37,62959.53,1869.15267,2021-04-14 23:59:59.999000+00:00,117492375.6977049,91521,1005.621301,63220870.74418993,0
2021-04-15 00:00:00+00:00,62959.53,63491.45,62705.0,62705.01,2533.740053,2021-04-15 00:59:59.999000+00:00,159969049.290893,93141,1394.649148,88080395.65369219,0
2021-04-15 01:00:00+00:00,62705.0,63171.87,62610.49,62660.02,1976.245139,2021-04-15 01:59:59.999000+00:00,124265179.68492047,59244,907.656128,57071869.29018952,0
2021-04-15 02:00:00+00:00,62660.01,63075.0,62333.55,62821.63,1935.99892,2021-04-15 02:59:59.999000+00:00,121351576.6829358,62678,876.661574,54962047.92691327,0
2021-04-15 03:00:00+00:00,62821.64,63243.64,62660.01,63056.61,1956.330202,2021-04-15 03:59:59.999000+00:00,123274545.33110088,59818,948.867924,59788787.01111451,0
2021-04-15 04:00:00+00:00,63056.62,63460.22,62892.49,62950.08,1920.973428,2021-04-15 04:59:59.999000+00:00,121437791.66514803,62305,982.785515,62134696.19310106,0
2021-04-15 05:00:00+00:00,62950.11,63288.87,62706.4,63109.5,1667.496606,2021-04-15 05:59:59.999000+00:00,104959742.93742628,63394,802.662973,50521273.49637312,0
2021-04-15 06:00:00+00:00,63109.49,63299.0,62721.16,62936.19,1782.41775,2021-04-15 06:59:59.999000+00:00,112363753.21564132,69188,858.369043,54103461.63595301,0
2021-04-15 07:00:00+00:00,62936.18,63200.0,62751.36,62842.56,1956.631009,2021-04-15 07:59:59.999000+00:00,123169395.96653035,75431,925.023883,58241081.83603468,0
2021-04-15 08:00:00+00:00,62842.56,63137.92,62501.14,62615.33,2158.775618,2021-04-15 08:59:59.999000+00:00,135493449.7887407,81969,1098.953068,68977642.54816341,0
2021-04-15 09:00:00+00:00,62615.32,62829.36,62492.46,62615.42,1958.746693,2021-04-15 09:59:59.999000+00:00,122736128.2988189,68711,1023.888558,64155607.4010279,0
2021-04-15 10:00:00+00:00,62615.41,62732.78,62151.0,62154.24,2207.530719,2021-04-15 10:59:59.999000+00:00,137846024.55202213,80013,1087.796593,67932432.25077382,0
2021-04-15 11:00:00+00:00,62159.57,62480.35,62020.0,62361.12,2191.041044,2021-04-15 11:59:59.999000+00:00,136458568.7492531,81663,982.168469,61179570.7733151,0
2021-04-15 12:00:00+00:00,62359.11,62737.76,62347.36,62635.71,1747.192166,2021-04-15 12:59:59.999000+00:00,109353392.14630386,75958,882.833085,55256589.51373057,0
2021-04-15 13:00:00+00:00,62637.79,63074.05,62604.12,62918.66,2405.383364,2021-04-15 13:59:59.999000+00:00,151220649.03681427,95087,1153.961715,72543422.88809294,0
2021-04-15 14:00:00+00:00,62918.66,62993.53,62544.78,62627.28,2186.567976,2021-04-15 14:59:59.999000+00:00,137248900.38782537,90594,1087.95086,68286634.68556394,0
2021-04-15 15:00:00+00:00,62627.28,62763.24,62384.79,62715.18,2173.69562,2021-04-15 15:59:59.999000+00:00,136049784.3231023,86947,1021.537371,63934069.99413432,0
2021-04-15 16:00:00+00:00,62715.17,62980.0,62470.37,62665.57,2618.726894,2021-04-15 16:59:59.999000+00:00,164296913.1350034,97884,1307.082423,82012333.21390319,0
2021-04-15 17:00:00+00:00,62665.57,62717.82,62308.0,62581.43,1712.234047,2021-04-15 17:59:59.999000+00:00,107012915.99391216,65433,864.387927,54023513.60468324,0
2021-04-15 18:00:00+00:00,62581.42,62840.36,62500.41,62733.84,1710.743636,2021-04-15 18:59:59.999000+00:00,107189378.49018767,78945,886.203201,55528720.16858912,0
2021-04-15 19:00:00+00:00,62733.84,63573.02,62726.02,63363.29,4049.453314,2021-04-15 19:59:59.999000+00:00,255772696.91081375,141226,2317.376709,146387581.41063187,0
2021-04-15 20:00:00+00:00,63363.29,63592.24,63181.37,63350.89,3047.729738,2021-04-15 20:59:59.999000+00:00,193222991.8964885,119185,1441.300579,91374731.07409932,0
2021-04-15 21:00:00+00:00,63350.88,63800.0,63226.72,63369.5,2038.260233,2021-04-15 21:59:59.999000+00:00,129312102.44767033,91003,1064.46192,67540838.5832303,0
2021-04-15 22:00:00+00:00,63369.51,63518.22,63179.2,63252.27,2054.258481,2021-04-15 22:59:59.999000+00:00,130107240.8424152,77169,936.437183,59305656.54256342,0
2021-04-15 23:00:00+00:00,63252.27,63339.99,62963.78,63159.98,1659.52769,2021-04-15 23:59:59.999000+00:00,104819566.5192142,61042,775.15253,48960137.5923807,0
2021-04-16 00:00:00+00:00,63158.74,63520.61,63035.71,63360.0,3006.827351,2021-04-16 00:59:59.999000+00:00,190504337.2927424,83493,1556.102904,98613854.5529556,0
2021-04-16 01:00:00+00:00,63360.0,63472.41,62684.01,63015.01,4018.264148,2021-04-16 01:59:59.999000+00:00,253620894.58808607,98656,1767.055472,111544535.2498794,0
2021-04-16 02:00:00+00:00,63015.01,63211.7,62727.62,62830.43,3324.602377,2021-04-16 02:59:59.999000+00:00,209402246.74368665,87532,1533.465464,96579715.89348024,0
2021-04-16 03:00:00+00:00,62830.42,63200.0,62716.8,62937.91,2834.114157,2021-04-16 03:59:59.999000+00:00,178498754.4386259,76587,1323.636076,83362169.28069557,0
2021-04-16 04:00:00+00:00,62942.41,62961.81,61500.0,61658.05,5323.833118,2021-04-16 04:59:59.999000+00:00,331435384.75231445,135315,2061.388289,128367309.43282804,0
2021-04-16 05:00:00+00:00,61658.05,62187.64,61415.4,61799.59,4942.37151,2021-04-16 05:59:59.999000+00:00,305664758.6793319,131763,2286.689109,141414743.28208286,0
2021-04-16 06:00:00+00:00,61804.04,61804.04,61057.5,61455.69,5328.528357,2021-04-16 06:59:59.999000+00:00,326865736.2451399,127032,2649.673751,162536057.71145752,0
2021-04-16 07:00:00+00:00,61455.69,61637.96,61025.0,61414.83,3183.223378,2021-04-16 07:59:59.999000+00:00,195315861.43103045,96553,1587.743171,97413801.8923998,0
2021-04-16 08:00:00+00:00,61414.88,61607.83,61122.0,61191.91,2901.917131,2021-04-16 08:59:59.999000+00:00,178150708.10091153,86521,1388.34067,85242212.07379356,0
2021-04-16 09:00:00+00:00,61193.23,61264.46,60400.0,60643.79,5366.020212,2021-04-16 09:59:59.999000+00:00,326081214.48803014,139226,2485.357576,151023569.95236012,0
2021-04-16 10:00:00+00:00,60643.8,60969.5,60240.0,60247.54,4291.517046,2021-04-16 10:59:59.999000+00:00,260130208.22424448,134794,1964.909,119092566.93418431,0
2021-04-16 11:00:00+00:00,60247.53,60880.0,60000.0,60853.81,5641.587599,2021-04-16 11:59:59.999000+00:00,341103043.5443001,154558,2686.725918,162489800.24236095,0
2021-04-16 12:00:00+00:00,60853.8,61011.22,60523.63,60716.32,4603.038648,2021-04-16 12:59:59.999000+00:00,279625136.4561181,104721,2486.478042,151040906.5632227,0
2021-04-16 13:00:00+00:00,60716.32,61173.22,60250.0,60546.68,6787.971502,2021-04-16 13:59:59.999000+00:00,412886410.0929176,151963,3127.808164,190262188.44831708,0
2021-04-16 14:00:00+00:00,60546.67,61460.35,60519.99,61256.63,5610.384857,2021-04-16 14:59:59.999000+00:00,342913401.8763664,146342,2905.547956,177597349.28849548,0
2021-04-16 15:00:00+00:00,61256.63,61627.0,61093.98,61551.62,3483.192984,2021-04-16 15:59:59.999000+00:00,213678669.6033144,126366,1713.351117,105099708.65239204,0
2021-04-16 16:00:00+00:00,61551.62,61800.39,61139.9,61722.39,5361.912921,2021-04-16 16:59:59.999000+00:00,329629599.4567244,148750,2720.488508,167255267.4353963,0
2021-04-16 17:00:00+00:00,61722.39,61848.94,61555.0,61572.03,2701.209617,2021-04-16 17:59:59.999000+00:00,166734292.67770943,110995,1206.352359,74465166.96184736,0
2021-04-16 18:00:00+00:00,61572.03,61823.74,61105.0,61817.56,2369.505443,2021-04-16 18:59:59.999000+00:00,145575396.9664382,89493,1063.145892,65321752.33761958,0
2021-04-16 19:00:00+00:00,61817.55,61877.0,61374.6,61713.43,2297.008779,2021-04-16 19:59:59.999000+00:00,141580301.37077886,85435,1120.08086,69038899.65394273,0
2021-04-16 20:00:00+00:00,61713.42,62000.0,61625.02,61914.7,2395.100497,2021-04-16 20:59:59.999000+00:00,148057103.36358577,84867,1166.773561,72128805.6046191,0
2021-04-16 21:00:00+00:00,61914.7,62087.98,61720.01,61727.45,1857.257354,2021-04-16 21:59:59.999000+00:00,115039133.58502086,77925,749.683264,46428540.45261121,0
2021-04-16 22:00:00+00:00,61727.46,61979.32,61522.46,61547.33,2040.098696,2021-04-16 22:59:59.999000+00:00,125961944.56865595,91368,964.956407,59585515.36629006,0
2021-04-16 23:00:00+00:00,61547.32,61663.75,61333.0,61334.8,2094.652202,2021-04-16 23:59:59.999000+00:00,128838131.0694194,69685,1054.269617,64846477.24134132,0
2021-04-17 00:00:00+00:00,61334.81,61740.04,61114.14,61439.99,2750.437848,2021-04-17 00:59:59.999000+00:00,168858952.8150084,93812,1396.624792,85760197.60876302,0
2021-04-17 01:00:00+00:00,61439.99,62010.0,61439.98,61887.24,2763.890141,2021-04-17 01:59:59.999000+00:00,170796542.15846,86848,1375.28465,84980287.00077452,0
2021-04-17 02:00:00+00:00,61887.25,62308.67,61887.25,62164.89,2278.202602,2021-04-17 02:59:59.999000+00:00,141617022.08980253,78728,1109.658401,68977518.69664171,0
2021-04-17 03:00:00+00:00,62164.89,62506.05,61911.13,62372.27,2461.15624,2021-04-17 03:59:59.999000+00:00,153198757.9037941,123939,1282.851362,79861354.22130173,0
2021-04-17 04:00:00+00:00,62372.27,62464.38,62090.98,62221.03,2306.579408,2021-04-17 04:59:59.999000+00:00,143591702.48342267,77544,1099.700611,68461062.25091086,0
2021-04-17 05:00:00+00:00,62221.02,62287.28,61990.77,62159.71,1832.882067,2021-04-17 05:59:59.999000+00:00,113929069.02777372,69463,888.911168,55256314.73377869,0
2021-04-17 06:00:00+00:00,62159.71,62181.53,61857.55,62000.75,1683.228638,2021-04-17 06:59:59.999000+00:00,104405302.7346146,92107,845.629846,52451471.76427373,0
2021-04-17 07:00:00+00:00,62000.75,62305.0,61950.0,62114.99,1946.461233,2021-04-17 07:59:59.999000+00:00,120987910.6436342,84810,979.18274,60867063.5478839,0
2021-04-17 08:00:00+00:00,62114.99,62400.0,62114.99,62399.86,2024.351333,2021-04-17 08:59:59.999000+00:00,126028567.28635204,80168,895.293139,55738006.68159307,0
2021-04-17 09:00:00+00:00,62399.87,62458.28,61480.24,61711.29,3209.259242,2021-04-17 09:59:59.999000+00:00,198603605.33114287,141836,1376.540686,85159224.97177705,0
2021-04-17 10:00:00+00:00,61711.29,61891.33,61258.08,61365.23,2463.645618,2021-04-17 10:59:59.999000+00:00,151770997.52215517,88273,1284.357743,79131093.85397173,0
2021-04-17 11:00:00+00:00,61365.24,61455.0,60700.55,60886.91,3626.652038,2021-04-17 11:59:59.999000+00:00,221502812.1651149,125490,1862.327549,113754674.65752313,0
2021-04-17 12:00:00+00:00,60886.93,61089.85,60500.0,61061.52,3670.469209,2021-04-17 12:59:59.999000+00:00,223254144.43457952,160005,1847.226849,112343525.47895478,0
2021-04-17 13:00:00+00:00,61061.52,61187.0,60369.12,61025.41,3425.918475,2021-04-17 13:59:59.999000+00:00,208634438.007329,133513,1523.895721,92817617.19104238,0
2021-04-17 14:00:00+00:00,61025.4,61222.0,60566.79,60610.97,2706.605498,2021-04-17 14:59:59.999000+00:00,164842775.09279427,106259,1253.913563,76368832.26345171,0
2021-04-17 15:00:00+00:00,60610.97,60655.5,60094.0,60264.66,3568.085586,2021-04-17 15:59:59.999000+00:00,215396894.6362156,124882,1628.568663,98325215.995083,0
2021-04-17 16:00:00+00:00,60264.65,60685.51,59842.28,60377.01,3064.463258,2021-04-17 16:59:59.999000+00:00,184886264.63882375,107199,1460.701161,88187742.57673515,0
2021-04-17 17:00:00+00:00,60377.01,60592.95,59637.12,59705.62,2492.896022,2021-04-17 17:59:59.999000+00:00,150021292.28376853,80193,1051.036018,63292213.10806903,0
2021-04-17 18:00:00+00:00,59705.62,60525.8,59580.91,60379.99,2711.69592,2021-04-17 18:59:59.999000+00:00,163138673.1068237,85855,1299.36802,78160209.163044,0
2021-04-17 19:00:00+00:00,60380.0,60785.0,60379.99,60705.02,1948.025682,2021-04-17 19:59:59.999000+00:00,118138979.3443912,71788,986.677708,59836545.29386025,0
2021-04-17 20:00:00+00:00,60705.02,60887.07,60600.6,60802.38,1409.803915,2021-04-17 20:59:59.999000+00:00,85602696.7490719,64570,681.469443,41373958.11304887,0
2021-04-17 21:00:00+00:00,60802.38,60955.0,60558.43,60713.98,1442.927726,2021-04-17 21:59:59.999000+00:00,87660433.46628831,65243,686.381894,41697755.64814768,0
2021-04-17 22:00:00+00:00,60713.98,60819.95,60354.55,60633.78,1183.638388,2021-04-17 22:59:59.999000+00:00,71784931.46406029,54013,579.797862,35162263.2343586,0
2021-04-17 23:00:00+00:00,60633.77,60804.57,59969.98,60006.66,1940.980041,2021-04-17 23:59:59.999000+00:00,117049045.2896256,72278,990.874517,59757987.32451721,0
2021-04-18 00:00:00+00:00,60006.67,60499.0,59312.07,59386.59,3718.924307,2021-04-18 00:59:59.999000+00:00,222376226.8169584,113862,1702.178051,101842742.51580995,0
2021-04-18 01:00:00+00:00,59386.59,59737.31,58955.57,59220.01,4368.950424,2021-04-18 01:59:59.999000+00:00,259353500.39792335,123279,2029.795709,120500227.64796102,0
2021-04-18 02:00:00+00:00,59220.01,59481.79,58598.8,58804.21,4308.351015,2021-04-18 02:59:59.999000+00:00,253892645.2306207,106464,1816.32649,107051254.5850246,0
2021-04-18 03:00:00+00:00,58804.21,58984.69,50931.3,55014.46,15734.66463,2021-04-18 03:59:59.999000+00:00,864567947.1705338,436304,6869.566655,376364690.5702284,0
2021-04-18 04:00:00+00:00,55000.01,56033.92,53924.76,54829.24,12867.051882,2021-04-18 04:59:59.999000+00:00,708630386.8457215,317306,6598.745146,363461045.8848113,0
2021-04-18 05:00:00+00:00,54854.55,55850.0,54732.39,55569.18,6830.288929,2021-04-18 05:59:59.999000+00:00,378808939.15936136,181970,3477.542639,192850059.55295533,0
2021-04-18 06:00:00+00:00,55569.18,56381.0,55300.0,55728.66,5883.895972,2021-04-18 06:59:59.999000+00:00,328487188.05309945,176971,2868.670826,160139469.13218555,0
2021-04-18 07:00:00+00:00,55731.24,56527.04,55716.55,56180.34,4968.788579,2021-04-18 07:59:59.999000+00:00,279289463.03201175,137652,2441.495442,137234255.80848503,0
2021-04-18 08:00:00+00:00,56184.51,56498.0,54459.56,54953.65,7610.111419,2021-04-18 08:59:59.999000+00:00,423691155.1536186,165642,4226.633322,235168024.79892987,0
2021-04-18 09:00:00+00:00,54954.85,55294.21,54023.13,54964.61,7417.942167,2021-04-18 09:59:59.999000+00:00,405881923.3864409,170126,3658.541099,200216290.53982836,0
2021-04-18 10:00:00+00:00,54972.0,55364.11,54517.32,54640.93,4730.980604,2021-04-18 10:59:59.999000+00:00,259905788.73974916,124478,2294.036709,126035165.75744525,0
2021-04-18 11:00:00+00:00,54640.93,55079.62,53064.66,53308.92,5731.462727,2021-04-18 11:59:59.999000+00:00,309752790.05212426,145999,2474.976447,133861589.36298442,0
2021-04-18 12:00:00+00:00,53299.32,54999.71,53200.0,54947.24,6205.208238,2021-04-18 12:59:59.999000+00:00,336719461.9845524,146789,3068.227805,166457106.56284088,0
2021-04-18 13:00:00+00:00,54947.24,55309.34,54620.26,55169.06,4024.553454,2021-04-18 13:59:59.999000+00:00,221462485.03360313,106439,1786.602919,98319611.18903603,0
2021-04-18 14:00:00+00:00,55169.06,55774.23,55004.11,55135.56,4293.667419,2021-04-18 14:59:59.999000+00:00,237686500.43267083,112371,2008.512125,111216587.55256104,0
2021-04-18 15:00:00+00:00,55135.56,55574.23,54700.0,55452.45,4240.963043,2021-04-18 15:59:59.999000+00:00,234009189.1851296,115200,1994.687852,110078793.7936402,0
2021-04-18 16:00:00+00:00,55452.45,55967.66,55232.32,55432.76,4412.954789,2021-04-18 16:59:59.999000+00:00,245612628.63535312,124162,2047.439268,113955885.387812,0
2021-04-18 17:00:00+00:00,55432.77,55645.01,54859.75,55150.01,2842.333004,2021-04-18 17:59:59.999000+00:00,157066987.30961153,87870,1240.635103,68585150.81989145,0
2021-04-18 18:00:00+00:00,55151.12,55685.27,54982.02,55473.86,2277.497083,2021-04-18 18:59:59.999000+00:00,125935466.08817676,78591,1013.142503,56023604.16011059,0
2021-04-18 19:00:00+00:00,55473.85,55817.54,55286.72,55720.66,2318.986866,2021-04-18 19:59:59.999000+00:00,129001786.90254427,79922,1023.312857,56921127.21563463,0
2021-04-18 20:00:00+00:00,55720.66,56288.58,55709.86,56179.99,2711.094549,2021-04-18 20:59:59.999000+00:00,151813640.3938934,89748,1325.085843,74191415.81180117,0
2021-04-18 21:00:00+00:00,56179.99,56363.0,55537.48,56300.01,2271.066583,2021-04-18 21:59:59.999000+00:00,127209290.6819972,92754,1077.078114,60346710.26480194,0
2021-04-18 22:00:00+00:00,56300.01,56688.28,56004.33,56535.85,2828.70946,2021-04-18 22:59:59.999000+00:00,159604269.36266708,98167,1317.604147,74340125.00399984,0
2021-04-18 23:00:00+00:00,56535.84,56600.0,56008.0,56150.01,2283.684681,2021-04-18 23:59:59.999000+00:00,128620067.3807918,112023,1043.779738,58792147.17743945,0
2021-04-19 00:00:00+00:00,56150.01,56841.89,55690.62,56771.94,3197.231432,2021-04-19 00:59:59.999000+00:00,179795840.0979461,131638,1425.93031,80225501.31864521,0
2021-04-19 01:00:00+00:00,56771.94,57099.91,56650.0,56757.4,2963.581032,2021-04-19 01:59:59.999000+00:00,168573232.45589352,121114,1415.520082,80528202.53499556,0
2021-04-19 02:00:00+00:00,56757.16,57222.0,56530.75,56883.43,2157.614801,2021-04-19 02:59:59.999000+00:00,122727668.14641891,77216,1085.485372,61735822.62849723,0
2021-04-19 03:00:00+00:00,56883.43,57291.0,56700.36,57030.9,2340.955612,2021-04-19 03:59:59.999000+00:00,133344666.95096453,82091,1135.154413,64647577.36542224,0
2021-04-19 04:00:00+00:00,57030.9,57171.73,56679.8,56951.86,2053.326189,2021-04-19 04:59:59.999000+00:00,116893783.44488804,77146,969.118567,55176643.16730343,0
2021-04-19 05:00:00+00:00,56951.86,56965.3,56410.68,56500.0,2456.752607,2021-04-19 05:59:59.999000+00:00,139205439.32430676,67752,1200.411147,68012529.32018842,0
2021-04-19 06:00:00+00:00,56500.01,57339.8,56500.0,57249.99,2761.083254,2021-04-19 06:59:59.999000+00:00,157035001.46497047,72153,1384.152846,78721781.69529144,0
2021-04-19 07:00:00+00:00,57249.99,57485.46,57020.3,57323.35,3296.957371,2021-04-19 07:59:59.999000+00:00,188864201.65566587,89494,1624.699644,93062063.48246096,0
2021-04-19 08:00:00+00:00,57323.34,57526.81,56750.89,56778.8,4559.232894,2021-04-19 08:59:59.999000+00:00,260192084.72477767,134633,2098.275563,119769161.96072917,0
2021-04-19 09:00:00+00:00,56778.8,57098.86,56574.76,56681.9,3806.844848,2021-04-19 09:59:59.999000+00:00,216298457.69320697,124647,1768.020104,100466229.22154194,0
2021-04-19 10:00:00+00:00,56681.9,56785.5,56120.03,56522.65,4638.640988,2021-04-19 10:59:59.999000+00:00,261792263.0794836,154418,2284.170848,128898515.28127092,0
2021-04-19 11:00:00+00:00,56522.65,57323.99,56462.0,57107.4,3461.991479,2021-04-19 11:59:59.999000+00:00,197041024.7595692,119445,1845.493505,105014857.59715752,0
2021-04-19 12:00:00+00:00,57107.41,57142.2,56443.27,56515.7,2616.438302,2021-04-19 12:59:59.999000+00:00,148776017.51971558,82914,1140.328353,64828415.3504857,0
2021-04-19 13:00:00+00:00,56515.7,56783.36,56002.56,56630.91,4129.633471,2021-04-19 13:59:59.999000+00:00,233160091.263968,129870,2061.026764,116378324.79942952,0
2021-04-19 14:00:00+00:00,56630.9,56635.1,55073.39,55439.86,7232.540775,2021-04-19 14:59:59.999000+00:00,403449486.8795568,171503,3757.355248,209623484.21865457,0
2021-04-19 15:00:00+00:00,55439.86,55475.3,54221.58,54585.22,6961.912914,2021-04-19 15:59:59.999000+00:00,382445196.49950266,170135,3497.916194,192199908.90433523,0
2021-04-19 16:00:00+00:00,54581.82,55554.0,54351.67,54826.99,4996.35731,2021-04-19 16:59:59.999000+00:00,275039318.6484744,113803,2570.891683,141523909.5438788,0
2021-04-19 17:00:00+00:00,54826.99,55491.64,54560.53,55369.68,2626.419804,2021-04-19 17:59:59.999000+00:00,144875439.86168456,63151,1368.776929,75500587.18737344,0
2021-04-19 18:00:00+00:00,55369.68,55826.49,55300.31,55635.03,2181.159165,2021-04-19 18:59:59.999000+00:00,121297335.36484952,108830,1067.916307,59389469.94874984,0
2021-04-19 19:00:00+00:00,55635.03,56100.0,55387.25,55930.94,2219.584181,2021-04-19 19:59:59.999000+00:00,123761194.13492344,65159,1066.082671,59461881.38725397,0
2021-04-19 20:00:00+00:00,55930.94,56410.0,55750.0,56130.02,2160.199067,2021-04-19 20:59:59.999000+00:00,121167086.11459504,57702,1005.099832,56385307.47179848,0
2021-04-19 21:00:00+00:00,56130.02,56600.0,55678.63,56245.2,1789.107932,2021-04-19 21:59:59.999000+00:00,100450420.4140188,68703,961.523127,54001430.82996658,0
2021-04-19 22:00:00+00:00,56245.2,56348.05,55795.95,55993.56,1428.676676,2021-04-19 22:59:59.999000+00:00,80124994.82078867,45763,671.986333,37692474.81963031,0
2021-04-19 23:00:00+00:00,55993.56,56199.74,55517.45,55633.14,2192.800163,2021-04-19 23:59:59.999000+00:00,122309335.32697412,61247,957.049137,53372967.20367118,0
2021-04-20 00:00:00+00:00,55633.14,55792.15,54328.78,54631.29,5959.820842,2021-04-20 00:59:59.999000+00:00,327059611.40767795,145048,2773.719499,152240757.67082277,0
2021-04-20 01:00:00+00:00,54631.29,55378.42,54237.04,54764.12,3262.764215,2021-04-20 01:59:59.999000+00:00,178874714.8386335,106320,1448.674825,79467739.47867858,0
2021-04-20 04:00:00+00:00,54764.13,55350.28,54567.79,55258.63,1818.062278,2021-04-20 04:59:59.999000+00:00,100089289.55651817,56860,941.760909,51842653.4315988,0
2021-04-20 05:00:00+00:00,55258.64,55486.31,54691.87,54950.04,2658.617538,2021-04-20 05:59:59.999000+00:00,146318237.2848581,78451,1170.610676,64428845.24742373,0
2021-04-20 06:00:00+00:00,54950.04,55189.97,53501.01,53856.35,4276.743236,2021-04-20 06:59:59.999000+00:00,232198771.90155637,125727,2148.093174,116648132.47654644,0
2021-04-20 07:00:00+00:00,53856.36,54431.04,53329.96,54410.57,3889.653608,2021-04-20 07:59:59.999000+00:00,209632857.7736444,109894,1985.970681,107062427.94920126,0
2021-04-20 08:00:00+00:00,54410.57,55313.9,54230.38,55220.29,3227.006177,2021-04-20 08:59:59.999000+00:00,176879074.06412944,95317,1651.939526,90575312.06097849,0
2021-04-20 09:00:00+00:00,55220.3,55433.4,54781.59,54889.16,2858.553356,2021-04-20 09:59:59.999000+00:00,157442534.4194273,86005,1376.58682,75825269.5074581,0
2021-04-20 10:00:00+00:00,54889.15,56239.31,54824.81,55908.52,4372.322489,2021-04-20 10:59:59.999000+00:00,243623878.8373171,138676,2324.239174,129480838.11491188,0
2021-04-20 11:00:00+00:00,55908.52,56419.13,55680.64,56266.83,2774.06053,2021-04-20 11:59:59.999000+00:00,155239086.72842777,109934,1405.032855,78634356.9469117,0
2021-04-20 12:00:00+00:00,56266.83,56290.31,55604.73,55801.14,2705.944348,2021-04-20 12:59:59.999000+00:00,151248103.0315254,77318,1264.968964,70707008.47707108,0
2021-04-20 13:00:00+00:00,55801.13,56320.55,55693.69,56317.99,2723.866998,2021-04-20 13:59:59.999000+00:00,152665409.81853557,79334,1406.859113,78850578.73193017,0
2021-04-20 14:00:00+00:00,56318.0,56455.93,55200.0,55336.14,4285.544393,2021-04-20 14:59:59.999000+00:00,239358221.2453148,112482,1962.70201,109586312.8075318,0
2021-04-20 15:00:00+00:00,55336.14,55567.87,54649.58,55323.19,3870.66336,2021-04-20 15:59:59.999000+00:00,213523519.8324093,105594,1908.491179,105269649.77472357,0
2021-04-20 16:00:00+00:00,55323.18,55798.28,55099.63,55784.86,3801.773065,2021-04-20 16:59:59.999000+00:00,210729713.5658109,103952,1782.899998,98819506.30511072,0
2021-04-20 17:00:00+00:00,55784.86,55935.0,55465.15,55871.72,2436.867565,2021-04-20 17:59:59.999000+00:00,135858330.71641436,71226,1060.76087,59143164.48318538,0
2021-04-20 18:00:00+00:00,55871.72,56500.0,55707.69,56253.81,3648.740969,2021-04-20 18:59:59.999000+00:00,204590493.68518728,95265,1724.646309,96708392.81879868,0
2021-04-20 19:00:00+00:00,56254.98,56782.0,56176.02,56572.44,3592.81465,2021-04-20 19:59:59.999000+00:00,202907563.04197833,94004,1845.238815,104214520.64056268,0
2021-04-20 20:00:00+00:00,56572.44,57076.24,56347.84,56725.0,3872.758905,2021-04-20 20:59:59.999000+00:00,219936180.06908268,101511,2074.324829,117830726.434596,0
2021-04-20 21:00:00+00:00,56725.01,57020.77,56424.25,57020.76,2491.567737,2021-04-20 21:59:59.999000+00:00,141220268.01068974,128389,1275.856938,72323453.45349991,0
2021-04-20 22:00:00+00:00,57020.76,57050.0,56090.0,56380.0,2308.190909,2021-04-20 22:59:59.999000+00:00,130644206.38900729,70109,1063.851078,60216732.01484973,0
2021-04-20 23:00:00+00:00,56380.0,56573.54,56177.97,56425.0,1908.144983,2021-04-20 23:59:59.999000+00:00,107661325.40138054,57404,922.361485,52040588.75858407,0
2021-04-21 00:00:00+00:00,56425.0,56757.91,55582.08,55679.99,3033.111594,2021-04-21 00:59:59.999000+00:00,170656326.07038003,95300,1325.276505,74585219.08312394,0
2021-04-21 01:00:00+00:00,55679.99,56205.88,55332.96,56044.2,3248.115675,2021-04-21 01:59:59.999000+00:00,181036375.04038355,79778,1423.379489,79335558.23627259,0
2021-04-21 02:00:00+00:00,56044.75,56300.0,55894.95,56109.73,1681.65384,2021-04-21 02:59:59.999000+00:00,94291364.40333197,78688,768.875076,43109433.90456769,0
2021-04-21 03:00:00+00:00,56109.72,56171.39,55170.61,55204.6,2739.027026,2021-04-21 03:59:59.999000+00:00,152731473.4173238,75776,1152.324422,64259372.444516,0
2021-04-21 04:00:00+00:00,55204.6,55559.35,54968.69,55386.31,2542.38839,2021-04-21 04:59:59.999000+00:00,140604495.2373493,110968,1126.199785,62295627.76693659,0
2021-04-21 05:00:00+00:00,55386.3,55660.0,55058.54,55408.89,2104.544282,2021-04-21 05:59:59.999000+00:00,116451485.04842718,60781,968.636916,53597314.69160584,0
2021-04-21 06:00:00+00:00,55406.1,55822.77,55140.17,55559.57,2166.768062,2021-04-21 06:59:59.999000+00:00,120468446.07525495,64318,1059.735489,58930088.41687265,0
2021-04-21 07:00:00+00:00,55559.58,55717.11,55158.31,55304.04,1874.248851,2021-04-21 07:59:59.999000+00:00,103779933.69102447,66277,905.936867,50168973.97898972,0
2021-04-21 08:00:00+00:00,55304.04,55670.0,54757.63,55445.49,2693.646847,2021-04-21 08:59:59.999000+00:00,148742202.0162325,79260,1287.254902,71108193.42214668,0
2021-04-21 09:00:00+00:00,55445.48,55750.0,55279.57,55570.01,1796.522271,2021-04-21 09:59:59.999000+00:00,99818939.57541934,56829,820.460056,45585318.50701198,0
2021-04-21 10:00:00+00:00,55570.0,55597.49,54801.25,54916.83,3143.873023,2021-04-21 10:59:59.999000+00:00,173384957.7949564,99071,1523.865943,84031419.49908133,0
2021-04-21 11:00:00+00:00,54916.83,55194.69,54276.85,54563.37,3810.85838,2021-04-21 11:59:59.999000+00:00,208500285.8891129,142575,1752.970109,95911590.39697161,0
2021-04-21 12:00:00+00:00,54563.36,55550.0,54300.0,55433.39,3958.925158,2021-04-21 12:59:59.999000+00:00,217999246.22809505,97749,2042.40061,112481378.41799124,0
2021-04-21 13:00:00+00:00,55433.39,55690.0,55284.34,55569.31,2339.290415,2021-04-21 13:59:59.999000+00:00,129781104.26313701,75929,1140.805573,63290076.14743249,0
2021-04-21 14:00:00+00:00,55569.31,56333.0,55217.22,56182.11,3729.529115,2021-04-21 14:59:59.999000+00:00,208369587.20974636,99316,2004.045303,111977303.11014052,0
2021-04-21 15:00:00+00:00,56182.12,56346.7,55810.0,56153.75,3209.720954,2021-04-21 15:59:59.999000+00:00,180037114.2008676,88779,1534.762969,86086184.99427328,0
2021-04-21 16:00:00+00:00,56149.93,56339.98,55631.26,55743.81,2847.011896,2021-04-21 16:59:59.999000+00:00,159376083.85809237,87097,1414.613421,79200655.08161251,0
2021-04-21 17:00:00+00:00,55743.82,55819.52,55405.0,55526.01,2087.569093,2021-04-21 17:59:59.999000+00:00,116158897.36362864,66389,1053.560487,58618333.4963155,0
2021-04-21 18:00:00+00:00,55526.0,55610.9,55129.0,55306.35,1975.144997,2021-04-21 18:59:59.999000+00:00,109425208.48573329,64756,1041.29032,57688466.18006281,0
2021-04-21 19:00:00+00:00,55306.34,55738.14,55306.34,55478.7,1644.946786,2021-04-21 19:59:59.999000+00:00,91310408.0068031,60072,854.606273,47437473.16135027,0
2021-04-21 20:00:00+00:00,55478.7,55481.16,54777.0,54956.93,2590.887802,2021-04-21 20:59:59.999000+00:00,142638607.3014846,103073,1282.753126,70618218.08502682,0
2021-04-21 21:00:00+00:00,54956.93,55378.43,54678.82,54745.78,2222.287406,2021-04-21 21:59:59.999000+00:00,122048112.66364735,110555,1140.747956,62660126.94776348,0
2021-04-21 22:00:00+00:00,54749.82,55030.0,53770.0,53996.73,5969.673999,2021-04-21 22:59:59.999000+00:00,324050841.08921534,157171,2638.657025,143170890.10843652,0
2021-04-21 23:00:00+00:00,53996.73,54337.93,53536.02,53787.63,3575.011047,2021-04-21 23:59:59.999000+00:00,192888083.7676561,114439,1925.770871,103918367.19359188,0
2021-04-22 00:00:00+00:00,53787.62,54275.48,53200.0,54070.0,4850.994594,2021-04-22 00:59:59.999000+00:00,260533917.3982973,122164,2429.170932,130508453.04811206,0
2021-04-22 01:00:00+00:00,54070.0,54638.0,53901.0,53911.88,2802.407349,2021-04-22 01:59:59.999000+00:00,152256808.8194951,72415,1359.400499,73864097.30450569,0
2021-04-22 02:00:00+00:00,53911.88,53958.56,52561.0,53760.82,8567.790162,2021-04-22 02:59:59.999000+00:00,455824998.3367511,165036,4015.042231,213598531.71460527,0
2021-04-22 03:00:00+00:00,53760.81,54150.0,53200.0,53497.09,4439.765922,2021-04-22 03:59:59.999000+00:00,238644795.61222377,89998,2152.974312,115736440.19071312,0
2021-04-22 04:00:00+00:00,53494.63,54356.79,53450.0,54271.67,3142.328662,2021-04-22 04:59:59.999000+00:00,169791991.60052696,71458,1517.44131,82005588.97061539,0
2021-04-22 05:00:00+00:00,54271.68,54621.67,54012.98,54457.72,2655.568674,2021-04-22 05:59:59.999000+00:00,144151791.14762908,65254,1421.214206,77149425.51651296,0
2021-04-22 06:00:00+00:00,54457.73,54850.0,54252.38,54457.46,2858.805659,2021-04-22 06:59:59.999000+00:00,156066284.8694611,94151,1259.486032,68742097.73741579,0
2021-04-22 07:00:00+00:00,54457.46,54597.0,54096.08,54144.99,2482.312911,2021-04-22 07:59:59.999000+00:00,134734229.7848373,67676,1217.018852,66053487.30574927,0
2021-04-22 08:00:00+00:00,54146.01,54254.5,53080.0,53652.0,4910.161019,2021-04-22 08:59:59.999000+00:00,263311977.11583513,113935,2366.348045,126906346.45418236,0
2021-04-22 09:00:00+00:00,53652.0,54350.0,53249.02,54303.92,3317.668494,2021-04-22 09:59:59.999000+00:00,178342097.57016867,101111,1609.114652,86506103.68033922,0
2021-04-22 10:00:00+00:00,54303.93,54444.0,53879.07,53899.71,2761.481878,2021-04-22 10:59:59.999000+00:00,149696969.1159758,80989,1305.579108,70780584.75037429,0
2021-04-22 11:00:00+00:00,53901.46,55223.0,53891.21,54866.62,4204.499508,2021-04-22 11:59:59.999000+00:00,230201060.75530568,119960,2133.13329,116763418.14504772,0
2021-04-22 12:00:00+00:00,54866.63,55521.48,54726.34,54990.48,4357.250563,2021-04-22 12:59:59.999000+00:00,240065309.89758167,102997,2176.945747,119938146.27833158,0
2021-04-22 13:00:00+00:00,54990.49,55280.0,54391.56,54419.13,3368.232979,2021-04-22 13:59:59.999000+00:00,184801364.014336,83830,1707.790404,93700890.71986736,0
2021-04-22 14:00:00+00:00,54419.13,54861.08,54378.29,54744.24,2611.547751,2021-04-22 14:59:59.999000+00:00,142671262.88445136,79358,1339.097095,73156278.75886458,0
2021-04-22 15:00:00+00:00,54744.24,54843.24,54310.04,54651.64,2376.697615,2021-04-22 15:59:59.999000+00:00,129656408.66802137,103829,1199.290804,65414042.85447069,0
2021-04-22 16:00:00+00:00,54651.63,55166.19,54484.34,54897.11,2559.93491,2021-04-22 16:59:59.999000+00:00,140350282.52488053,90667,1313.949884,72039564.15327302,0
2021-04-22 17:00:00+00:00,54897.11,55018.67,53380.0,53437.4,5143.365913,2021-04-22 17:59:59.999000+00:00,278485617.35099775,120510,2243.875319,121538132.052975,0
2021-04-22 18:00:00+00:00,53437.4,53682.03,52703.47,53372.69,6566.262053,2021-04-22 18:59:59.999000+00:00,349921824.4859044,144219,3218.397196,171536240.90763628,0
2021-04-22 19:00:00+00:00,53372.69,53550.0,52222.17,52923.54,6231.54923,2021-04-22 19:59:59.999000+00:00,329876788.0965422,146495,2950.533534,156242208.6362683,0
2021-04-22 20:00:00+00:00,52923.54,52932.39,51500.0,51623.57,7619.339876,2021-04-22 20:59:59.999000+00:00,397738833.1683605,196150,3593.417779,187643303.426046,0
2021-04-22 21:00:00+00:00,51629.98,52102.5,50500.0,51673.71,9587.589867,2021-04-22 21:59:59.999000+00:00,492400113.85020953,319530,4425.059925,227447877.18231377,0
2021-04-22 22:00:00+00:00,51679.97,52234.74,51310.34,51620.8,4319.370749,2021-04-22 22:59:59.999000+00:00,223766503.95881408,112629,2229.307001,115486566.9494488,0
2021-04-22 23:00:00+00:00,51620.8,52221.01,51450.01,51690.96,2921.704999,2021-04-22 23:59:59.999000+00:00,151692626.29148585,80260,1367.183313,70987459.65103732,0
2021-04-23 00:00:00+00:00,51690.95,52131.85,51280.52,51524.09,5265.798449,2021-04-23 00:59:59.999000+00:00,272373863.4400605,129168,3090.998413,159901185.6438622,0
2021-04-23 01:00:00+00:00,51524.76,51725.74,49722.22,51080.59,11667.632162,2021-04-23 01:59:59.999000+00:00,593144862.9308712,276379,5428.085134,276430919.5098304,0
2021-04-23 02:00:00+00:00,51048.59,51427.93,48555.0,49999.99,15482.244353,2021-04-23 02:59:59.999000+00:00,771280685.5465064,350744,7339.242068,365806365.17290896,0
2021-04-23 03:00:00+00:00,50000.0,50435.45,49647.2,50298.76,6932.459625,2021-04-23 03:59:59.999000+00:00,346870296.03384614,155372,3497.943641,175044291.4615675,0
2021-04-23 04:00:00+00:00,50298.76,50572.08,49073.61,49178.19,6054.131706,2021-04-23 04:59:59.999000+00:00,300998502.45894927,132970,2869.244447,142622104.30895332,0
2021-04-23 05:00:00+00:00,49178.2,49937.27,48443.01,49501.73,7362.055964,2021-04-23 05:59:59.999000+00:00,362181710.8060018,166846,3495.228248,172073740.7168257,0
2021-04-23 06:00:00+00:00,49501.74,49528.99,48500.0,49051.48,6941.066819,2021-04-23 06:59:59.999000+00:00,339828823.4251471,152276,3488.303752,170802796.2790201,0
2021-04-23 07:00:00+00:00,49051.48,49500.0,47700.0,47942.44,9913.986524,2021-04-23 07:59:59.999000+00:00,480152397.88943595,180045,4353.732527,211173648.7710734,0
2021-04-23 08:00:00+00:00,47936.0,48858.14,47500.0,48749.75,8238.441315,2021-04-23 08:59:59.999000+00:00,397476713.7312934,167954,4244.050173,204826853.96992472,0
2021-04-23 09:00:00+00:00,48761.02,48783.6,47842.61,48226.87,4383.686618,2021-04-23 09:59:59.999000+00:00,212013562.43359855,104562,2162.322056,104581730.6989882,0
2021-04-23 10:00:00+00:00,48226.86,49665.32,48130.03,49455.53,6387.862039,2021-04-23 10:59:59.999000+00:00,314295004.74105966,128432,3080.91687,151549230.99189875,0
2021-04-23 11:00:00+00:00,49457.48,50269.17,49271.03,50070.36,5122.011075,2021-04-23 11:59:59.999000+00:00,255390972.09839663,120212,2514.09795,125380775.4936764,0
2021-04-23 12:00:00+00:00,50070.36,50300.0,49189.43,49249.3,4048.825327,2021-04-23 12:59:59.999000+00:00,201370972.28622788,92049,1911.784824,95108010.82721771,0
2021-04-23 13:00:00+00:00,49249.3,49470.33,48541.0,49127.39,4762.915089,2021-04-23 13:59:59.999000+00:00,233396191.56846145,100181,2533.039772,124149951.61061972,0
2021-04-23 14:00:00+00:00,49128.47,49943.91,48811.57,49728.37,3247.187687,2021-04-23 14:59:59.999000+00:00,160564043.9175336,67033,1609.509603,79588159.94381528,0
2021-04-23 15:00:00+00:00,49728.42,49935.01,48981.0,49836.62,3752.462627,2021-04-23 15:59:59.999000+00:00,185753789.9355009,71735,1721.3313,85205540.82031155,0
2021-04-23 16:00:00+00:00,49836.63,50126.48,49470.26,49836.91,2928.127904,2021-04-23 16:59:59.999000+00:00,145826444.26193509,67016,1349.002431,67197852.3264632,0
2021-04-23 17:00:00+00:00,49836.9,50115.75,49510.42,49824.74,3000.721626,2021-04-23 17:59:59.999000+00:00,149624447.9123352,60762,1450.058943,72329063.72048488,0
2021-04-23 18:00:00+00:00,49827.18,50777.0,49620.02,50563.59,3088.954441,2021-04-23 18:59:59.999000+00:00,155559916.49403387,69045,1494.88621,75274899.13479768,0
2021-04-23 19:00:00+00:00,50563.59,50920.0,50413.51,50876.72,2743.728322,2021-04-23 19:59:59.999000+00:00,139019099.23191747,55220,1219.794477,61788522.3637744,0
2021-04-23 20:00:00+00:00,50876.71,51301.34,50500.0,50504.32,4892.033835,2021-04-23 20:59:59.999000+00:00,249525172.34531012,96630,1826.817495,93195405.6464279,0
2021-04-23 21:00:00+00:00,50505.35,50950.01,50284.38,50298.07,2481.748637,2021-04-23 21:59:59.999000+00:00,125533875.07941256,59451,1240.183361,62726408.62719749,0
2021-04-23 22:00:00+00:00,50298.07,50720.0,50140.0,50469.05,1802.098204,2021-04-23 22:59:59.999000+00:00,90921531.34406435,42644,963.637056,48618706.82894718,0
2021-04-23 23:00:00+00:00,50469.12,51146.77,50469.11,51125.14,1582.984451,2021-04-23 23:59:59.999000+00:00,80458084.40193754,38510,807.710671,41049817.96508046,0
2021-04-24 00:00:00+00:00,51110.56,51166.22,49560.0,49864.95,4070.249784,2021-04-24 00:59:59.999000+00:00,204456995.1833842,79478,1971.618497,98987229.89385624,0
2021-04-24 01:00:00+00:00,49864.94,50050.0,49700.4,49724.1,1985.666509,2021-04-24 01:59:59.999000+00:00,99085659.40313505,37498,1055.965824,52696400.67646082,0
2021-04-24 02:00:00+00:00,49724.1,50395.15,49304.06,50067.37,2760.263927,2021-04-24 02:59:59.999000+00:00,137536840.35085377,50380,1384.051841,68976026.25465097,0
2021-04-24 03:00:00+00:00,50067.36,50452.37,50011.39,50109.93,1774.447376,2021-04-24 03:59:59.999000+00:00,89095116.12980187,33695,868.911834,43627931.3854896,0
2021-04-24 04:00:00+00:00,50109.92,50631.16,49900.0,50412.76,1752.285058,2021-04-24 04:59:59.999000+00:00,88094085.67291391,36907,891.369448,44810916.42447211,0
2021-04-24 05:00:00+00:00,50412.76,50544.86,50175.19,50456.09,1570.775222,2021-04-24 05:59:59.999000+00:00,79111109.1942788,32620,759.467113,38242741.03082142,0
2021-04-24 06:00:00+00:00,50456.09,50520.57,50155.0,50210.75,1568.532112,2021-04-24 06:59:59.999000+00:00,78939077.91447408,37074,724.666615,36470006.35611267,0
2021-04-24 07:00:00+00:00,50210.76,50210.76,49649.7,49805.2,2570.267542,2021-04-24 07:59:59.999000+00:00,128166468.05560516,54102,1325.141563,66072763.72141435,0
2021-04-24 08:00:00+00:00,49798.96,50217.89,49689.09,49762.54,2105.249023,2021-04-24 08:59:59.999000+00:00,105233380.77084328,43139,987.811383,49369979.81455502,0
2021-04-24 09:00:00+00:00,49762.54,49800.0,49424.0,49507.07,2198.660808,2021-04-24 09:59:59.999000+00:00,109038060.42813376,48396,951.31361,47184435.67464141,0
2021-04-24 10:00:00+00:00,49507.16,49509.27,48925.15,48991.37,3488.115661,2021-04-24 10:59:59.999000+00:00,171608263.19558644,84277,1588.058341,78129082.1202255,0
2021-04-24 11:00:00+00:00,48991.36,49523.0,48657.14,49073.71,4199.527778,2021-04-24 11:59:59.999000+00:00,205896574.04456753,87474,1992.364241,97676548.64593635,0
2021-04-24 12:00:00+00:00,49072.12,49797.61,48917.16,49549.87,3604.042542,2021-04-24 12:59:59.999000+00:00,178052610.36933953,61439,1691.403439,83572454.26586369,0
2021-04-24 13:00:00+00:00,49554.73,49747.48,49334.49,49554.32,2379.400005,2021-04-24 13:59:59.999000+00:00,117876881.81569424,38399,951.462298,47141101.60905637,0
2021-04-24 14:00:00+00:00,49554.32,49554.33,49100.0,49294.71,2039.255375,2021-04-24 14:59:59.999000+00:00,100600975.85803388,42458,1033.050834,50961584.48823318,0
2021-04-24 15:00:00+00:00,49295.64,50360.63,48900.0,50212.03,4195.603654,2021-04-24 15:59:59.999000+00:00,208604097.69093692,74320,1879.69827,93465879.96851042,0
2021-04-24 16:00:00+00:00,50210.01,50300.0,49838.72,49894.73,2004.394639,2021-04-24 16:59:59.999000+00:00,100340344.79741614,47179,1033.960017,51753738.2055901,0
2021-04-24 17:00:00+00:00,49894.73,50159.76,49650.0,50121.31,1581.779609,2021-04-24 17:59:59.999000+00:00,78987494.61689566,41617,828.170346,41364799.57830024,0
2021-04-24 18:00:00+00:00,50123.44,50800.74,49986.03,50562.06,2164.264179,2021-04-24 18:59:59.999000+00:00,109386920.5149785,50039,1153.012376,58264107.28859233,0
2021-04-24 19:00:00+00:00,50562.05,50888.0,50562.05,50667.75,1248.631355,2021-04-24 19:59:59.999000+00:00,63325824.48718164,34239,594.856919,30168292.73168125,0
2021-04-24 20:00:00+00:00,50667.79,50995.0,50535.86,50930.49,1563.715337,2021-04-24 20:59:59.999000+00:00,79404295.04403633,38886,836.945231,42507146.77058964,0
2021-04-24 21:00:00+00:00,50930.49,51000.0,50623.01,50853.72,1255.526963,2021-04-24 21:59:59.999000+00:00,63853666.25671897,35941,613.035394,31183217.81175662,0
2021-04-24 22:00:00+00:00,50853.71,50934.4,50223.72,50298.84,1607.649617,2021-04-24 22:59:59.999000+00:00,81342560.61342287,36894,833.455405,42166891.11932068,0
2021-04-24 23:00:00+00:00,50292.32,50519.75,49900.0,50047.84,1673.208498,2021-04-24 23:59:59.999000+00:00,84043700.47043046,38534,832.442168,41814434.02066662,0
2021-04-25 00:00:00+00:00,50047.84,50302.15,49716.41,49821.69,2241.495604,2021-04-25 00:59:59.999000+00:00,112205918.2594202,39669,1218.573169,61021506.07532135,0
2021-04-25 01:00:00+00:00,49821.69,50306.12,49800.0,50132.66,1304.819597,2021-04-25 01:59:59.999000+00:00,65340233.01249284,27413,667.658279,33436517.13867449,0
2021-04-25 02:00:00+00:00,50132.66,50452.85,50120.88,50289.01,1210.922189,2021-04-25 02:59:59.999000+00:00,60867275.73110187,27129,617.310339,31024512.33127537,0
2021-04-25 03:00:00+00:00,50289.01,50331.16,49600.0,49615.54,1663.771323,2021-04-25 03:59:59.999000+00:00,83000342.79895839,33706,788.127155,39320749.96366281,0
2021-04-25 04:00:00+00:00,49626.76,49705.04,49600.24,49683.94,5.887034,2021-04-25 04:00:58.146000+00:00,292226.01345715,224,4.229245,209956.01047409,0
2021-04-25 08:00:00+00:00,49683.95,50280.0,49671.52,50086.13,920.193121,2021-04-25 08:59:59.999000+00:00,46117087.97433939,21258,499.386676,25025566.29294041,0
2021-04-25 09:00:00+00:00,50086.77,50223.21,49161.94,49486.62,3835.862263,2021-04-25 09:59:59.999000+00:00,190061659.66939223,127374,2150.494844,106513461.91990729,0
2021-04-25 10:00:00+00:00,49486.62,49918.0,49179.43,49342.51,3900.259987,2021-04-25 10:59:59.999000+00:00,193203101.6045105,80023,1837.498016,90974164.69246975,0
2021-04-25 11:00:00+00:00,49339.75,49683.54,49248.52,49550.73,1867.411535,2021-04-25 11:59:59.999000+00:00,92382622.01995948,45504,901.389217,44587002.91747804,0
2021-04-25 12:00:00+00:00,49550.74,49974.65,49450.0,49859.54,2412.986105,2021-04-25 12:59:59.999000+00:00,120033917.87212768,56444,1073.380553,53388886.00289865,0
2021-04-25 13:00:00+00:00,49861.21,50157.46,49750.0,49872.91,2934.154512,2021-04-25 13:59:59.999000+00:00,146422750.98839608,61938,1360.622509,67907796.84308323,0
2021-04-25 14:00:00+00:00,49872.9,50500.0,49700.0,50335.68,2830.297172,2021-04-25 14:59:59.999000+00:00,141876152.778937,65610,1360.99045,68227953.49782091,0
2021-04-25 15:00:00+00:00,50335.67,50567.91,50191.26,50257.97,2411.063466,2021-04-25 15:59:59.999000+00:00,121435382.23724088,72973,1147.098573,57777101.93188353,0
2021-04-25 16:00:00+00:00,50257.97,50395.49,50043.28,50395.49,1930.645035,2021-04-25 16:59:59.999000+00:00,96867169.44977048,59110,1046.88365,52527643.11878685,0
2021-04-25 17:00:00+00:00,50395.49,50434.0,49768.17,49921.81,2065.132555,2021-04-25 17:59:59.999000+00:00,103274522.30964388,70658,945.266219,47275621.36399164,0
2021-04-25 18:00:00+00:00,49921.81,49949.23,49470.0,49622.7,2454.073135,2021-04-25 18:59:59.999000+00:00,121920475.73749444,93426,1278.503221,63516249.23314066,0
2021-04-25 19:00:00+00:00,49622.7,49785.95,49295.09,49333.01,1782.224281,2021-04-25 19:59:59.999000+00:00,88313841.27945547,82870,903.007183,44759061.06779246,0
2021-04-25 20:00:00+00:00,49333.01,49593.18,47900.0,48094.68,5353.121369,2021-04-25 20:59:59.999000+00:00,260540905.5408409,122985,2085.745204,101661262.94916745,0
2021-04-25 21:00:00+00:00,48097.99,48392.49,46930.0,47598.87,8179.866443,2021-04-25 21:59:59.999000+00:00,390027327.49401,205765,3929.791653,187391518.2872769,0
2021-04-25 22:00:00+00:00,47598.87,48812.33,47507.31,48689.03,5607.322321,2021-04-25 22:59:59.999000+00:00,270346174.30328625,118752,2355.330767,113422896.79409808,0
2021-04-25 23:00:00+00:00,48694.09,49171.76,48500.0,49066.77,3344.135957,2021-04-25 23:59:59.999000+00:00,163329228.1124845,62648,1596.044472,77951443.09602252,0
2021-04-26 00:00:00+00:00,49066.76,50989.0,48753.44,50900.0,6885.231102,2021-04-26 00:59:59.999000+00:00,345383279.9469252,123696,3694.887777,185343645.91743535,0
2021-04-26 01:00:00+00:00,50899.99,51983.56,50437.37,51920.39,6233.060167,2021-04-26 01:59:59.999000+00:00,319893072.7123937,111379,3397.024365,174305465.13958636,0
2021-04-26 02:00:00+00:00,51920.39,52500.0,51698.09,51969.24,5057.53079,2021-04-26 02:59:59.999000+00:00,263379177.176681,93589,2575.997465,134145181.50614728,0
2021-04-26 03:00:00+00:00,51961.34,52427.97,51833.31,52398.99,3147.614937,2021-04-26 03:59:59.999000+00:00,164144680.08314365,69713,1517.810463,79138152.91907986,0
2021-04-26 04:00:00+00:00,52398.99,52722.35,52000.0,52299.99,3111.162454,2021-04-26 04:59:59.999000+00:00,162645343.66040033,73269,1612.274851,84288757.46096563,0
2021-04-26 05:00:00+00:00,52300.0,52579.91,52051.06,52535.23,2571.792706,2021-04-26 05:59:59.999000+00:00,134576904.04673785,54916,1347.780605,70542288.72905052,0
2021-04-26 06:00:00+00:00,52535.23,53080.0,52421.23,52832.0,3992.447205,2021-04-26 06:59:59.999000+00:00,210762520.8897676,104784,2077.636714,109693706.35919844,0
2021-04-26 07:00:00+00:00,52831.99,52969.35,52445.48,52801.37,3307.192864,2021-04-26 07:59:59.999000+00:00,174313043.793677,113271,1627.652927,85794993.06377189,0
2021-04-26 08:00:00+00:00,52801.37,52981.07,52507.41,52584.19,2382.146061,2021-04-26 08:59:59.999000+00:00,125508794.77366914,67123,1169.438064,61619052.20343702,0
2021-04-26 09:00:00+00:00,52584.19,53544.68,52275.0,53450.04,4242.612299,2021-04-26 09:59:59.999000+00:00,224337120.00921476,106589,2276.261246,120357348.43490162,0
2021-04-26 10:00:00+00:00,53450.04,53530.29,53119.01,53217.03,3124.225334,2021-04-26 10:59:59.999000+00:00,166610405.87942895,77065,1420.129444,75741828.7471216,0
2021-04-26 11:00:00+00:00,53217.03,53685.0,53217.03,53598.39,3308.46177,2021-04-26 11:59:59.999000+00:00,176936272.22041872,74256,1778.735737,95127880.2068928,0
2021-04-26 12:00:00+00:00,53598.39,53950.0,53407.82,53484.75,4131.430574,2021-04-26 12:59:59.999000+00:00,221758163.63911363,128400,1945.523047,104429029.28124686,0
2021-04-26 13:00:00+00:00,53484.74,53894.61,53200.0,53659.52,3680.502208,2021-04-26 13:59:59.999000+00:00,197205379.8455453,100452,1626.0844,87123276.91396071,0
2021-04-26 14:00:00+00:00,53657.33,53844.19,53354.38,53545.87,2570.543403,2021-04-26 14:59:59.999000+00:00,137747913.23342922,72538,1148.414824,61541242.66665357,0
2021-04-26 15:00:00+00:00,53545.87,53700.02,53239.69,53571.12,2105.318039,2021-04-26 15:59:59.999000+00:00,112644369.93228084,59532,982.586283,52571685.89699547,0
2021-04-26 16:00:00+00:00,53571.13,53757.97,52868.07,53284.61,3930.725606,2021-04-26 16:59:59.999000+00:00,209291718.88636175,138957,1924.07171,102438997.20537232,0
2021-04-26 17:00:00+00:00,53284.6,54356.62,53276.75,54034.75,3853.419973,2021-04-26 17:59:59.999000+00:00,208166510.26074877,93515,1920.054186,103691161.89983065,0
2021-04-26 18:00:00+00:00,54034.74,54284.46,53880.27,54245.87,2461.235352,2021-04-26 18:59:59.999000+00:00,133217585.64973368,69663,1117.717013,60493468.26343093,0
2021-04-26 19:00:00+00:00,54245.87,54300.0,53702.08,54036.19,3319.13491,2021-04-26 19:59:59.999000+00:00,178955183.1767043,60385,1497.415662,80751445.1492357,0
2021-04-26 20:00:00+00:00,54038.21,54040.0,53179.68,53180.0,3491.708332,2021-04-26 20:59:59.999000+00:00,186719829.52879447,68693,1577.389836,84350078.14588204,0
2021-04-26 21:00:00+00:00,53180.01,53478.0,52600.36,53363.54,4705.666332,2021-04-26 21:59:59.999000+00:00,249034645.21632504,134283,2527.003901,133719531.36293648,0
2021-04-26 22:00:00+00:00,53363.53,54250.0,52857.14,53582.45,2906.481185,2021-04-26 22:59:59.999000+00:00,156014986.08677486,92419,1508.50481,80985561.93185547,0
2021-04-26 23:00:00+00:00,53582.45,54050.08,53451.12,54001.39,1791.158521,2021-04-26 23:59:59.999000+00:00,96441602.74911731,86057,913.541419,49181727.45032478,0
2021-04-27 00:00:00+00:00,54001.38,54160.61,53519.0,53657.36,2201.196344,2021-04-27 00:59:59.999000+00:00,118420311.5701976,68434,1074.552702,57803537.508107,0
2021-04-27 01:00:00+00:00,53657.35,53838.58,53571.88,53772.23,1682.449129,2021-04-27 01:59:59.999000+00:00,90345443.10636143,49584,840.823625,45150668.26090175,0
2021-04-27 02:00:00+00:00,53772.23,54000.0,53728.68,53812.01,1926.613198,2021-04-27 02:59:59.999000+00:00,103794651.87458237,45404,848.38906,45711253.12257945,0
2021-04-27 03:00:00+00:00,53812.0,53827.34,53267.71,53460.3,1956.128067,2021-04-27 03:59:59.999000+00:00,104762769.86878598,49283,789.59406,42298304.94436707,0
2021-04-27 04:00:00+00:00,53460.3,53591.51,53222.0,53456.85,1698.399886,2021-04-27 04:59:59.999000+00:00,90716503.42185768,42648,743.600766,39719620.23957774,0
2021-04-27 05:00:00+00:00,53456.85,53970.0,53405.82,53918.3,1911.652207,2021-04-27 05:59:59.999000+00:00,102911018.700404,49658,902.020335,48560792.96656796,0
2021-04-27 06:00:00+00:00,53918.3,54933.74,53898.61,54700.34,4568.146348,2021-04-27 06:59:59.999000+00:00,249373832.95689467,102236,2160.954412,117854681.35046944,0
2021-04-27 07:00:00+00:00,54700.35,54879.72,54317.13,54545.01,2343.167947,2021-04-27 07:59:59.999000+00:00,128036214.27688104,61827,1085.935717,59340799.86819591,0
2021-04-27 08:00:00+00:00,54545.0,54986.96,54349.77,54430.17,2402.511017,2021-04-27 08:59:59.999000+00:00,131278127.28974631,75515,1188.276915,64931504.44357335,0
2021-04-27 09:00:00+00:00,54430.25,54688.49,54248.92,54487.04,1823.950339,2021-04-27 09:59:59.999000+00:00,99454964.06580496,81933,1002.978831,54691142.5736989,0
2021-04-27 10:00:00+00:00,54487.05,54782.7,54426.66,54683.34,2148.3845,2021-04-27 10:59:59.999000+00:00,117265006.99816471,54437,1070.971673,58456390.4671898,0
2021-04-27 11:00:00+00:00,54688.72,55242.32,54625.31,55152.43,3287.148492,2021-04-27 11:59:59.999000+00:00,180493525.67453504,110555,1505.076531,82681851.31240638,0
2021-04-27 12:00:00+00:00,55152.43,55281.16,54736.78,54838.53,2259.388401,2021-04-27 12:59:59.999000+00:00,124238125.59225865,64807,1081.238107,59460219.64095593,0
2021-04-27 13:00:00+00:00,54838.53,55040.83,54400.0,54726.35,2590.975116,2021-04-27 13:59:59.999000+00:00,141817316.01464385,68808,1131.755208,61949238.60546778,0
2021-04-27 14:00:00+00:00,54726.34,55068.91,54258.32,54953.92,4785.508234,2021-04-27 14:59:59.999000+00:00,261829029.61671075,128300,2227.810402,121877949.97248831,0
2021-04-27 15:00:00+00:00,54953.27,55300.0,54820.38,54981.87,2714.543128,2021-04-27 15:59:59.999000+00:00,149293186.65500727,74737,1402.594354,77149849.62163776,0
2021-04-27 16:00:00+00:00,54981.86,55081.61,54545.64,54663.28,2348.675864,2021-04-27 16:59:59.999000+00:00,128794610.78997724,62831,1066.151739,58474452.16957059,0
2021-04-27 17:00:00+00:00,54663.28,54933.45,54258.4,54875.62,2203.989108,2021-04-27 17:59:59.999000+00:00,120529782.27161348,56363,1038.420918,56792423.23647976,0
2021-04-27 18:00:00+00:00,54875.63,54991.45,54624.76,54960.01,1564.577875,2021-04-27 18:59:59.999000+00:00,85780447.89563517,73301,667.766201,36610784.55626535,0
2021-04-27 19:00:00+00:00,54960.01,54976.49,54613.68,54761.7,1371.286911,2021-04-27 19:59:59.999000+00:00,75121933.9614481,41763,664.809143,36417759.53065474,0
2021-04-27 20:00:00+00:00,54761.7,55183.33,54761.7,55133.88,1467.824994,2021-04-27 20:59:59.999000+00:00,80640935.63212492,54562,761.203885,41827365.72470492,0
2021-04-27 21:00:00+00:00,55133.88,55460.0,54818.48,55275.29,1717.62092,2021-04-27 21:59:59.999000+00:00,94821947.70715648,60134,1042.364592,57574669.39684549,0
2021-04-27 22:00:00+00:00,55275.29,55339.42,54875.36,54944.72,1395.935665,2021-04-27 22:59:59.999000+00:00,76931431.06758295,44843,655.091003,36103972.01591863,0
2021-04-27 23:00:00+00:00,54944.72,55049.97,54738.43,55011.97,1693.960985,2021-04-27 23:59:59.999000+00:00,93068211.35861504,46703,678.69445,37292569.64771215,0
2021-04-28 00:00:00+00:00,55011.97,55466.31,54967.38,55384.61,2648.205343,2021-04-28 00:59:59.999000+00:00,146267248.64434072,66802,1173.385551,64817000.5386819,0
2021-04-28 01:00:00+00:00,55384.61,55738.0,55280.01,55471.2,2372.788851,2021-04-28 01:59:59.999000+00:00,131811804.4863698,63846,1224.544652,68026245.57568903,0
2021-04-28 02:00:00+00:00,55471.2,55629.67,55173.2,55189.99,2237.144316,2021-04-28 02:59:59.999000+00:00,124090156.6080271,47030,999.124511,55407189.22834775,0
2021-04-28 03:00:00+00:00,55190.0,55276.76,54769.42,54774.05,2477.083257,2021-04-28 03:59:59.999000+00:00,136366301.4690315,77821,959.643618,52832603.1291883,0
2021-04-28 04:00:00+00:00,54774.05,54995.07,54545.0,54820.54,1616.616316,2021-04-28 04:59:59.999000+00:00,88657559.83565111,74795,721.400698,39567103.27790469,0
2021-04-28 05:00:00+00:00,54820.54,54938.4,54400.0,54594.5,1973.108639,2021-04-28 05:59:59.999000+00:00,107770750.40098552,66495,871.86255,47628774.52511742,0
2021-04-28 06:00:00+00:00,54599.24,54628.65,53813.16,54144.18,4867.741966,2021-04-28 06:59:59.999000+00:00,263419901.54401448,166075,2392.938313,129468837.00969768,0
2021-04-28 07:00:00+00:00,54144.18,54550.78,54040.01,54255.98,1991.686707,2021-04-28 07:59:59.999000+00:00,108174602.22060557,77024,959.098958,52080070.17709384,0
2021-04-28 08:00:00+00:00,54255.98,54535.51,54055.83,54063.23,1803.603078,2021-04-28 08:59:59.999000+00:00,97936694.19399329,42460,969.679818,52650452.3204653,0
2021-04-28 09:00:00+00:00,54063.23,54420.86,53917.64,54215.31,2263.804077,2021-04-28 09:59:59.999000+00:00,122554515.00309516,89666,1207.280886,65359644.96684204,0
2021-04-28 10:00:00+00:00,54215.3,54476.26,54102.35,54413.56,1337.222433,2021-04-28 10:59:59.999000+00:00,72648531.50144874,54739,640.147384,34776765.69665568,0
2021-04-28 11:00:00+00:00,54413.57,55087.85,54411.81,54853.26,3066.766658,2021-04-28 11:59:59.999000+00:00,168140906.92988715,103484,1468.704125,80529712.67011777,0
2021-04-28 12:00:00+00:00,54853.26,55327.0,54762.42,55175.25,2451.402229,2021-04-28 12:59:59.999000+00:00,135192959.93883696,79954,1276.491075,70389502.49680394,0
2021-04-28 13:00:00+00:00,55175.25,55195.35,54625.0,54780.0,2012.454786,2021-04-28 13:59:59.999000+00:00,110335551.58554828,70353,954.150747,52310284.2177571,0
2021-04-28 14:00:00+00:00,54780.01,54917.29,54460.41,54489.22,1854.240002,2021-04-28 14:59:59.999000+00:00,101347488.3001676,70167,952.931698,52089062.57924151,0
2021-04-28 15:00:00+00:00,54489.21,54611.27,54111.11,54338.14,2069.031826,2021-04-28 15:59:59.999000+00:00,112435959.9854488,57649,953.250863,51803405.17303615,0
2021-04-28 16:00:00+00:00,54338.14,54775.0,54245.33,54704.76,1719.332839,2021-04-28 16:59:59.999000+00:00,93745992.44566226,54845,828.403003,45177193.52711804,0
2021-04-28 17:00:00+00:00,54704.75,54975.45,54523.0,54838.72,1391.817027,2021-04-28 17:59:59.999000+00:00,76195098.77374274,46433,675.649759,36990109.34258977,0
2021-04-28 18:00:00+00:00,54838.73,55070.0,54643.45,54933.76,1667.37025,2021-04-28 18:59:59.999000+00:00,91521300.86696164,71780,884.121388,48534054.17283226,0
2021-04-28 19:00:00+00:00,54933.75,55432.0,54724.91,55411.97,1761.29631,2021-04-28 19:59:59.999000+00:00,96833238.51077864,54668,931.603458,51239115.22728216,0
2021-04-28 20:00:00+00:00,55407.03,56428.0,54159.0,54369.08,7215.862032,2021-04-28 20:59:59.999000+00:00,398476398.1166095,222952,3688.759735,203901346.01754165,0
2021-04-28 21:00:00+00:00,54369.08,54884.0,54002.0,54801.34,1809.982403,2021-04-28 21:59:59.999000+00:00,98557220.83923648,90561,865.080068,47127943.06922975,0
2021-04-28 22:00:00+00:00,54801.33,54838.43,54311.0,54466.72,1309.967151,2021-04-28 22:59:59.999000+00:00,71479130.58784659,42676,594.338257,32430782.23082527,0
2021-04-28 23:00:00+00:00,54469.96,54886.63,54363.86,54846.22,1211.930519,2021-04-28 23:59:59.999000+00:00,66283474.71838807,37767,569.442307,31141717.84526308,0
2021-04-29 00:00:00+00:00,54846.23,55195.84,54673.96,54720.07,1873.43885,2021-04-29 00:59:59.999000+00:00,102917751.05460548,83727,841.455296,46219431.33456425,0
2021-04-29 01:00:00+00:00,54720.07,54775.98,54415.37,54567.68,1669.784232,2021-04-29 01:59:59.999000+00:00,91120003.13730268,51413,794.734569,43370175.99641751,0
2021-04-29 02:00:00+00:00,54567.68,54752.12,54306.01,54575.94,1729.97186,2021-04-29 02:59:59.999000+00:00,94284399.72796524,56048,860.731556,46910734.54193332,0
2021-04-29 03:00:00+00:00,54575.93,54632.58,54046.33,54265.1,1854.696999,2021-04-29 03:59:59.999000+00:00,100779374.81886303,52961,920.199647,49997111.11861128,0
2021-04-29 04:00:00+00:00,54265.1,54265.1,53510.0,53564.94,3064.684024,2021-04-29 04:59:59.999000+00:00,165163667.4108472,78081,1216.840692,65588504.31811082,0
2021-04-29 05:00:00+00:00,53564.94,53976.19,53482.22,53896.92,2134.217853,2021-04-29 05:59:59.999000+00:00,114771748.9564402,50280,1077.887517,57984072.14256078,0
2021-04-29 06:00:00+00:00,53896.92,54493.87,53856.49,54372.84,2055.557058,2021-04-29 06:59:59.999000+00:00,111536601.36315872,84944,991.404535,53787032.68623908,0
2021-04-29 07:00:00+00:00,54372.84,54486.45,54255.0,54465.14,1478.351219,2021-04-29 07:59:59.999000+00:00,80388505.20502517,68517,741.005448,40293942.05813695,0
2021-04-29 08:00:00+00:00,54465.27,54467.99,53850.0,53929.29,2319.63632,2021-04-29 08:59:59.999000+00:00,125379263.40718696,62823,1030.936293,55718088.28144043,0
2021-04-29 09:00:00+00:00,53929.28,54739.43,53759.98,54541.01,2798.333782,2021-04-29 09:59:59.999000+00:00,152302985.951087,98228,1382.885935,75262587.0817217,0
2021-04-29 10:00:00+00:00,54540.01,54689.48,54338.33,54428.04,1736.13906,2021-04-29 10:59:59.999000+00:00,94625878.17455964,77712,904.131048,49278382.97990622,0
2021-04-29 11:00:00+00:00,54428.04,54546.33,54105.22,54300.16,1855.19598,2021-04-29 11:59:59.999000+00:00,100740551.13634507,76325,844.856681,45881927.96692829,0
2021-04-29 12:00:00+00:00,54300.16,54531.89,54159.47,54330.01,2002.781145,2021-04-29 12:59:59.999000+00:00,108903744.32896835,57356,1039.806269,56544292.99736422,0
2021-04-29 13:00:00+00:00,54330.01,54404.59,53560.0,53606.03,3125.209444,2021-04-29 13:59:59.999000+00:00,168444811.17004848,130274,1386.770762,74737712.08220401,0
2021-04-29 14:00:00+00:00,53606.03,53913.78,53508.0,53682.26,2505.830723,2021-04-29 14:59:59.999000+00:00,134551012.91526031,115566,1248.843913,67057852.71437336,0
2021-04-29 15:00:00+00:00,53682.26,53912.83,53303.68,53703.11,2704.688936,2021-04-29 15:59:59.999000+00:00,145220021.95558292,76885,1328.614514,71353232.6433591,0
2021-04-29 16:00:00+00:00,53703.11,53816.19,52950.0,52972.0,3351.666431,2021-04-29 16:59:59.999000+00:00,178771149.73031783,94867,1560.050142,83219474.87052946,0
2021-04-29 17:00:00+00:00,52972.0,53183.72,52700.0,52742.95,3725.620062,2021-04-29 17:59:59.999000+00:00,197176897.8377836,111240,1976.397515,104591455.53382672,0
2021-04-29 18:00:00+00:00,52742.98,53039.27,52476.69,52928.54,2690.755746,2021-04-29 18:59:59.999000+00:00,141805908.29279357,85209,1366.177888,72008824.86319172,0
2021-04-29 19:00:00+00:00,52935.72,53036.79,52800.0,52860.02,1452.030563,2021-04-29 19:59:59.999000+00:00,76862579.74978109,48118,717.098398,37957947.17049256,0
2021-04-29 20:00:00+00:00,52860.02,53337.07,52330.94,52981.71,2843.607753,2021-04-29 20:59:59.999000+00:00,150247886.82950068,75610,1332.69574,70419097.11685057,0
2021-04-29 21:00:00+00:00,52977.71,53363.99,52808.05,53329.2,1120.140276,2021-04-29 21:59:59.999000+00:00,59405842.6225181,45886,560.817859,29737915.99174593,0
2021-04-29 22:00:00+00:00,53329.2,53437.49,53101.61,53387.35,1078.31329,2021-04-29 22:59:59.999000+00:00,57445784.46620021,39515,547.751022,29181719.90109535,0
2021-04-29 23:00:00+00:00,53387.35,53650.63,53300.0,53555.0,1315.367849,2021-04-29 23:59:59.999000+00:00,70373965.23389983,42091,667.650663,35719651.54093586,0
2021-04-30 00:00:00+00:00,53555.0,53816.36,53013.01,53386.46,2623.12036,2021-04-30 00:59:59.999000+00:00,140223862.7075538,77154,1257.510991,67225693.1898419,0
2021-04-30 01:00:00+00:00,53386.47,53636.36,53183.27,53395.09,1924.999947,2021-04-30 01:59:59.999000+00:00,102738208.25967845,55278,1038.130065,55404156.6951684,0
2021-04-30 02:00:00+00:00,53395.09,53617.07,53331.48,53520.42,1530.528331,2021-04-30 02:59:59.999000+00:00,81863782.66795523,45199,714.094186,38190430.52919768,0
2021-04-30 03:00:00+00:00,53520.42,53773.08,53421.4,53679.03,2057.21718,2021-04-30 03:59:59.999000+00:00,110305556.35413966,58158,971.875239,52113376.80748434,0
2021-04-30 04:00:00+00:00,53679.04,54200.0,53673.05,54124.35,2911.585739,2021-04-30 04:59:59.999000+00:00,157282176.06462947,65939,1490.087019,80488683.76565471,0
2021-04-30 05:00:00+00:00,54124.35,54300.0,53914.73,54266.56,2529.304327,2021-04-30 05:59:59.999000+00:00,136849613.9717889,80339,1385.094955,74945588.16219299,0
2021-04-30 06:00:00+00:00,54266.56,54450.0,54161.58,54415.0,1981.98655,2021-04-30 06:59:59.999000+00:00,107640820.56759667,79344,1072.588886,58249516.21303954,0
2021-04-30 07:00:00+00:00,54415.0,54558.8,54250.92,54343.11,2243.086126,2021-04-30 07:59:59.999000+00:00,121979196.28457172,114289,1199.518948,65237183.93419156,0
2021-04-30 08:00:00+00:00,54343.11,54672.31,54108.8,54526.61,1830.731005,2021-04-30 08:59:59.999000+00:00,99556299.68709666,62882,922.686642,50184422.37126365,0
2021-04-30 09:00:00+00:00,54526.6,54792.33,54305.0,54318.08,2470.600933,2021-04-30 09:59:59.999000+00:00,134775943.03205988,71415,1247.301398,68045111.95578633,0
2021-04-30 10:00:00+00:00,54317.82,54498.98,54100.0,54164.67,1833.548099,2021-04-30 10:59:59.999000+00:00,99665684.33412585,81975,887.679683,48255416.61906233,0
2021-04-30 11:00:00+00:00,54164.67,54377.97,54051.11,54230.63,1728.181536,2021-04-30 11:59:59.999000+00:00,93704594.93259494,80406,896.706225,48620063.52695405,0
2021-04-30 12:00:00+00:00,54230.64,54738.96,54170.89,54655.81,2294.572967,2021-04-30 12:59:59.999000+00:00,125070477.88965113,69523,1236.685107,67409683.41094841,0
2021-04-30 13:00:00+00:00,54655.81,55990.0,54409.7,55989.31,6279.54733,2021-04-30 13:59:59.999000+00:00,346789777.9022429,156432,3519.052737,194427055.1606197,0
2021-04-30 14:00:00+00:00,55989.31,56308.16,55736.24,55952.19,6046.652009,2021-04-30 14:59:59.999000+00:00,338985126.6800391,172750,3290.778824,184501141.57755604,0
2021-04-30 15:00:00+00:00,55952.19,57258.15,55952.19,57180.06,7194.74996,2021-04-30 15:59:59.999000+00:00,407921312.7863559,218255,3855.553137,218599152.36869368,0
2021-04-30 16:00:00+00:00,57180.05,57385.0,56394.22,56707.28,5269.869873,2021-04-30 16:59:59.999000+00:00,300397185.43060106,166158,2583.49841,147263826.5349294,0
2021-04-30 17:00:00+00:00,56707.27,56810.0,56277.39,56546.79,2866.946256,2021-04-30 17:59:59.999000+00:00,162214209.567151,126235,1531.284817,86636892.35449044,0
2021-04-30 18:00:00+00:00,56546.79,57055.74,56521.46,56857.47,2135.46555,2021-04-30 18:59:59.999000+00:00,121198692.35060592,66462,1063.820135,60368834.88155785,0
2021-04-30 19:00:00+00:00,56857.48,57048.0,56780.47,57007.38,1584.405059,2021-04-30 19:59:59.999000+00:00,90177235.05691808,57523,742.278388,42247373.50856527,0
2021-04-30 20:00:00+00:00,57007.38,57032.15,56374.21,56757.34,2015.563435,2021-04-30 20:59:59.999000+00:00,114444255.65066756,75360,1002.873173,56949309.66748189,0
2021-04-30 21:00:00+00:00,56757.34,57184.27,56646.97,56976.53,1302.521071,2021-04-30 21:59:59.999000+00:00,74103411.0162086,92477,691.558377,39349312.24707058,0
2021-04-30 22:00:00+00:00,56976.53,57427.09,56887.26,57119.75,2203.26179,2021-04-30 22:59:59.999000+00:00,125892259.16876584,98987,1264.491665,72262210.0471277,0
2021-04-30 23:00:00+00:00,57119.76,57963.0,57090.8,57694.27,3720.464612,2021-04-30 23:59:59.999000+00:00,214407690.3763812,95108,1768.98008,101892100.69529957,0
2021-05-01 00:00:00+00:00,57697.25,58088.0,57421.05,57811.42,3480.449516,2021-05-01 00:59:59.999000+00:00,201401665.20246089,120522,1653.3672,95686049.09968616,0
2021-05-01 01:00:00+00:00,57809.99,58456.52,57470.77,58450.0,2988.380634,2021-05-01 01:59:59.999000+00:00,173264664.72624272,120059,1576.629294,91485680.08027196,0
2021-05-01 02:00:00+00:00,58450.0,58458.07,57931.89,58100.0,2232.499152,2021-05-01 02:59:59.999000+00:00,129956220.76719902,87437,1055.27609,61418506.68928865,0
2021-05-01 03:00:00+00:00,58100.01,58248.54,58031.86,58178.67,1395.611098,2021-05-01 03:59:59.999000+00:00,81171051.60582192,43427,567.507072,33002596.76737897,0
2021-05-01 04:00:00+00:00,58177.59,58245.33,57687.04,58052.37,2019.998441,2021-05-01 04:59:59.999000+00:00,117113247.7450026,96882,855.999047,49640594.95938601,0
2021-05-01 05:00:00+00:00,58052.37,58422.31,57896.85,58134.44,1754.779387,2021-05-01 05:59:59.999000+00:00,102059930.5350606,52131,879.015544,51115682.85018145,0
2021-05-01 06:00:00+00:00,58134.44,58239.64,57837.0,57894.91,1330.624203,2021-05-01 06:59:59.999000+00:00,77218596.83523998,44639,642.107217,37260278.97362123,0
2021-05-01 07:00:00+00:00,57894.9,58036.08,57585.55,57725.14,1624.494217,2021-05-01 07:59:59.999000+00:00,93974980.47694826,54289,805.398845,46592957.99047781,0
2021-05-01 08:00:00+00:00,57725.14,57930.0,57450.63,57450.63,2063.762796,2021-05-01 08:59:59.999000+00:00,119040435.5069802,64998,958.485523,55284551.72663908,0
2021-05-01 09:00:00+00:00,57450.63,57851.35,57116.16,57492.99,2610.647916,2021-05-01 09:59:59.999000+00:00,149972545.18494764,115730,1297.510219,74543068.18669064,0
2021-05-01 10:00:00+00:00,57492.99,57666.66,57335.75,57384.0,1270.119787,2021-05-01 10:59:59.999000+00:00,72996206.4613224,92162,697.785907,40104161.03354228,0
2021-05-01 11:00:00+00:00,57384.0,57834.37,57383.33,57816.9,1245.516229,2021-05-01 11:59:59.999000+00:00,71816915.66122685,47630,643.476381,37104827.80615957,0
2021-05-01 12:00:00+00:00,57816.91,58043.01,57673.0,57764.15,1804.406449,2021-05-01 12:59:59.999000+00:00,104411639.63635862,78012,898.39563,51991589.52459844,0
2021-05-01 13:00:00+00:00,57764.15,58005.09,57525.0,57611.0,1688.84288,2021-05-01 13:59:59.999000+00:00,97535842.88031223,89961,842.409306,48655883.52701783,0
2021-05-01 14:00:00+00:00,57613.1,57681.0,57220.67,57430.78,1778.756844,2021-05-01 14:59:59.999000+00:00,102191958.2321896,92633,851.210102,48904516.53165615,0
2021-05-01 15:00:00+00:00,57430.79,57500.0,56956.14,57356.58,2104.613554,2021-05-01 15:59:59.999000+00:00,120502445.54070176,118536,983.743694,56333697.74057918,0
2021-05-01 16:00:00+00:00,57356.59,57712.69,57218.0,57495.59,1801.179633,2021-05-01 16:59:59.999000+00:00,103446453.88972951,62824,871.695699,50069441.04445287,0
2021-05-01 17:00:00+00:00,57495.6,57767.0,57492.78,57569.99,1620.873207,2021-05-01 17:59:59.999000+00:00,93422430.04823989,58318,774.129911,44617643.66077579,0
2021-05-01 18:00:00+00:00,57567.34,57650.0,57400.35,57610.52,1179.348561,2021-05-01 18:59:59.999000+00:00,67830126.05448022,49137,514.660202,29600423.35153939,0
2021-05-01 19:00:00+00:00,57610.51,57998.97,57444.03,57770.31,1757.355495,2021-05-01 19:59:59.999000+00:00,101482017.16773358,63905,944.826629,54567798.55724959,0
2021-05-01 20:00:00+00:00,57770.32,57877.39,57641.5,57679.99,1187.493497,2021-05-01 20:59:59.999000+00:00,68592041.76962054,45882,529.203107,30565113.81264091,0
2021-05-01 21:00:00+00:00,57680.0,57690.0,57372.01,57451.58,1247.752192,2021-05-01 21:59:59.999000+00:00,71821313.3067681,55646,544.208367,31327118.11511635,0
2021-05-01 22:00:00+00:00,57451.57,57716.27,57243.65,57657.75,1203.540057,2021-05-01 22:59:59.999000+00:00,69251974.98918444,44789,600.243491,34540063.10633869,0
2021-05-01 23:00:00+00:00,57660.31,57939.0,57580.7,57800.37,1209.306091,2021-05-01 23:59:59.999000+00:00,69868250.61874917,43464,587.525749,33942726.87843447,0
2021-05-02 00:00:00+00:00,57797.35,57911.02,57371.12,57442.25,1595.863683,2021-05-02 00:59:59.999000+00:00,91870711.0561025,63810,710.858971,40921750.98460371,0
2021-05-02 01:00:00+00:00,57442.25,57488.04,57275.0,57415.6,1386.912811,2021-05-02 01:59:59.999000+00:00,79581126.78340471,47692,671.05592,38504573.34732093,0
2021-05-02 02:00:00+00:00,57415.6,57700.0,57415.6,57650.0,819.290797,2021-05-02 02:59:59.999000+00:00,47198882.35007909,37815,412.270335,23749998.2427867,0
2021-05-02 03:00:00+00:00,57650.0,57694.99,56323.66,56450.19,3407.919297,2021-05-02 03:59:59.999000+00:00,193719458.36672452,104167,1587.433736,90237697.60905956,0
2021-05-02 04:00:00+00:00,56450.19,56930.98,56171.31,56905.68,2786.087002,2021-05-02 04:59:59.999000+00:00,157605012.86468333,99833,1407.366144,79604332.87912649,0
2021-05-02 05:00:00+00:00,56905.68,57129.0,56612.29,56902.07,1189.179851,2021-05-02 05:59:59.999000+00:00,67660047.40627836,49073,600.324369,34162085.43803908,0
2021-05-02 06:00:00+00:00,56902.07,57034.19,56686.0,56879.99,785.471694,2021-05-02 06:59:59.999000+00:00,44680276.42170553,46683,394.683785,22449086.04071377,0
2021-05-02 07:00:00+00:00,56881.33,56988.0,56404.31,56633.02,1376.834821,2021-05-02 07:59:59.999000+00:00,77995726.42725475,51674,659.779663,37380422.13435793,0
2021-05-02 08:00:00+00:00,56633.03,56766.63,56156.0,56525.23,1700.113114,2021-05-02 08:59:59.999000+00:00,95942647.6803934,71393,818.92694,46221459.48910864,0
2021-05-02 09:00:00+00:00,56525.23,56650.0,56035.25,56450.0,2403.858411,2021-05-02 09:59:59.999000+00:00,135266350.12878355,72146,1246.811418,70159266.89732349,0
2021-05-02 10:00:00+00:00,56450.0,57000.0,56385.16,56831.67,1903.119516,2021-05-02 10:59:59.999000+00:00,107919835.1753997,53870,1034.137975,58651411.7853068,0
2021-05-02 11:00:00+00:00,56831.67,57090.0,56543.25,57090.0,1173.268952,2021-05-02 11:59:59.999000+00:00,66609748.01841626,44608,564.900309,32072997.39551938,0
2021-05-02 12:00:00+00:00,57090.0,57286.96,56700.01,56839.66,1644.71494,2021-05-02 12:59:59.999000+00:00,93637964.26675588,59589,801.586745,45640088.11339883,0
2021-05-02 13:00:00+00:00,56839.66,56903.74,56451.01,56679.85,1194.660568,2021-05-02 13:59:59.999000+00:00,67746384.26367629,55501,561.760992,31858159.29580485,0
2021-05-02 14:00:00+00:00,56680.84,56999.0,56660.0,56823.52,1150.50579,2021-05-02 14:59:59.999000+00:00,65406188.6344844,45845,571.588591,32494914.67660235,0
2021-05-02 15:00:00+00:00,56823.51,56846.92,56231.55,56595.2,1984.996314,2021-05-02 15:59:59.999000+00:00,112419083.0739781,60061,1030.350042,58355578.08714562,0
2021-05-02 16:00:00+00:00,56595.2,56777.0,56317.59,56557.8,1409.126922,2021-05-02 16:59:59.999000+00:00,79754516.27742285,59540,701.692308,39716578.29735991,0
2021-05-02 17:00:00+00:00,56557.81,56843.78,56468.63,56779.99,1123.454098,2021-05-02 17:59:59.999000+00:00,63654819.02155532,45650,602.280861,34122617.5052161,0
2021-05-02 18:00:00+00:00,56780.0,56899.99,56700.0,56840.45,1163.855839,2021-05-02 18:59:59.999000+00:00,66092234.84228788,45438,541.919029,30777243.4374616,0
2021-05-02 19:00:00+00:00,56840.44,56968.56,56546.47,56836.4,1320.495102,2021-05-02 19:59:59.999000+00:00,74935754.79600877,49053,670.038016,38028952.99117995,0
2021-05-02 20:00:00+00:00,56836.39,57000.0,56666.67,56994.0,1154.021309,2021-05-02 20:59:59.999000+00:00,65587408.39658683,44523,580.704398,33008097.44675688,0
2021-05-02 21:00:00+00:00,56994.99,57141.05,56615.05,56649.99,1628.938691,2021-05-02 21:59:59.999000+00:00,92741543.38092892,64325,789.094042,44931144.9043253,0
2021-05-02 22:00:00+00:00,56649.98,56745.7,56212.0,56382.1,1696.692066,2021-05-02 22:59:59.999000+00:00,95798074.58228022,64438,801.711009,45274636.4589584,0
2021-05-02 23:00:00+00:00,56382.1,56600.5,56309.32,56578.21,813.497275,2021-05-02 23:59:59.999000+00:00,45939436.2244357,34911,411.616238,23246538.98168163,0
2021-05-03 00:00:00+00:00,56578.21,57600.0,56525.0,57407.86,2646.729041,2021-05-03 00:59:59.999000+00:00,151416158.41004777,81128,1321.477099,75595225.97146362,0
2021-05-03 01:00:00+00:00,57407.85,58289.99,57359.28,58042.82,2551.483093,2021-05-03 01:59:59.999000+00:00,147582606.6367001,90046,1379.072563,79777703.4139433,0
2021-05-03 02:00:00+00:00,58042.83,58249.99,57850.23,58060.48,1823.362162,2021-05-03 02:59:59.999000+00:00,105882925.89806594,54346,837.11386,48615374.31009735,0
2021-05-03 03:00:00+00:00,58060.48,58240.69,57768.67,57925.8,2374.716733,2021-05-03 03:59:59.999000+00:00,137811688.08132133,54253,1072.56812,62247218.97374483,0
2021-05-03 04:00:00+00:00,57925.79,58044.09,57696.7,57820.64,1382.128064,2021-05-03 04:59:59.999000+00:00,80013601.4881636,44559,744.462116,43096720.01531442,0
2021-05-03 05:00:00+00:00,57820.64,58110.0,57794.17,57938.86,2038.547374,2021-05-03 05:59:59.999000+00:00,118120648.30764894,51228,1079.026313,62517895.52695711,0
2021-05-03 06:00:00+00:00,57938.86,58049.83,57860.02,57945.55,1706.157449,2021-05-03 06:59:59.999000+00:00,98888713.688463,87564,867.982875,50309729.18735669,0
2021-05-03 07:00:00+00:00,57945.55,58848.0,57814.34,58787.87,4220.139368,2021-05-03 07:59:59.999000+00:00,246777717.06234968,146109,2294.827634,134150469.55201869,0
2021-05-03 08:00:00+00:00,58787.88,58981.44,58617.0,58764.07,2633.325168,2021-05-03 08:59:59.999000+00:00,154752730.4901677,79931,1177.544048,69209381.58710918,0
2021-05-03 09:00:00+00:00,58764.08,58804.45,58277.12,58409.73,2782.861385,2021-05-03 09:59:59.999000+00:00,162819807.52966496,77692,1437.249485,84087229.23913588,0
2021-05-03 10:00:00+00:00,58409.91,58620.87,58344.97,58467.42,1876.016737,2021-05-03 10:59:59.999000+00:00,109669819.737075,66480,1058.116562,61857324.38140858,0
2021-05-03 11:00:00+00:00,58467.42,58965.19,58464.44,58657.63,2075.951033,2021-05-03 11:59:59.999000+00:00,121960836.5246262,80455,993.802994,58385645.60202265,0
2021-05-03 12:00:00+00:00,58657.64,58770.0,58293.49,58558.27,1868.053068,2021-05-03 12:59:59.999000+00:00,109383604.99352553,108791,956.390617,55996392.49296566,0
2021-05-03 13:00:00+00:00,58558.26,58645.09,57260.0,57697.33,3671.857607,2021-05-03 13:59:59.999000+00:00,213192963.7443956,114894,1765.230916,102487674.13906118,0
2021-05-03 14:00:00+00:00,57696.52,58199.0,57600.0,57777.33,2873.987347,2021-05-03 14:59:59.999000+00:00,166375065.4437834,81650,1341.420916,77649464.76061869,0
2021-05-03 15:00:00+00:00,57777.33,58020.21,57379.57,57601.83,2821.83567,2021-05-03 15:59:59.999000+00:00,162987638.02944177,112716,1212.065332,70009754.51639353,0
2021-05-03 16:00:00+00:00,57603.33,57957.1,57169.0,57693.73,2868.971269,2021-05-03 16:59:59.999000+00:00,165275722.42328173,123304,1454.418409,83813231.73461857,0
2021-05-03 17:00:00+00:00,57693.98,58170.0,57579.26,57958.6,2153.654468,2021-05-03 17:59:59.999000+00:00,124703567.58306272,103447,1113.987499,64501764.76170133,0
2021-05-03 18:00:00+00:00,57958.6,58084.6,57745.9,57764.42,1840.547765,2021-05-03 18:59:59.999000+00:00,106545407.62882838,65626,905.853695,52437802.46462832,0
2021-05-03 19:00:00+00:00,57764.42,57764.43,57326.01,57564.87,1904.069893,2021-05-03 19:59:59.999000+00:00,109554450.31414546,76078,923.6419,53142270.05917427,0
2021-05-03 20:00:00+00:00,57564.86,57575.05,56602.73,56783.94,3198.86783,2021-05-03 20:59:59.999000+00:00,182541407.06173947,141350,1523.250416,86943456.8519289,0
2021-05-03 21:00:00+00:00,56783.93,57163.26,56435.0,57110.25,2158.018679,2021-05-03 21:59:59.999000+00:00,122592012.61666504,115885,1076.459058,61164028.90404317,0
2021-05-03 22:00:00+00:00,57110.24,57421.61,56723.01,57292.88,2249.03493,2021-05-03 22:59:59.999000+00:00,128413962.13162172,85216,1133.148068,64711621.81556395,0
2021-05-03 23:00:00+00:00,57292.88,57457.12,56885.92,57169.39,1929.615153,2021-05-03 23:59:59.999000+00:00,110341486.80259576,59380,866.945038,49578793.89699486,0
2021-05-04 00:00:00+00:00,57169.39,57200.0,54580.0,55291.71,6665.084646,2021-05-04 00:59:59.999000+00:00,373777145.023238,203492,3036.859366,170635132.1885696,0
2021-05-04 01:00:00+00:00,55294.47,55846.68,55100.0,55682.71,4610.947719,2021-05-04 01:59:59.999000+00:00,255893176.5933301,132467,2178.971769,120943964.1432767,0
2021-05-04 02:00:00+00:00,55682.71,56012.49,55447.73,55695.16,3115.890777,2021-05-04 02:59:59.999000+00:00,173713662.42227587,82687,1501.28605,83705308.17589185,0
2021-05-04 03:00:00+00:00,55695.15,55959.79,55231.27,55452.17,2585.975089,2021-05-04 03:59:59.999000+00:00,143848624.1310239,69480,1152.451621,64110754.78965138,0
2021-05-04 04:00:00+00:00,55452.16,55906.15,55122.0,55809.45,2356.603532,2021-05-04 04:59:59.999000+00:00,131119052.42354593,63162,1238.561253,68909869.91471358,0
2021-05-04 05:00:00+00:00,55809.45,56291.37,55766.01,55988.95,2088.240675,2021-05-04 05:59:59.999000+00:00,116979563.43962412,63881,1069.575688,59918746.32334486,0
2021-05-04 06:00:00+00:00,55988.95,56169.0,55851.25,56070.62,1916.649652,2021-05-04 06:59:59.999000+00:00,107391203.53362404,58170,929.693711,52093012.28216905,0
2021-05-04 07:00:00+00:00,56070.62,56361.82,55853.66,55917.97,2157.377395,2021-05-04 07:59:59.999000+00:00,121052910.72643387,63787,1046.234669,58707251.1206577,0
2021-05-04 08:00:00+00:00,55917.98,56020.0,55555.0,55739.99,2839.975898,2021-05-04 08:59:59.999000+00:00,158430169.12297216,81098,1390.09417,77551516.71159029,0
2021-05-04 09:00:00+00:00,55740.33,56399.68,55740.33,56077.57,2579.566328,2021-05-04 09:59:59.999000+00:00,144816148.66418833,83716,1256.445058,70532986.28838307,0
2021-05-04 10:00:00+00:00,56077.58,56637.89,56075.11,56406.72,2546.586136,2021-05-04 10:59:59.999000+00:00,143597850.7496962,77091,1190.279982,67118010.68292035,0
2021-05-04 11:00:00+00:00,56406.72,56431.65,55857.14,56143.42,2657.305544,2021-05-04 11:59:59.999000+00:00,149147625.109359,83842,1222.423851,68607251.96687506,0
2021-05-04 12:00:00+00:00,56143.43,56321.18,55460.16,56020.57,4864.080125,2021-05-04 12:59:59.999000+00:00,271820166.3174127,122007,2380.448974,133024859.01061472,0
2021-05-04 13:00:00+00:00,56020.56,56120.0,55200.0,55461.35,4465.299855,2021-05-04 13:59:59.999000+00:00,248715764.2825739,130822,2175.329525,121170638.70865834,0
2021-05-04 14:00:00+00:00,55461.35,55552.85,54410.0,54825.01,8000.285079,2021-05-04 14:59:59.999000+00:00,440409027.31148386,207860,3666.777613,201939581.1952255,0
2021-05-04 15:00:00+00:00,54827.66,54971.0,53526.0,53799.33,8228.644335,2021-05-04 15:59:59.999000+00:00,445832248.4619571,216713,3888.165288,210669188.252818,0
2021-05-04 16:00:00+00:00,53802.54,54315.57,53201.01,53849.23,6012.405335,2021-05-04 16:59:59.999000+00:00,323209940.9617324,177351,3013.690051,162033999.92653123,0
2021-05-04 17:00:00+00:00,53849.24,54289.75,53724.18,54166.82,3543.769805,2021-05-04 17:59:59.999000+00:00,191535933.91356143,108185,1771.162071,95732019.29683152,0
2021-05-04 18:00:00+00:00,54166.87,54745.81,53985.34,54524.76,3163.1812,2021-05-04 18:59:59.999000+00:00,171887591.6333516,98148,1522.548949,82744480.73123887,0
2021-05-04 19:00:00+00:00,54522.62,54578.03,54209.65,54541.13,2282.74096,2021-05-04 19:59:59.999000+00:00,124232964.23670904,70625,1183.577432,64408443.73527521,0
2021-05-04 20:00:00+00:00,54539.73,54824.0,53900.0,54727.01,2578.118126,2021-05-04 20:59:59.999000+00:00,140321341.13307887,79824,1228.27184,66847637.84054399,0
2021-05-04 21:00:00+00:00,54727.0,54809.48,54194.9,54349.83,1753.500663,2021-05-04 21:59:59.999000+00:00,95554037.08929576,71570,883.375643,48139946.18920343,0
2021-05-04 22:00:00+00:00,54349.84,54427.0,53533.0,54079.61,2126.633956,2021-05-04 22:59:59.999000+00:00,114769279.39756183,70219,1041.914088,56218257.38435727,0
2021-05-04 23:00:00+00:00,54079.6,54236.63,53046.69,53200.01,2185.763073,2021-05-04 23:59:59.999000+00:00,117346637.6229452,76432,1061.549584,57031646.95540826,0
2021-05-05 00:00:00+00:00,53205.05,54886.69,52900.0,54566.58,4712.583978,2021-05-05 00:59:59.999000+00:00,254730898.05534387,131033,2182.821405,118024728.77342664,0
2021-05-05 01:00:00+00:00,54566.53,55098.0,54404.9,54758.72,3251.656099,2021-05-05 01:59:59.999000+00:00,178284275.11694977,90968,1526.335412,83675707.23053356,0
2021-05-05 02:00:00+00:00,54758.72,55415.83,54659.0,55050.22,2379.522606,2021-05-05 02:59:59.999000+00:00,131075556.64164615,70220,1211.918305,66761468.74368956,0
2021-05-05 03:00:00+00:00,55050.22,55242.02,54709.0,54795.19,2784.615183,2021-05-05 03:59:59.999000+00:00,153133305.0679511,75160,1413.482699,77726241.58260648,0
2021-05-05 04:00:00+00:00,54798.87,55285.71,54428.92,54552.15,2987.182236,2021-05-05 04:59:59.999000+00:00,163862594.246555,82922,1472.511673,80773609.88389489,0
2021-05-05 05:00:00+00:00,54552.32,54910.27,54276.0,54693.1,2476.502785,2021-05-05 05:59:59.999000+00:00,135150326.0488972,73720,1169.25485,63805777.59088976,0
2021-05-05 06:00:00+00:00,54691.72,54731.62,53922.84,54421.51,2467.240445,2021-05-05 06:59:59.999000+00:00,133869587.66775076,74349,1222.009403,66290719.33655753,0
2021-05-05 07:00:00+00:00,54421.51,55028.21,54302.0,54858.35,2149.088545,2021-05-05 07:59:59.999000+00:00,117429765.49942525,65418,1054.742784,57646654.607742,0
2021-05-05 08:00:00+00:00,54858.35,55555.0,54679.13,55425.02,3113.626718,2021-05-05 08:59:59.999000+00:00,171637277.79647315,93659,1578.742674,87054897.49189775,0
2021-05-05 09:00:00+00:00,55425.02,55492.15,55055.51,55359.48,1803.707694,2021-05-05 09:59:59.999000+00:00,99729056.32872766,62263,881.599939,48745044.48786028,0
2021-05-05 10:00:00+00:00,55359.48,55809.24,55066.31,55627.54,2632.218479,2021-05-05 10:59:59.999000+00:00,145694052.27448997,85739,1312.929477,72679678.35275444,0
2021-05-05 11:00:00+00:00,55627.55,55672.55,55000.0,55108.95,2408.18025,2021-05-05 11:59:59.999000+00:00,133127760.43827708,85859,1159.359351,64088232.80682182,0
2021-05-05 12:00:00+00:00,55108.95,55775.15,55032.65,55573.09,2904.531703,2021-05-05 12:59:59.999000+00:00,160937490.10314488,91806,1494.044131,82778946.66234978,0
2021-05-05 13:00:00+00:00,55573.1,56259.74,55535.61,56247.17,3785.163839,2021-05-05 13:59:59.999000+00:00,211711368.11692613,113252,1973.556443,110395023.91829628,0
2021-05-05 14:00:00+00:00,56247.16,57000.0,55659.69,56982.8,5207.65636,2021-05-05 14:59:59.999000+00:00,292884228.42832774,140275,2804.877258,157818339.8499742,0
2021-05-05 15:00:00+00:00,56982.92,57712.06,56915.41,57636.74,7439.270058,2021-05-05 15:59:59.999000+00:00,425714091.98703533,198633,3731.363413,213558661.5079914,0
2021-05-05 16:00:00+00:00,57635.89,58069.82,57227.45,57414.77,7728.093409,2021-05-05 16:59:59.999000+00:00,445306259.2869448,189633,4012.472983,231253517.31940845,0
2021-05-05 17:00:00+00:00,57414.77,57699.98,57198.03,57281.33,2531.556903,2021-05-05 17:59:59.999000+00:00,145376477.9825175,125555,1215.98989,69830755.92414568,0
2021-05-05 18:00:00+00:00,57281.33,57500.0,57043.0,57301.55,2211.883489,2021-05-05 18:59:59.999000+00:00,126765963.88613176,80096,1024.618564,58723594.83683194,0
2021-05-05 19:00:00+00:00,57301.56,57500.0,57043.12,57136.04,2276.833748,2021-05-05 19:59:59.999000+00:00,130351824.91475672,74390,1226.179475,70196012.89530802,0
2021-05-05 20:00:00+00:00,57136.04,57239.85,56576.04,56841.77,3134.399476,2021-05-05 20:59:59.999000+00:00,178248196.55661792,110687,1599.78329,90978756.0502931,0
2021-05-05 21:00:00+00:00,56841.77,56977.07,56687.35,56796.44,1464.790113,2021-05-05 21:59:59.999000+00:00,83260205.6057983,68929,682.919159,38818268.73472808,0
2021-05-05 22:00:00+00:00,56796.44,57619.86,56715.3,57064.55,3143.664347,2021-05-05 22:59:59.999000+00:00,179868841.2729756,121560,1575.100857,90118493.9639726,0
2021-05-05 23:00:00+00:00,57064.54,57460.67,56926.0,57436.11,2269.954976,2021-05-05 23:59:59.999000+00:00,129844892.82777262,71993,1202.861581,68796379.22530243,0
2021-05-06 00:00:00+00:00,57436.11,57570.0,56570.66,56959.92,3698.102484,2021-05-06 00:59:59.999000+00:00,211106924.5777692,123919,1860.1967,106224844.20397577,0
2021-05-06 01:00:00+00:00,56959.93,57194.99,56576.36,56835.86,2753.146814,2021-05-06 01:59:59.999000+00:00,156654053.1108498,83474,1288.993523,73321135.87521286,0
2021-05-06 02:00:00+00:00,56835.85,57165.6,56707.34,57033.36,1865.080572,2021-05-06 02:59:59.999000+00:00,106305636.41196842,64871,846.707884,48259463.79733567,0
2021-05-06 03:00:00+00:00,57033.36,57033.37,56632.65,56797.09,1641.521507,2021-05-06 03:59:59.999000+00:00,93265710.4762316,60111,768.397872,43655468.25979385,0
2021-05-06 04:00:00+00:00,56797.09,57568.42,56708.08,56943.39,3055.38249,2021-05-06 04:59:59.999000+00:00,174613829.6917149,107531,1538.472218,87939362.77237353,0
2021-05-06 05:00:00+00:00,56943.39,57343.6,56700.0,57167.03,1694.658403,2021-05-06 05:59:59.999000+00:00,96654102.90140766,79104,824.461283,47022143.99466086,0
2021-05-06 06:00:00+00:00,57167.03,57167.03,56441.19,56587.65,2614.864442,2021-05-06 06:59:59.999000+00:00,148470409.5737816,86419,1324.204734,75171725.31089157,0
2021-05-06 07:00:00+00:00,56587.66,56897.62,56331.66,56814.79,2046.67697,2021-05-06 07:59:59.999000+00:00,116025627.0759108,75007,1044.060437,59192931.05523188,0
2021-05-06 08:00:00+00:00,56814.79,57203.81,56788.26,56898.87,2085.934678,2021-05-06 08:59:59.999000+00:00,118880760.6781844,72405,1068.407773,60896242.96279507,0
2021-05-06 09:00:00+00:00,56898.88,57325.0,56772.75,57261.57,2143.988256,2021-05-06 09:59:59.999000+00:00,122388541.1663424,74196,1168.295208,66689075.33007722,0
2021-05-06 10:00:00+00:00,57261.57,58360.0,57150.0,57982.1,5182.923119,2021-05-06 10:59:59.999000+00:00,300457931.0221488,144795,2800.671899,162395314.0562146,0
2021-05-06 11:00:00+00:00,57982.1,58140.0,57688.0,57988.0,3047.820517,2021-05-06 11:59:59.999000+00:00,176530771.4790263,90803,1603.510819,92889595.51282404,0
2021-05-06 12:00:00+00:00,57988.0,58099.0,57448.94,57616.97,2902.765293,2021-05-06 12:59:59.999000+00:00,167565206.352389,100622,1405.344324,81135990.34210327,0
2021-05-06 13:00:00+00:00,57616.98,57700.0,57051.96,57271.31,3047.817891,2021-05-06 13:59:59.999000+00:00,174932730.432571,104794,1519.395714,87214951.44209963,0
2021-05-06 14:00:00+00:00,57271.31,57399.99,56875.4,57153.13,2494.08203,2021-05-06 14:59:59.999000+00:00,142630944.79478553,90569,1165.99032,66679388.35917511,0
2021-05-06 15:00:00+00:00,57153.12,57350.72,56763.0,57088.49,3647.523289,2021-05-06 15:59:59.999000+00:00,208066630.7932392,125361,1707.328587,97407120.68606824,0
2021-05-06 16:00:00+00:00,57088.48,57475.0,56574.19,56718.03,3780.016302,2021-05-06 16:59:59.999000+00:00,215802771.75001785,152943,1779.27044,101585790.05951989,0
2021-05-06 17:00:00+00:00,56718.04,57100.0,56684.87,56777.0,2117.158666,2021-05-06 17:59:59.999000+00:00,120532877.49220818,91949,1043.110297,59389492.10194428,0
2021-05-06 18:00:00+00:00,56775.54,56970.0,55450.0,55753.57,6441.352754,2021-05-06 18:59:59.999000+00:00,361344297.8955841,233354,2888.859118,162108637.0673221,0
2021-05-06 19:00:00+00:00,55752.54,56358.96,55200.0,56128.42,4843.380541,2021-05-06 19:59:59.999000+00:00,269953063.09488386,153525,2340.872517,130502893.18569145,0
2021-05-06 20:00:00+00:00,56128.42,56269.0,55674.13,55913.75,3303.117488,2021-05-06 20:59:59.999000+00:00,184742018.97642288,100132,1554.299173,86929037.68491828,0
2021-05-06 21:00:00+00:00,55913.76,56452.82,55890.86,56296.52,1939.081513,2021-05-06 21:59:59.999000+00:00,108964117.83992,87646,929.131484,52215115.51742389,0
2021-05-06 22:00:00+00:00,56296.52,56564.17,56186.16,56498.56,1851.3618,2021-05-06 22:59:59.999000+00:00,104332528.77257864,73839,853.290887,48088894.94702755,0
2021-05-06 23:00:00+00:00,56498.56,56794.4,56254.29,56393.68,1983.914089,2021-05-06 23:59:59.999000+00:00,112068041.37716132,82512,925.626432,52295667.16733586,0
2021-05-07 00:00:00+00:00,56393.68,57122.17,56028.46,56376.29,3672.245823,2021-05-07 00:59:59.999000+00:00,208029721.77373815,123829,1726.200974,97794737.4869694,0
2021-05-07 01:00:00+00:00,56376.33,56565.88,55900.0,56197.07,2788.436561,2021-05-07 01:59:59.999000+00:00,156656753.16068473,93367,1342.796946,75442744.13471802,0
2021-05-07 02:00:00+00:00,56197.06,56397.02,55500.0,55829.28,3948.542303,2021-05-07 02:59:59.999000+00:00,220936976.43084615,127199,1825.206583,102140541.73013715,0
2021-05-07 03:00:00+00:00,55829.28,56150.0,55476.74,55705.67,2806.854774,2021-05-07 03:59:59.999000+00:00,156637164.53807157,86212,1335.226438,74514269.60640053,0
2021-05-07 04:00:00+00:00,55705.67,55890.98,55241.63,55830.9,2863.086775,2021-05-07 04:59:59.999000+00:00,159025845.40748733,86508,1424.368058,79119333.08252078,0
2021-05-07 05:00:00+00:00,55830.9,56106.34,55712.39,55795.36,2090.09086,2021-05-07 05:59:59.999000+00:00,116815211.8524536,62980,1121.753028,62690100.37377913,0
2021-05-07 06:00:00+00:00,55795.37,56194.1,55640.37,56109.0,2046.184801,2021-05-07 06:59:59.999000+00:00,114547473.77412064,68218,1064.727462,59596557.49625315,0
2021-05-07 07:00:00+00:00,56109.01,56280.88,55675.01,55766.34,2695.505425,2021-05-07 07:59:59.999000+00:00,151000661.32601193,81887,1308.897702,73325014.45060858,0
2021-05-07 08:00:00+00:00,55766.33,56162.44,55570.35,56086.5,2576.320113,2021-05-07 08:59:59.999000+00:00,143792882.94599405,81194,1340.571932,74826212.10124815,0
2021-05-07 09:00:00+00:00,56086.51,56550.0,56039.72,56231.46,2620.192538,2021-05-07 09:59:59.999000+00:00,147408960.0112973,79292,1373.988323,77294827.54954167,0
2021-05-07 10:00:00+00:00,56231.46,56689.7,56231.46,56400.57,2919.386604,2021-05-07 10:59:59.999000+00:00,164920952.60798073,85762,1401.725993,79183009.14581849,0
2021-05-07 11:00:00+00:00,56400.57,56784.0,56217.22,56464.74,2314.394427,2021-05-07 11:59:59.999000+00:00,130808251.9873866,80687,1141.633089,64524245.57524675,0
2021-05-07 12:00:00+00:00,56464.74,57586.48,56228.24,57459.27,4593.538392,2021-05-07 12:59:59.999000+00:00,261530970.4146584,132708,2347.295942,133682017.1887728,0
2021-05-07 13:00:00+00:00,57459.27,57680.0,56900.0,56997.47,3296.201626,2021-05-07 13:59:59.999000+00:00,188647063.66184,101243,1569.719679,89841346.1629347,0
2021-05-07 14:00:00+00:00,56997.47,57215.75,56696.0,57129.5,3492.078458,2021-05-07 14:59:59.999000+00:00,199021391.27913612,119561,1743.313124,99363082.7562794,0
2021-05-07 15:00:00+00:00,57129.5,57600.0,57050.16,57519.24,3408.101256,2021-05-07 15:59:59.999000+00:00,195403792.45536304,112691,1664.119929,95396159.3838129,0
2021-05-07 16:00:00+00:00,57519.25,58300.0,57132.65,58300.0,5939.71809,2021-05-07 16:59:59.999000+00:00,343201041.38405776,168658,3209.715601,185534903.6683384,0
2021-05-07 17:00:00+00:00,58300.0,58650.0,57908.86,58119.99,4412.931693,2021-05-07 17:59:59.999000+00:00,257475778.02794,128559,2264.624531,132148272.45235641,0
2021-05-07 18:00:00+00:00,58120.0,58208.66,57621.41,57890.03,2968.383415,2021-05-07 18:59:59.999000+00:00,171907893.7707897,94077,1402.028307,81188607.88028613,0
2021-05-07 19:00:00+00:00,57890.02,57997.94,57430.0,57584.01,2647.594835,2021-05-07 19:59:59.999000+00:00,152659696.38306707,90191,1257.904274,72542848.52024186,0
2021-05-07 20:00:00+00:00,57584.01,58074.31,57376.25,57607.97,2379.649308,2021-05-07 20:59:59.999000+00:00,137422280.318364,73503,1074.659425,62073832.01607557,0
2021-05-07 21:00:00+00:00,57607.97,57623.91,57147.0,57358.44,2436.811451,2021-05-07 21:59:59.999000+00:00,139860707.14716512,90342,1178.415189,67638908.57381295,0
2021-05-07 22:00:00+00:00,57358.45,57571.29,56749.75,57030.92,3551.836948,2021-05-07 22:59:59.999000+00:00,202928169.63306776,117790,1717.971737,98186109.94625016,0
2021-05-07 23:00:00+00:00,57030.92,57389.21,57020.13,57314.75,2074.661353,2021-05-07 23:59:59.999000+00:00,118734847.18325056,75234,1040.7383,59561715.94735401,0
2021-05-08 00:00:00+00:00,57315.49,57761.78,56900.0,57700.78,2546.939726,2021-05-08 00:59:59.999000+00:00,146210429.86943308,119308,1268.844744,72845755.25340432,0
2021-05-08 01:00:00+00:00,57700.53,57788.79,57424.01,57558.89,1754.888263,2021-05-08 01:59:59.999000+00:00,101102189.16103868,73787,765.07465,44077655.944814,0
2021-05-08 02:00:00+00:00,57558.9,58310.29,57500.34,58253.2,2594.866959,2021-05-08 02:59:59.999000+00:00,150108186.74625635,115332,1360.896871,78747451.74959031,0
2021-05-08 03:00:00+00:00,58253.2,58400.0,57980.94,58099.98,2309.156961,2021-05-08 03:59:59.999000+00:00,134373460.50233895,69962,1112.036376,64716571.28093842,0
2021-05-08 04:00:00+00:00,58099.86,58599.99,57950.35,58057.02,2397.861499,2021-05-08 04:59:59.999000+00:00,139654448.1574439,74651,1244.379652,72493863.78475513,0
2021-05-08 05:00:00+00:00,58057.01,58067.32,57791.0,57877.97,1935.918292,2021-05-08 05:59:59.999000+00:00,112096881.02349319,78229,992.96277,57492609.3622907,0
2021-05-08 06:00:00+00:00,57877.97,57975.31,57500.0,57804.1,1863.151032,2021-05-08 06:59:59.999000+00:00,107513835.16565464,79093,847.698948,48923238.20879002,0
2021-05-08 07:00:00+00:00,57804.09,58540.01,57604.06,58463.06,2932.637417,2021-05-08 07:59:59.999000+00:00,170559480.58457655,78387,1447.33136,84160812.77253722,0
2021-05-08 08:00:00+00:00,58463.06,59379.26,58458.29,58856.56,6420.291719,2021-05-08 08:59:59.999000+00:00,378991951.01943886,182982,3569.520137,210674204.55826107,0
2021-05-08 09:00:00+00:00,58856.57,59173.3,58632.8,58799.99,2999.236813,2021-05-08 09:59:59.999000+00:00,176480123.1790438,119933,1400.4747,82403913.30466779,0
2021-05-08 10:00:00+00:00,58800.0,58888.0,58305.0,58539.56,2303.583961,2021-05-08 10:59:59.999000+00:00,135067329.56327295,108413,1099.659022,64469229.87791459,0
2021-05-08 11:00:00+00:00,58539.56,58802.09,58350.0,58556.09,1682.312854,2021-05-08 11:59:59.999000+00:00,98563049.72407795,56636,840.820781,49264596.00452497,0
2021-05-08 12:00:00+00:00,58556.09,59118.3,58213.76,58862.79,2917.225497,2021-05-08 12:59:59.999000+00:00,171030956.6753529,89854,1465.766258,85958156.11001708,0
2021-05-08 13:00:00+00:00,58862.8,59438.64,58700.0,58828.25,4759.958115,2021-05-08 13:59:59.999000+00:00,281332332.5148693,111070,2255.042094,133329815.06609318,0
2021-05-08 14:00:00+00:00,58828.26,59060.0,58601.0,58946.32,2809.751111,2021-05-08 14:59:59.999000+00:00,165296583.47063923,79983,1350.000895,79424077.39181419,0
2021-05-08 15:00:00+00:00,58947.47,58947.48,57472.95,57599.87,5851.539191,2021-05-08 15:59:59.999000+00:00,340874608.404324,140494,2843.709612,165689503.87731528,0
2021-05-08 16:00:00+00:00,57599.86,58500.0,57560.63,58381.14,4739.339671,2021-05-08 16:59:59.999000+00:00,275357644.02658945,137969,2172.633797,126215663.21225353,0
2021-05-08 17:00:00+00:00,58381.14,59050.45,58139.91,58898.98,3815.391269,2021-05-08 17:59:59.999000+00:00,224122977.8932515,108370,1870.545827,109871816.44591874,0
2021-05-08 18:00:00+00:00,58901.45,59251.04,58901.45,59060.57,2937.039406,2021-05-08 18:59:59.999000+00:00,173491988.65638503,105800,1551.876404,91676121.5297894,0
2021-05-08 19:00:00+00:00,59060.57,59300.0,58863.18,59030.56,2046.45176,2021-05-08 19:59:59.999000+00:00,120927366.98751,69573,995.880816,58852850.77414372,0
2021-05-08 20:00:00+00:00,59030.56,59500.0,58755.0,58935.31,2346.625858,2021-05-08 20:59:59.999000+00:00,138730866.53468665,82479,1246.57537,73718481.82406513,0
2021-05-08 21:00:00+00:00,58935.31,59098.99,58623.21,58782.49,1893.883515,2021-05-08 21:59:59.999000+00:00,111516406.41293211,75900,811.8881,47802925.26381237,0
2021-05-08 22:00:00+00:00,58782.48,59119.95,58477.94,58567.12,2395.945965,2021-05-08 22:59:59.999000+00:00,140798980.32352254,80409,1123.425188,66025603.00963649,0
2021-05-08 23:00:00+00:00,58567.12,58886.8,58466.0,58862.05,1455.909174,2021-05-08 23:59:59.999000+00:00,85351755.39193264,72764,692.654784,40607705.98155755,0
2021-05-09 00:00:00+00:00,58866.53,59075.0,58505.95,58527.0,1976.4239,2021-05-09 00:59:59.999000+00:00,116288278.8870048,66192,943.432902,55514345.19286072,0
2021-05-09 01:00:00+00:00,58527.0,59239.58,58325.09,59126.14,3062.471333,2021-05-09 01:59:59.999000+00:00,179752874.3207268,80474,1766.945762,103685941.08096708,0
2021-05-09 02:00:00+00:00,59126.14,59147.94,58500.0,58605.0,2107.172321,2021-05-09 02:59:59.999000+00:00,123932379.01050562,102248,1015.762217,59734957.48470138,0
2021-05-09 03:00:00+00:00,58605.03,59300.0,58465.96,58632.78,4827.169407,2021-05-09 03:59:59.999000+00:00,283674708.4295869,119822,2679.182503,157496518.34026596,0
2021-05-09 04:00:00+00:00,58635.72,58974.91,57575.0,58157.87,9149.354583,2021-05-09 04:59:59.999000+00:00,532733879.5361233,208383,4200.576555,244758958.7172228,0
2021-05-09 05:00:00+00:00,58157.87,58568.96,57937.27,58446.51,2314.061126,2021-05-09 05:59:59.999000+00:00,134895431.2873447,90697,1169.581789,68173977.30965747,0
2021-05-09 06:00:00+00:00,58446.51,58620.16,58000.0,58337.57,2438.270119,2021-05-09 06:59:59.999000+00:00,142471971.07614216,76695,1335.02635,78015992.13483313,0
2021-05-09 07:00:00+00:00,58337.57,58342.7,57711.71,57965.59,2152.61758,2021-05-09 07:59:59.999000+00:00,124946239.10239848,99644,1047.174203,60782402.53573191,0
2021-05-09 08:00:00+00:00,57965.59,58250.0,57815.02,58159.6,2238.709752,2021-05-09 08:59:59.999000+00:00,129973076.0609913,68066,1094.259086,63534437.82960387,0
2021-05-09 09:00:00+00:00,58159.59,58400.0,57589.94,57952.52,2908.175174,2021-05-09 09:59:59.999000+00:00,168676077.5645047,82751,1405.053244,81493602.10708284,0
2021-05-09 10:00:00+00:00,57952.53,58052.33,57535.61,57955.04,2470.687177,2021-05-09 10:59:59.999000+00:00,142785493.29785037,76805,1162.251048,67168509.75014585,0
2021-05-09 11:00:00+00:00,57955.04,58200.0,57865.85,57907.49,2156.904527,2021-05-09 11:59:59.999000+00:00,125199288.12023751,82589,1029.00763,59735047.66113539,0
2021-05-09 12:00:00+00:00,57907.49,58000.0,56235.66,56433.53,7334.090088,2021-05-09 12:59:59.999000+00:00,418959979.88993186,224987,3378.550636,193102446.40828165,0
2021-05-09 13:00:00+00:00,56433.54,57387.77,56402.9,57220.02,3553.655176,2021-05-09 13:59:59.999000+00:00,202331949.59553933,94424,1683.767114,95875636.70752868,0
2021-05-09 14:00:00+00:00,57220.01,57485.0,57111.41,57170.9,2243.805782,2021-05-09 14:59:59.999000+00:00,128578309.90264209,65846,1044.193707,59838255.70262448,0
2021-05-09 15:00:00+00:00,57170.9,57425.2,57000.0,57379.58,1889.575356,2021-05-09 15:59:59.999000+00:00,108258429.29917406,67677,957.612137,54870696.42723891,0
2021-05-09 16:00:00+00:00,57379.58,57883.11,57300.01,57600.01,2503.120953,2021-05-09 16:59:59.999000+00:00,144133783.66817135,88938,1303.61453,75063421.4545516,0
2021-05-09 17:00:00+00:00,57600.0,57660.3,57262.51,57458.73,1615.945808,2021-05-09 17:59:59.999000+00:00,92803132.29557943,62595,743.318361,42688541.29580774,0
2021-05-09 18:00:00+00:00,57458.73,57638.2,57199.8,57439.39,1531.725376,2021-05-09 18:59:59.999000+00:00,87961358.68347415,54121,750.065516,43073822.92835034,0
2021-05-09 19:00:00+00:00,57441.61,57569.0,57048.96,57266.97,2492.940645,2021-05-09 19:59:59.999000+00:00,142841978.41446123,70086,1129.424497,64713446.55473151,0
2021-05-09 20:00:00+00:00,57266.97,57999.0,57179.18,57844.18,2673.748657,2021-05-09 20:59:59.999000+00:00,154297201.64190367,70375,1409.227315,81335948.86522748,0
2021-05-09 21:00:00+00:00,57844.18,58180.0,57778.85,58025.89,1924.11491,2021-05-09 21:59:59.999000+00:00,111504698.61413988,74195,985.417629,57104219.82935289,0
2021-05-09 22:00:00+00:00,58025.88,58205.67,57850.0,57930.32,2208.474295,2021-05-09 22:59:59.999000+00:00,128249358.83164977,65530,1098.235513,63788276.39631682,0
2021-05-09 23:00:00+00:00,57930.31,58439.7,57929.84,58240.84,2032.905865,2021-05-09 23:59:59.999000+00:00,118302823.9765152,76999,969.370213,56410139.2259615,0
2021-05-10 00:00:00+00:00,58240.83,58887.82,58009.96,58858.6,2735.070297,2021-05-10 00:59:59.999000+00:00,159673740.23169377,91733,1360.474797,79454013.33867797,0
2021-05-10 01:00:00+00:00,58858.6,58985.0,58610.16,58700.21,2415.250146,2021-05-10 01:59:59.999000+00:00,141956981.7999875,72841,1175.988713,69126915.33705886,0
2021-05-10 02:00:00+00:00,58699.99,59066.0,58650.39,58982.81,2164.338114,2021-05-10 02:59:59.999000+00:00,127334860.17510444,71605,1152.117987,67790177.007129,0
2021-05-10 03:00:00+00:00,58978.95,59444.9,58929.33,59356.76,3590.549967,2021-05-10 03:59:59.999000+00:00,212740172.02363124,89914,1939.074117,114887835.57397611,0
2021-05-10 04:00:00+00:00,59356.77,59500.0,59003.37,59154.67,3062.813283,2021-05-10 04:59:59.999000+00:00,181527842.46940848,80338,1687.742697,100061139.92910445,0
2021-05-10 05:00:00+00:00,59154.67,59439.98,58680.26,59068.05,2521.166235,2021-05-10 05:59:59.999000+00:00,148774470.4668303,71729,1295.156434,76425563.07061167,0
2021-05-10 06:00:00+00:00,59068.66,59180.0,58755.0,58833.93,1799.152798,2021-05-10 06:59:59.999000+00:00,106084476.58219846,61207,828.17686,48834978.76751401,0
2021-05-10 07:00:00+00:00,58833.92,58965.01,58355.79,58370.17,2502.867563,2021-05-10 07:59:59.999000+00:00,146907008.65921587,82731,1216.778848,71422284.80080508,0
2021-05-10 08:00:00+00:00,58370.17,58593.79,58016.33,58372.87,2898.39359,2021-05-10 08:59:59.999000+00:00,168957552.85590082,86178,1413.536645,82406294.40887375,0
2021-05-10 09:00:00+00:00,58372.86,58573.54,57736.46,57899.65,3262.379436,2021-05-10 09:59:59.999000+00:00,189540888.71655205,93188,1595.126251,92682956.54038608,0
2021-05-10 10:00:00+00:00,57899.65,58167.83,57550.0,57866.23,2697.7042,2021-05-10 10:59:59.999000+00:00,156187329.44782385,99202,1324.591612,76701262.80590479,0
2021-05-10 11:00:00+00:00,57866.24,58300.0,57301.81,58070.63,3624.605949,2021-05-10 11:59:59.999000+00:00,209370685.49383795,123633,1773.232329,102449667.16209695,0
2021-05-10 12:00:00+00:00,58070.63,58231.46,57526.25,57654.57,3500.835538,2021-05-10 12:59:59.999000+00:00,202636698.55279753,97022,1581.370092,91535881.16123502,0
2021-05-10 13:00:00+00:00,57650.01,57938.12,57455.0,57675.84,3403.484507,2021-05-10 13:59:59.999000+00:00,196355379.51950657,88183,1602.918696,92475183.96847746,0
2021-05-10 14:00:00+00:00,57675.84,57675.84,56815.0,56831.59,4097.350714,2021-05-10 14:59:59.999000+00:00,234834031.1225184,115404,1850.478974,106086599.31323996,0
2021-05-10 15:00:00+00:00,56831.59,58320.0,56700.0,58296.36,5490.741237,2021-05-10 15:59:59.999000+00:00,315255459.1155902,128177,2691.378902,154640891.6267111,0
2021-05-10 16:00:00+00:00,58296.35,58593.7,57556.99,57572.32,4239.666406,2021-05-10 16:59:59.999000+00:00,246192432.95613775,115642,1911.984973,111091774.89886226,0
2021-05-10 17:00:00+00:00,57572.32,57693.44,56849.75,56985.3,4085.398456,2021-05-10 17:59:59.999000+00:00,234213812.76838383,106825,1752.384538,100497933.59325723,0
2021-05-10 18:00:00+00:00,56985.3,57195.32,56388.26,56771.88,4418.643856,2021-05-10 18:59:59.999000+00:00,250966492.95716497,115203,1958.603297,111249948.28037716,0
2021-05-10 19:00:00+00:00,56771.87,56977.48,55516.85,55733.76,6241.027982,2021-05-10 19:59:59.999000+00:00,351004098.63381636,166920,2968.31334,166952068.6797942,0
2021-05-10 20:00:00+00:00,55733.76,55739.62,53400.0,55240.88,11462.110082,2021-05-10 20:59:59.999000+00:00,628919849.9795595,326389,5613.194201,308131149.5377815,0
2021-05-10 21:00:00+00:00,55246.69,55843.09,55027.18,55641.11,3014.242809,2021-05-10 21:59:59.999000+00:00,167433158.7785429,115725,1402.641912,77915894.63437855,0
2021-05-10 22:00:00+00:00,55640.76,56269.89,55367.15,56229.93,3377.218041,2021-05-10 22:59:59.999000+00:00,188409471.21808636,94417,1501.566891,83789515.0901993,0
2021-05-10 23:00:00+00:00,56229.92,56230.12,55418.98,55816.14,2981.338044,2021-05-10 23:59:59.999000+00:00,166505745.44184825,81213,1461.143923,81591568.44111925,0
2021-05-11 00:00:00+00:00,55816.14,56435.48,55429.99,55460.08,3554.538645,2021-05-11 00:59:59.999000+00:00,198586929.15555915,100867,1625.181381,90803244.85957503,0
2021-05-11 01:00:00+00:00,55453.39,55815.29,55064.13,55565.33,3604.831612,2021-05-11 01:59:59.999000+00:00,200051672.65270317,90158,1806.519434,100266069.39178783,0
2021-05-11 02:00:00+00:00,55565.33,55942.26,54505.0,54600.0,3617.742883,2021-05-11 02:59:59.999000+00:00,199929706.33349293,87135,1655.992053,91506900.11043794,0
2021-05-11 03:00:00+00:00,54600.0,55283.68,54370.0,55142.46,3510.765875,2021-05-11 03:59:59.999000+00:00,192696232.32042167,85544,1684.286899,92436637.95971076,0
2021-05-11 04:00:00+00:00,55142.44,55545.69,54986.47,55337.04,2646.3448,2021-05-11 04:59:59.999000+00:00,146422537.87810975,67349,1286.463703,71179636.32918894,0
2021-05-11 05:00:00+00:00,55337.03,55484.36,54589.0,54798.0,2345.249796,2021-05-11 05:59:59.999000+00:00,129084658.6623486,68535,1122.03119,61780509.1810497,0
2021-05-11 06:00:00+00:00,54788.6,55800.0,54721.89,55677.12,2548.333058,2021-05-11 06:59:59.999000+00:00,140932264.00109172,67921,1247.072494,68965878.54327226,0
2021-05-11 07:00:00+00:00,55677.12,55846.9,55421.84,55740.09,1960.491959,2021-05-11 07:59:59.999000+00:00,108985479.54546252,64525,932.109343,51818232.58474485,0
2021-05-11 08:00:00+00:00,55737.89,55893.9,55153.14,55341.27,3137.061986,2021-05-11 08:59:59.999000+00:00,174033659.88413215,97918,1586.619165,88023366.14943677,0
2021-05-11 09:00:00+00:00,55341.28,56027.63,55315.49,55901.15,2573.226752,2021-05-11 09:59:59.999000+00:00,143200711.9924441,75668,1241.606639,69104202.35869719,0
2021-05-11 10:00:00+00:00,55901.14,56190.0,55733.45,55841.78,2557.383987,2021-05-11 10:59:59.999000+00:00,143067532.88109657,81630,1252.826372,70087450.02847502,0
2021-05-11 11:00:00+00:00,55841.79,55963.86,55125.71,55210.47,2732.698373,2021-05-11 11:59:59.999000+00:00,152021385.007421,79048,1193.372595,66372332.2115213,0
2021-05-11 12:00:00+00:00,55210.47,55418.8,54766.44,55374.08,3862.937465,2021-05-11 12:59:59.999000+00:00,212945648.84129876,113472,1929.841997,106385442.74880295,0
2021-05-11 13:00:00+00:00,55374.08,55760.01,54875.0,55750.0,3879.881775,2021-05-11 13:59:59.999000+00:00,214886710.88767737,117088,1880.707467,104175489.305234,0
2021-05-11 14:00:00+00:00,55750.0,55885.77,55485.14,55688.0,3119.833388,2021-05-11 14:59:59.999000+00:00,173825464.48937523,89748,1465.144469,81628872.30427977,0
2021-05-11 15:00:00+00:00,55688.0,56176.0,55545.28,56052.82,3032.662461,2021-05-11 15:59:59.999000+00:00,169655496.3670434,86135,1382.334158,77326444.04585777,0
2021-05-11 16:00:00+00:00,56052.83,56553.42,55750.0,55999.69,3493.029274,2021-05-11 16:59:59.999000+00:00,196021598.7299567,107108,1664.67396,93447572.3498922,0
2021-05-11 17:00:00+00:00,55999.68,56500.0,55927.27,56395.1,2213.857126,2021-05-11 17:59:59.999000+00:00,124546833.88728587,65713,1025.876687,57706490.259146,0
2021-05-11 18:00:00+00:00,56395.09,56690.0,56249.38,56383.66,2035.254968,2021-05-11 18:59:59.999000+00:00,114921067.95833772,70912,979.972649,55338435.10669619,0
2021-05-11 19:00:00+00:00,56383.66,56850.0,56330.3,56608.94,1880.392549,2021-05-11 19:59:59.999000+00:00,106475487.43343543,60849,935.909261,53001201.13864922,0
2021-05-11 20:00:00+00:00,56608.93,56850.0,56464.73,56806.34,1629.034688,2021-05-11 20:59:59.999000+00:00,92373309.89984617,61589,824.057494,46727046.7337869,0
2021-05-11 21:00:00+00:00,56806.35,56862.43,56288.43,56510.26,1504.023443,2021-05-11 21:59:59.999000+00:00,85140145.1538446,65256,767.229109,43431236.6492323,0
2021-05-11 22:00:00+00:00,56510.26,56654.71,56307.43,56399.99,1452.75299,2021-05-11 22:59:59.999000+00:00,82046392.83807474,49718,670.581488,37871465.33412472,0
2021-05-11 23:00:00+00:00,56399.99,56767.96,56168.98,56670.02,1437.210697,2021-05-11 23:59:59.999000+00:00,81179727.96255983,57594,720.418332,40691432.54003395,0
2021-05-12 00:00:00+00:00,56670.02,57360.07,56555.12,57348.95,3166.907053,2021-05-12 00:59:59.999000+00:00,180613749.41228867,107806,1571.883191,89648404.00273003,0
2021-05-12 01:00:00+00:00,57344.48,57360.0,56924.37,57033.35,2018.790065,2021-05-12 01:59:59.999000+00:00,115276733.3092719,64646,1018.575383,58161416.69547177,0
2021-05-12 02:00:00+00:00,57033.35,57337.81,56932.83,57172.94,2235.727996,2021-05-12 02:59:59.999000+00:00,127630722.61404464,68385,1113.755967,63581051.22949672,0
2021-05-12 03:00:00+00:00,57170.2,57872.18,56937.78,57756.94,3310.804448,2021-05-12 03:59:59.999000+00:00,190172794.73673883,91824,1635.053258,93915933.96406452,0
2021-05-12 04:00:00+00:00,57756.95,58000.01,57284.82,57355.3,2702.273614,2021-05-12 04:59:59.999000+00:00,155892290.8584108,73603,1399.031743,80718623.78681237,0
2021-05-12 05:00:00+00:00,57355.29,57504.65,57160.01,57227.98,1948.738031,2021-05-12 05:59:59.999000+00:00,111754604.3523845,52164,1018.866089,58430470.77434184,0
2021-05-12 06:00:00+00:00,57227.98,57366.92,56900.0,57009.55,2517.104414,2021-05-12 06:59:59.999000+00:00,143780815.0178824,73563,1318.98586,75332947.95565782,0
2021-05-12 07:00:00+00:00,57011.67,57250.0,56882.0,57101.07,1915.343725,2021-05-12 07:59:59.999000+00:00,109394739.322529,60372,929.942841,53115909.54146774,0
2021-05-12 08:00:00+00:00,57101.08,57180.0,56580.0,56912.77,3332.811994,2021-05-12 08:59:59.999000+00:00,189342722.13630584,79288,1733.764116,98478670.30917332,0
2021-05-12 09:00:00+00:00,56912.77,57195.5,56730.0,56855.43,2163.096667,2021-05-12 09:59:59.999000+00:00,123128929.35958092,67098,1142.649918,65051378.92636619,0
2021-05-12 10:00:00+00:00,56855.42,56861.01,55950.45,56026.83,3903.570096,2021-05-12 10:59:59.999000+00:00,219724244.74163783,105883,1894.414347,106627004.18633053,0
2021-05-12 11:00:00+00:00,56026.83,56517.22,55967.13,56421.46,2722.41529,2021-05-12 11:59:59.999000+00:00,153140805.3643919,76059,1441.496995,81091555.50797501,0
2021-05-12 12:00:00+00:00,56421.45,56615.45,56164.0,56316.76,2723.562788,2021-05-12 12:59:59.999000+00:00,153517969.3635102,75165,1467.385348,82700160.109924,0
2021-05-12 13:00:00+00:00,56316.76,56850.0,55700.0,56760.11,3996.550934,2021-05-12 13:59:59.999000+00:00,224847297.37150005,111593,1971.577866,110995628.33598912,0
2021-05-12 14:00:00+00:00,56760.1,56900.0,56000.0,56073.03,3641.372381,2021-05-12 14:59:59.999000+00:00,205842239.13523597,98808,1701.684749,96233851.86370917,0
2021-05-12 15:00:00+00:00,56073.04,56126.29,55232.56,55479.13,5861.529748,2021-05-12 15:59:59.999000+00:00,326193530.0981588,136926,3090.130105,172000269.7473367,0
2021-05-12 16:00:00+00:00,55479.13,55677.31,54392.74,55013.01,6443.657176,2021-05-12 16:59:59.999000+00:00,354067709.355174,180445,3018.946761,165898488.66883856,0
2021-05-12 17:00:00+00:00,55013.01,55329.3,54687.05,54865.13,3002.007314,2021-05-12 17:59:59.999000+00:00,165238473.43536928,86157,1450.208256,79823505.04745129,0
2021-05-12 18:00:00+00:00,54863.94,55144.98,53576.3,54082.52,6339.651224,2021-05-12 18:59:59.999000+00:00,343628062.0713196,163534,2932.426502,158972881.07511893,0
2021-05-12 19:00:00+00:00,54082.52,54526.3,53500.0,54432.39,4578.143344,2021-05-12 19:59:59.999000+00:00,247466595.73155123,112065,2311.835343,124965615.23270065,0
2021-05-12 20:00:00+00:00,54437.0,54660.17,53983.05,54420.14,2585.945182,2021-05-12 20:59:59.999000+00:00,140526229.26166874,80163,1248.116932,67829723.08829714,0
2021-05-12 21:00:00+00:00,54420.14,54751.92,54300.0,54533.16,1891.940713,2021-05-12 21:59:59.999000+00:00,103145563.66152194,79872,874.277511,47669583.95639106,0
2021-05-12 22:00:00+00:00,54533.16,54746.82,51563.19,52942.79,12842.470117,2021-05-12 22:59:59.999000+00:00,676718908.1624993,327565,5867.269874,309174623.724108,0
2021-05-12 23:00:00+00:00,52938.97,52950.55,48600.0,49631.32,13998.375522,2021-05-12 23:59:59.999000+00:00,715069364.2374915,303842,6147.547046,314479948.36282474,0
2021-05-13 00:00:00+00:00,49537.15,50630.0,46000.0,49666.99,19866.030393,2021-05-13 00:59:59.999000+00:00,973630160.7477428,448521,9228.095982,453028662.31146145,0
2021-05-13 01:00:00+00:00,49661.12,50600.0,49305.43,50522.52,10088.97455,2021-05-13 01:59:59.999000+00:00,505260633.4154048,210671,4989.688021,249873696.04677385,0
2021-05-13 02:00:00+00:00,50522.52,50829.98,50000.0,50255.84,6577.478178,2021-05-13 02:59:59.999000+00:00,331628873.5947474,140305,2976.938963,150106431.04878977,0
2021-05-13 03:00:00+00:00,50257.78,50490.09,49544.0,50461.99,6253.543763,2021-05-13 03:59:59.999000+00:00,311852531.94313085,140253,2960.34067,147631305.47023875,0
2021-05-13 04:00:00+00:00,50461.99,50986.22,50282.0,50445.87,4747.285098,2021-05-13 04:59:59.999000+00:00,240732752.69493133,115140,2381.172942,120744567.4027952,0
2021-05-13 05:00:00+00:00,50445.87,51076.41,50444.0,50884.09,3757.048899,2021-05-13 05:59:59.999000+00:00,191208599.75376496,103398,1880.927703,95722671.2464683,0
2021-05-13 06:00:00+00:00,50884.09,51335.0,50760.42,51332.74,3988.3829,2021-05-13 06:59:59.999000+00:00,203717849.23328996,103187,1857.450564,94875543.49631976,0
2021-05-13 07:00:00+00:00,51332.74,51367.19,50605.38,50879.72,3632.057094,2021-05-13 07:59:59.999000+00:00,185205321.5129396,101776,1790.784202,91289466.7258568,0
2021-05-13 08:00:00+00:00,50879.73,50950.0,49938.44,50015.82,4616.644825,2021-05-13 08:59:59.999000+00:00,232592649.44419968,127263,2286.173201,115209979.24144146,0
2021-05-13 09:00:00+00:00,50015.83,50354.28,48747.89,49212.91,8623.516471,2021-05-13 09:59:59.999000+00:00,428217306.1631407,205034,4070.457418,202192558.5187844,0
2021-05-13 10:00:00+00:00,49212.92,50243.61,48901.0,49171.76,8782.325893,2021-05-13 10:59:59.999000+00:00,435431030.9305184,182114,4753.650951,235755353.2061166,0
2021-05-13 11:00:00+00:00,49176.56,49909.8,48457.12,49777.01,6132.186867,2021-05-13 11:59:59.999000+00:00,301930927.92254716,152730,3048.857802,150122521.67427495,0
2021-05-13 12:00:00+00:00,49777.01,50400.0,49528.46,50158.05,4589.170703,2021-05-13 12:59:59.999000+00:00,229794939.99631912,122933,2373.091961,118836338.26224037,0
2021-05-13 13:00:00+00:00,50159.29,50585.52,49594.0,50500.0,3970.491935,2021-05-13 13:59:59.999000+00:00,199239936.80369392,108246,1992.321436,100007792.17076032,0
2021-05-13 14:00:00+00:00,50500.01,50884.34,50207.56,50288.69,3752.911213,2021-05-13 14:59:59.999000+00:00,189652725.60061273,104145,1796.296113,90779670.04988667,0
2021-05-13 15:00:00+00:00,50288.68,50394.2,49458.68,49627.64,4978.783253,2021-05-13 15:59:59.999000+00:00,248565796.06729364,115590,2460.808905,122849602.63399509,0
2021-05-13 16:00:00+00:00,49627.63,50429.99,48434.2,48635.4,6007.197865,2021-05-13 16:59:59.999000+00:00,297604819.872209,149029,2975.154783,147536779.71407107,0
2021-05-13 17:00:00+00:00,48635.65,48888.0,47000.0,48465.11,11630.740179,2021-05-13 17:59:59.999000+00:00,558009110.9442468,244584,5042.36741,242062338.72938737,0
2021-05-13 18:00:00+00:00,48465.11,48964.41,47672.59,47844.04,6375.313151,2021-05-13 18:59:59.999000+00:00,308258295.12396055,149295,3005.197745,145261413.7981769,0
2021-05-13 19:00:00+00:00,47844.04,49384.2,47832.38,48568.85,4923.945507,2021-05-13 19:59:59.999000+00:00,239925381.58024487,119719,2515.509306,122561293.7777376,0
2021-05-13 20:00:00+00:00,48569.97,49450.0,48367.56,49304.15,4073.877133,2021-05-13 20:59:59.999000+00:00,199796526.8977776,100429,2208.728572,108332697.3216475,0
2021-05-13 21:00:00+00:00,49304.11,49866.03,49000.0,49564.94,2593.165053,2021-05-13 21:59:59.999000+00:00,128484104.79687928,93588,1323.583565,65594103.21453126,0
2021-05-13 22:00:00+00:00,49564.93,49879.77,48838.38,48857.72,3571.571945,2021-05-13 22:59:59.999000+00:00,176481652.09278953,110578,1867.051034,92267248.01684004,0
2021-05-13 23:00:00+00:00,48857.76,49759.1,48350.0,49670.97,3799.359253,2021-05-13 23:59:59.999000+00:00,186472761.46901616,121978,1957.35411,96093433.92599984,0
2021-05-14 00:00:00+00:00,49671.92,50241.19,49479.77,50029.78,4470.636113,2021-05-14 00:59:59.999000+00:00,223240429.25715417,113496,2197.549873,109724109.43562308,0
2021-05-14 01:00:00+00:00,50029.77,50390.7,49855.09,50015.76,3253.803967,2021-05-14 01:59:59.999000+00:00,163132723.81733268,84399,1431.144637,71755916.6460693,0
2021-05-14 02:00:00+00:00,50019.56,50070.68,49414.5,49464.64,3144.16476,2021-05-14 02:59:59.999000+00:00,156120749.15349832,77989,1346.561575,66851661.19865707,0
2021-05-14 03:00:00+00:00,49464.63,49663.18,49021.01,49157.93,2794.497577,2021-05-14 03:59:59.999000+00:00,137960403.49814922,65043,1410.004485,69599482.175726,0
2021-05-14 04:00:00+00:00,49157.94,49540.09,48799.75,49198.86,3932.039844,2021-05-14 04:59:59.999000+00:00,193500416.2351156,87094,1732.531054,85274923.07739688,0
2021-05-14 05:00:00+00:00,49195.17,49736.84,49042.29,49653.44,2676.459272,2021-05-14 05:59:59.999000+00:00,132162981.28261176,72991,1346.886364,66506287.00582715,0
2021-05-14 06:00:00+00:00,49649.77,49706.55,48862.56,49056.83,3448.437632,2021-05-14 06:59:59.999000+00:00,169482635.0620282,92362,1639.719447,80561647.68609694,0
2021-05-14 07:00:00+00:00,49056.83,50286.26,49050.0,49987.2,4177.17298,2021-05-14 07:59:59.999000+00:00,208219279.80800727,99854,2282.355528,113781031.72517176,0
2021-05-14 08:00:00+00:00,49987.19,50420.17,49880.0,50365.98,3437.195258,2021-05-14 08:59:59.999000+00:00,172581504.83990088,99694,1702.47651,85479755.94473477,0
2021-05-14 09:00:00+00:00,50365.97,50800.0,50140.1,50413.21,4037.606556,2021-05-14 09:59:59.999000+00:00,204007041.05765888,105853,1864.514118,94203589.38361424,0
2021-05-14 10:00:00+00:00,50413.21,50767.39,50213.0,50720.34,3962.663023,2021-05-14 10:59:59.999000+00:00,199978548.74590617,90998,1828.230467,92230512.9796297,0
2021-05-14 11:00:00+00:00,50720.34,50958.32,50478.79,50538.14,3477.032307,2021-05-14 11:59:59.999000+00:00,176243214.76136115,87030,1432.791596,72635463.07902154,0
2021-05-14 12:00:00+00:00,50538.13,50624.93,50226.19,50310.83,3335.756373,2021-05-14 12:59:59.999000+00:00,168070633.43216887,77320,1467.763635,73942257.06498986,0
2021-05-14 13:00:00+00:00,50310.83,50977.6,50037.0,50937.18,3262.853932,2021-05-14 13:59:59.999000+00:00,164858530.6025688,84890,1556.34361,78627282.79687129,0
2021-05-14 14:00:00+00:00,50937.19,50949.96,50470.87,50873.78,3009.039971,2021-05-14 14:59:59.999000+00:00,152517810.1396654,81800,1460.279399,74013846.26409382,0
2021-05-14 15:00:00+00:00,50873.78,51483.0,50873.77,51211.98,4260.602988,2021-05-14 15:59:59.999000+00:00,218352818.1614692,120665,2017.883397,103403447.81571728,0
2021-05-14 16:00:00+00:00,51211.98,51322.41,50660.59,50809.0,3747.950068,2021-05-14 16:59:59.999000+00:00,191212371.62658593,116425,1603.94029,81843882.45146126,0
2021-05-14 17:00:00+00:00,50809.0,51053.74,50490.26,50569.36,2632.602151,2021-05-14 17:59:59.999000+00:00,133616105.24378802,70117,1185.345647,60177677.99623494,0
2021-05-14 18:00:00+00:00,50569.37,50728.96,50330.62,50470.07,3438.132861,2021-05-14 18:59:59.999000+00:00,173741355.8191884,80363,1450.696789,73293605.42146926,0
2021-05-14 19:00:00+00:00,50470.89,50479.49,50083.8,50138.09,2652.32953,2021-05-14 19:59:59.999000+00:00,133292453.3159898,70851,1194.468244,60028758.33840695,0
2021-05-14 20:00:00+00:00,50141.33,50294.6,49065.0,49146.02,4218.742028,2021-05-14 20:59:59.999000+00:00,209466633.48335996,107334,1925.831952,95605049.51273485,0
2021-05-14 21:00:00+00:00,49146.01,49848.48,49030.0,49807.18,2362.804044,2021-05-14 21:59:59.999000+00:00,117047918.61368006,82246,1181.681739,58537948.88504814,0
2021-05-14 22:00:00+00:00,49810.37,50142.06,49613.22,49912.26,2042.977506,2021-05-14 22:59:59.999000+00:00,101859821.6825007,66751,945.406768,47136359.14628158,0
2021-05-14 23:00:00+00:00,49912.26,50188.67,49730.98,49841.45,2306.703565,2021-05-14 23:59:59.999000+00:00,115238535.76822124,60295,979.721739,48948124.47183702,0
2021-05-15 00:00:00+00:00,49844.16,50320.24,49269.78,49444.7,3240.054837,2021-05-15 00:59:59.999000+00:00,161052312.46578225,100780,1525.684876,75833730.37825763,0
2021-05-15 01:00:00+00:00,49444.7,50700.0,49350.5,50619.19,2899.095904,2021-05-15 01:59:59.999000+00:00,145524662.03211135,79355,1524.149078,76518568.17181535,0
2021-05-15 02:00:00+00:00,50619.18,50650.73,50020.0,50084.84,2143.714977,2021-05-15 02:59:59.999000+00:00,107930676.9910758,63742,1039.421762,52335114.09969831,0
2021-05-15 03:00:00+00:00,50084.83,50084.83,49601.0,49627.01,2247.57774,2021-05-15 03:59:59.999000+00:00,112008453.0942506,64393,1092.311593,54428768.45973334,0
2021-05-15 04:00:00+00:00,49627.02,49861.2,49150.92,49322.03,2921.961104,2021-05-15 04:59:59.999000+00:00,144844769.4294907,77099,1346.576871,66745626.6829146,0
2021-05-15 05:00:00+00:00,49322.03,49720.37,49086.75,49666.46,2777.408064,2021-05-15 05:59:59.999000+00:00,137281382.20357493,81539,1286.618024,63586855.95675362,0
2021-05-15 06:00:00+00:00,49668.92,49700.0,48628.72,48971.99,4475.983439,2021-05-15 06:59:59.999000+00:00,220003402.96149328,111629,2086.353568,102589238.67859468,0
2021-05-15 07:00:00+00:00,48972.0,49058.89,48400.0,48469.28,4586.850315,2021-05-15 07:59:59.999000+00:00,223648474.25795007,107270,2124.445936,103599629.56290168,0
2021-05-15 08:00:00+00:00,48469.71,49072.49,48203.91,48826.08,3843.623578,2021-05-15 08:59:59.999000+00:00,186760891.24370992,101693,1816.579852,88284767.0066138,0
2021-05-15 09:00:00+00:00,48826.06,49298.59,48350.0,48640.87,3775.306039,2021-05-15 09:59:59.999000+00:00,184124060.27748993,95473,1805.936063,88059717.3777618,0
2021-05-15 10:00:00+00:00,48654.24,48654.24,47721.84,48379.9,5492.303194,2021-05-15 10:59:59.999000+00:00,264491723.51047355,126327,2515.759172,121176466.3430978,0
2021-05-15 11:00:00+00:00,48379.89,49000.0,48343.42,48929.74,3024.338134,2021-05-15 11:59:59.999000+00:00,147188576.46009535,71891,1480.817605,72066686.48401336,0
2021-05-15 12:00:00+00:00,48929.73,49364.8,48636.58,49167.21,3205.170074,2021-05-15 12:59:59.999000+00:00,157164463.44635645,80006,1582.558663,77609981.42790194,0
2021-05-15 13:00:00+00:00,49167.22,49340.68,48527.07,48995.02,3241.608758,2021-05-15 13:59:59.999000+00:00,159029983.09155536,76074,1503.173656,73755826.85901786,0
2021-05-15 14:00:00+00:00,48995.02,49697.63,48832.0,49389.58,5237.189381,2021-05-15 14:59:59.999000+00:00,257950577.3171892,113886,2527.076134,124438755.2055987,0
2021-05-15 15:00:00+00:00,49389.58,49585.49,48834.82,48982.99,3230.316773,2021-05-15 15:59:59.999000+00:00,158925705.0774133,86417,1428.274971,70241939.94767383,0
2021-05-15 16:00:00+00:00,48983.0,48994.27,47534.0,47876.71,6712.553644,2021-05-15 16:59:59.999000+00:00,322666496.75535566,155857,3205.857253,154074076.52625012,0
2021-05-15 17:00:00+00:00,47875.46,48234.16,47399.3,47801.08,4910.971781,2021-05-15 17:59:59.999000+00:00,234686773.4331093,111238,2293.772638,109643442.4672322,0
2021-05-15 18:00:00+00:00,47801.07,48200.0,47447.36,47890.07,3156.243609,2021-05-15 18:59:59.999000+00:00,151100555.72560695,78539,1490.093021,71337677.39629997,0
2021-05-15 19:00:00+00:00,47890.72,48108.61,46900.0,48108.4,5499.314898,2021-05-15 19:59:59.999000+00:00,260847281.8133445,133470,2560.28103,121515059.16355582,0
2021-05-15 20:00:00+00:00,48108.4,48655.0,48037.25,48219.31,3115.476595,2021-05-15 20:59:59.999000+00:00,150580054.49876654,83913,1556.625396,75233175.67299429,0
2021-05-15 21:00:00+00:00,48219.41,48738.75,48209.01,48419.76,1775.332841,2021-05-15 21:59:59.999000+00:00,85996600.73644695,71365,863.127053,41812534.48457483,0
2021-05-15 22:00:00+00:00,48419.74,48688.83,47733.0,47964.69,2919.023845,2021-05-15 22:59:59.999000+00:00,140828211.4283594,80840,1335.126612,64396537.29264095,0
2021-05-15 23:00:00+00:00,47971.98,48049.93,46555.0,46762.99,5006.029835,2021-05-15 23:59:59.999000+00:00,236139758.26635647,133995,2267.297636,107018669.21512464,0
2021-05-16 00:00:00+00:00,46762.99,47698.0,46467.0,47283.43,5439.308207,2021-05-16 00:59:59.999000+00:00,256947912.16860545,125250,2483.910582,117380865.44878276,0
2021-05-16 01:00:00+00:00,47282.38,48215.96,47282.37,48059.99,3005.465226,2021-05-16 01:59:59.999000+00:00,143829883.37273517,85044,1498.929104,71727289.62230636,0
2021-05-16 02:00:00+00:00,48059.99,48326.62,47952.56,48150.01,2151.761047,2021-05-16 02:59:59.999000+00:00,103498165.89981665,59111,1038.269591,49942784.05096227,0
2021-05-16 03:00:00+00:00,48144.25,48406.44,47747.7,48383.46,2204.566902,2021-05-16 03:59:59.999000+00:00,105856132.56929757,58816,1074.680638,51603914.75222968,0
2021-05-16 04:00:00+00:00,48386.62,48951.01,48051.38,48102.77,2272.252438,2021-05-16 04:59:59.999000+00:00,110028077.59032571,65303,1109.779656,53756724.71479793,0
2021-05-16 05:00:00+00:00,48102.77,48354.2,48034.82,48165.86,1650.211541,2021-05-16 05:59:59.999000+00:00,79543003.64310631,53944,779.645781,37581030.93832705,0
2021-05-16 06:00:00+00:00,48165.86,49500.0,48135.39,49047.97,4192.928903,2021-05-16 06:59:59.999000+00:00,205784967.26257223,94256,2080.669326,102082371.51529627,0
2021-05-16 07:00:00+00:00,49047.97,49400.0,48825.31,49375.28,2686.640493,2021-05-16 07:59:59.999000+00:00,131681355.17796472,77080,1314.532213,64443639.76922264,0
2021-05-16 08:00:00+00:00,49375.28,49437.46,48656.0,48900.02,2548.287369,2021-05-16 08:59:59.999000+00:00,124722726.9161919,71072,1115.303074,54579680.72002669,0
2021-05-16 09:00:00+00:00,48900.02,49500.0,48896.0,49264.69,2980.492109,2021-05-16 09:59:59.999000+00:00,146679299.80050763,75162,1459.794875,71862255.81620812,0
2021-05-16 10:00:00+00:00,49264.68,49795.89,49221.08,49579.7,2962.993138,2021-05-16 10:59:59.999000+00:00,146516333.3250997,80650,1314.483621,64996966.3506654,0
2021-05-16 11:00:00+00:00,49574.98,49640.28,48912.8,49014.99,2464.233967,2021-05-16 11:59:59.999000+00:00,121437654.42100324,68509,1085.562646,53499551.24792227,0
2021-05-16 12:00:00+00:00,49014.99,49157.89,48550.63,48622.62,2925.555177,2021-05-16 12:59:59.999000+00:00,143016378.5408149,76390,1323.987107,64730647.80023836,0
2021-05-16 13:00:00+00:00,48618.14,48999.1,48457.06,48915.73,3053.929148,2021-05-16 13:59:59.999000+00:00,148843563.09983316,81833,1494.780768,72856008.51196346,0
2021-05-16 14:00:00+00:00,48915.78,49249.06,48036.0,48284.32,3836.376897,2021-05-16 14:59:59.999000+00:00,186287640.3274876,98629,1963.19055,95331787.8484688,0
2021-05-16 15:00:00+00:00,48284.32,48331.45,47566.01,47727.26,4351.100773,2021-05-16 15:59:59.999000+00:00,208712774.0165864,102213,2220.165178,106524049.77752995,0
2021-05-16 16:00:00+00:00,47727.26,48097.59,46960.0,47276.26,6112.076715,2021-05-16 16:59:59.999000+00:00,290162172.6568451,151400,2985.864785,141764862.82029814,0
2021-05-16 17:00:00+00:00,47276.26,47460.0,46120.0,47081.5,8475.470489,2021-05-16 17:59:59.999000+00:00,397503893.2520152,166006,3869.601521,181587064.9908803,0
2021-05-16 18:00:00+00:00,47080.2,47457.76,45333.34,45380.56,10976.682251,2021-05-16 18:59:59.999000+00:00,509186062.01312715,202191,4701.371344,218287521.98593011,0
2021-05-16 19:00:00+00:00,45409.99,46239.68,44444.44,45549.26,11255.424001,2021-05-16 19:59:59.999000+00:00,510824938.15711904,218969,5045.107989,229207880.5208694,0
2021-05-16 20:00:00+00:00,45553.24,45902.19,43825.39,44104.07,11341.714158,2021-05-16 20:59:59.999000+00:00,508083166.08696073,228165,5286.489776,236984034.2329218,0
2021-05-16 21:00:00+00:00,44103.9,45614.33,43857.42,45195.96,7608.620307,2021-05-16 21:59:59.999000+00:00,340577449.14617026,196953,3714.192935,166295554.35709587,0
2021-05-16 22:00:00+00:00,45195.29,46320.0,45163.65,45562.01,5841.013031,2021-05-16 22:59:59.999000+00:00,267417674.0433247,127254,2862.604852,131056615.55096304,0
2021-05-16 23:00:00+00:00,45562.01,46480.0,45384.11,46431.5,3932.708488,2021-05-16 23:59:59.999000+00:00,180356384.62839025,97095,1974.672965,90588292.7641127,0
2021-05-17 00:00:00+00:00,46426.83,46686.0,45481.64,45551.72,4098.536169,2021-05-17 00:59:59.999000+00:00,188955275.46451116,94285,1960.543965,90381087.90214224,0
2021-05-17 01:00:00+00:00,45551.72,45618.04,44527.22,44870.17,6451.076643,2021-05-17 01:59:59.999000+00:00,290578727.58198065,127959,3095.681378,139434491.32340088,0
2021-05-17 02:00:00+00:00,44870.16,45234.82,44210.01,44465.81,5723.772684,2021-05-17 02:59:59.999000+00:00,255853933.5109026,105486,2866.948978,128108986.88829008,0
2021-05-17 03:00:00+00:00,44462.34,44705.23,42777.0,42915.46,11898.472951,2021-05-17 03:59:59.999000+00:00,518776988.9993008,227043,5557.755638,242548247.38018775,0
2021-05-17 04:00:00+00:00,42915.46,44300.0,42196.97,43582.53,13239.783401,2021-05-17 04:59:59.999000+00:00,570506419.3454187,227928,6015.530733,259572040.9162233,0
2021-05-17 05:00:00+00:00,43582.6,44232.84,42397.28,44150.24,9220.107541,2021-05-17 05:59:59.999000+00:00,397210741.44689536,176298,4406.213944,189898704.82507768,0
2021-05-17 06:00:00+00:00,44193.78,45400.0,43853.75,44323.45,11530.826326,2021-05-17 06:59:59.999000+00:00,515102067.9174431,207627,5462.337524,244107348.9928465,0
2021-05-17 07:00:00+00:00,44323.44,45353.09,44127.63,45149.18,6566.740902,2021-05-17 07:59:59.999000+00:00,293636586.19433206,128431,3315.021269,148233798.2870372,0
2021-05-17 08:00:00+00:00,45143.28,45528.07,44666.79,45320.64,6758.623435,2021-05-17 08:59:59.999000+00:00,305252998.586804,127841,3224.769814,145557995.3275194,0
2021-05-17 09:00:00+00:00,45317.29,45630.34,44900.0,45408.87,4778.778009,2021-05-17 09:59:59.999000+00:00,215813496.76642525,90820,2507.864087,113284338.26243734,0
2021-05-17 10:00:00+00:00,45417.21,45507.33,44429.32,44539.0,5686.042787,2021-05-17 10:59:59.999000+00:00,255700269.48513195,98071,2864.730427,128815425.825255,0
2021-05-17 11:00:00+00:00,44539.0,45800.0,44291.84,45731.39,6628.063279,2021-05-17 11:59:59.999000+00:00,299783585.85950947,116772,3458.356849,156403120.40586185,0
2021-05-17 12:00:00+00:00,45733.55,45791.04,44707.53,44919.14,6324.442361,2021-05-17 12:59:59.999000+00:00,285964102.67103726,107033,3167.526856,143249351.17363697,0
2021-05-17 13:00:00+00:00,44927.6,45227.42,44555.0,45029.01,4360.539258,2021-05-17 13:59:59.999000+00:00,195565400.35003808,86085,2174.750038,97524813.67721504,0
2021-05-17 14:00:00+00:00,45029.01,45128.7,43770.34,44440.98,6218.958669,2021-05-17 14:59:59.999000+00:00,275591773.11520875,119987,2902.767366,128601917.96201472,0
2021-05-17 15:00:00+00:00,44440.98,44646.54,43156.0,43362.75,6234.049027,2021-05-17 15:59:59.999000+00:00,273101584.4049427,132130,3005.152371,131614626.93944561,0
2021-05-17 16:00:00+00:00,43357.0,43814.3,42510.9,42567.28,8815.513326,2021-05-17 16:59:59.999000+00:00,380442842.7143588,168335,4557.635125,196780053.0086659,0
2021-05-17 17:00:00+00:00,42566.1,43208.43,42001.0,42587.21,9215.23866,2021-05-17 17:59:59.999000+00:00,392692743.88532984,180323,4088.260839,174270711.51131767,0
2021-05-17 18:00:00+00:00,42586.21,43733.89,42300.8,43473.22,7355.61408,2021-05-17 18:59:59.999000+00:00,317930324.23191935,139921,3769.49266,162944920.28441972,0
2021-05-17 19:00:00+00:00,43471.48,44400.0,43462.76,44197.73,5496.795973,2021-05-17 19:59:59.999000+00:00,242018960.77877983,107670,2766.001768,121754297.38266268,0
2021-05-17 20:00:00+00:00,44197.73,44939.2,44038.51,44757.64,4113.219255,2021-05-17 20:59:59.999000+00:00,182869069.3238685,93146,1961.983588,87226146.49000926,0
2021-05-17 21:00:00+00:00,44757.63,44814.81,43250.57,43514.55,4150.748617,2021-05-17 21:59:59.999000+00:00,182675946.8293003,115836,2034.289027,89510511.84898809,0
2021-05-17 22:00:00+00:00,43514.55,44518.2,42600.0,42897.07,6424.963323,2021-05-17 22:59:59.999000+00:00,278747733.1110661,133593,3034.437777,131669595.60171188,0
2021-05-17 23:00:00+00:00,42897.09,43841.88,42500.0,43538.04,5366.26606,2021-05-17 23:59:59.999000+00:00,231983959.3593529,104201,2412.09456,104263224.10655476,0
2021-05-18 00:00:00+00:00,43538.02,44631.78,43150.79,44386.26,6210.140676,2021-05-18 00:59:59.999000+00:00,274430073.9918137,116599,3137.107601,138570063.7758085,0
2021-05-18 01:00:00+00:00,44389.58,45281.34,44303.88,45072.49,6566.090316,2021-05-18 01:59:59.999000+00:00,294718581.9107046,109291,3425.513448,153739910.5017357,0
2021-05-18 02:00:00+00:00,45079.58,45260.54,44500.0,45018.55,3747.96364,2021-05-18 02:59:59.999000+00:00,168042412.70566517,83345,1778.375415,79737774.77468446,0
2021-05-18 03:00:00+00:00,45018.17,45051.16,44660.02,44779.83,2728.724821,2021-05-18 03:59:59.999000+00:00,122353911.31329396,60376,1241.777956,55677269.17469632,0
2021-05-18 04:00:00+00:00,44774.78,45555.17,44738.26,45318.97,4607.615743,2021-05-18 04:59:59.999000+00:00,208363426.39321703,99543,2210.752891,99965813.1254966,0
2021-05-18 05:00:00+00:00,45318.98,45509.24,45007.31,45359.99,4003.076024,2021-05-18 05:59:59.999000+00:00,181299164.62414065,78281,1760.195956,79698062.91080044,0
2021-05-18 06:00:00+00:00,45355.82,45799.29,44800.4,44898.06,4784.476798,2021-05-18 06:59:59.999000+00:00,216968005.9305153,97294,2091.281369,94865044.78372537,0
2021-05-18 07:00:00+00:00,44898.05,45244.64,44837.44,45172.7,3823.261984,2021-05-18 07:59:59.999000+00:00,172213477.21678248,74912,1609.479949,72480035.96943922,0
2021-05-18 08:00:00+00:00,45172.69,45420.0,44826.41,44925.19,3610.934559,2021-05-18 08:59:59.999000+00:00,162893077.00707653,94197,1651.652557,74509486.37772794,0
2021-05-18 09:00:00+00:00,44925.19,45133.0,44607.08,44955.35,3542.845052,2021-05-18 09:59:59.999000+00:00,158936710.25790113,99940,1745.359003,78283921.03010859,0
2021-05-18 10:00:00+00:00,44955.35,45480.0,44731.84,45365.87,2907.382956,2021-05-18 10:59:59.999000+00:00,131297325.07197183,78762,1421.353686,64195822.7897146,0
2021-05-18 11:00:00+00:00,45365.87,45662.14,45125.21,45321.02,3041.567041,2021-05-18 11:59:59.999000+00:00,138183579.48526818,72773,1624.41834,73803621.19578178,0
2021-05-18 12:00:00+00:00,45318.76,45341.84,43715.0,43955.47,6203.662829,2021-05-18 12:59:59.999000+00:00,276095596.4147969,132092,3082.279194,137290120.45715305,0
2021-05-18 13:00:00+00:00,43955.46,44098.4,43210.0,43691.22,7040.023149,2021-05-18 13:59:59.999000+00:00,307606212.15951645,130860,3298.329897,144143748.3434368,0
2021-05-18 14:00:00+00:00,43691.39,43692.51,42507.0,43221.4,8896.14858,2021-05-18 14:59:59.999000+00:00,382920221.8836652,180928,4111.975697,176961128.1921509,0
2021-05-18 15:00:00+00:00,43221.4,43806.8,42780.53,42969.47,7433.449024,2021-05-18 15:59:59.999000+00:00,322009953.47336525,166272,3419.513429,148143120.58363315,0
2021-05-18 16:00:00+00:00,42969.46,43700.0,42594.93,43600.21,8038.149971,2021-05-18 16:59:59.999000+00:00,347060015.65657455,179283,4017.657947,173407178.5374482,0
2021-05-18 17:00:00+00:00,43601.19,43825.65,43278.37,43324.59,4445.74057,2021-05-18 17:59:59.999000+00:00,193501724.86242008,120271,1951.832952,84934548.36450486,0
2021-05-18 18:00:00+00:00,43324.59,43361.88,42371.96,42800.01,6072.594467,2021-05-18 18:59:59.999000+00:00,259759114.56628463,122291,2735.962172,117067836.21948832,0
2021-05-18 19:00:00+00:00,42800.01,43621.0,42500.0,43262.71,4702.169326,2021-05-18 19:59:59.999000+00:00,202187536.12031776,106106,2300.145305,98936559.40319714,0
2021-05-18 20:00:00+00:00,43262.7,43522.64,42691.85,43256.56,3754.783948,2021-05-18 20:59:59.999000+00:00,162090244.00614268,91547,1980.056262,85478813.94805978,0
2021-05-18 21:00:00+00:00,43254.06,43500.0,42766.01,42979.69,2614.873206,2021-05-18 21:59:59.999000+00:00,112746833.31896535,86668,1220.884217,52650356.5102671,0
2021-05-18 22:00:00+00:00,42980.52,43250.27,42702.5,42817.85,3020.723749,2021-05-18 22:59:59.999000+00:00,129914174.56315306,76791,1452.212164,62466393.99747461,0
2021-05-18 23:00:00+00:00,42817.86,43181.81,42250.02,42849.78,5183.462355,2021-05-18 23:59:59.999000+00:00,221078909.61434928,102743,2434.883003,103842148.24944648,0
2021-05-19 00:00:00+00:00,42849.78,43584.9,42500.0,42610.25,5053.494032,2021-05-19 00:59:59.999000+00:00,217207672.7382384,110567,2470.010835,106193227.45447436,0
2021-05-19 01:00:00+00:00,42610.25,42699.44,40500.15,40843.52,13344.376932,2021-05-19 01:59:59.999000+00:00,552531128.7307168,244852,5561.780925,230178973.69758883,0
2021-05-19 02:00:00+00:00,40843.53,41299.98,40275.0,40325.01,8604.976409,2021-05-19 02:59:59.999000+00:00,351694034.63933015,150479,4002.869692,163749884.5148708,0
2021-05-19 03:00:00+00:00,40324.57,41049.99,40125.0,40591.15,9124.063103,2021-05-19 03:59:59.999000+00:00,370711746.3185023,153076,4578.076066,186135465.4820704,0
2021-05-19 04:00:00+00:00,40591.99,40846.97,38604.93,39307.66,17716.265974,2021-05-19 04:59:59.999000+00:00,700936623.4932137,306990,7296.942544,288874598.1253252,0
2021-05-19 05:00:00+00:00,39307.66,39941.0,38934.69,39200.01,12574.523934,2021-05-19 05:59:59.999000+00:00,495838977.12417984,235601,5731.883417,226046532.97078964,0
2021-05-19 06:00:00+00:00,39200.0,39878.33,39102.0,39378.54,8295.853109,2021-05-19 06:59:59.999000+00:00,328101147.1555477,160965,3930.530329,155448172.97403714,0
2021-05-19 07:00:00+00:00,39383.29,40575.25,38550.0,40371.44,10481.124532,2021-05-19 07:59:59.999000+00:00,415508158.8423421,195408,5285.263802,209699681.08431947,0
2021-05-19 08:00:00+00:00,40354.98,40888.0,39849.49,40465.04,7231.895896,2021-05-19 08:59:59.999000+00:00,291574018.012077,121786,3685.564036,148657437.11670533,0
2021-05-19 09:00:00+00:00,40462.39,40708.97,40028.62,40324.64,5321.022286,2021-05-19 09:59:59.999000+00:00,214566485.79977393,110054,2708.159861,109215414.67117456,0
2021-05-19 10:00:00+00:00,40324.64,40442.95,38886.01,39432.27,9060.052014,2021-05-19 10:59:59.999000+00:00,357584419.9330501,180493,4442.128008,175322230.77890635,0
2021-05-19 11:00:00+00:00,39432.42,39664.71,36333.0,38700.0,26040.527673,2021-05-19 11:59:59.999000+00:00,996784867.130736,412345,10959.952945,420235395.3742878,0
2021-05-19 12:00:00+00:00,38700.0,39295.51,32488.89,35234.62,30946.526664,2021-05-19 12:59:59.999000+00:00,1123955118.5611074,557640,13437.44501,491212877.0094482,0
2021-05-19 13:00:00+00:00,35234.62,38000.0,30000.0,35863.06,44239.811778,2021-05-19 13:59:59.999000+00:00,1514464825.2185037,799206,19904.321262,683926485.4908676,0
2021-05-19 14:00:00+00:00,35863.06,37598.82,33993.7,37521.32,24199.620197,2021-05-19 14:59:59.999000+00:00,858701434.0227222,432597,12767.386208,453653369.8035596,0
2021-05-19 15:00:00+00:00,37501.89,37990.0,36414.74,37318.52,21654.717827,2021-05-19 15:59:59.999000+00:00,804241871.9072574,389593,11640.977008,432471548.7659792,0
2021-05-19 16:00:00+00:00,37310.14,40118.81,36111.0,39580.68,24998.731071,2021-05-19 16:59:59.999000+00:00,958481252.3190702,374079,12930.309812,495955276.6633237,0
2021-05-19 17:00:00+00:00,39558.79,40442.0,38866.02,39370.61,16280.308953,2021-05-19 17:59:59.999000+00:00,647031928.3778088,265315,8007.267942,318373034.18516874,0
2021-05-19 18:00:00+00:00,39366.87,39616.04,37600.0,37961.02,12160.449338,2021-05-19 18:59:59.999000+00:00,466158744.3584423,220577,5933.631565,227401018.44628257,0
2021-05-19 19:00:00+00:00,37961.01,39499.94,37711.0,39342.93,9791.172571,2021-05-19 19:59:59.999000+00:00,378677273.2743361,190915,4860.587864,187981823.5454299,0
2021-05-19 20:00:00+00:00,39337.45,40200.0,37962.91,38217.41,10297.233515,2021-05-19 20:59:59.999000+00:00,403432674.2132616,193987,5268.064273,206724304.811554,0
2021-05-19 21:00:00+00:00,38222.2,38956.99,37032.96,38771.77,9138.808561,2021-05-19 21:59:59.999000+00:00,347224737.53641754,178854,3945.411314,150211653.68115073,0
2021-05-19 22:00:00+00:00,38777.05,39800.0,38014.01,39090.15,7374.808601,2021-05-19 22:59:59.999000+00:00,288299570.21433985,143479,3614.15387,141380246.8502938,0
2021-05-19 23:00:00+00:00,39070.57,39264.46,36600.01,36690.09,10416.878191,2021-05-19 23:59:59.999000+00:00,393986224.9508225,202204,5308.62872,200983863.02591833,0
2021-05-20 00:00:00+00:00,36671.23,38180.0,34850.0,35817.31,18051.56914,2021-05-20 00:59:59.999000+00:00,656901733.2346549,320662,8627.467326,314129403.3276437,0
2021-05-20 01:00:00+00:00,35825.8,37500.0,35519.99,36973.51,14885.312304,2021-05-20 01:59:59.999000+00:00,545771871.6062162,257881,7158.269443,262403444.47897947,0
2021-05-20 02:00:00+00:00,36971.95,38300.0,36834.83,38051.34,8464.281508,2021-05-20 02:59:59.999000+00:00,320029893.7288315,167335,4329.331099,163738444.35530323,0
2021-05-20 03:00:00+00:00,38051.35,38599.0,37838.2,38341.04,7146.536065,2021-05-20 03:59:59.999000+00:00,272713561.5914262,160660,3627.995349,138445915.18010333,0
2021-05-20 04:00:00+00:00,38340.01,39780.0,38202.11,39425.54,8595.241684,2021-05-20 04:59:59.999000+00:00,338106769.7656115,180647,4556.247336,179198580.14076525,0
2021-05-20 05:00:00+00:00,39425.53,39970.0,39130.0,39938.91,7152.524405,2021-05-20 05:59:59.999000+00:00,283535563.3669157,143776,3708.897013,147042418.4197999,0
2021-05-20 06:00:00+00:00,39936.75,40202.12,39199.99,39684.4,7701.167306,2021-05-20 06:59:59.999000+00:00,305992926.9906649,181420,3956.87986,157285912.41025767,0
2021-05-20 07:00:00+00:00,39681.67,40780.87,39650.0,39959.68,8751.094389,2021-05-20 07:59:59.999000+00:00,352447232.4089082,193346,4363.162418,175747657.4239823,0
2021-05-20 08:00:00+00:00,39959.67,40250.01,39326.01,39826.97,5930.813428,2021-05-20 08:59:59.999000+00:00,235517316.98598415,151409,2884.146038,114518387.401255,0
2021-05-20 09:00:00+00:00,39826.97,40200.0,38700.0,39931.2,7643.569146,2021-05-20 09:59:59.999000+00:00,301816562.13967407,134456,3804.532245,150299358.26695725,0
2021-05-20 10:00:00+00:00,39932.06,40479.79,39493.2,40399.99,8945.290938,2021-05-20 10:59:59.999000+00:00,357527359.48423207,157890,4359.964097,174285135.4572878,0
2021-05-20 11:00:00+00:00,40399.99,40690.56,39701.0,40475.17,7448.043731,2021-05-20 11:59:59.999000+00:00,299574376.48959446,142039,3412.302873,137288077.65485528,0
2021-05-20 12:00:00+00:00,40476.68,41975.0,40086.09,41699.99,12123.205654,2021-05-20 12:59:59.999000+00:00,501811327.1157517,234860,6208.958529,256964949.76578644,0
2021-05-20 13:00:00+00:00,41699.99,42451.67,41351.13,41713.33,10904.793573,2021-05-20 13:59:59.999000+00:00,457114594.2519896,237078,5602.333015,234886350.93325385,0
2021-05-20 14:00:00+00:00,41721.02,42200.0,41223.42,41439.32,8729.815606,2021-05-20 14:59:59.999000+00:00,364029177.3365308,164654,4555.821266,189995776.4187509,0
2021-05-20 15:00:00+00:00,41436.5,41999.0,40891.91,41432.88,6269.398347,2021-05-20 15:59:59.999000+00:00,260651927.76881716,143803,3012.935638,125299012.09315914,0
2021-05-20 16:00:00+00:00,41432.88,41450.0,38110.0,39311.8,19028.564893,2021-05-20 16:59:59.999000+00:00,752470655.1730968,335066,8639.945354,341725458.987064,0
2021-05-20 17:00:00+00:00,39311.8,40249.0,38720.0,39785.36,7636.994685,2021-05-20 17:59:59.999000+00:00,301348964.2435814,166401,3698.905426,146036315.04330987,0
2021-05-20 18:00:00+00:00,39784.97,40018.62,39220.0,39811.84,4978.062138,2021-05-20 18:59:59.999000+00:00,197426013.9106789,109243,2394.514889,95005023.96931233,0
2021-05-20 19:00:00+00:00,39808.32,40448.23,39532.82,40116.04,4563.597908,2021-05-20 19:59:59.999000+00:00,182616032.4007209,127914,2273.645572,91007725.06508282,0
2021-05-20 20:00:00+00:00,40116.04,40635.0,39638.27,39992.87,4115.183527,2021-05-20 20:59:59.999000+00:00,165472490.41426817,140772,1965.28458,79008830.32478702,0
2021-05-20 21:00:00+00:00,39992.88,40829.61,39698.43,40688.48,2713.915902,2021-05-20 21:59:59.999000+00:00,109676750.64392105,108789,1336.544158,54014253.61779358,0
2021-05-20 22:00:00+00:00,40686.18,41900.0,39383.52,41451.73,6423.191365,2021-05-20 22:59:59.999000+00:00,260438184.15281367,154027,3542.51624,143515205.1237597,0
2021-05-20 23:00:00+00:00,41452.56,41727.27,40247.48,40526.64,4815.429281,2021-05-20 23:59:59.999000+00:00,196905781.97133577,155770,2146.526649,87804277.37324439,0
2021-05-21 00:00:00+00:00,40525.39,42200.0,40470.23,41725.59,6509.397921,2021-05-21 00:59:59.999000+00:00,269291869.3241685,171215,3436.123656,142228123.54099703,0
2021-05-21 01:00:00+00:00,41725.59,41821.63,41248.12,41429.68,3435.134195,2021-05-21 01:59:59.999000+00:00,142890174.45818186,109538,1526.105207,63477988.85636945,0
2021-05-21 02:00:00+00:00,41427.61,41623.86,41039.38,41248.33,3209.984459,2021-05-21 02:59:59.999000+00:00,132515885.01593623,74191,1460.717037,60299515.06883954,0
2021-05-21 03:00:00+00:00,41247.42,41266.07,40408.84,40666.91,3734.225381,2021-05-21 03:59:59.999000+00:00,152410310.28183433,116516,1747.939762,71356955.57926735,0
2021-05-21 04:00:00+00:00,40662.0,40715.11,39672.01,39943.65,5317.76468,2021-05-21 04:59:59.999000+00:00,213574191.28654656,123302,2526.045859,101438703.55837476,0
2021-05-21 05:00:00+00:00,39943.66,40296.68,39587.06,39846.48,3714.020245,2021-05-21 05:59:59.999000+00:00,148378008.07748383,86048,1681.253103,67169902.38750637,0
2021-05-21 06:00:00+00:00,39846.48,40800.0,39222.0,40564.85,5987.785551,2021-05-21 06:59:59.999000+00:00,238116764.81954956,117178,2851.92677,113378229.93722908,0
2021-05-21 07:00:00+00:00,40566.03,40650.0,39482.5,39842.57,4149.502118,2021-05-21 07:59:59.999000+00:00,165296139.0628377,100484,1782.640413,71019067.74006735,0
2021-05-21 08:00:00+00:00,39842.58,40363.27,39277.0,40024.22,6230.216204,2021-05-21 08:59:59.999000+00:00,248235070.85021093,126900,2714.364198,108199674.2778494,0
2021-05-21 09:00:00+00:00,40021.32,41194.18,40019.76,40876.67,5865.003849,2021-05-21 09:59:59.999000+00:00,238171441.9624833,124586,2660.701875,108056090.3492856,0
2021-05-21 10:00:00+00:00,40876.68,41199.99,40575.64,40738.21,4982.973,2021-05-21 10:59:59.999000+00:00,203737395.66679567,97165,2193.586198,89722523.92987604,0
2021-05-21 11:00:00+00:00,40738.21,41230.67,40237.42,41124.29,4499.837691,2021-05-21 11:59:59.999000+00:00,182600891.13651,91213,2335.085849,94779351.06929034,0
2021-05-21 12:00:00+00:00,41124.3,41577.0,40470.07,40508.0,5801.891791,2021-05-21 12:59:59.999000+00:00,237974697.11125544,116417,2786.793069,114393925.48734704,0
2021-05-21 13:00:00+00:00,40508.01,41299.86,40269.0,41112.03,3608.924532,2021-05-21 13:59:59.999000+00:00,147670655.45389143,82703,1764.494658,72186885.47608982,0
2021-05-21 14:00:00+00:00,41112.03,41789.4,36600.0,37837.27,32595.276331,2021-05-21 14:59:59.999000+00:00,1250882884.0409548,571162,14643.381179,562909213.5830487,0
2021-05-21 15:00:00+00:00,37835.04,38300.0,36444.44,36794.57,18927.498405,2021-05-21 15:59:59.999000+00:00,709607192.7499933,314370,9136.86557,342657233.1318988,0
2021-05-21 16:00:00+00:00,36803.28,37825.75,36100.0,37033.57,14854.153551,2021-05-21 16:59:59.999000+00:00,550012202.5002384,280713,6966.004322,258005054.4021699,0
2021-05-21 17:00:00+00:00,37031.7,37384.49,36619.34,37341.74,8400.56227,2021-05-21 17:59:59.999000+00:00,311034909.08145094,140909,4173.115075,154576599.25723836,0
2021-05-21 18:00:00+00:00,37341.8,37391.15,36346.8,37159.65,6770.644808,2021-05-21 18:59:59.999000+00:00,249743884.66068527,122464,3237.426853,119377388.46442494,0
2021-05-21 19:00:00+00:00,37159.65,37169.87,35501.01,36062.12,11153.109966,2021-05-21 19:59:59.999000+00:00,402964563.9507788,190869,4887.535964,176647982.6893847,0
2021-05-21 20:00:00+00:00,36062.13,36332.82,35150.0,35195.24,9165.465787,2021-05-21 20:59:59.999000+00:00,327179350.758568,193835,4311.47126,153943639.06424448,0
2021-05-21 21:00:00+00:00,35212.52,36691.0,33488.0,36588.77,18870.033763,2021-05-21 21:59:59.999000+00:00,664727325.9717301,342655,8298.572817,292883952.79641455,0
2021-05-21 22:00:00+00:00,36592.48,37337.41,36000.0,36663.99,8385.285503,2021-05-21 22:59:59.999000+00:00,306559033.17728466,174202,3919.877536,143334642.89699623,0
2021-05-21 23:00:00+00:00,36664.0,37447.0,36300.0,37252.01,5932.196257,2021-05-21 23:59:59.999000+00:00,219771768.8747592,124701,2960.403179,109706743.24344043,0
2021-05-22 00:00:00+00:00,37263.35,37741.92,36877.0,37654.31,5150.910109,2021-05-22 00:59:59.999000+00:00,192036871.88907048,128610,2596.241013,96826548.89779568,0
2021-05-22 01:00:00+00:00,37652.42,37987.63,37200.0,37620.76,4908.65525,2021-05-22 01:59:59.999000+00:00,184903880.5002592,83910,2491.838071,93889131.39124168,0
2021-05-22 02:00:00+00:00,37620.75,38100.0,37139.91,37382.96,5044.531754,2021-05-22 02:59:59.999000+00:00,189873491.727679,93208,2483.731421,93491975.4809808,0
2021-05-22 03:00:00+00:00,37382.97,37716.14,36517.03,36951.85,8142.79395,2021-05-22 03:59:59.999000+00:00,301066254.5583277,132011,4393.889492,162447536.13757747,0
2021-05-22 04:00:00+00:00,36947.31,37219.45,35875.11,36304.18,7326.519005,2021-05-22 04:59:59.999000+00:00,267565326.74827376,135099,3430.077316,125235500.42252389,0
2021-05-22 05:00:00+00:00,36304.19,36713.09,35200.62,36376.25,7511.587748,2021-05-22 05:59:59.999000+00:00,269966548.0219486,160741,3739.61814,134431712.80320048,0
2021-05-22 06:00:00+00:00,36376.26,36510.23,35500.0,36412.47,5196.141282,2021-05-22 06:59:59.999000+00:00,187152487.99817148,113491,2637.562406,94990258.04724216,0
2021-05-22 07:00:00+00:00,36412.47,36496.13,35596.1,36269.28,5621.43452,2021-05-22 07:59:59.999000+00:00,202860113.94469735,107903,2989.910169,107923662.55977201,0
2021-05-22 08:00:00+00:00,36266.36,37120.19,36258.96,36805.61,5836.598437,2021-05-22 08:59:59.999000+00:00,214263890.68708783,111523,2711.449586,99550553.2884209,0
2021-05-22 09:00:00+00:00,36805.61,37452.61,36490.97,37173.8,4695.674568,2021-05-22 09:59:59.999000+00:00,173903668.21922275,113201,2235.153123,82790693.48023286,0
2021-05-22 10:00:00+00:00,37174.99,38827.52,36835.0,38337.98,9274.763667,2021-05-22 10:59:59.999000+00:00,350992503.79446965,177330,5221.751863,197734295.75490212,0
2021-05-22 11:00:00+00:00,38337.98,38500.0,37555.0,38157.76,4802.465858,2021-05-22 11:59:59.999000+00:00,183042239.98897624,104305,2267.171786,86447409.955407,0
2021-05-22 12:00:00+00:00,38157.75,38729.19,37725.74,38151.81,5202.741208,2021-05-22 12:59:59.999000+00:00,199329515.81052223,145622,2463.702792,94402081.84359889,0
2021-05-22 13:00:00+00:00,38151.8,38829.0,37965.36,38310.57,5022.742016,2021-05-22 13:59:59.999000+00:00,193106737.98585457,100156,2504.682359,96322536.96285708,0
2021-05-22 14:00:00+00:00,38310.57,38538.18,37383.59,37808.48,6099.168286,2021-05-22 14:59:59.999000+00:00,231202840.06956124,136342,2918.527482,110640840.71621557,0
2021-05-22 15:00:00+00:00,37808.49,38721.75,37000.0,38162.4,6724.446517,2021-05-22 15:59:59.999000+00:00,254162630.1141601,148655,3460.891374,130820803.15022051,0
2021-05-22 16:00:00+00:00,38161.92,38491.52,37563.49,38147.74,5000.276738,2021-05-22 16:59:59.999000+00:00,190456728.05525887,109554,2347.603709,89442633.46002308,0
2021-05-22 17:00:00+00:00,38154.08,38600.0,37788.88,37968.1,4104.216574,2021-05-22 17:59:59.999000+00:00,156613161.64122143,127174,2077.171918,79295609.64591633,0
2021-05-22 18:00:00+00:00,37972.55,38121.04,37300.0,37646.26,4313.064888,2021-05-22 18:59:59.999000+00:00,162528624.60648456,88381,2085.947435,78608253.40928593,0
2021-05-22 19:00:00+00:00,37647.3,37988.0,37158.14,37286.65,3492.457171,2021-05-22 19:59:59.999000+00:00,131459106.87372711,83043,1625.684489,61186181.85412239,0
2021-05-22 20:00:00+00:00,37286.65,38196.54,37268.76,38022.81,3080.640915,2021-05-22 20:59:59.999000+00:00,116526033.35540752,77233,1514.95707,57293489.84304486,0
2021-05-22 21:00:00+00:00,38022.81,38362.33,37826.07,38153.77,3136.553646,2021-05-22 21:59:59.999000+00:00,119303179.5603644,72510,1776.796039,67580457.1578971,0
2021-05-22 22:00:00+00:00,38153.91,38400.0,37338.18,37622.38,4123.746503,2021-05-22 22:59:59.999000+00:00,155459148.26811707,95548,1987.476223,74953564.17098245,0
2021-05-22 23:00:00+00:00,37621.62,37850.0,37377.5,37449.73,2730.113079,2021-05-22 23:59:59.999000+00:00,102792663.25553785,71141,1348.616736,50775770.09659671,0
2021-05-23 00:00:00+00:00,37458.51,38270.64,36668.99,38191.0,6779.163363,2021-05-23 00:59:59.999000+00:00,253656844.4679511,130421,3438.054392,128710417.8339234,0
2021-05-23 01:00:00+00:00,38191.34,38222.96,37871.84,37907.92,2539.143696,2021-05-23 01:59:59.999000+00:00,96668700.48201376,55997,1250.903944,47623607.42353613,0
2021-05-23 02:00:00+00:00,37907.91,38018.93,37370.01,37470.16,2901.293075,2021-05-23 02:59:59.999000+00:00,109207716.80905876,58637,1321.577066,49746969.03107187,0
2021-05-23 03:00:00+00:00,37470.54,37663.64,37234.4,37421.59,2634.762619,2021-05-23 03:59:59.999000+00:00,98694700.7292846,54066,1209.64712,45307119.53463349,0
2021-05-23 04:00:00+00:00,37421.59,37421.59,37050.66,37198.73,2786.744936,2021-05-23 04:59:59.999000+00:00,103763416.56823656,59020,1353.74256,50399273.8906234,0
2021-05-23 05:00:00+00:00,37198.73,37198.73,36572.41,36883.04,4425.936947,2021-05-23 05:59:59.999000+00:00,163235104.1760145,105859,2056.835681,75875221.39239164,0
2021-05-23 06:00:00+00:00,36879.99,37323.23,36318.0,36650.38,5365.172619,2021-05-23 06:59:59.999000+00:00,196634070.85616952,131058,2670.420308,97882401.539572,0
2021-05-23 07:00:00+00:00,36650.37,36860.74,35530.0,35927.69,7315.492727,2021-05-23 07:59:59.999000+00:00,264390431.60376793,174565,3497.609547,126456405.12389992,0
2021-05-23 08:00:00+00:00,35927.7,35930.89,33800.59,34376.0,18304.80377,2021-05-23 08:59:59.999000+00:00,639511583.0451968,295754,8671.177514,303177022.2721816,0
2021-05-23 09:00:00+00:00,34376.0,35300.0,33925.18,34202.58,13905.215271,2021-05-23 09:59:59.999000+00:00,480445609.02646095,248349,6930.347913,239521765.8038579,0
2021-05-23 10:00:00+00:00,34207.02,35822.21,34118.72,35004.81,9389.783513,2021-05-23 10:59:59.999000+00:00,329386894.277726,179166,4687.146563,164410728.54140583,0
2021-05-23 11:00:00+00:00,35004.82,35800.0,34600.0,35389.1,6744.387033,2021-05-23 11:59:59.999000+00:00,238169414.13768688,129096,3263.463404,115246148.39407665,0
2021-05-23 12:00:00+00:00,35386.8,35800.0,33118.93,33944.77,17222.705813,2021-05-23 12:59:59.999000+00:00,592868589.1329033,297192,7952.349708,273951239.30506104,0
2021-05-23 13:00:00+00:00,33944.76,34169.76,32600.0,33642.07,17683.020616,2021-05-23 13:59:59.999000+00:00,589502627.6223003,333703,8450.0448,281884887.27522,0
2021-05-23 14:00:00+00:00,33647.25,34583.39,33000.0,33891.91,11148.123724,2021-05-23 14:59:59.999000+00:00,376212234.8426754,184924,5433.658454,183493675.2250168,0
2021-05-23 15:00:00+00:00,33891.91,34015.9,33000.0,33318.09,7766.488666,2021-05-23 15:59:59.999000+00:00,259993343.81018588,149930,4124.050119,138029761.55388033,0
2021-05-23 16:00:00+00:00,33316.42,33700.0,31111.01,32237.0,27065.214835,2021-05-23 16:59:59.999000+00:00,867393397.1703459,410222,12044.382794,386379413.7813673,0
2021-05-23 17:00:00+00:00,32237.0,33900.0,32110.39,32715.82,14018.137428,2021-05-23 17:59:59.999000+00:00,463648115.5241286,223803,7152.433888,236466006.3475396,0
2021-05-23 18:00:00+00:00,32716.0,33469.14,31777.89,32529.81,10787.142597,2021-05-23 18:59:59.999000+00:00,350535883.37156695,170456,5146.486866,167487343.40986463,0
2021-05-23 19:00:00+00:00,32539.08,33449.0,32203.87,33051.73,7063.170002,2021-05-23 19:59:59.999000+00:00,232111471.959262,129778,3625.354471,119208762.31716844,0
2021-05-23 20:00:00+00:00,33047.33,33973.98,33045.31,33630.03,6601.071702,2021-05-23 20:59:59.999000+00:00,221720641.68763328,145346,3090.057637,103775943.94918212,0
2021-05-23 21:00:00+00:00,33627.39,34480.0,33591.8,34007.56,5442.833543,2021-05-23 21:59:59.999000+00:00,185237221.06156623,145965,2699.325254,91885934.3902076,0
2021-05-23 22:00:00+00:00,34007.57,34888.0,33555.0,33832.77,4830.916672,2021-05-23 22:59:59.999000+00:00,165634678.45337522,151089,2448.050635,83964231.26463304,0
2021-05-23 23:00:00+00:00,33825.84,35000.0,33823.23,34655.25,4415.321426,2021-05-23 23:59:59.999000+00:00,152619772.38833168,117608,2120.538771,73375040.14606698,0
2021-05-24 00:00:00+00:00,34681.44,35726.34,34664.77,35191.4,7270.153693,2021-05-24 00:59:59.999000+00:00,256829069.57559276,147618,3714.554483,131201889.29649995,0
2021-05-24 01:00:00+00:00,35191.39,35554.0,34675.01,35089.33,5123.562399,2021-05-24 01:59:59.999000+00:00,179937146.67970327,120224,2374.530568,83399884.21988603,0
2021-05-24 02:00:00+00:00,35089.33,35456.61,34800.0,35267.68,5121.827207,2021-05-24 02:59:59.999000+00:00,179974540.8037654,94748,2427.659918,85332878.8496717,0
2021-05-24 03:00:00+00:00,35271.21,35889.0,35114.01,35251.37,4913.189924,2021-05-24 03:59:59.999000+00:00,174595877.9884474,124878,2438.187998,86661625.22645432,0
2021-05-24 04:00:00+00:00,35250.56,35423.36,34031.0,34881.09,5630.17807,2021-05-24 04:59:59.999000+00:00,196193251.3810071,133400,2645.395951,92200444.83204181,0
2021-05-24 05:00:00+00:00,34886.16,35489.88,34687.99,35292.6,3905.438519,2021-05-24 05:59:59.999000+00:00,137212256.89090273,88658,1968.671941,69183335.14620188,0
2021-05-24 06:00:00+00:00,35292.59,36222.0,35010.7,36089.71,5731.491273,2021-05-24 06:59:59.999000+00:00,203650917.25660005,123854,2908.23377,103382829.6272065,0
2021-05-24 07:00:00+00:00,36089.7,36887.0,35908.02,36645.79,10323.254135,2021-05-24 07:59:59.999000+00:00,376728347.0239492,181001,4957.215733,180929073.0745355,0
2021-05-24 08:00:00+00:00,36645.79,36850.0,36100.0,36619.99,7658.403479,2021-05-24 08:59:59.999000+00:00,279700863.68559027,157651,3680.147507,134425072.25012848,0
2021-05-24 09:00:00+00:00,36620.0,36620.0,36175.84,36202.0,5093.152736,2021-05-24 09:59:59.999000+00:00,185294286.6189285,101108,2349.021472,85467465.54835351,0
2021-05-24 10:00:00+00:00,36204.12,36684.99,35877.52,36399.18,7734.469164,2021-05-24 10:59:59.999000+00:00,280432789.6652888,160606,3862.642628,140134024.0337822,0
2021-05-24 11:00:00+00:00,36399.18,37922.18,36387.92,37600.01,11649.09829,2021-05-24 11:59:59.999000+00:00,435104768.7110279,193610,5633.563912,210197860.62308165,0
2021-05-24 12:00:00+00:00,37600.01,38637.7,37371.03,38211.21,10478.877027,2021-05-24 12:59:59.999000+00:00,399327461.5190047,209934,5652.044388,215415574.54036972,0
2021-05-24 13:00:00+00:00,38211.21,38413.0,37377.0,37571.6,9474.330251,2021-05-24 13:59:59.999000+00:00,358809919.5257248,180302,5038.759905,190825850.0607,0
2021-05-24 14:00:00+00:00,37578.59,38069.01,37320.39,37680.98,6360.547637,2021-05-24 14:59:59.999000+00:00,239457597.7331721,129564,3297.52026,124169069.50162238,0
2021-05-24 15:00:00+00:00,37672.27,38200.0,37266.58,37539.63,6329.908299,2021-05-24 15:59:59.999000+00:00,238789246.21580523,150082,3284.565032,123918650.42468056,0
2021-05-24 16:00:00+00:00,37539.64,37975.0,36818.55,37357.22,8111.457178,2021-05-24 16:59:59.999000+00:00,302480511.0777172,199962,4283.35241,159733048.47875527,0
2021-05-24 17:00:00+00:00,37357.22,37879.0,37186.5,37669.77,4572.75249,2021-05-24 17:59:59.999000+00:00,171593901.92065397,99231,2083.094685,78190933.34276353,0
2021-05-24 18:00:00+00:00,37667.88,38350.0,37397.56,37911.79,5257.493025,2021-05-24 18:59:59.999000+00:00,199153943.9162472,123705,2464.661075,93399694.80157135,0
2021-05-24 19:00:00+00:00,37911.73,39787.96,37729.7,39606.1,10517.792354,2021-05-24 19:59:59.999000+00:00,408708639.12798274,233943,5935.210454,230672962.40982687,0
2021-05-24 20:00:00+00:00,39606.11,39920.0,38717.0,38951.0,9066.996133,2021-05-24 20:59:59.999000+00:00,355912949.12699467,199689,5080.668071,199391785.69586888,0
2021-05-24 21:00:00+00:00,38951.0,39300.31,38308.52,38449.79,4563.536167,2021-05-24 21:59:59.999000+00:00,177481486.7181224,132201,2240.468368,87162468.41879897,0
2021-05-24 22:00:00+00:00,38467.42,38870.0,37955.42,38429.4,3758.641858,2021-05-24 22:59:59.999000+00:00,144361546.0640573,117706,1794.707425,68954699.1768733,0
2021-05-24 23:00:00+00:00,38433.06,38984.15,38218.39,38796.29,2984.342663,2021-05-24 23:59:59.999000+00:00,115041712.9250594,106903,1469.94736,56680978.93920627,0
2021-05-25 00:00:00+00:00,38810.99,39791.77,38502.73,39387.52,7313.987303,2021-05-25 00:59:59.999000+00:00,287015032.03236735,181251,3668.867375,143974280.6142268,0
2021-05-25 01:00:00+00:00,39387.51,39550.0,38650.0,38808.3,5031.44182,2021-05-25 01:59:59.999000+00:00,196553070.56330547,127311,2444.394756,95497619.04210716,0
2021-05-25 02:00:00+00:00,38806.36,38925.32,38018.0,38083.69,4217.743251,2021-05-25 02:59:59.999000+00:00,162003769.02925336,111742,2005.37071,77033991.60392667,0
2021-05-25 03:00:00+00:00,38083.69,38415.0,37800.5,38304.51,5131.630501,2021-05-25 03:59:59.999000+00:00,195647441.64197248,148274,2518.591736,96027896.8047404,0
2021-05-25 04:00:00+00:00,38306.43,38718.0,37608.0,38368.11,4954.604433,2021-05-25 04:59:59.999000+00:00,189032893.73311812,98210,2489.846306,95043366.9693358,0
2021-05-25 05:00:00+00:00,38366.1,38444.05,37863.63,38356.5,3459.892233,2021-05-25 05:59:59.999000+00:00,132080759.98844849,71744,1680.104491,64147411.9101973,0
2021-05-25 06:00:00+00:00,38354.92,39200.0,38113.97,38874.3,4412.334474,2021-05-25 06:59:59.999000+00:00,170449875.37513652,96775,2179.396911,84225425.1447574,0
2021-05-25 07:00:00+00:00,38878.04,39181.07,38568.87,38985.06,3504.768936,2021-05-25 07:59:59.999000+00:00,136260670.2249794,79043,1731.147929,67305268.42319496,0
2021-05-25 08:00:00+00:00,38993.91,39110.0,38026.54,38138.06,4463.414439,2021-05-25 08:59:59.999000+00:00,171653476.5266096,96309,2133.127086,82036934.50229175,0
2021-05-25 09:00:00+00:00,38138.07,38259.91,37751.15,37932.87,4202.63086,2021-05-25 09:59:59.999000+00:00,159713714.3307722,84199,2071.742887,78730877.2726673,0
2021-05-25 10:00:00+00:00,37932.86,37937.15,36660.0,37103.24,8823.054266,2021-05-25 10:59:59.999000+00:00,328174302.12849075,185355,4293.798731,159768492.0070736,0
2021-05-25 11:00:00+00:00,37103.25,37461.49,36486.0,36537.16,5917.202216,2021-05-25 11:59:59.999000+00:00,218781549.1645808,119982,2710.520968,100245351.47820386,0
2021-05-25 12:00:00+00:00,36537.17,37220.0,36419.62,37119.86,5401.605163,2021-05-25 12:59:59.999000+00:00,199205471.87476936,104513,2674.113996,98621983.98266327,0
2021-05-25 13:00:00+00:00,37119.86,37978.23,36915.0,37462.33,7069.263119,2021-05-25 13:59:59.999000+00:00,264811068.22701955,132048,3310.356729,124036985.02780296,0
2021-05-25 14:00:00+00:00,37462.33,38141.62,37349.99,37634.62,5998.308158,2021-05-25 14:59:59.999000+00:00,226865980.6959276,117263,2943.163058,111319746.75233003,0
2021-05-25 15:00:00+00:00,37634.62,38481.18,37000.0,38277.57,8671.076134,2021-05-25 15:59:59.999000+00:00,327818021.6764632,152855,4018.326411,152015397.85190508,0
2021-05-25 16:00:00+00:00,38277.55,38299.88,37651.51,37796.69,3780.782607,2021-05-25 16:59:59.999000+00:00,143345228.7136138,85197,1695.640638,64293183.04797213,0
2021-05-25 17:00:00+00:00,37798.56,38055.0,37500.0,37951.98,2689.649061,2021-05-25 17:59:59.999000+00:00,101641094.28691338,68027,1331.535992,50329159.61360217,0
2021-05-25 18:00:00+00:00,37951.99,38288.0,37756.26,37884.91,2717.459642,2021-05-25 18:59:59.999000+00:00,103220157.7731535,68388,1277.975144,48553334.9386184,0
2021-05-25 19:00:00+00:00,37884.9,37984.64,37011.0,37292.69,3464.765379,2021-05-25 19:59:59.999000+00:00,130174586.45851642,88741,1550.717759,58278406.1176489,0
2021-05-25 20:00:00+00:00,37292.69,37794.72,37250.01,37598.77,2513.621469,2021-05-25 20:59:59.999000+00:00,94457166.0235493,62137,1277.212599,47989382.42887606,0
2021-05-25 21:00:00+00:00,37603.8,38110.0,37420.4,37937.79,2369.798232,2021-05-25 21:59:59.999000+00:00,89409482.74334773,69367,1315.688446,49648788.45824245,0
2021-05-25 22:00:00+00:00,37937.81,38753.98,37906.77,38405.0,3692.719609,2021-05-25 22:59:59.999000+00:00,141277250.16567504,98646,1844.563626,70575023.1532592,0
2021-05-25 23:00:00+00:00,38402.99,38467.22,37946.55,38324.72,2194.475099,2021-05-25 23:59:59.999000+00:00,83927516.00074537,60933,987.33253,37765302.80526733,0
2021-05-26 00:00:00+00:00,38324.72,38600.0,37800.44,38099.53,3715.166099,2021-05-26 00:59:59.999000+00:00,141746509.39033896,86460,1698.204727,64777542.4643102,0
2021-05-26 01:00:00+00:00,38099.52,38888.0,38074.72,38658.22,3359.477087,2021-05-26 01:59:59.999000+00:00,129409884.6310887,91760,1691.423386,65152542.3379146,0
2021-05-26 02:00:00+00:00,38660.17,39573.25,38641.54,39212.14,6381.349602,2021-05-26 02:59:59.999000+00:00,249964412.1503587,149258,2976.695053,116622607.77211092,0
2021-05-26 03:00:00+00:00,39212.14,39693.66,39094.11,39503.98,3425.442502,2021-05-26 03:59:59.999000+00:00,134768133.84275013,82685,1685.186932,66322783.20803234,0
2021-05-26 04:00:00+00:00,39503.98,39606.67,39000.0,39387.86,3107.351158,2021-05-26 04:59:59.999000+00:00,121947164.68830226,73641,1455.885201,57147042.61748052,0
2021-05-26 05:00:00+00:00,39387.86,39524.75,39152.0,39229.28,3115.325611,2021-05-26 05:59:59.999000+00:00,122546660.66543128,81350,1514.501113,59573048.75719713,0
2021-05-26 06:00:00+00:00,39229.28,40755.0,39157.48,40549.99,8224.625409,2021-05-26 06:59:59.999000+00:00,330800678.77384126,181928,4412.272327,177422495.70182204,0
2021-05-26 07:00:00+00:00,40549.99,40604.49,40261.07,40445.79,3829.989932,2021-05-26 07:59:59.999000+00:00,154758323.1590602,90019,1884.40539,76146313.23164704,0
2021-05-26 08:00:00+00:00,40445.79,40841.0,39737.75,40148.49,6455.834267,2021-05-26 08:59:59.999000+00:00,259202807.12993744,151943,3158.09428,126835603.79790208,0
2021-05-26 09:00:00+00:00,40152.12,40428.9,40066.0,40150.0,2700.857814,2021-05-26 09:59:59.999000+00:00,108695403.6117979,66205,1373.517614,55279485.62691398,0
2021-05-26 10:00:00+00:00,40150.0,40330.0,39526.0,39681.38,5136.733159,2021-05-26 10:59:59.999000+00:00,204294319.27753612,103087,2380.772508,94673326.1491922,0
2021-05-26 11:00:00+00:00,39681.38,39899.48,39379.79,39850.65,3143.223425,2021-05-26 11:59:59.999000+00:00,124627911.58475612,69842,1438.078785,57029316.38417687,0
2021-05-26 12:00:00+00:00,39850.66,40289.75,39750.01,40119.99,4310.665267,2021-05-26 12:59:59.999000+00:00,172753936.0394317,87887,2109.884731,84560640.5621766,0
2021-05-26 13:00:00+00:00,40120.0,40123.31,38790.23,38831.98,7319.982727,2021-05-26 13:59:59.999000+00:00,287655917.04342574,183059,3641.364001,143105599.9075787,0
2021-05-26 14:00:00+00:00,38831.98,39339.52,38777.77,39129.22,5318.546814,2021-05-26 14:59:59.999000+00:00,207684105.3332024,151855,2769.579919,108178384.31836843,0
2021-05-26 15:00:00+00:00,39128.16,39227.42,38440.0,38758.61,6130.04002,2021-05-26 15:59:59.999000+00:00,237471856.70250043,115004,2930.566832,113547971.45139442,0
2021-05-26 16:00:00+00:00,38758.62,39350.0,38505.0,38552.43,4632.32452,2021-05-26 16:59:59.999000+00:00,180248435.52966464,109844,2222.285188,86499493.01922086,0
2021-05-26 17:00:00+00:00,38552.42,39122.3,38008.0,38965.66,5044.160871,2021-05-26 17:59:59.999000+00:00,193815887.74084127,103655,2375.306281,91314234.77813078,0
2021-05-26 18:00:00+00:00,38975.74,38975.74,38335.0,38626.63,3373.527321,2021-05-26 18:59:59.999000+00:00,130465974.42074127,76905,1571.439624,60779460.27728733,0
2021-05-26 19:00:00+00:00,38626.64,38628.19,37900.03,38485.1,4778.257062,2021-05-26 19:59:59.999000+00:00,182699869.01114407,97742,1916.231212,73273350.44882748,0
2021-05-26 20:00:00+00:00,38476.74,38823.27,38280.19,38719.48,3025.501809,2021-05-26 20:59:59.999000+00:00,116812909.87231544,70783,1414.048909,54605990.96582105,0
2021-05-26 21:00:00+00:00,38720.54,39231.9,38518.09,39030.74,3021.814646,2021-05-26 21:59:59.999000+00:00,117298476.82983428,77300,1372.377136,53292012.91670813,0
2021-05-26 22:00:00+00:00,39030.74,39128.18,38742.5,38957.84,2467.278452,2021-05-26 22:59:59.999000+00:00,96061722.92606533,60890,1099.868842,42819154.71797648,0
2021-05-26 23:00:00+00:00,38957.83,39450.69,38639.74,39241.91,2763.297822,2021-05-26 23:59:59.999000+00:00,107986204.90918916,69217,1393.087003,54464940.14773458,0
2021-05-27 00:00:00+00:00,39241.92,39243.1,38356.09,38615.78,3410.586002,2021-05-27 00:59:59.999000+00:00,132298911.18142252,86653,1606.31578,62310986.69904876,0
2021-05-27 01:00:00+00:00,38613.36,38714.27,37502.0,37625.31,4904.25457,2021-05-27 01:59:59.999000+00:00,186680198.3876333,118702,2238.687929,85267672.61480021,0
2021-05-27 02:00:00+00:00,37624.6,37995.19,37500.0,37814.93,3627.115021,2021-05-27 02:59:59.999000+00:00,136921782.17884675,84491,1752.310517,66178786.02326887,0
2021-05-27 03:00:00+00:00,37813.77,37814.94,37134.27,37621.56,4041.338199,2021-05-27 03:59:59.999000+00:00,151273829.25404575,92830,2038.170283,76294875.32875222,0
2021-05-27 04:00:00+00:00,37623.64,37789.85,37204.76,37733.34,2667.827494,2021-05-27 04:59:59.999000+00:00,100127744.05508304,69356,1334.55411,50096507.86399084,0
2021-05-27 05:00:00+00:00,37733.34,38177.12,37452.31,38136.54,3428.818387,2021-05-27 05:59:59.999000+00:00,129561520.5443606,68836,1744.913978,65991063.36556733,0
2021-05-27 06:00:00+00:00,38138.75,38300.0,37881.08,38246.67,2863.747324,2021-05-27 06:59:59.999000+00:00,109052628.95369832,53874,1455.103358,55424258.46559593,0
2021-05-27 07:00:00+00:00,38246.67,38407.42,38033.7,38275.47,2357.767813,2021-05-27 07:59:59.999000+00:00,90158790.60735545,52177,1078.843694,41255622.07125448,0
2021-05-27 08:00:00+00:00,38275.47,39173.62,37826.08,38824.34,4419.798594,2021-05-27 08:59:59.999000+00:00,170723409.5795974,96029,2310.248099,89286094.60181873,0
2021-05-27 09:00:00+00:00,38821.08,39495.69,38800.0,39277.44,3658.812289,2021-05-27 09:59:59.999000+00:00,143116390.28612587,80640,1805.229096,70618421.22746152,0
2021-05-27 10:00:00+00:00,39277.44,39608.72,39065.19,39212.5,3963.522527,2021-05-27 10:59:59.999000+00:00,155805336.3364978,78746,1903.265435,74832018.56161772,0
2021-05-27 11:00:00+00:00,39210.48,39888.02,39203.49,39690.01,4170.246366,2021-05-27 11:59:59.999000+00:00,165054384.25766507,87470,2023.304512,80076583.05774231,0
2021-05-27 12:00:00+00:00,39690.0,39945.0,39256.59,39316.81,4420.560001,2021-05-27 12:59:59.999000+00:00,175126213.5298899,126263,2120.998143,84035158.06690574,0
2021-05-27 13:00:00+00:00,39316.81,40411.14,39310.02,39864.02,6214.326668,2021-05-27 13:59:59.999000+00:00,248529842.115752,141575,3301.425604,132027764.67605768,0
2021-05-27 14:00:00+00:00,39864.01,40355.57,39800.0,40024.8,3380.56096,2021-05-27 14:59:59.999000+00:00,135613376.1466897,97823,1632.770517,65505211.54194444,0
2021-05-27 15:00:00+00:00,40024.8,40100.0,39461.85,39667.0,4385.197322,2021-05-27 15:59:59.999000+00:00,174204735.7140804,97485,2209.746232,87777873.01702881,0
2021-05-27 16:00:00+00:00,39666.99,39721.28,38720.0,38825.44,6400.573744,2021-05-27 16:59:59.999000+00:00,250509368.2079045,158702,2870.765068,112358187.20310108,0
2021-05-27 17:00:00+00:00,38822.28,39250.0,38691.0,39028.99,3226.776011,2021-05-27 17:59:59.999000+00:00,125867669.03077714,70598,1782.770179,69546133.06613679,0
2021-05-27 18:00:00+00:00,39029.0,39222.13,38790.65,39089.57,1872.890459,2021-05-27 18:59:59.999000+00:00,73102056.22356962,52413,900.607231,35156343.0227685,0
2021-05-27 19:00:00+00:00,39094.18,39117.91,38500.0,38768.35,2602.29963,2021-05-27 19:59:59.999000+00:00,100838351.14505336,63446,1270.602022,49233203.53439549,0
2021-05-27 20:00:00+00:00,38768.36,38831.76,38400.15,38445.05,2328.230093,2021-05-27 20:59:59.999000+00:00,89887463.80963059,56825,1031.224058,39823203.72887574,0
2021-05-27 21:00:00+00:00,38444.07,39187.35,38195.19,38978.69,3416.064737,2021-05-27 21:59:59.999000+00:00,132040356.39484276,121876,1589.74101,61473800.48414241,0
2021-05-27 22:00:00+00:00,38978.69,39146.39,38382.11,38503.15,2599.01282,2021-05-27 22:59:59.999000+00:00,100720455.62615852,76150,1205.722135,46731515.75956427,0
2021-05-27 23:00:00+00:00,38503.16,38755.51,38279.1,38529.98,2186.831763,2021-05-27 23:59:59.999000+00:00,84198712.48686323,69222,1048.693811,40380269.54729733,0
2021-05-28 00:00:00+00:00,38529.99,38877.83,37900.0,37998.94,4191.985106,2021-05-28 00:59:59.999000+00:00,160619244.95242113,95998,1741.588208,66784164.50139188,0
2021-05-28 01:00:00+00:00,37998.94,38237.64,37687.77,38155.11,3182.878178,2021-05-28 01:59:59.999000+00:00,120865791.88386779,99913,1470.884416,55866172.51228641,0
2021-05-28 02:00:00+00:00,38150.57,38416.74,38000.0,38283.4,2115.123722,2021-05-28 02:59:59.999000+00:00,80772392.38140512,49875,1106.712281,42265819.35843773,0
2021-05-28 03:00:00+00:00,38283.06,38284.79,37813.38,38237.18,2497.471891,2021-05-28 03:59:59.999000+00:00,95009772.86046179,69353,1115.04848,42416602.97926436,0
2021-05-28 04:00:00+00:00,38237.1,38237.1,37219.19,37324.65,6011.403704,2021-05-28 04:59:59.999000+00:00,225827187.35420537,116081,3132.134895,117597482.86110376,0
2021-05-28 05:00:00+00:00,37324.65,37565.17,36686.0,36996.45,6195.394638,2021-05-28 05:59:59.999000+00:00,230120809.0160958,133385,2801.048502,104095269.8730322,0
2021-05-28 06:00:00+00:00,36996.45,37193.71,36442.0,36933.03,6598.333998,2021-05-28 06:59:59.999000+00:00,242862100.37881735,181204,3215.157661,118399231.12972976,0
2021-05-28 07:00:00+00:00,36933.02,37382.68,36474.57,36975.93,6688.452564,2021-05-28 07:59:59.999000+00:00,246738863.37403888,106045,3144.95624,115968621.9514448,0
2021-05-28 08:00:00+00:00,36975.65,37250.0,35600.0,35968.03,7894.465812,2021-05-28 08:59:59.999000+00:00,287909047.20013124,144038,3475.779391,126942427.09629077,0
2021-05-28 09:00:00+00:00,35968.04,36241.61,35360.0,35994.67,9905.946786,2021-05-28 09:59:59.999000+00:00,354141970.58777595,183384,4515.594215,161494213.78014505,0
2021-05-28 10:00:00+00:00,35995.19,36512.37,35742.01,35925.85,6335.696351,2021-05-28 10:59:59.999000+00:00,228363624.28054288,103390,2880.047594,103850273.11426985,0
2021-05-28 11:00:00+00:00,35925.85,36179.3,35100.0,35351.65,6311.286158,2021-05-28 11:59:59.999000+00:00,224790840.4324605,129041,2946.671936,104987577.31095593,0
2021-05-28 12:00:00+00:00,35351.65,36853.74,35168.24,36589.74,9152.177556,2021-05-28 12:59:59.999000+00:00,332240545.329018,157284,4720.657934,171374992.96113974,0
2021-05-28 13:00:00+00:00,36590.24,37279.98,36588.41,36923.61,6338.890859,2021-05-28 13:59:59.999000+00:00,234158668.5626448,137466,2999.439825,110818348.62227608,0
2021-05-28 14:00:00+00:00,36923.6,37103.37,36500.0,36588.51,3636.55789,2021-05-28 14:59:59.999000+00:00,133806025.3562276,76053,1781.767752,65572313.28731832,0
2021-05-28 15:00:00+00:00,36588.51,37067.77,36395.87,36749.31,3552.884033,2021-05-28 15:59:59.999000+00:00,130477276.64531595,70425,1715.658732,63017851.88031711,0
2021-05-28 16:00:00+00:00,36751.59,36845.93,35812.01,35815.56,7919.196589,2021-05-28 16:59:59.999000+00:00,287202560.0981612,114572,3729.444777,135262744.70890164,0
2021-05-28 17:00:00+00:00,35813.92,36284.0,35650.22,35976.17,5362.546405,2021-05-28 17:59:59.999000+00:00,193182777.10199952,92044,2650.219716,95494899.2093231,0
2021-05-28 18:00:00+00:00,35976.17,36369.82,35551.06,36190.92,4369.769969,2021-05-28 18:59:59.999000+00:00,157052322.40386158,84800,2053.807677,73818778.35033701,0
2021-05-28 19:00:00+00:00,36190.91,36570.0,35555.52,35789.3,5259.875784,2021-05-28 19:59:59.999000+00:00,189112516.12044367,85962,2479.017839,89163483.85525973,0
2021-05-28 20:00:00+00:00,35789.31,36240.0,35181.73,35209.89,5872.517994,2021-05-28 20:59:59.999000+00:00,209437195.51475108,98876,2899.705996,103454609.06777968,0
2021-05-28 21:00:00+00:00,35209.86,35419.38,34684.0,35031.79,7091.819237,2021-05-28 21:59:59.999000+00:00,248149599.65772215,153238,3213.083049,112440462.69370644,0
2021-05-28 22:00:00+00:00,35031.79,35600.0,34750.56,35061.65,5236.053523,2021-05-28 22:59:59.999000+00:00,183745768.82223257,104263,2606.090568,91431513.02880096,0
2021-05-28 23:00:00+00:00,35061.92,35893.55,34950.01,35663.49,3656.900973,2021-05-28 23:59:59.999000+00:00,129674041.61901148,72488,1932.764169,68542834.9399469,0
2021-05-29 00:00:00+00:00,35661.79,36437.5,35617.87,36214.77,3989.262001,2021-05-29 00:59:59.999000+00:00,143455183.95160067,86127,1979.478039,71202897.01903126,0
2021-05-29 01:00:00+00:00,36217.97,36500.0,36091.71,36374.11,3064.396941,2021-05-29 01:59:59.999000+00:00,111228863.938097,65324,1390.366409,50470052.72209833,0
2021-05-29 02:00:00+00:00,36374.11,36585.36,36100.0,36338.56,3698.049213,2021-05-29 02:59:59.999000+00:00,134320528.9561827,61253,1711.806604,62167315.70514942,0
2021-05-29 03:00:00+00:00,36338.56,36774.44,36165.05,36458.77,2751.863539,2021-05-29 03:59:59.999000+00:00,100231637.65140414,66834,1430.005953,52084947.90913109,0
2021-05-29 04:00:00+00:00,36458.77,36631.82,35604.3,35702.64,3480.197649,2021-05-29 04:59:59.999000+00:00,125984686.69372895,73547,1679.026809,60780964.29143309,0
2021-05-29 05:00:00+00:00,35702.64,37338.58,35702.63,36862.3,5064.550741,2021-05-29 05:59:59.999000+00:00,186107916.145132,104450,2748.508505,100991419.61573802,0
2021-05-29 06:00:00+00:00,36862.31,37086.1,36451.65,36522.92,2913.838284,2021-05-29 06:59:59.999000+00:00,107203274.26236252,64197,1362.857341,50167470.94621787,0
2021-05-29 07:00:00+00:00,36522.92,36720.0,36001.0,36145.02,3478.041007,2021-05-29 07:59:59.999000+00:00,126533997.45755716,72299,1726.870143,62832748.28792009,0
2021-05-29 08:00:00+00:00,36145.0,36350.0,35516.6,35776.76,3501.094883,2021-05-29 08:59:59.999000+00:00,125944953.16260414,77812,1736.267841,62486172.78739898,0
2021-05-29 09:00:00+00:00,35776.76,35909.09,34854.79,35378.95,6457.259929,2021-05-29 09:59:59.999000+00:00,227642392.54400736,109468,3095.109207,109088941.09952705,0
2021-05-29 10:00:00+00:00,35378.67,35469.36,34981.22,35230.64,3326.058934,2021-05-29 10:59:59.999000+00:00,117187091.30927448,62921,1614.301202,56883670.47561538,0
2021-05-29 11:00:00+00:00,35230.64,35850.0,34567.89,35375.0,6135.233558,2021-05-29 11:59:59.999000+00:00,216141324.82063195,112606,2921.240621,102944787.88592996,0
2021-05-29 12:00:00+00:00,35375.0,35402.34,34590.0,34778.18,4978.203787,2021-05-29 12:59:59.999000+00:00,173866115.82465315,94075,2346.031566,81949049.38985743,0
2021-05-29 13:00:00+00:00,34779.65,34990.0,34125.68,34891.89,7954.557123,2021-05-29 13:59:59.999000+00:00,274765199.4140903,135429,3560.564801,122969962.3940149,0
2021-05-29 14:00:00+00:00,34888.66,35300.0,34200.0,34618.56,6193.053689,2021-05-29 14:59:59.999000+00:00,215487178.62113985,102615,3049.314545,106186385.45393433,0
2021-05-29 15:00:00+00:00,34620.3,34622.98,33800.0,34416.27,9643.083474,2021-05-29 15:59:59.999000+00:00,330081679.979333,172181,4561.840211,156238903.6048718,0
2021-05-29 16:00:00+00:00,34416.26,35049.0,34004.69,34828.86,6211.307749,2021-05-29 16:59:59.999000+00:00,214037791.74694648,119758,3156.061546,108786215.83165333,0
2021-05-29 17:00:00+00:00,34835.4,34856.96,33650.0,33891.84,6021.105841,2021-05-29 17:59:59.999000+00:00,205825824.21442476,119079,2788.098522,95316881.72612704,0
2021-05-29 18:00:00+00:00,33893.55,34179.96,33632.76,34070.98,5465.342194,2021-05-29 18:59:59.999000+00:00,185151195.2249268,98606,2734.179175,92666531.95412263,0
2021-05-29 19:00:00+00:00,34069.35,34329.59,33674.91,34025.43,4135.986849,2021-05-29 19:59:59.999000+00:00,140430109.15422556,80729,2032.078448,69023351.11135684,0
2021-05-29 20:00:00+00:00,34025.44,34494.93,33752.3,34234.18,4658.099088,2021-05-29 20:59:59.999000+00:00,158829092.57174867,85548,2153.705663,73493051.82479589,0
2021-05-29 21:00:00+00:00,34235.14,34742.93,34063.98,34650.08,3326.550872,2021-05-29 21:59:59.999000+00:00,114348571.4847105,78513,1606.762623,55244984.90320217,0
2021-05-29 22:00:00+00:00,34650.08,34651.73,34235.93,34467.84,2435.36036,2021-05-29 22:59:59.999000+00:00,83879883.12170717,53729,1018.074246,35058570.88428511,0
2021-05-29 23:00:00+00:00,34468.95,35100.0,34137.09,34605.15,3780.594984,2021-05-29 23:59:59.999000+00:00,131158843.07210584,72543,1881.649632,65310390.95559417,0
2021-05-30 00:00:00+00:00,34605.15,34616.26,33379.0,33855.95,6060.999971,2021-05-30 00:59:59.999000+00:00,205012385.0556192,111365,2761.076973,93432021.26968448,0
2021-05-30 01:00:00+00:00,33849.25,34071.41,33500.0,33897.89,2693.575635,2021-05-30 01:59:59.999000+00:00,91097967.22510505,59224,1355.045766,45843114.15477921,0
2021-05-30 02:00:00+00:00,33896.76,34659.1,33785.21,34531.04,2598.610171,2021-05-30 02:59:59.999000+00:00,89074825.4286794,54751,1395.571117,47847475.0994252,0
2021-05-30 03:00:00+00:00,34531.05,34974.99,34360.48,34770.12,2919.087099,2021-05-30 03:59:59.999000+00:00,101174774.45765714,60593,1531.572129,53090981.6664056,0
2021-05-30 04:00:00+00:00,34770.13,35258.28,34631.73,34751.74,3589.161222,2021-05-30 04:59:59.999000+00:00,125181274.17727707,66032,1749.699925,61051034.10492393,0
2021-05-30 05:00:00+00:00,34750.71,35492.89,34750.7,35325.61,4145.05298,2021-05-30 05:59:59.999000+00:00,145924860.6497632,79014,2019.039256,71073756.87029602,0
2021-05-30 06:00:00+00:00,35327.19,35881.54,35251.98,35775.9,4683.259174,2021-05-30 06:59:59.999000+00:00,166608363.85561827,91123,2466.749973,87773043.52230486,0
2021-05-30 07:00:00+00:00,35775.9,36232.09,35583.51,35998.33,4081.661986,2021-05-30 07:59:59.999000+00:00,146548011.34619823,86047,2054.401848,73772072.75673243,0
2021-05-30 08:00:00+00:00,35996.12,36211.25,35546.42,35668.64,3320.046135,2021-05-30 08:59:59.999000+00:00,118728731.16254485,76423,1594.688071,57037117.93252493,0
2021-05-30 09:00:00+00:00,35671.62,36021.56,35671.62,35840.73,2123.159529,2021-05-30 09:59:59.999000+00:00,76117938.65170175,51778,1044.04295,37439420.1426647,0
2021-05-30 10:00:00+00:00,35840.02,35999.0,35653.45,35702.99,2756.621243,2021-05-30 10:59:59.999000+00:00,98745851.24126235,51482,1542.550269,55260389.16214639,0
2021-05-30 11:00:00+00:00,35703.0,36420.0,35700.0,36359.44,4034.044644,2021-05-30 11:59:59.999000+00:00,145323843.3861808,71503,2415.52166,87046068.55392209,0
2021-05-30 12:00:00+00:00,36359.44,36488.0,35280.0,35524.92,4859.677007,2021-05-30 12:59:59.999000+00:00,173937486.54149935,102134,2521.129315,90212097.83658104,0
2021-05-30 13:00:00+00:00,35524.94,35806.96,35401.0,35676.86,2833.671972,2021-05-30 13:59:59.999000+00:00,100905892.01697569,56408,1400.899902,49888377.14064725,0
2021-05-30 14:00:00+00:00,35676.86,35732.08,35100.0,35347.95,3148.13191,2021-05-30 14:59:59.999000+00:00,111352590.41455956,72286,1510.07017,53429859.29862672,0
2021-05-30 15:00:00+00:00,35347.1,35646.45,35209.03,35477.0,2213.669268,2021-05-30 15:59:59.999000+00:00,78381085.5812719,53728,1160.213086,41081318.51012702,0
2021-05-30 16:00:00+00:00,35477.0,35999.98,35300.0,35735.97,2966.743676,2021-05-30 16:59:59.999000+00:00,105816196.05443677,73304,1508.689266,53820906.15134726,0
2021-05-30 17:00:00+00:00,35734.95,36000.0,35707.64,35819.67,2188.193049,2021-05-30 17:59:59.999000+00:00,78456527.1153283,59665,1090.987197,39127221.62302261,0
2021-05-30 18:00:00+00:00,35817.23,36264.77,35814.71,36125.54,2967.689472,2021-05-30 18:59:59.999000+00:00,107074483.04283825,61476,1541.223594,55601049.71320837,0
2021-05-30 19:00:00+00:00,36125.54,36284.44,36021.64,36077.59,1608.40812,2021-05-30 19:59:59.999000+00:00,58120993.67542028,43240,766.084144,27686995.7322753,0
2021-05-30 20:00:00+00:00,36077.59,36350.0,35900.0,36050.0,2867.697945,2021-05-30 20:59:59.999000+00:00,103664608.28670628,56190,1618.578817,58538923.54854917,0
2021-05-30 21:00:00+00:00,36050.0,36205.0,35839.95,35940.45,1546.574089,2021-05-30 21:59:59.999000+00:00,55731642.81968503,43204,809.564322,29177564.67152362,0
2021-05-30 22:00:00+00:00,35939.61,36048.3,35667.0,35741.03,1725.646246,2021-05-30 22:59:59.999000+00:00,61845441.63022633,41832,784.094834,28106107.36990233,0
2021-05-30 23:00:00+00:00,35741.03,35820.0,35500.0,35641.27,1604.004424,2021-05-30 23:59:59.999000+00:00,57169174.33168714,37090,765.319319,27281005.72295344,0
2021-05-31 00:00:00+00:00,35641.26,36000.0,35200.0,35312.83,3371.935334,2021-05-31 00:59:59.999000+00:00,119729973.85963497,72173,1520.898897,54015102.19998747,0
2021-05-31 01:00:00+00:00,35312.82,35434.42,34727.91,34804.39,3468.140112,2021-05-31 01:59:59.999000+00:00,121477337.40488246,69611,1579.52763,55315100.04945105,0
2021-05-31 02:00:00+00:00,34806.75,34975.0,34440.8,34720.0,3853.411187,2021-05-31 02:59:59.999000+00:00,133842135.92955224,66337,1740.611684,60475635.16333686,0
2021-05-31 03:00:00+00:00,34727.52,34747.21,34250.55,34489.57,3437.378712,2021-05-31 03:59:59.999000+00:00,118597529.74263008,67108,1574.552896,54327368.14560248,0
2021-05-31 04:00:00+00:00,34489.58,34664.37,34153.84,34466.38,2677.09563,2021-05-31 04:59:59.999000+00:00,92043491.15688828,59750,1284.421859,44173250.33998674,0
2021-05-31 05:00:00+00:00,34466.37,34688.74,34185.35,34447.34,3519.449009,2021-05-31 05:59:59.999000+00:00,121336201.3042102,63075,1566.891577,54007041.40242896,0
2021-05-31 06:00:00+00:00,34447.35,35115.27,34434.29,35040.94,3946.599314,2021-05-31 06:59:59.999000+00:00,137432996.93248785,71088,1877.849717,65385736.22829977,0
2021-05-31 07:00:00+00:00,35045.92,35975.0,34981.11,35850.17,6010.324686,2021-05-31 07:59:59.999000+00:00,213849731.37579328,104652,2973.062904,105763185.3529944,0
2021-05-31 08:00:00+00:00,35850.17,36240.09,35588.08,36120.49,4694.039654,2021-05-31 08:59:59.999000+00:00,168933078.335559,89937,2388.147464,85928698.15681115,0
2021-05-31 09:00:00+00:00,36120.49,36384.99,35876.0,35929.8,4351.975493,2021-05-31 09:59:59.999000+00:00,157177579.62294227,82005,2090.272538,75514539.60314357,0
2021-05-31 10:00:00+00:00,35931.48,37030.0,35926.81,36882.95,8736.334823,2021-05-31 10:59:59.999000+00:00,320451182.65650386,142306,4455.193916,163276671.4392968,0
2021-05-31 11:00:00+00:00,36883.75,37195.0,36750.0,36836.46,5165.136262,2021-05-31 11:59:59.999000+00:00,190891250.05785337,97160,2628.479625,97149534.80195075,0
2021-05-31 12:00:00+00:00,36836.46,37278.03,36605.0,36777.0,5044.905836,2021-05-31 12:59:59.999000+00:00,186290636.98031637,94073,2549.350876,94160305.70247412,0
2021-05-31 13:00:00+00:00,36777.01,37062.57,36510.66,36721.28,5030.723894,2021-05-31 13:59:59.999000+00:00,185178921.0804917,89752,2411.427679,88766366.83980896,0
2021-05-31 14:00:00+00:00,36721.29,36853.94,36333.44,36620.39,4333.305783,2021-05-31 14:59:59.999000+00:00,158281846.41671416,78361,2124.037069,77602571.10205734,0
2021-05-31 15:00:00+00:00,36620.39,37149.99,36580.01,36961.16,4167.824255,2021-05-31 15:59:59.999000+00:00,153858395.05766788,86801,2278.979018,84137869.75657423,0
2021-05-31 16:00:00+00:00,36961.16,37457.07,36843.24,37117.24,6313.228329,2021-05-31 16:59:59.999000+00:00,234665903.04196048,146757,3252.08003,120885172.51684602,0
2021-05-31 17:00:00+00:00,37117.21,37178.16,36673.41,36934.73,4003.907256,2021-05-31 17:59:59.999000+00:00,147660644.978727,71628,1999.060039,73727094.50924154,0
2021-05-31 18:00:00+00:00,36935.81,36955.02,36600.2,36694.27,1919.115189,2021-05-31 18:59:59.999000+00:00,70542843.94824518,42694,905.153698,33275700.11660911,0
2021-05-31 19:00:00+00:00,36694.27,36871.38,36510.01,36863.67,1963.402273,2021-05-31 19:59:59.999000+00:00,72040569.55990542,47664,972.452533,35689180.71512083,0
2021-05-31 20:00:00+00:00,36865.75,36980.76,36557.3,36675.06,1697.834605,2021-05-31 20:59:59.999000+00:00,62422937.08240895,45835,800.04781,29412626.33314388,0
2021-05-31 21:00:00+00:00,36677.85,37087.3,36623.01,36932.55,1483.171068,2021-05-31 21:59:59.999000+00:00,54590957.95029117,59497,789.102765,29053363.82136844,0
2021-05-31 22:00:00+00:00,36932.55,37250.0,36835.85,36879.23,2322.342402,2021-05-31 22:59:59.999000+00:00,86091105.8020608,59238,1134.962112,42078781.08044145,0
2021-05-31 23:00:00+00:00,36879.23,37499.0,36800.93,37253.81,2649.154183,2021-05-31 23:59:59.999000+00:00,98660484.55340156,88857,1441.368168,53675828.68038553,0
2021-06-01 00:00:00+00:00,37253.82,37894.81,37100.0,37798.31,5234.072735,2021-06-01 00:59:59.999000+00:00,196926607.50732204,113551,2496.941097,93926954.66030556,0
2021-06-01 01:00:00+00:00,37798.32,37803.49,37160.0,37196.64,3154.434156,2021-06-01 01:59:59.999000+00:00,118173642.76152888,67030,1253.886526,46950921.77708876,0
2021-06-01 02:00:00+00:00,37196.64,37296.08,36620.0,36850.0,3078.850158,2021-06-01 02:59:59.999000+00:00,113551230.18348724,80336,1481.322679,54628660.82130612,0
2021-06-01 03:00:00+00:00,36850.0,37124.09,36478.0,36704.99,3179.701359,2021-06-01 03:59:59.999000+00:00,116905766.76946998,60175,1531.166374,56307543.22898785,0
2021-06-01 04:00:00+00:00,36706.8,36957.69,36561.89,36748.01,1767.107527,2021-06-01 04:59:59.999000+00:00,64976976.76961673,76406,910.076432,33467385.37861096,0
2021-06-01 05:00:00+00:00,36748.02,37350.0,36710.4,37266.55,2603.445266,2021-06-01 05:59:59.999000+00:00,96537837.27708152,55850,1389.118866,51511363.1463376,0
2021-06-01 06:00:00+00:00,37264.66,37443.72,36710.19,36915.32,3002.411865,2021-06-01 06:59:59.999000+00:00,111290611.21834068,83909,1527.406969,56618604.30596082,0
2021-06-01 07:00:00+00:00,36917.6,37171.09,36638.71,36831.58,2722.383175,2021-06-01 07:59:59.999000+00:00,100313042.70454952,88793,1244.731208,45884215.13303088,0
2021-06-01 08:00:00+00:00,36831.58,36939.81,35902.43,36197.77,5806.787389,2021-06-01 08:59:59.999000+00:00,210515123.6875152,140855,2499.693422,90595894.84962311,0
2021-06-01 09:00:00+00:00,36197.75,36362.98,35965.72,36231.51,2723.889997,2021-06-01 09:59:59.999000+00:00,98565251.3513806,58281,1275.067928,46141618.03344983,0
2021-06-01 10:00:00+00:00,36234.1,36593.41,36095.15,36439.6,2804.839551,2021-06-01 10:59:59.999000+00:00,101992700.90448208,54084,1488.542202,54129339.29591407,0
2021-06-01 11:00:00+00:00,36439.59,36761.96,36282.01,36596.62,2484.370825,2021-06-01 11:59:59.999000+00:00,90812462.84741372,48073,1307.866262,47812857.64161298,0
2021-06-01 12:00:00+00:00,36596.63,36597.26,36112.01,36164.95,3365.376983,2021-06-01 12:59:59.999000+00:00,122194004.9736676,56616,1581.056972,57395653.04596282,0
2021-06-01 13:00:00+00:00,36163.51,37440.0,35666.0,37039.69,10250.555776,2021-06-01 13:59:59.999000+00:00,375949295.01887536,168978,5428.20307,199312223.44600248,0
2021-06-01 14:00:00+00:00,37036.57,37289.86,36478.36,36636.71,4510.797149,2021-06-01 14:59:59.999000+00:00,166343127.42766857,83110,2214.325108,81690818.24137877,0
2021-06-01 15:00:00+00:00,36634.42,36644.7,36025.46,36235.29,3903.095706,2021-06-01 15:59:59.999000+00:00,141630078.6751255,75651,2043.872075,74151582.68422788,0
2021-06-01 16:00:00+00:00,36235.28,36479.99,35760.0,35875.57,4317.774876,2021-06-01 16:59:59.999000+00:00,156038416.41947743,82668,2131.112138,77054256.14626783,0
2021-06-01 17:00:00+00:00,35871.69,36300.0,35716.66,36154.77,2880.592451,2021-06-01 17:59:59.999000+00:00,103674311.48867992,62411,1593.393421,57359174.69690949,0
2021-06-01 18:00:00+00:00,36154.64,36492.89,36087.95,36240.69,2494.576699,2021-06-01 18:59:59.999000+00:00,90475656.46809222,51325,1286.540499,46664676.10731707,0
2021-06-01 19:00:00+00:00,36240.46,36240.49,35726.36,35973.87,3225.508932,2021-06-01 19:59:59.999000+00:00,116101074.55177164,64301,1533.597187,55214878.79240098,0
2021-06-01 20:00:00+00:00,35973.86,36339.6,35873.08,36327.05,1999.820832,2021-06-01 20:59:59.999000+00:00,72251737.5044561,48102,1137.345943,41096264.79415554,0
2021-06-01 21:00:00+00:00,36327.05,36474.55,36040.11,36418.77,1772.288919,2021-06-01 21:59:59.999000+00:00,64314491.12596266,47528,854.14262,31001297.12348772,0
2021-06-01 22:00:00+00:00,36418.77,36590.53,36213.8,36433.69,1811.947807,2021-06-01 22:59:59.999000+00:00,65953844.4828155,44260,929.123392,33822309.18620687,0
2021-06-01 23:00:00+00:00,36433.69,36800.0,36428.42,36693.09,2140.033637,2021-06-01 23:59:59.999000+00:00,78441008.2568064,48124,1153.302461,42269798.69710132,0
2021-06-02 00:00:00+00:00,36694.85,36900.0,36059.12,36179.39,2792.547517,2021-06-02 00:59:59.999000+00:00,101833665.97384468,65857,1296.207745,47273790.05803187,0
2021-06-02 01:00:00+00:00,36179.38,36299.47,35920.0,36292.17,1757.999958,2021-06-02 01:59:59.999000+00:00,63497983.88369764,44240,842.286848,30426048.54152664,0
2021-06-02 02:00:00+00:00,36292.17,36550.0,36230.0,36268.41,1463.206921,2021-06-02 02:59:59.999000+00:00,53254120.69332317,39167,718.055185,26135386.52926181,0
2021-06-02 03:00:00+00:00,36267.67,36685.0,36267.08,36472.39,1989.76496,2021-06-02 03:59:59.999000+00:00,72633555.53966802,41647,923.878744,33724152.81001168,0
2021-06-02 04:00:00+00:00,36472.38,36767.44,36472.38,36665.05,1930.591246,2021-06-02 04:59:59.999000+00:00,70743773.55160823,39617,963.83525,35320185.6680252,0
2021-06-02 05:00:00+00:00,36662.22,36921.0,36487.66,36808.49,2488.19277,2021-06-02 05:59:59.999000+00:00,91300243.98882207,45845,1344.204276,49342158.14766078,0
2021-06-02 06:00:00+00:00,36808.49,36989.0,36661.53,36734.54,2448.940769,2021-06-02 06:59:59.999000+00:00,90101199.50855625,48754,1212.403531,44608149.40699226,0
2021-06-02 07:00:00+00:00,36734.54,37400.0,36731.03,37220.0,5591.509934,2021-06-02 07:59:59.999000+00:00,207805328.0513107,95122,3192.57549,118610336.56742407,0
2021-06-02 08:00:00+00:00,37219.99,37473.29,37065.0,37371.01,3634.601704,2021-06-02 08:59:59.999000+00:00,135319417.04200968,71161,2044.255961,76132026.8351358,0
2021-06-02 09:00:00+00:00,37371.64,37538.07,37169.26,37270.26,3172.904914,2021-06-02 09:59:59.999000+00:00,118441152.0534113,62261,1557.750566,58163562.4485977,0
2021-06-02 10:00:00+00:00,37270.26,37294.54,37042.7,37151.17,2548.990591,2021-06-02 10:59:59.999000+00:00,94769209.96498416,53373,1266.75804,47102802.25896425,0
2021-06-02 11:00:00+00:00,37148.02,37369.2,36851.45,37203.08,3485.806389,2021-06-02 11:59:59.999000+00:00,129364485.813912,72846,1768.345141,65632466.44611773,0
2021-06-02 12:00:00+00:00,37203.08,37450.75,37170.38,37276.59,2547.700014,2021-06-02 12:59:59.999000+00:00,95090840.71345924,60767,1276.057535,47627622.47210807,0
2021-06-02 13:00:00+00:00,37276.58,37800.0,37058.61,37539.04,5254.229145,2021-06-02 13:59:59.999000+00:00,196953444.0593928,108915,2881.545045,108023166.87096536,0
2021-06-02 14:00:00+00:00,37539.05,38100.0,37455.0,37853.57,5342.75313,2021-06-02 14:59:59.999000+00:00,202039299.70175943,103719,2833.212734,107143329.59108508,0
2021-06-02 15:00:00+00:00,37853.57,38225.0,37853.56,38040.7,4402.050688,2021-06-02 15:59:59.999000+00:00,167452582.7284361,104685,2295.431885,87326316.93219583,0
2021-06-02 16:00:00+00:00,38040.69,38200.0,37727.37,37893.57,3948.777877,2021-06-02 16:59:59.999000+00:00,149918182.1953742,123661,1832.14769,69580379.31174418,0
2021-06-02 17:00:00+00:00,37893.57,38095.0,37750.0,38014.98,2057.314994,2021-06-02 17:59:59.999000+00:00,77925555.6201802,57609,1021.252812,38692898.36841026,0
2021-06-02 18:00:00+00:00,38014.23,38066.65,37775.0,38016.41,1826.695163,2021-06-02 18:59:59.999000+00:00,69335852.6707987,47714,896.974138,34047931.86896811,0
2021-06-02 19:00:00+00:00,38016.41,38045.0,37795.59,37884.57,1458.803558,2021-06-02 19:59:59.999000+00:00,55314557.54357032,47917,717.275361,27198294.98271571,0
2021-06-02 20:00:00+00:00,37884.58,37929.97,37569.25,37724.61,2425.931378,2021-06-02 20:59:59.999000+00:00,91480300.03841996,58408,1081.066909,40769870.93662897,0
2021-06-02 21:00:00+00:00,37724.61,37918.0,37673.21,37780.32,1280.280508,2021-06-02 21:59:59.999000+00:00,48408927.60758911,49502,638.028327,24124042.71888576,0
2021-06-02 22:00:00+00:00,37779.86,37874.66,37320.0,37527.89,2308.791592,2021-06-02 22:59:59.999000+00:00,86721289.5684572,54075,1020.581291,38348778.01573967,0
2021-06-02 23:00:00+00:00,37527.89,37745.41,37434.01,37568.68,1428.986775,2021-06-02 23:59:59.999000+00:00,53757607.1758525,34053,704.365783,26500777.12488599,0
2021-06-03 00:00:00+00:00,37568.68,37903.14,37291.35,37469.31,2938.209713,2021-06-03 00:59:59.999000+00:00,110119720.13822566,57185,1426.758204,53487824.42423229,0
2021-06-03 01:00:00+00:00,37469.32,37580.43,37250.0,37298.0,1650.418934,2021-06-03 01:59:59.999000+00:00,61763373.25228461,35251,741.112832,27740549.99056404,0
2021-06-03 02:00:00+00:00,37298.01,37430.69,37170.0,37400.07,1984.270392,2021-06-03 02:59:59.999000+00:00,74045233.17722444,78301,885.297875,33038405.78675464,0
2021-06-03 03:00:00+00:00,37400.07,37678.86,37340.0,37634.57,1808.815073,2021-06-03 03:59:59.999000+00:00,67820265.11018203,40426,908.073479,34046694.66659281,0
2021-06-03 04:00:00+00:00,37635.24,38054.56,37600.0,37970.0,2364.16549,2021-06-03 04:59:59.999000+00:00,89454647.98237143,57288,1218.50667,46106787.69001511,0
2021-06-03 05:00:00+00:00,37970.0,38895.0,37970.0,38795.88,7286.25633,2021-06-03 05:59:59.999000+00:00,280516722.4138412,124719,3924.572171,150954872.8235053,0
2021-06-03 06:00:00+00:00,38795.88,38974.19,38589.97,38949.0,3510.446139,2021-06-03 06:59:59.999000+00:00,136170788.45758593,75489,1706.197749,66194670.54122508,0
2021-06-03 07:00:00+00:00,38949.02,39039.19,38538.75,38634.09,3133.790578,2021-06-03 07:59:59.999000+00:00,121327375.15375984,92657,1479.784173,57309686.50981116,0
2021-06-03 08:00:00+00:00,38634.77,38897.0,38518.96,38817.28,2548.368045,2021-06-03 08:59:59.999000+00:00,98776034.8778703,76609,1210.420945,46930788.16087842,0
2021-06-03 09:00:00+00:00,38817.28,39210.0,38817.06,39119.59,3908.322919,2021-06-03 09:59:59.999000+00:00,152602369.62395185,125368,1922.969428,75086053.55337659,0
2021-06-03 10:00:00+00:00,39119.84,39476.0,39017.44,39259.23,4322.787482,2021-06-03 10:59:59.999000+00:00,169993050.18255636,175120,2219.077568,87273580.0546549,0
2021-06-03 11:00:00+00:00,39259.23,39308.02,38715.24,38781.75,5440.29644,2021-06-03 11:59:59.999000+00:00,211853330.18532667,98636,2877.137659,111998568.27538842,0
2021-06-03 12:00:00+00:00,38781.75,39090.9,38555.0,38999.01,4793.181879,2021-06-03 12:59:59.999000+00:00,185977114.42074105,77004,2737.638913,106215255.25912228,0
2021-06-03 13:00:00+00:00,38999.01,39265.25,38288.0,38440.01,7469.567001,2021-06-03 13:59:59.999000+00:00,289473777.82249063,115192,3909.318835,151498087.31621796,0
2021-06-03 14:00:00+00:00,38440.0,38716.94,38343.54,38615.21,2965.055863,2021-06-03 14:59:59.999000+00:00,114234630.02410752,149483,1602.302847,61730392.85796267,0
2021-06-03 15:00:00+00:00,38615.21,38768.2,38401.0,38535.61,2233.526973,2021-06-03 15:59:59.999000+00:00,86178583.47475709,94836,1144.482094,44164889.04525424,0
2021-06-03 16:00:00+00:00,38535.6,38965.42,38431.03,38874.32,2969.053609,2021-06-03 16:59:59.999000+00:00,115033262.64157118,65384,1462.830533,56677631.28001358,0
2021-06-03 17:00:00+00:00,38874.32,38997.0,38719.33,38791.9,2173.696148,2021-06-03 17:59:59.999000+00:00,84486181.66519694,51562,989.768244,38470877.97277429,0
2021-06-03 18:00:00+00:00,38791.89,38931.97,38522.72,38553.01,2107.197344,2021-06-03 18:59:59.999000+00:00,81503330.16245176,65796,1036.675648,40092359.71163931,0
2021-06-03 19:00:00+00:00,38553.0,38674.15,38450.0,38596.64,1814.849087,2021-06-03 19:59:59.999000+00:00,69986459.9254243,67186,966.807529,37286607.1464269,0
2021-06-03 20:00:00+00:00,38596.65,38746.78,38532.31,38708.07,1480.727577,2021-06-03 20:59:59.999000+00:00,57205270.62837128,37864,783.515778,30273467.94300287,0
2021-06-03 21:00:00+00:00,38708.08,38987.61,38640.22,38741.35,1838.975335,2021-06-03 21:59:59.999000+00:00,71405636.72719847,65051,939.979644,36501844.79616787,0
2021-06-03 22:00:00+00:00,38745.77,38991.98,38718.98,38890.71,1544.963728,2021-06-03 22:59:59.999000+00:00,60106944.59114449,37676,727.232709,28291417.85956132,0
2021-06-03 23:00:00+00:00,38890.71,39450.0,38790.62,39246.79,3602.163932,2021-06-03 23:59:59.999000+00:00,140911223.07057208,85575,1843.836322,72133353.9486598,0
2021-06-04 00:00:00+00:00,39246.78,39289.07,38575.9,38682.38,3036.887123,2021-06-04 00:59:59.999000+00:00,117995701.99204557,67420,1426.152025,55414966.12840301,0
2021-06-04 01:00:00+00:00,38687.05,38692.8,37588.0,37900.0,7376.464574,2021-06-04 01:59:59.999000+00:00,280151160.8003324,161344,3354.346857,127341620.75100592,0
2021-06-04 02:00:00+00:00,37900.0,37900.0,37320.26,37775.12,4298.064355,2021-06-04 02:59:59.999000+00:00,161787224.8532513,153022,2170.146968,81716365.99197167,0
2021-06-04 03:00:00+00:00,37775.12,38133.23,37571.45,37933.72,2436.548113,2021-06-04 03:59:59.999000+00:00,92233708.46706772,54821,1151.594617,43605829.97538511,0
2021-06-04 04:00:00+00:00,37933.73,37939.25,37400.0,37556.76,3231.873092,2021-06-04 04:59:59.999000+00:00,121668905.7727164,67334,1320.345335,49731651.26439892,0
2021-06-04 05:00:00+00:00,37556.76,37679.94,36500.0,36716.55,10841.452418,2021-06-04 05:59:59.999000+00:00,400434758.2277257,206605,4709.924123,173962077.68935,0
2021-06-04 06:00:00+00:00,36718.38,37039.0,36529.83,36782.54,3797.324576,2021-06-04 06:59:59.999000+00:00,139825365.1981185,85571,1909.012481,70308635.88097958,0
2021-06-04 07:00:00+00:00,36782.54,36852.0,36218.21,36610.29,5518.924286,2021-06-04 07:59:59.999000+00:00,201764491.7786688,108832,2640.698788,96552882.3094281,0
2021-06-04 08:00:00+00:00,36606.8,36827.6,36072.82,36704.97,3855.485018,2021-06-04 08:59:59.999000+00:00,141011302.6858173,80349,1951.866516,71403881.38253817,0
2021-06-04 09:00:00+00:00,36704.96,36861.6,36350.0,36854.99,2720.250609,2021-06-04 09:59:59.999000+00:00,99752480.55924256,60457,1304.827913,47855239.00281406,0
2021-06-04 10:00:00+00:00,36854.99,37028.65,36537.53,36630.3,3332.611247,2021-06-04 10:59:59.999000+00:00,122670092.23591208,60922,1334.623515,49130629.9109399,0
2021-06-04 11:00:00+00:00,36630.31,36848.64,36361.0,36585.66,3254.528559,2021-06-04 11:59:59.999000+00:00,119059925.51103131,63035,1764.862465,64575509.4236609,0
2021-06-04 12:00:00+00:00,36585.67,37139.0,35555.15,36878.96,10121.715667,2021-06-04 12:59:59.999000+00:00,367049906.18291247,183621,4782.815784,173575679.81590363,0
2021-06-04 13:00:00+00:00,36879.64,36988.22,36606.35,36729.31,3251.229369,2021-06-04 13:59:59.999000+00:00,119588875.57320644,65493,1713.019472,63004905.9839531,0
2021-06-04 14:00:00+00:00,36729.32,36893.45,36150.0,36707.94,4101.788167,2021-06-04 14:59:59.999000+00:00,149803198.57589367,79259,1915.248755,69956643.12541138,0
2021-06-04 15:00:00+00:00,36707.94,37064.29,36621.83,36948.85,3532.148876,2021-06-04 15:59:59.999000+00:00,130137156.253166,62426,1738.611487,64052439.8803743,0
2021-06-04 16:00:00+00:00,36948.86,37061.43,36751.05,36892.3,2768.577053,2021-06-04 16:59:59.999000+00:00,102163490.24982885,57570,1298.219391,47914372.14568881,0
2021-06-04 17:00:00+00:00,36892.3,37248.94,36800.01,37082.77,2204.775395,2021-06-04 17:59:59.999000+00:00,81783829.09043415,51913,1099.022557,40768595.35500357,0
2021-06-04 18:00:00+00:00,37082.78,37168.85,36953.17,37099.27,1877.446084,2021-06-04 18:59:59.999000+00:00,69619513.96100156,43381,849.487043,31505268.85759456,0
2021-06-04 19:00:00+00:00,37099.28,37195.0,36708.0,36800.99,2174.96635,2021-06-04 19:59:59.999000+00:00,80417154.29814003,46856,968.501928,35804952.43985834,0
2021-06-04 20:00:00+00:00,36801.0,37117.52,36793.74,37032.57,1573.255188,2021-06-04 20:59:59.999000+00:00,58199266.14331242,34717,844.189943,31232299.81110749,0
2021-06-04 21:00:00+00:00,37032.58,37246.99,37023.08,37199.51,1665.561683,2021-06-04 21:59:59.999000+00:00,61894339.34742325,39419,775.678013,28820446.48166082,0
2021-06-04 22:00:00+00:00,37199.52,37246.12,37069.44,37088.4,1269.502151,2021-06-04 22:59:59.999000+00:00,47157682.60689463,31663,588.084599,21849372.49672772,0
2021-06-04 23:00:00+00:00,37088.37,37203.53,36462.42,36829.0,3076.419292,2021-06-04 23:59:59.999000+00:00,113230224.56637944,60281,1494.691155,55013886.86266758,0
2021-06-05 00:00:00+00:00,36829.15,37800.0,36613.22,37684.66,3709.283404,2021-06-05 00:59:59.999000+00:00,138633859.55959722,78047,1931.570252,72178954.57277134,0
2021-06-05 01:00:00+00:00,37682.84,37846.6,37550.0,37688.5,1739.587237,2021-06-05 01:59:59.999000+00:00,65520021.19236853,40405,887.290256,33420587.00655881,0
2021-06-05 02:00:00+00:00,37688.5,37761.42,37336.11,37639.91,2187.474395,2021-06-05 02:59:59.999000+00:00,82161271.8884746,42601,1048.226955,39369631.15293971,0
2021-06-05 03:00:00+00:00,37639.92,37748.88,37375.34,37410.0,1390.108384,2021-06-05 03:59:59.999000+00:00,52174634.17018553,32268,589.440977,22123604.8854114,0
2021-06-05 04:00:00+00:00,37410.04,37717.93,37410.04,37675.1,1747.592638,2021-06-05 04:59:59.999000+00:00,65634437.98746369,35131,839.011117,31508841.62140388,0
2021-06-05 05:00:00+00:00,37675.1,37750.0,37467.67,37597.98,1283.216418,2021-06-05 05:59:59.999000+00:00,48231692.72871119,31651,615.925939,23151213.21820079,0
2021-06-05 06:00:00+00:00,37597.98,37837.04,37558.0,37703.0,1573.376116,2021-06-05 06:59:59.999000+00:00,59328084.31945938,39512,749.602691,28268169.36708722,0
2021-06-05 07:00:00+00:00,37700.43,37925.0,37547.34,37582.14,2333.241941,2021-06-05 07:59:59.999000+00:00,88103734.89259104,52475,1117.849923,42221029.95142376,0
2021-06-05 08:00:00+00:00,37582.13,37850.0,37430.0,37780.8,1882.573974,2021-06-05 08:59:59.999000+00:00,70897555.5540946,45573,980.321031,36922482.54325581,0
2021-06-05 09:00:00+00:00,37780.8,37830.0,35951.74,36325.8,6018.556186,2021-06-05 09:59:59.999000+00:00,222034911.01950413,121271,2635.125336,97194744.68513948,0
2021-06-05 10:00:00+00:00,36325.56,36697.53,36022.69,36454.63,4716.584484,2021-06-05 10:59:59.999000+00:00,171743848.99081612,96960,2386.588107,86922132.70226316,0
2021-06-05 11:00:00+00:00,36454.63,36535.77,35667.0,35869.42,4403.229766,2021-06-05 11:59:59.999000+00:00,158856118.0837,87593,2036.727341,73481471.13855405,0
2021-06-05 12:00:00+00:00,35869.42,36221.53,35250.0,36009.8,6647.434589,2021-06-05 12:59:59.999000+00:00,237744393.44844183,116632,3206.412118,114678228.43116765,0
2021-06-05 13:00:00+00:00,36009.8,36049.65,35672.73,35726.95,2793.414551,2021-06-05 13:59:59.999000+00:00,100213269.6044482,58674,1411.593931,50643948.01125599,0
2021-06-05 14:00:00+00:00,35726.99,36000.0,35514.73,35643.33,3336.817371,2021-06-05 14:59:59.999000+00:00,119241127.56664822,63336,1600.859081,57221974.73275429,0
2021-06-05 15:00:00+00:00,35643.33,36435.0,35560.57,36321.42,3452.823019,2021-06-05 15:59:59.999000+00:00,124223499.65587568,67313,1850.805716,66602682.21430411,0
2021-06-05 16:00:00+00:00,36321.42,36321.43,35976.16,36075.86,1898.64111,2021-06-05 16:59:59.999000+00:00,68594461.5857416,45475,878.242005,31730663.26089429,0
2021-06-05 17:00:00+00:00,36075.86,36324.2,35859.52,36021.11,1769.637579,2021-06-05 17:59:59.999000+00:00,63805399.80958646,42204,862.467457,31100318.63813507,0
2021-06-05 18:00:00+00:00,36021.11,36175.0,35900.0,36040.12,1719.348598,2021-06-05 18:59:59.999000+00:00,62052846.98396431,37323,882.471127,31853117.80654922,0
2021-06-05 19:00:00+00:00,36040.12,36300.0,35692.04,35778.94,2193.370279,2021-06-05 19:59:59.999000+00:00,79022410.93053433,43184,1010.652281,36425389.06378634,0
2021-06-05 20:00:00+00:00,35777.61,36016.1,35555.55,35842.4,2410.875449,2021-06-05 20:59:59.999000+00:00,86359887.36226252,50254,1187.213717,42537312.97055929,0
2021-06-05 21:00:00+00:00,35838.96,35842.06,34800.0,34964.69,4946.470098,2021-06-05 21:59:59.999000+00:00,174080338.7141129,123390,2117.137141,74495169.69550993,0
2021-06-05 22:00:00+00:00,34964.69,35399.17,34832.51,35061.62,4202.175,2021-06-05 22:59:59.999000+00:00,147474037.46988875,69822,2418.328289,84838094.29418287,0
2021-06-05 23:00:00+00:00,35061.62,35614.55,35061.11,35513.2,2103.788904,2021-06-05 23:59:59.999000+00:00,74415273.3179349,42660,1153.911572,40818409.30828321,0
2021-06-06 00:00:00+00:00,35516.07,35774.99,35405.61,35570.55,2239.877294,2021-06-06 00:59:59.999000+00:00,79653256.81286775,39679,1126.059575,40043970.23691672,0
2021-06-06 01:00:00+00:00,35570.56,36257.05,35568.36,36215.19,2478.561496,2021-06-06 01:59:59.999000+00:00,89105256.46179093,44057,1422.375923,51127795.78440194,0
2021-06-06 02:00:00+00:00,36215.18,36257.34,36040.0,36130.27,1437.818921,2021-06-06 02:59:59.999000+00:00,51977237.92885274,29582,653.25779,23616274.32286381,0
2021-06-06 03:00:00+00:00,36130.26,36220.0,35807.88,35989.67,2237.260658,2021-06-06 03:59:59.999000+00:00,80471296.55418415,38921,926.122057,33316793.01759453,0
2021-06-06 04:00:00+00:00,35988.56,36200.0,35949.28,36080.0,1477.199976,2021-06-06 04:59:59.999000+00:00,53296321.81973294,27597,757.934209,27348063.79584744,0
2021-06-06 05:00:00+00:00,36083.1,36251.99,35995.2,36236.65,1362.03154,2021-06-06 05:59:59.999000+00:00,49199424.73585699,26009,652.493016,23572381.35107901,0
2021-06-06 06:00:00+00:00,36236.66,36480.0,35701.04,35853.21,2675.890817,2021-06-06 06:59:59.999000+00:00,96482006.67678411,54980,1345.521452,48555626.30833813,0
2021-06-06 07:00:00+00:00,35851.36,36185.0,35830.03,36132.57,1543.498432,2021-06-06 07:59:59.999000+00:00,55605725.57167601,33921,842.60314,30353041.53279524,0
2021-06-06 08:00:00+00:00,36132.52,36350.0,35967.85,36308.52,1919.382942,2021-06-06 08:59:59.999000+00:00,69415702.30534603,43162,996.096479,36032720.34194831,0
2021-06-06 09:00:00+00:00,36306.97,36414.55,36129.15,36166.27,1613.187078,2021-06-06 09:59:59.999000+00:00,58476411.80764159,41546,678.6585,24604932.14625564,0
2021-06-06 10:00:00+00:00,36166.27,36217.17,35830.0,36015.69,2041.272248,2021-06-06 10:59:59.999000+00:00,73499251.39549518,47935,928.185406,33425940.98446835,0
2021-06-06 11:00:00+00:00,36015.69,36152.0,35800.93,35868.13,1627.820547,2021-06-06 11:59:59.999000+00:00,58518254.35564315,37744,815.721463,29328411.30285344,0
2021-06-06 12:00:00+00:00,35868.12,36121.64,35800.0,35869.81,1652.086631,2021-06-06 12:59:59.999000+00:00,59400649.05669764,38487,878.511222,31590746.48372179,0
2021-06-06 13:00:00+00:00,35869.8,36013.26,35550.0,35639.03,2353.645149,2021-06-06 13:59:59.999000+00:00,84121972.72649382,49329,1117.340913,39935530.08969467,0
2021-06-06 14:00:00+00:00,35639.03,36218.0,35450.0,36111.03,3144.469682,2021-06-06 14:59:59.999000+00:00,112474433.18962632,56794,1718.220319,61492255.12608884,0
2021-06-06 15:00:00+00:00,36111.03,36429.28,36053.0,36157.47,2323.523263,2021-06-06 15:59:59.999000+00:00,84127333.84203298,49101,1295.018951,46894854.65240355,0
2021-06-06 16:00:00+00:00,36157.47,36317.81,36112.51,36224.57,1700.256116,2021-06-06 16:59:59.999000+00:00,61574463.18407365,43354,872.95291,31613764.11120342,0
2021-06-06 17:00:00+00:00,36224.65,36227.11,35907.17,36031.27,1984.566067,2021-06-06 17:59:59.999000+00:00,71613757.61867073,48142,961.642609,34704406.37583635,0
2021-06-06 18:00:00+00:00,36031.27,36038.27,35830.07,35890.0,1562.95012,2021-06-06 18:59:59.999000+00:00,56140372.48997769,39305,726.097585,26083464.14783429,0
2021-06-06 19:00:00+00:00,35889.99,35889.99,35705.0,35747.15,1409.824964,2021-06-06 19:59:59.999000+00:00,50464571.58877654,30001,701.345138,25105217.95328569,0
2021-06-06 20:00:00+00:00,35747.14,35995.28,35581.72,35971.67,2215.940472,2021-06-06 20:59:59.999000+00:00,79301395.24099623,44221,1159.676423,41513036.81372653,0
2021-06-06 21:00:00+00:00,35971.67,35984.71,35860.0,35938.61,1420.884639,2021-06-06 21:59:59.999000+00:00,51045117.12369323,35427,665.092849,23894711.34264766,0
2021-06-06 22:00:00+00:00,35938.61,35950.0,35222.0,35554.86,3314.746947,2021-06-06 22:59:59.999000+00:00,117661332.6927484,59792,1540.698051,54681674.78490492,0
2021-06-06 23:00:00+00:00,35557.11,35878.21,35488.0,35796.31,1913.510638,2021-06-06 23:59:59.999000+00:00,68231529.86751084,34344,879.634656,31368637.7558454,0
2021-06-07 00:00:00+00:00,35796.31,36420.0,35498.62,36293.02,4014.241959,2021-06-07 00:59:59.999000+00:00,144982927.23894325,72967,2075.159063,74953528.88764869,0
2021-06-07 01:00:00+00:00,36293.03,36900.0,36164.63,36679.08,3376.762241,2021-06-07 01:59:59.999000+00:00,123187576.95076796,63176,1770.812353,64646071.31370928,0
2021-06-07 02:00:00+00:00,36679.08,36759.49,36555.0,36641.4,2047.378616,2021-06-07 02:59:59.999000+00:00,75028443.61807545,36056,942.483894,34536433.06900705,0
2021-06-07 03:00:00+00:00,36641.4,36715.0,36285.44,36392.93,2248.535262,2021-06-07 03:59:59.999000+00:00,82163827.53861932,40312,984.290724,35962833.71628569,0
2021-06-07 04:00:00+00:00,36392.94,36545.01,36209.61,36250.01,1557.902089,2021-06-07 04:59:59.999000+00:00,56630554.96357179,32911,703.872292,25588711.25018649,0
2021-06-07 05:00:00+00:00,36250.01,36427.0,35968.45,36289.33,1956.685153,2021-06-07 05:59:59.999000+00:00,70900689.47073035,38989,916.839195,33230698.20118292,0
2021-06-07 06:00:00+00:00,36289.33,36360.0,36035.55,36070.17,1991.413672,2021-06-07 06:59:59.999000+00:00,72023534.92629531,51544,859.465138,31086386.25399065,0
2021-06-07 07:00:00+00:00,36071.97,36215.75,35850.66,36139.99,2349.826657,2021-06-07 07:59:59.999000+00:00,84685081.45407656,41983,1175.601367,42372434.09959624,0
2021-06-07 08:00:00+00:00,36139.99,36314.73,35900.52,36103.26,2104.947141,2021-06-07 08:59:59.999000+00:00,75899660.61615364,42023,1070.497304,38603065.40412309,0
2021-06-07 09:00:00+00:00,36103.25,36393.52,36027.75,36269.68,3414.097362,2021-06-07 09:59:59.999000+00:00,123711251.53424416,51226,1726.757038,62575054.48135903,0
2021-06-07 10:00:00+00:00,36269.67,36591.72,36269.66,36492.35,3055.881581,2021-06-07 10:59:59.999000+00:00,111464729.13757908,57672,1541.51416,56217512.95791671,0
2021-06-07 11:00:00+00:00,36492.35,36580.0,36298.29,36376.47,1750.251616,2021-06-07 11:59:59.999000+00:00,63801402.66486023,39491,799.825068,29161727.47352802,0
2021-06-07 12:00:00+00:00,36376.47,36777.47,36241.6,36611.31,2793.979523,2021-06-07 12:59:59.999000+00:00,102093222.29573046,55626,1437.594943,52534613.53725334,0
2021-06-07 13:00:00+00:00,36611.31,36726.0,36257.56,36315.49,2447.685035,2021-06-07 13:59:59.999000+00:00,89358900.74238761,52773,1130.428365,41277160.00503293,0
2021-06-07 14:00:00+00:00,36315.5,36316.51,35860.5,36054.96,4113.468993,2021-06-07 14:59:59.999000+00:00,148326878.6372069,70934,1885.126607,67978304.0393349,0
2021-06-07 15:00:00+00:00,36054.96,36143.46,35950.0,36035.51,1564.360753,2021-06-07 15:59:59.999000+00:00,56374001.33461792,40419,800.432246,28848221.72236593,0
2021-06-07 16:00:00+00:00,36035.35,36079.63,35688.92,35793.35,2913.039382,2021-06-07 16:59:59.999000+00:00,104485174.38384312,57047,1449.53882,51995230.27770054,0
2021-06-07 17:00:00+00:00,35793.36,35916.84,35575.0,35725.12,2633.342931,2021-06-07 17:59:59.999000+00:00,94035219.10631004,61718,1338.812217,47810818.45499411,0
2021-06-07 18:00:00+00:00,35725.12,35777.0,35400.0,35486.9,2789.006593,2021-06-07 18:59:59.999000+00:00,99187816.10331479,58911,1306.988018,46493575.63897507,0
2021-06-07 19:00:00+00:00,35484.57,35682.12,35328.02,35634.46,2616.997634,2021-06-07 19:59:59.999000+00:00,92859959.85340042,54766,1279.044805,45386935.07115591,0
2021-06-07 20:00:00+00:00,35634.45,35744.52,34000.08,34440.43,8750.144376,2021-06-07 20:59:59.999000+00:00,304152995.181896,151017,3315.340634,115368476.926833,0
2021-06-07 21:00:00+00:00,34440.44,34647.58,33563.4,34113.35,7836.220911,2021-06-07 21:59:59.999000+00:00,267197679.93632615,179816,3682.450758,125601701.21884096,0
2021-06-07 22:00:00+00:00,34113.66,34291.54,33905.55,34147.92,3330.645468,2021-06-07 22:59:59.999000+00:00,113571838.81859633,68651,1531.201958,52214778.36296088,0
2021-06-07 23:00:00+00:00,34147.92,34182.8,33300.0,33552.79,5918.137625,2021-06-07 23:59:59.999000+00:00,199550235.20636705,112232,2707.483619,91313339.34466454,0
2021-06-08 00:00:00+00:00,33556.96,34068.01,33340.0,33670.35,7752.349081,2021-06-08 00:59:59.999000+00:00,261257048.18827865,113394,4307.117776,145145332.8069183,0
2021-06-08 01:00:00+00:00,33669.79,33961.9,33553.39,33776.06,3102.17465,2021-06-08 01:59:59.999000+00:00,104623164.29534388,56783,1376.176515,46417371.26169372,0
2021-06-08 02:00:00+00:00,33776.06,33886.21,32351.0,32709.92,9712.075496,2021-06-08 02:59:59.999000+00:00,320643831.0583077,163395,4057.863864,134046982.70977,0
2021-06-08 03:00:00+00:00,32709.92,32887.82,32424.32,32817.09,6571.652986,2021-06-08 03:59:59.999000+00:00,214806834.80234528,110753,3168.433678,103550097.40752412,0
2021-06-08 04:00:00+00:00,32817.09,33155.0,32660.0,32840.38,4227.435963,2021-06-08 04:59:59.999000+00:00,139140672.2445821,77579,1958.849722,64476825.55690686,0
2021-06-08 05:00:00+00:00,32840.39,32986.4,32481.83,32892.95,4182.810042,2021-06-08 05:59:59.999000+00:00,137085766.68681264,71724,1938.369013,63536547.83092577,0
2021-06-08 06:00:00+00:00,32892.95,32945.0,32537.54,32596.49,2934.497913,2021-06-08 06:59:59.999000+00:00,96046445.49314617,55088,1336.70939,43749657.77080294,0
2021-06-08 07:00:00+00:00,32596.49,33246.09,32123.0,32966.7,6805.536932,2021-06-08 07:59:59.999000+00:00,223071269.65412575,112325,3281.815984,107650699.12371735,0
2021-06-08 08:00:00+00:00,32966.7,33373.01,32859.97,32912.25,4529.950734,2021-06-08 08:59:59.999000+00:00,150202772.98991293,81148,2181.036856,72322023.64549205,0
2021-06-08 09:00:00+00:00,32912.2,32970.18,32666.65,32813.52,3784.332542,2021-06-08 09:59:59.999000+00:00,124246681.7357286,59977,1915.96452,62911186.5212605,0
2021-06-08 10:00:00+00:00,32813.51,33188.77,32651.52,32805.07,4434.176311,2021-06-08 10:59:59.999000+00:00,145715148.60930985,66491,2447.927503,80422224.90650806,0
2021-06-08 11:00:00+00:00,32805.07,33247.25,32695.33,33089.99,3718.698122,2021-06-08 11:59:59.999000+00:00,122569729.28070442,59126,1996.502974,65813978.57835644,0
2021-06-08 12:00:00+00:00,33084.43,33179.23,32810.7,32882.06,2399.625682,2021-06-08 12:59:59.999000+00:00,79152082.41263975,47425,1135.386306,37454945.71849201,0
2021-06-08 13:00:00+00:00,32882.06,32952.24,32364.93,32383.8,4139.345669,2021-06-08 13:59:59.999000+00:00,135270504.83835983,70679,1972.573363,64476655.11962796,0
2021-06-08 14:00:00+00:00,32383.8,32530.02,31428.63,31769.41,11267.834619,2021-06-08 14:59:59.999000+00:00,359237305.840511,179884,5239.055981,167023286.9682123,0
2021-06-08 15:00:00+00:00,31769.42,31839.98,31000.0,31705.24,10762.994851,2021-06-08 15:59:59.999000+00:00,338197704.96645004,171299,5015.394097,157741187.57678503,0
2021-06-08 16:00:00+00:00,31705.25,32378.36,31563.52,32174.17,6657.563975,2021-06-08 16:59:59.999000+00:00,213546124.73994157,109928,3425.902806,109890090.79357478,0
2021-06-08 17:00:00+00:00,32174.17,32210.52,31851.85,32156.31,3170.233084,2021-06-08 17:59:59.999000+00:00,101565123.67300728,58828,1644.524429,52688040.1795273,0
2021-06-08 18:00:00+00:00,32157.97,32782.69,32053.91,32735.9,4963.573958,2021-06-08 18:59:59.999000+00:00,161007233.06263775,83619,2639.531491,85622770.8375863,0
2021-06-08 19:00:00+00:00,32735.9,32999.35,32589.24,32864.18,3884.369199,2021-06-08 19:59:59.999000+00:00,127293991.3971461,63513,1840.29304,60315080.33708456,0
2021-06-08 20:00:00+00:00,32864.19,33841.98,32661.95,33596.12,5955.165172,2021-06-08 20:59:59.999000+00:00,198040842.46468675,101734,3165.658517,105297587.38728356,0
2021-06-08 21:00:00+00:00,33596.15,33781.65,33260.56,33451.46,3935.237252,2021-06-08 21:59:59.999000+00:00,131979585.9980748,73523,1994.568987,66883146.33039794,0
2021-06-08 22:00:00+00:00,33456.2,33795.84,33343.88,33437.9,2250.438206,2021-06-08 22:59:59.999000+00:00,75465494.2136552,48403,1064.988121,35718126.91435026,0
2021-06-08 23:00:00+00:00,33437.91,33646.98,33280.19,33380.81,2109.116598,2021-06-08 23:59:59.999000+00:00,70618965.963976,38267,991.345268,33201001.28640006,0
2021-06-09 00:00:00+00:00,33380.8,33540.47,32858.68,32886.11,3656.210678,2021-06-09 00:59:59.999000+00:00,120943773.8167292,68609,1705.021172,56401382.78806113,0
2021-06-09 01:00:00+00:00,32886.11,33049.99,32441.4,32510.73,2920.949523,2021-06-09 01:59:59.999000+00:00,95788173.52790181,51074,1367.235543,44844336.5237694,0
2021-06-09 02:00:00+00:00,32510.73,33248.9,32396.82,32870.77,3740.133883,2021-06-09 02:59:59.999000+00:00,122550733.10770652,63688,1787.827364,58582145.69727022,0
2021-06-09 03:00:00+00:00,32870.77,33100.0,32610.73,32863.07,3054.194549,2021-06-09 03:59:59.999000+00:00,100448325.11729588,48409,1494.871515,49151958.47349174,0
2021-06-09 04:00:00+00:00,32862.25,32985.89,32536.49,32967.6,2887.155355,2021-06-09 04:59:59.999000+00:00,94572485.4665099,51698,1384.952849,45367969.79340757,0
2021-06-09 05:00:00+00:00,32969.02,33784.85,32900.01,33502.57,5609.195734,2021-06-09 05:59:59.999000+00:00,187661359.1749514,85093,3218.703903,107714301.5894656,0
2021-06-09 06:00:00+00:00,33502.57,34360.0,33423.2,34203.9,7580.074294,2021-06-09 06:59:59.999000+00:00,256832901.13936517,114254,3897.048273,132043998.86503978,0
2021-06-09 07:00:00+00:00,34203.89,34512.95,34080.0,34169.05,6543.907816,2021-06-09 07:59:59.999000+00:00,224280521.9655584,101595,3138.491386,107581782.93233944,0
2021-06-09 08:00:00+00:00,34168.11,34299.03,33808.0,34056.25,4863.509494,2021-06-09 08:59:59.999000+00:00,165463840.4538428,76852,2294.989528,78099580.51632975,0
2021-06-09 09:00:00+00:00,34056.25,34385.0,33967.68,33999.48,4508.544055,2021-06-09 09:59:59.999000+00:00,154193402.0238983,68650,2261.262297,77334310.28765707,0
2021-06-09 10:00:00+00:00,33999.48,34730.0,33925.6,34477.15,5187.114595,2021-06-09 10:59:59.999000+00:00,178453465.1240006,82974,2816.319335,96879269.07168289,0
2021-06-09 11:00:00+00:00,34476.8,35045.55,34352.37,34972.42,6329.577646,2021-06-09 11:59:59.999000+00:00,219799424.7593037,115905,3043.955858,105692835.58415398,0
2021-06-09 12:00:00+00:00,34972.42,35450.0,34830.0,34891.62,8640.940624,2021-06-09 12:59:59.999000+00:00,303346171.80692035,200259,4232.209837,148603614.20171896,0
2021-06-09 13:00:00+00:00,34891.62,35199.61,34769.2,35082.33,5085.257265,2021-06-09 13:59:59.999000+00:00,177660608.7141551,113701,2576.817407,90038103.45282842,0
2021-06-09 14:00:00+00:00,35087.22,35369.79,34512.94,34672.51,7815.092664,2021-06-09 14:59:59.999000+00:00,273606707.2056829,117362,3824.330173,133906410.97520933,0
2021-06-09 15:00:00+00:00,34672.52,36736.0,34658.97,36357.11,17365.212501,2021-06-09 15:59:59.999000+00:00,627867794.8847764,289421,8909.263148,321847631.3515101,0
2021-06-09 16:00:00+00:00,36356.42,36699.0,36070.05,36488.03,7745.256902,2021-06-09 16:59:59.999000+00:00,281865645.48708826,203236,4074.404408,148297940.90069503,0
2021-06-09 17:00:00+00:00,36488.02,37000.0,36263.16,36536.51,6431.360713,2021-06-09 17:59:59.999000+00:00,235297892.0886412,148746,3430.9317,125596798.63412765,0
2021-06-09 18:00:00+00:00,36536.51,36798.9,35816.0,35886.37,6223.894958,2021-06-09 18:59:59.999000+00:00,225333789.3460576,101315,2845.617093,103065779.61763889,0
2021-06-09 19:00:00+00:00,35886.37,36435.35,35650.16,36260.45,4818.232787,2021-06-09 19:59:59.999000+00:00,173570154.67273232,153714,2333.179883,84076571.41259009,0
2021-06-09 20:00:00+00:00,36260.45,36506.86,36112.0,36368.19,2979.201869,2021-06-09 20:59:59.999000+00:00,108140591.82753883,95365,1505.03546,54635794.37712454,0
2021-06-09 21:00:00+00:00,36368.19,36763.0,36180.0,36635.7,2960.872866,2021-06-09 21:59:59.999000+00:00,108080757.90101647,66211,1566.146435,57198820.49101209,0
2021-06-09 22:00:00+00:00,36641.21,37353.56,36507.0,37098.53,4960.255467,2021-06-09 22:59:59.999000+00:00,183529711.73499888,99293,2677.29694,99076255.38183796,0
2021-06-09 23:00:00+00:00,37098.31,37534.79,36960.0,37388.05,4701.451279,2021-06-09 23:59:59.999000+00:00,175453443.09215125,84055,2404.377758,89752082.16696855,0
2021-06-10 00:00:00+00:00,37388.05,37666.11,36853.95,36948.32,5776.297141,2021-06-10 00:59:59.999000+00:00,214712214.2290792,94603,2752.877165,102324371.77193405,0
2021-06-10 01:00:00+00:00,36952.95,37349.99,36875.22,36876.21,2963.903363,2021-06-10 01:59:59.999000+00:00,109950691.4657533,56160,1225.622812,45481757.55904614,0
2021-06-10 02:00:00+00:00,36878.53,37120.0,36751.07,37114.25,2832.603283,2021-06-10 02:59:59.999000+00:00,104590149.1773434,49606,1453.948622,53694936.62020853,0
2021-06-10 03:00:00+00:00,37114.25,37450.0,36931.01,36959.69,3533.405561,2021-06-10 03:59:59.999000+00:00,131502671.96286416,101317,1755.615723,65352056.80709275,0
2021-06-10 04:00:00+00:00,36959.7,37220.99,36646.46,36797.0,3518.811673,2021-06-10 04:59:59.999000+00:00,129841717.06669804,57887,1447.067246,53393581.13472575,0
2021-06-10 05:00:00+00:00,36797.0,36969.59,36500.0,36827.57,3302.400575,2021-06-10 05:59:59.999000+00:00,121271173.72299089,58891,1599.131179,58734571.01737616,0
2021-06-10 06:00:00+00:00,36827.58,37050.0,36552.45,36761.01,2804.696603,2021-06-10 06:59:59.999000+00:00,103105316.94691068,103949,1434.945387,52759266.56574664,0
2021-06-10 07:00:00+00:00,36761.0,36998.51,36632.43,36962.14,2424.440608,2021-06-10 07:59:59.999000+00:00,89278959.0098612,45461,1286.352054,47371073.64831283,0
2021-06-10 08:00:00+00:00,36962.12,36962.12,36315.0,36408.86,4869.223984,2021-06-10 08:59:59.999000+00:00,178182241.3929642,96299,2216.268924,81103039.44468345,0
2021-06-10 09:00:00+00:00,36408.85,37574.76,36242.57,37427.94,7892.203147,2021-06-10 09:59:59.999000+00:00,291838653.8975124,154071,4304.453043,159150731.54469144,0
2021-06-10 10:00:00+00:00,37427.94,38491.0,37306.39,37839.3,12696.361031,2021-06-10 10:59:59.999000+00:00,483092671.1921663,205257,6205.814861,236154494.3553089,0
2021-06-10 11:00:00+00:00,37839.31,38176.07,37680.08,37818.54,4379.997507,2021-06-10 11:59:59.999000+00:00,166010754.9121541,103897,2273.582932,86179065.66845834,0
2021-06-10 12:00:00+00:00,37819.27,37965.91,37369.79,37771.9,5763.185061,2021-06-10 12:59:59.999000+00:00,217051786.2902636,92537,2870.838386,108141185.60929696,0
2021-06-10 13:00:00+00:00,37771.9,37916.56,37472.09,37859.8,3426.356562,2021-06-10 13:59:59.999000+00:00,129157601.3813142,88635,1786.824961,67364876.13367803,0
2021-06-10 14:00:00+00:00,37859.81,38198.23,36766.0,37008.46,9235.078119,2021-06-10 14:59:59.999000+00:00,344834345.119247,144732,4443.606195,166044425.15114576,0
2021-06-10 15:00:00+00:00,37008.46,37235.52,36612.0,36896.75,4890.457936,2021-06-10 15:59:59.999000+00:00,180679696.55518863,137867,2503.797171,92519485.307997,0
2021-06-10 16:00:00+00:00,36896.65,37150.0,36660.0,36802.03,4132.332184,2021-06-10 16:59:59.999000+00:00,152223166.4830212,83176,2116.869586,77982881.60607632,0
2021-06-10 17:00:00+00:00,36802.04,36902.89,36100.0,36442.2,5503.668684,2021-06-10 17:59:59.999000+00:00,200918340.6786081,111443,2601.524083,94975096.86517528,0
2021-06-10 18:00:00+00:00,36443.5,36848.0,36418.12,36754.07,3125.340731,2021-06-10 18:59:59.999000+00:00,114491384.6842867,53698,1604.95629,58799546.75901884,0
2021-06-10 19:00:00+00:00,36754.06,36866.24,36338.23,36675.09,3034.650032,2021-06-10 19:59:59.999000+00:00,111047138.61888668,77999,1324.200538,48458365.49293672,0
2021-06-10 20:00:00+00:00,36675.1,36699.32,35782.0,36475.95,6105.679181,2021-06-10 20:59:59.999000+00:00,220662176.189142,140576,2844.558852,102850140.32955368,0
2021-06-10 21:00:00+00:00,36475.94,36753.9,36150.0,36695.75,2685.494769,2021-06-10 21:59:59.999000+00:00,98047533.41580884,58496,1349.349712,49278501.20243248,0
2021-06-10 22:00:00+00:00,36695.79,37088.0,36575.56,36826.79,2684.89587,2021-06-10 22:59:59.999000+00:00,98820008.26522388,75982,1322.055631,48669965.11916703,0
2021-06-10 23:00:00+00:00,36826.8,36999.41,36580.8,36675.72,1945.801338,2021-06-10 23:59:59.999000+00:00,71646769.70701136,38891,915.162669,33702663.50365163,0
2021-06-11 00:00:00+00:00,36677.83,37300.0,36311.4,36421.28,4451.818871,2021-06-11 00:59:59.999000+00:00,163585538.7165442,86770,2165.895984,79634474.1978642,0
2021-06-11 01:00:00+00:00,36417.88,36508.76,35936.77,36293.53,3205.042436,2021-06-11 01:59:59.999000+00:00,116132972.33017996,61427,1429.990512,51827213.3734186,0
2021-06-11 02:00:00+00:00,36293.53,36366.99,35956.68,36350.84,2393.8223,2021-06-11 02:59:59.999000+00:00,86583432.77220428,46073,1155.210669,41794018.55987461,0
2021-06-11 03:00:00+00:00,36350.84,36925.0,36323.94,36754.4,3543.061907,2021-06-11 03:59:59.999000+00:00,129958843.3299566,85884,1788.509756,65598871.43239958,0
2021-06-11 04:00:00+00:00,36754.41,37164.17,36642.38,37044.01,3134.392521,2021-06-11 04:59:59.999000+00:00,115575119.75034422,53048,1584.690032,58457751.23135949,0
2021-06-11 05:00:00+00:00,37044.01,37435.0,36888.88,37007.12,4155.9372,2021-06-11 05:59:59.999000+00:00,154472730.38198328,68599,2117.640376,78710009.3300892,0
2021-06-11 06:00:00+00:00,37007.14,37047.68,36450.0,36509.33,2799.301115,2021-06-11 06:59:59.999000+00:00,102859425.85657018,57671,1281.728861,47100710.53107906,0
2021-06-11 07:00:00+00:00,36509.33,37197.22,36390.32,37147.55,3842.098704,2021-06-11 07:59:59.999000+00:00,141629440.07396615,118282,1958.626432,72181244.0463426,0
2021-06-11 08:00:00+00:00,37147.56,37340.0,36921.0,37029.99,3564.887878,2021-06-11 08:59:59.999000+00:00,132287875.56105313,79979,1760.082235,65324437.75663608,0
2021-06-11 09:00:00+00:00,37029.99,37486.5,36928.28,37053.74,3833.66048,2021-06-11 09:59:59.999000+00:00,142505239.8956787,79196,1967.970018,73165471.36999224,0
2021-06-11 10:00:00+00:00,37053.74,37680.4,37033.37,37475.83,4531.257334,2021-06-11 10:59:59.999000+00:00,169657016.05226827,137055,2573.024614,96349246.79828116,0
2021-06-11 11:00:00+00:00,37472.68,37559.0,37169.11,37378.82,2545.857222,2021-06-11 11:59:59.999000+00:00,95110318.37244406,58067,1305.299914,48770200.25661701,0
2021-06-11 12:00:00+00:00,37378.82,37494.37,36975.0,37308.28,2793.636769,2021-06-11 12:59:59.999000+00:00,103947134.88886765,58435,1411.314644,52523704.00664684,0
2021-06-11 13:00:00+00:00,37308.29,37589.0,37308.29,37448.24,2895.517809,2021-06-11 13:59:59.999000+00:00,108453316.9873435,58758,1662.655685,62278778.58946326,0
2021-06-11 14:00:00+00:00,37450.11,37509.99,37125.08,37261.48,2704.462218,2021-06-11 14:59:59.999000+00:00,100834467.5612063,50787,1316.834957,49102267.78561101,0
2021-06-11 15:00:00+00:00,37261.49,37273.24,36747.62,36818.41,3889.254078,2021-06-11 15:59:59.999000+00:00,143645593.9989197,70356,1784.161229,65899225.45912331,0
2021-06-11 16:00:00+00:00,36818.42,36976.27,36511.52,36652.33,3710.944352,2021-06-11 16:59:59.999000+00:00,136257897.82374433,73068,1796.820699,65994796.03296838,0
2021-06-11 17:00:00+00:00,36653.66,36969.52,36576.81,36909.44,2743.659448,2021-06-11 17:59:59.999000+00:00,101020031.73928943,52633,1485.768579,54697962.96861252,0
2021-06-11 18:00:00+00:00,36911.59,37253.0,36745.76,37176.73,3044.439002,2021-06-11 18:59:59.999000+00:00,112483761.5670965,59809,1520.967819,56209449.05614684,0
2021-06-11 19:00:00+00:00,37176.73,37419.01,37070.0,37246.77,2830.30078,2021-06-11 19:59:59.999000+00:00,105390319.3761748,88692,1479.966002,55118006.20267618,0
2021-06-11 20:00:00+00:00,37246.76,37477.0,37137.73,37137.73,2571.401585,2021-06-11 20:59:59.999000+00:00,95933519.75409365,84374,1243.32403,46392521.96552482,0
2021-06-11 21:00:00+00:00,37143.49,37319.04,36745.0,36898.68,2825.245877,2021-06-11 21:59:59.999000+00:00,104551135.2786317,68351,1342.390584,49690527.76504477,0
2021-06-11 22:00:00+00:00,36901.01,37498.58,36832.5,37350.69,3442.377197,2021-06-11 22:59:59.999000+00:00,128149096.41187441,75930,1805.048897,67210425.88489096,0
2021-06-11 23:00:00+00:00,37350.69,37415.75,36941.0,37331.98,3013.628217,2021-06-11 23:59:59.999000+00:00,112019414.82963695,54401,1468.796696,54588118.67618092,0
2021-06-12 00:00:00+00:00,37331.98,37463.63,36972.96,37064.84,3959.955136,2021-06-12 00:59:59.999000+00:00,147199419.72639766,60127,1983.408261,73729608.54491068,0
2021-06-12 01:00:00+00:00,37058.11,37133.12,36162.0,36228.43,6178.165914,2021-06-12 01:59:59.999000+00:00,225615411.3709573,88380,2799.336436,102217121.34687985,0
2021-06-12 02:00:00+00:00,36228.43,36376.43,35400.0,35528.73,9728.814536,2021-06-12 02:59:59.999000+00:00,349073634.4476837,156487,4840.187205,173662952.63955128,0
2021-06-12 03:00:00+00:00,35528.73,35892.59,35277.0,35571.19,4610.929134,2021-06-12 03:59:59.999000+00:00,164088189.8085221,78666,2385.605277,84907191.75974882,0
2021-06-12 04:00:00+00:00,35572.84,35726.68,35106.35,35238.37,4352.291569,2021-06-12 04:59:59.999000+00:00,153943283.00658485,71074,2190.392705,77513393.31017706,0
2021-06-12 05:00:00+00:00,35238.37,35490.0,35000.0,35166.69,3933.392922,2021-06-12 05:59:59.999000+00:00,138603585.51875675,62083,1845.526878,65066171.39291016,0
2021-06-12 06:00:00+00:00,35166.69,35385.01,35095.82,35324.36,2531.747968,2021-06-12 06:59:59.999000+00:00,89233042.0679233,43754,1290.755975,45500791.62859123,0
2021-06-12 07:00:00+00:00,35324.36,35666.56,35234.01,35289.06,4575.560144,2021-06-12 07:59:59.999000+00:00,162143534.94133303,66189,2080.950432,73744035.00115874,0
2021-06-12 08:00:00+00:00,35289.06,35425.0,35108.0,35170.35,2541.491529,2021-06-12 08:59:59.999000+00:00,89599541.83394937,45796,1147.746813,40469069.61324146,0
2021-06-12 09:00:00+00:00,35170.35,35395.0,35031.27,35238.54,2981.303079,2021-06-12 09:59:59.999000+00:00,105004532.78445671,52880,1241.541164,43737609.77773556,0
2021-06-12 10:00:00+00:00,35238.55,35900.0,34600.36,35666.15,9178.866353,2021-06-12 10:59:59.999000+00:00,323525222.8528256,149997,4597.047762,162142338.32019305,0
2021-06-12 11:00:00+00:00,35666.15,35712.52,35397.0,35596.7,3308.649847,2021-06-12 11:59:59.999000+00:00,117670082.11939932,91116,1531.308957,54461700.74571128,0
2021-06-12 12:00:00+00:00,35597.5,36238.0,35506.94,36044.35,5674.022901,2021-06-12 12:59:59.999000+00:00,203580699.91210765,125944,2788.585453,100049215.07015906,0
2021-06-12 13:00:00+00:00,36044.36,36092.76,35837.97,35986.72,2506.897533,2021-06-12 13:59:59.999000+00:00,90114853.7241146,54305,1097.281041,39434140.50396798,0
2021-06-12 14:00:00+00:00,35986.72,36009.24,35473.42,35660.37,2679.084549,2021-06-12 14:59:59.999000+00:00,95573470.7726382,51492,1153.217829,41137949.81245331,0
2021-06-12 15:00:00+00:00,35660.38,35843.12,35315.0,35384.96,3388.775216,2021-06-12 15:59:59.999000+00:00,120439943.65542968,87622,1755.269273,62384171.19368383,0
2021-06-12 16:00:00+00:00,35384.96,35600.0,35300.0,35522.35,2855.570123,2021-06-12 16:59:59.999000+00:00,101286512.51664317,69286,1419.94621,50360751.84030669,0
2021-06-12 17:00:00+00:00,35522.36,35809.52,35390.0,35718.94,2078.23869,2021-06-12 17:59:59.999000+00:00,74025376.04498617,85974,1128.489386,40203193.40181545,0
2021-06-12 18:00:00+00:00,35718.95,35997.67,35652.0,35892.62,1899.54949,2021-06-12 18:59:59.999000+00:00,68094381.81379183,71150,990.209254,35500406.13118895,0
2021-06-12 19:00:00+00:00,35892.63,35947.43,35685.0,35730.0,1529.739571,2021-06-12 19:59:59.999000+00:00,54784399.7296461,61337,700.334742,25078848.63253644,0
2021-06-12 20:00:00+00:00,35730.01,36143.93,35730.01,35994.49,2060.573294,2021-06-12 20:59:59.999000+00:00,74136069.89463416,41987,1164.478278,41896780.59438385,0
2021-06-12 21:00:00+00:00,35994.5,36042.16,35763.3,35817.2,1578.759173,2021-06-12 21:59:59.999000+00:00,56674956.13637004,36794,725.631575,26049914.69305665,0
2021-06-12 22:00:00+00:00,35817.19,35998.97,35529.42,35693.62,2105.28636,2021-06-12 22:59:59.999000+00:00,75188617.17290473,37546,1043.169491,37257316.94822167,0
2021-06-12 23:00:00+00:00,35693.62,35868.38,35420.32,35546.11,1479.884959,2021-06-12 23:59:59.999000+00:00,52788564.68545779,29664,670.784916,23928061.39732594,0
2021-06-13 00:00:00+00:00,35546.12,35777.77,35342.14,35712.36,2028.40821,2021-06-13 00:59:59.999000+00:00,72039175.3374077,47185,971.890851,34524796.58337373,0
2021-06-13 01:00:00+00:00,35712.07,35926.96,35664.38,35785.05,1466.105731,2021-06-13 01:59:59.999000+00:00,52467530.58874479,29488,761.413647,27250628.67944156,0
2021-06-13 02:00:00+00:00,35785.04,35849.98,35404.26,35464.48,2066.853983,2021-06-13 02:59:59.999000+00:00,73557743.73363802,31643,874.500325,31121879.77295714,0
2021-06-13 03:00:00+00:00,35464.49,35472.78,34816.02,34867.8,4149.965608,2021-06-13 03:59:59.999000+00:00,145608293.2508474,62417,1889.800298,66306964.97343155,0
2021-06-13 04:00:00+00:00,34867.81,35262.0,34757.0,35187.99,2458.409046,2021-06-13 04:59:59.999000+00:00,86020396.566237,39546,1225.146076,42868402.6080562,0
2021-06-13 05:00:00+00:00,35188.0,35214.29,34834.25,34981.48,1883.089653,2021-06-13 05:59:59.999000+00:00,65937636.48330551,39397,900.106197,31518712.35821806,0
2021-06-13 06:00:00+00:00,34981.48,35411.43,34887.01,35378.25,2620.542496,2021-06-13 06:59:59.999000+00:00,92050133.25556277,43296,1387.001515,48724134.41553254,0
2021-06-13 07:00:00+00:00,35378.25,35499.86,35242.75,35280.02,1949.466721,2021-06-13 07:59:59.999000+00:00,68898581.18684246,38705,1037.486354,36667659.3114408,0
2021-06-13 08:00:00+00:00,35282.02,35772.38,35171.55,35629.65,2773.14651,2021-06-13 08:59:59.999000+00:00,98400780.17055796,47240,1451.300919,51481496.85910657,0
2021-06-13 09:00:00+00:00,35629.64,35899.54,35500.0,35832.98,2340.545724,2021-06-13 09:59:59.999000+00:00,83457927.6490417,40401,1144.296943,40812506.19515652,0
2021-06-13 10:00:00+00:00,35835.62,36098.14,35710.0,35970.51,3029.807449,2021-06-13 10:59:59.999000+00:00,108698314.5015208,51075,1627.501161,58399924.01560793,0
2021-06-13 11:00:00+00:00,35970.52,36099.0,35738.37,35904.03,2557.828665,2021-06-13 11:59:59.999000+00:00,91877215.6019803,41886,1316.697303,47309401.61463089,0
2021-06-13 12:00:00+00:00,35904.02,36150.0,35787.36,35886.14,2947.010971,2021-06-13 12:59:59.999000+00:00,106066594.04422008,85765,1655.743238,59618765.75353286,0
2021-06-13 13:00:00+00:00,35886.15,36084.12,35771.58,35879.99,2095.35756,2021-06-13 13:59:59.999000+00:00,75327051.08956623,76418,1078.197619,38765673.00245551,0
2021-06-13 14:00:00+00:00,35880.0,36019.23,35670.0,35761.3,2347.419719,2021-06-13 14:59:59.999000+00:00,84100977.80314557,77002,1135.49813,40685464.50132473,0
2021-06-13 15:00:00+00:00,35757.25,36076.64,35725.12,36034.97,2015.910325,2021-06-13 15:59:59.999000+00:00,72439127.11080329,38809,961.423955,34547153.32012707,0
2021-06-13 16:00:00+00:00,36034.96,37197.86,35970.0,37029.57,9069.669932,2021-06-13 16:59:59.999000+00:00,333359427.2227443,185565,5143.139184,188931797.85183927,0
2021-06-13 17:00:00+00:00,37029.57,37489.75,36848.22,37300.0,5284.281645,2021-06-13 17:59:59.999000+00:00,196411709.09842995,137003,2767.830113,102919346.23851146,0
2021-06-13 18:00:00+00:00,37300.0,37628.23,37260.0,37493.87,4330.328356,2021-06-13 18:59:59.999000+00:00,162094682.68261844,121424,2248.174272,84160098.57142177,0
2021-06-13 19:00:00+00:00,37493.87,37750.14,37270.0,37650.0,3380.327877,2021-06-13 19:59:59.999000+00:00,126762057.5853859,118600,1705.170602,63962083.50126343,0
2021-06-13 20:00:00+00:00,37650.0,39380.0,37636.18,39250.0,15118.027888,2021-06-13 20:59:59.999000+00:00,584721456.1901048,259890,8809.823577,340612677.36167586,0
2021-06-13 21:00:00+00:00,39249.99,39300.0,38790.0,38899.51,4590.976808,2021-06-13 21:59:59.999000+00:00,179113702.84948945,155740,2215.213079,86424613.52911729,0
2021-06-13 22:00:00+00:00,38899.52,39079.9,38700.0,38875.66,3787.53104,2021-06-13 22:59:59.999000+00:00,147267433.66273323,71359,1941.135817,75481993.43351962,0
2021-06-13 23:00:00+00:00,38873.24,39177.38,38725.01,39020.57,2630.013638,2021-06-13 23:59:59.999000+00:00,102313573.97275248,54249,1426.782441,55515183.95995997,0
2021-06-14 00:00:00+00:00,39020.56,39252.0,38770.0,39122.18,4283.751167,2021-06-14 00:59:59.999000+00:00,167205629.00823966,73866,2134.56323,83299522.13605493,0
2021-06-14 01:00:00+00:00,39122.19,39800.0,38938.55,39176.62,8242.993046,2021-06-14 01:59:59.999000+00:00,324536549.9361792,128889,4717.222377,185807162.5071948,0
2021-06-14 02:00:00+00:00,39176.61,39299.91,38850.66,38977.75,3462.87719,2021-06-14 02:59:59.999000+00:00,135136756.63696736,53541,1751.257317,68337910.53023612,0
2021-06-14 03:00:00+00:00,38979.45,39081.63,38730.0,38975.14,3025.919183,2021-06-14 03:59:59.999000+00:00,117688221.196598,50300,1421.805897,55303911.77405058,0
2021-06-14 04:00:00+00:00,38975.14,39360.0,38782.34,39258.44,2743.098314,2021-06-14 04:59:59.999000+00:00,107315276.09103511,56781,1384.823464,54175457.70005472,0
2021-06-14 05:00:00+00:00,39258.43,39603.13,39120.0,39403.78,3494.417099,2021-06-14 05:59:59.999000+00:00,137629498.1715191,103815,1807.738222,71214997.57097484,0
2021-06-14 06:00:00+00:00,39403.79,39700.0,39162.98,39609.26,3769.140551,2021-06-14 06:59:59.999000+00:00,148540691.48221177,67402,1949.071368,76825417.8740206,0
2021-06-14 07:00:00+00:00,39609.25,39677.0,39440.0,39555.24,2633.202222,2021-06-14 07:59:59.999000+00:00,104150814.50165926,55614,1308.267186,51747640.65763736,0
2021-06-14 08:00:00+00:00,39555.25,39629.01,38820.0,39008.27,4391.336512,2021-06-14 08:59:59.999000+00:00,172092207.46000192,120938,1980.553784,77602688.00433058,0
2021-06-14 09:00:00+00:00,39008.25,39500.0,38967.72,39097.0,4401.605963,2021-06-14 09:59:59.999000+00:00,172735683.45009455,70731,1786.276474,70025387.323785,0
2021-06-14 10:00:00+00:00,39097.0,39400.0,39034.0,39325.02,2575.085827,2021-06-14 10:59:59.999000+00:00,101034163.21838573,49816,1287.914483,50524483.4053042,0
2021-06-14 11:00:00+00:00,39325.02,39449.25,39126.8,39166.33,2113.867934,2021-06-14 11:59:59.999000+00:00,82951040.74641372,44269,971.250307,38117903.63876069,0
2021-06-14 12:00:00+00:00,39166.33,39635.88,39040.0,39590.87,4534.473256,2021-06-14 12:59:59.999000+00:00,178404137.41985506,70487,2241.202643,88215868.94365807,0
2021-06-14 13:00:00+00:00,39590.87,40826.32,39525.74,40538.24,14027.733301,2021-06-14 13:59:59.999000+00:00,566333710.6381638,266818,7484.936347,301817144.54967046,0
2021-06-14 14:00:00+00:00,40537.59,41064.05,40400.0,40543.46,9144.159184,2021-06-14 14:59:59.999000+00:00,372929955.2254652,183290,4128.715063,168389502.89543223,0
2021-06-14 15:00:00+00:00,40543.46,40740.03,40430.32,40685.37,4563.009518,2021-06-14 15:59:59.999000+00:00,185233112.1854262,82734,2345.450343,95209481.1992131,0
2021-06-14 16:00:00+00:00,40685.37,40740.03,39813.0,40159.97,8344.285601,2021-06-14 16:59:59.999000+00:00,335617053.15765005,150942,3892.184606,156610854.44329453,0
2021-06-14 17:00:00+00:00,40159.97,40319.75,39950.45,40217.39,3483.882868,2021-06-14 17:59:59.999000+00:00,139847319.909536,71766,1779.671212,71441889.1834839,0
2021-06-14 18:00:00+00:00,40217.39,40277.55,39657.0,39732.81,3507.586321,2021-06-14 18:59:59.999000+00:00,140094013.03906676,66337,1580.029002,63107920.83302214,0
2021-06-14 19:00:00+00:00,39732.82,39850.0,39323.1,39716.06,4610.072215,2021-06-14 19:59:59.999000+00:00,182472075.20342827,89232,2218.007142,87796090.23613943,0
2021-06-14 20:00:00+00:00,39716.06,39958.87,39602.0,39820.97,2537.330216,2021-06-14 20:59:59.999000+00:00,100949324.451703,90879,1332.045253,53003972.54241705,0
2021-06-14 21:00:00+00:00,39820.97,40340.62,39820.97,40270.0,3470.773715,2021-06-14 21:59:59.999000+00:00,139308674.27280465,86171,1661.767312,66688057.67447021,0
2021-06-14 22:00:00+00:00,40270.0,40400.0,40031.36,40166.21,2324.436796,2021-06-14 22:59:59.999000+00:00,93471948.44649252,98905,1155.964803,46486582.06195825,0
2021-06-14 23:00:00+00:00,40166.21,40605.87,40085.69,40516.29,2837.35395,2021-06-14 23:59:59.999000+00:00,114629790.9164927,51566,1325.190909,53536064.93534153,0
2021-06-15 00:00:00+00:00,40516.28,40900.0,40169.51,40355.88,4690.099098,2021-06-15 00:59:59.999000+00:00,190167748.488434,86711,2230.864376,90477089.57658808,0
2021-06-15 01:00:00+00:00,40355.89,40459.62,39856.6,39922.03,2292.4422,2021-06-15 01:59:59.999000+00:00,92020838.56698073,89783,1045.444701,41977717.79915146,0
2021-06-15 02:00:00+00:00,39922.03,40391.64,39887.7,40256.41,2772.674299,2021-06-15 02:59:59.999000+00:00,111427874.04132056,48540,1213.685399,48759027.52389539,0
2021-06-15 03:00:00+00:00,40256.41,40600.0,40252.12,40404.86,2349.578858,2021-06-15 03:59:59.999000+00:00,95033998.37350275,55427,1242.177952,50238203.99996142,0
2021-06-15 04:00:00+00:00,40403.13,40580.0,40285.71,40504.71,2149.46465,2021-06-15 04:59:59.999000+00:00,86954741.32992178,75395,984.497153,39827462.37708649,0
2021-06-15 05:00:00+00:00,40504.71,40535.96,40204.2,40331.07,2181.597397,2021-06-15 05:59:59.999000+00:00,88017842.59859148,46774,969.579972,39121781.59473222,0
2021-06-15 06:00:00+00:00,40331.07,40512.49,40211.69,40282.94,2407.842521,2021-06-15 06:59:59.999000+00:00,97203069.8358532,46720,1164.820677,47025358.95297771,0
2021-06-15 07:00:00+00:00,40282.94,40373.73,40100.0,40365.74,2182.770641,2021-06-15 07:59:59.999000+00:00,87826112.13542596,45975,1014.044019,40810112.43532553,0
2021-06-15 08:00:00+00:00,40367.41,40400.0,39654.0,39798.22,4429.045293,2021-06-15 08:59:59.999000+00:00,177235430.5820883,79173,1999.940215,80010850.69912507,0
2021-06-15 09:00:00+00:00,39798.22,40232.0,39531.0,40099.58,4084.271794,2021-06-15 09:59:59.999000+00:00,162891162.7447128,108698,2061.681562,82249837.39513451,0
2021-06-15 10:00:00+00:00,40099.58,40200.0,39882.03,39916.68,2238.938649,2021-06-15 10:59:59.999000+00:00,89547286.21300279,99589,1070.501816,42817680.49708317,0
2021-06-15 11:00:00+00:00,39916.67,40100.0,39672.86,39839.9,3110.926409,2021-06-15 11:59:59.999000+00:00,124113163.20750268,95241,1506.772261,60124647.61387139,0
2021-06-15 12:00:00+00:00,39839.9,40450.0,39751.31,40417.84,3657.512151,2021-06-15 12:59:59.999000+00:00,146783214.12607983,101075,1954.542295,78472258.79296975,0
2021-06-15 13:00:00+00:00,40419.86,40423.08,40145.97,40280.32,2759.684484,2021-06-15 13:59:59.999000+00:00,111076014.2346449,116020,1370.381536,55160165.27316156,0
2021-06-15 14:00:00+00:00,40280.32,40333.08,39856.84,40001.88,3425.480129,2021-06-15 14:59:59.999000+00:00,137156527.95569497,86642,1680.620361,67290945.55583997,0
2021-06-15 15:00:00+00:00,40000.32,40089.75,39720.0,40065.01,2827.40413,2021-06-15 15:59:59.999000+00:00,112879762.55927064,73005,1481.021392,59132877.94761348,0
2021-06-15 16:00:00+00:00,40065.01,40278.0,39986.4,40182.26,2449.928641,2021-06-15 16:59:59.999000+00:00,98324755.93080416,53675,1312.258584,52669410.32689093,0
2021-06-15 17:00:00+00:00,40182.26,40786.0,40127.66,40702.95,4706.620522,2021-06-15 17:59:59.999000+00:00,190273639.10500243,80465,2691.704565,108876521.55842166,0
2021-06-15 18:00:00+00:00,40703.04,41330.0,40502.0,40598.57,8830.738266,2021-06-15 18:59:59.999000+00:00,362257566.10396653,158456,4216.460047,173048654.09705257,0
2021-06-15 19:00:00+00:00,40598.57,40724.35,39768.0,39958.01,6525.458496,2021-06-15 19:59:59.999000+00:00,262252631.27358425,105125,3081.209951,123826135.6963348,0
2021-06-15 20:00:00+00:00,39957.76,40219.61,39506.4,39950.2,5041.559971,2021-06-15 20:59:59.999000+00:00,201048064.76212975,119369,2432.344265,96991743.65770248,0
2021-06-15 21:00:00+00:00,39950.21,40103.57,39841.58,39963.48,1677.090392,2021-06-15 21:59:59.999000+00:00,67062718.56094696,40763,832.905268,33308597.68055489,0
2021-06-15 22:00:00+00:00,39966.0,40200.95,39958.41,40126.46,1938.057396,2021-06-15 22:59:59.999000+00:00,77730324.33991271,46080,944.140966,37865841.52724936,0
2021-06-15 23:00:00+00:00,40126.45,40365.27,40080.48,40144.04,1950.436451,2021-06-15 23:59:59.999000+00:00,78462226.55803542,73189,927.230393,37298643.23668901,0
2021-06-16 00:00:00+00:00,40143.8,40154.34,39810.0,39880.03,2171.628738,2021-06-16 00:59:59.999000+00:00,86909884.09691815,69726,1026.723673,41099610.78158742,0
2021-06-16 01:00:00+00:00,39880.04,40099.46,39610.0,40089.63,2152.358915,2021-06-16 01:59:59.999000+00:00,85780984.16165295,51351,1108.194489,44181560.77506115,0
2021-06-16 02:00:00+00:00,40089.63,40181.95,39890.0,40045.22,1358.461901,2021-06-16 02:59:59.999000+00:00,54437728.02116502,29892,706.568582,28319146.97399141,0
2021-06-16 03:00:00+00:00,40045.22,40099.0,39824.28,40013.63,1514.025079,2021-06-16 03:59:59.999000+00:00,60465459.04738318,76747,686.751392,27433463.929012,0
2021-06-16 04:00:00+00:00,40013.64,40441.25,39840.0,40272.77,4245.205011,2021-06-16 04:59:59.999000+00:00,170708533.0407072,76681,2170.458932,87242140.796586,0
2021-06-16 05:00:00+00:00,40272.77,40368.68,40150.06,40251.31,2959.242417,2021-06-16 05:59:59.999000+00:00,119149992.45749408,84022,1662.148129,66923760.28246207,0
2021-06-16 06:00:00+00:00,40251.3,40527.14,40178.8,40392.23,3982.023584,2021-06-16 06:59:59.999000+00:00,160736075.12216014,97388,1748.596333,70577321.77215794,0
2021-06-16 07:00:00+00:00,40392.22,40462.78,40041.0,40126.87,3478.073172,2021-06-16 07:59:59.999000+00:00,140059857.86734143,155338,1401.981454,56454858.333068,0
2021-06-16 08:00:00+00:00,40126.87,40260.14,39900.0,40040.85,2656.841431,2021-06-16 08:59:59.999000+00:00,106486843.65472032,123014,1230.403903,49311981.85528252,0
2021-06-16 09:00:00+00:00,40042.92,40178.85,39880.0,39952.7,2432.485443,2021-06-16 09:59:59.999000+00:00,97291629.50797915,41179,1372.588557,54884864.65175292,0
2021-06-16 10:00:00+00:00,39952.71,40063.88,39666.0,39756.43,3002.966953,2021-06-16 10:59:59.999000+00:00,119662645.93034177,96030,1309.352366,52175703.24675849,0
2021-06-16 11:00:00+00:00,39756.43,39776.68,38877.46,39080.01,8069.54265,2021-06-16 11:59:59.999000+00:00,316338194.72096264,210238,3692.778503,144785464.4087692,0
2021-06-16 12:00:00+00:00,39080.01,39195.0,38870.0,39063.55,4778.102751,2021-06-16 12:59:59.999000+00:00,186388815.97117168,88083,2702.679641,105410096.6818576,0
2021-06-16 13:00:00+00:00,39063.56,39504.99,38957.56,39229.39,4262.115042,2021-06-16 13:59:59.999000+00:00,167120903.22551844,133132,2272.748609,89128805.9377397,0
2021-06-16 14:00:00+00:00,39229.4,39368.74,38711.0,38843.75,3413.903857,2021-06-16 14:59:59.999000+00:00,133360321.50533225,100976,1642.263065,64197475.57596833,0
2021-06-16 15:00:00+00:00,38843.74,38999.36,38565.0,38775.66,4009.456389,2021-06-16 15:59:59.999000+00:00,155312227.78094316,111601,1920.856985,74413641.67446022,0
2021-06-16 16:00:00+00:00,38775.66,39311.74,38415.0,38668.03,5843.136851,2021-06-16 16:59:59.999000+00:00,227512662.97594,98905,2744.570064,106932192.84136245,0
2021-06-16 17:00:00+00:00,38668.04,39240.0,38526.88,39170.46,3234.276787,2021-06-16 17:59:59.999000+00:00,125632012.77019364,64236,1576.872578,61270169.20930195,0
2021-06-16 18:00:00+00:00,39170.64,39735.52,38301.68,38709.35,10585.702664,2021-06-16 18:59:59.999000+00:00,411120978.6178465,168597,5109.855152,198646810.07483044,0
2021-06-16 19:00:00+00:00,38709.35,39091.17,38650.0,38680.11,3451.608813,2021-06-16 19:59:59.999000+00:00,134071403.43815686,59253,1561.354763,60663734.12867943,0
2021-06-16 20:00:00+00:00,38680.1,38885.46,38450.48,38534.96,2480.406766,2021-06-16 20:59:59.999000+00:00,95800592.52434453,53307,1087.63329,42013296.97265625,0
2021-06-16 21:00:00+00:00,38534.96,38888.88,38423.01,38766.72,1940.170365,2021-06-16 21:59:59.999000+00:00,75021705.81719436,45593,881.187636,34070267.06680074,0
2021-06-16 22:00:00+00:00,38766.09,38925.0,38518.95,38558.24,2576.292655,2021-06-16 22:59:59.999000+00:00,99678745.94706286,40686,1218.477295,47147455.83556057,0
2021-06-16 23:00:00+00:00,38558.24,38586.28,38116.01,38349.01,3173.948703,2021-06-16 23:59:59.999000+00:00,121507843.39805332,58922,1302.19686,49851851.01731476,0
2021-06-17 00:00:00+00:00,38349.0,38659.31,38213.23,38624.13,2618.787348,2021-06-17 00:59:59.999000+00:00,100812461.51796108,48526,1241.986087,47816178.05500749,0
2021-06-17 01:00:00+00:00,38624.13,38795.0,38541.1,38653.66,1863.230007,2021-06-17 01:59:59.999000+00:00,72032478.12873201,35581,861.348849,33301647.65147939,0
2021-06-17 02:00:00+00:00,38654.06,38863.15,38620.42,38705.35,2220.671541,2021-06-17 02:59:59.999000+00:00,86096393.06448568,38412,980.715604,38024296.71274831,0
2021-06-17 03:00:00+00:00,38707.19,38978.75,38704.78,38865.05,2282.467383,2021-06-17 03:59:59.999000+00:00,88684262.89993346,73894,930.441963,36152027.01884973,0
2021-06-17 04:00:00+00:00,38865.05,39095.36,38755.13,38802.73,2622.164454,2021-06-17 04:59:59.999000+00:00,102113651.87812737,43285,1173.578528,45701846.10639792,0
2021-06-17 05:00:00+00:00,38801.06,38879.99,38644.4,38709.99,2284.626254,2021-06-17 05:59:59.999000+00:00,88592101.13966598,81821,1018.634599,39500640.53477387,0
2021-06-17 06:00:00+00:00,38709.98,39294.73,38709.98,39245.38,3239.784468,2021-06-17 06:59:59.999000+00:00,126566215.39110728,59885,1707.912216,66721225.51216818,0
2021-06-17 07:00:00+00:00,39245.39,39400.0,39119.99,39207.36,3248.155824,2021-06-17 07:59:59.999000+00:00,127642533.06802212,57774,1531.032086,60172242.6868393,0
2021-06-17 08:00:00+00:00,39208.67,39417.5,39057.27,39276.72,3279.543696,2021-06-17 08:59:59.999000+00:00,128712308.83833236,90398,1587.457608,62316307.71169214,0
2021-06-17 09:00:00+00:00,39276.72,39559.88,39144.0,39493.92,2824.472408,2021-06-17 09:59:59.999000+00:00,111132511.54316404,50636,1523.171127,59944677.01480477,0
2021-06-17 10:00:00+00:00,39493.92,39541.96,39205.51,39257.26,2305.274968,2021-06-17 10:59:59.999000+00:00,90795812.9971586,87280,1143.442987,45037819.98120005,0
2021-06-17 11:00:00+00:00,39257.26,39325.0,39105.51,39146.36,2437.906354,2021-06-17 11:59:59.999000+00:00,95591111.72749378,53163,1271.705262,49864875.9884627,0
2021-06-17 12:00:00+00:00,39148.26,39195.9,38607.28,38782.92,5898.231023,2021-06-17 12:59:59.999000+00:00,229174600.20897412,89775,2869.560311,111493372.68319036,0
2021-06-17 13:00:00+00:00,38782.93,38868.0,38630.0,38711.43,2768.926347,2021-06-17 13:59:59.999000+00:00,107315344.76609908,52561,1368.622655,53043619.78340806,0
2021-06-17 14:00:00+00:00,38710.29,38960.0,38411.39,38899.98,4435.581419,2021-06-17 14:59:59.999000+00:00,171556077.32907927,73192,2232.101759,86338323.62858394,0
2021-06-17 15:00:00+00:00,38899.98,39150.0,38773.0,39007.91,2858.357801,2021-06-17 15:59:59.999000+00:00,111299740.74392496,50991,1439.969429,56071970.45363159,0
2021-06-17 16:00:00+00:00,39008.01,39111.56,38262.3,38508.51,5154.308737,2021-06-17 16:59:59.999000+00:00,199024937.42194152,130425,2422.951591,93527201.06038326,0
2021-06-17 17:00:00+00:00,38508.5,38552.87,37600.0,37695.13,8561.366064,2021-06-17 17:59:59.999000+00:00,324784280.80518776,138689,3604.857751,136743697.7114168,0
2021-06-17 18:00:00+00:00,37695.12,37910.0,37505.0,37749.76,4763.763311,2021-06-17 18:59:59.999000+00:00,179721523.381445,91930,2187.019708,82535688.7346803,0
2021-06-17 19:00:00+00:00,37749.75,37928.42,37642.25,37702.53,3121.293961,2021-06-17 19:59:59.999000+00:00,117867584.02273792,61199,1588.953667,60005326.40562194,0
2021-06-17 20:00:00+00:00,37702.53,37872.92,37365.0,37755.66,3996.384188,2021-06-17 20:59:59.999000+00:00,150339813.9673074,71007,1823.674731,68613795.26798025,0
2021-06-17 21:00:00+00:00,37755.28,37839.13,37519.99,37740.4,1873.107258,2021-06-17 21:59:59.999000+00:00,70563754.76496904,44136,870.163147,32780286.64108887,0
2021-06-17 22:00:00+00:00,37740.4,37968.48,37615.74,37954.49,2019.20789,2021-06-17 22:59:59.999000+00:00,76251151.7778962,45399,1066.255937,40274242.80061813,0
2021-06-17 23:00:00+00:00,37954.5,38258.0,37831.5,38092.97,2863.694415,2021-06-17 23:59:59.999000+00:00,108951878.65614,50251,1491.255071,56748366.9707982,0
2021-06-18 00:00:00+00:00,38092.97,38202.84,37562.72,37675.5,2355.453973,2021-06-18 00:59:59.999000+00:00,89418254.56417935,67418,984.588076,37382990.26175305,0
2021-06-18 01:00:00+00:00,37675.51,37799.99,37492.9,37649.38,2136.233723,2021-06-18 01:59:59.999000+00:00,80449856.48438928,53278,976.807764,36797135.03037645,0
2021-06-18 02:00:00+00:00,37649.39,37910.51,37213.0,37779.69,4169.906037,2021-06-18 02:59:59.999000+00:00,156489136.44893998,80734,1868.767985,70135044.78351073,0
2021-06-18 03:00:00+00:00,37779.71,38035.72,37737.02,37926.79,2524.507392,2021-06-18 03:59:59.999000+00:00,95585855.41470742,80614,1254.317495,47489592.36004446,0
2021-06-18 04:00:00+00:00,37926.78,38148.11,37792.37,37920.85,2242.027423,2021-06-18 04:59:59.999000+00:00,85086998.7316971,43701,1114.669819,42301004.62321401,0
2021-06-18 05:00:00+00:00,37920.85,38107.37,37513.55,37605.64,3509.387662,2021-06-18 05:59:59.999000+00:00,132796344.88638224,46681,1497.646016,56652402.96535364,0
2021-06-18 06:00:00+00:00,37606.58,37744.85,37377.0,37453.9,2797.878039,2021-06-18 06:59:59.999000+00:00,105025118.87627038,55728,1362.431655,51135741.77925259,0
2021-06-18 07:00:00+00:00,37453.89,37819.9,37450.02,37715.03,2262.783363,2021-06-18 07:59:59.999000+00:00,85286053.78837842,39694,1114.470845,42000161.57347272,0
2021-06-18 08:00:00+00:00,37715.04,37966.98,37565.07,37877.98,2307.912228,2021-06-18 08:59:59.999000+00:00,87345233.49282093,46003,1132.217699,42854302.61740963,0
2021-06-18 09:00:00+00:00,37877.99,37918.96,37451.12,37511.99,2847.845337,2021-06-18 09:59:59.999000+00:00,107228526.39045294,70715,1226.821345,46195752.32675491,0
2021-06-18 10:00:00+00:00,37512.0,37864.56,37063.8,37836.94,6629.719023,2021-06-18 10:59:59.999000+00:00,248182732.46198884,97660,3544.213794,132676239.44787814,0
2021-06-18 11:00:00+00:00,37836.94,38029.99,37660.38,37821.95,3338.641446,2021-06-18 11:59:59.999000+00:00,126335821.14051639,53237,1656.076296,62668877.33640995,0
2021-06-18 12:00:00+00:00,37818.57,37948.55,37307.28,37433.91,3933.803845,2021-06-18 12:59:59.999000+00:00,147584639.80665043,66174,1730.958658,64950583.84926848,0
2021-06-18 13:00:00+00:00,37433.92,37646.49,37019.0,37207.88,6133.604445,2021-06-18 13:59:59.999000+00:00,228304339.68496323,134049,2854.810057,106287178.28934649,0
2021-06-18 14:00:00+00:00,37204.32,37299.0,36500.0,36670.39,8891.990512,2021-06-18 14:59:59.999000+00:00,326844311.9935615,132908,4052.732379,148933214.3630256,0
2021-06-18 15:00:00+00:00,36670.39,36842.66,36278.5,36355.1,5262.802823,2021-06-18 15:59:59.999000+00:00,192250221.8399825,140377,2604.874237,95178456.45197085,0
2021-06-18 16:00:00+00:00,36355.97,36818.44,36266.0,36591.75,4805.237077,2021-06-18 16:59:59.999000+00:00,175492392.08315116,84092,2589.264705,94594648.54162936,0
2021-06-18 17:00:00+00:00,36591.75,36606.52,36200.34,36219.11,3586.868283,2021-06-18 17:59:59.999000+00:00,130409395.85934828,63598,1721.070572,62580490.13018904,0
2021-06-18 18:00:00+00:00,36219.12,36361.13,35129.29,35289.53,9879.694524,2021-06-18 18:59:59.999000+00:00,352855655.88754314,157740,4183.358622,149400944.4762605,0
2021-06-18 19:00:00+00:00,35289.52,35759.32,35180.71,35327.24,4698.288039,2021-06-18 19:59:59.999000+00:00,166490898.799265,78021,2266.766995,80337510.83255886,0
2021-06-18 20:00:00+00:00,35323.65,35866.32,35232.26,35497.97,4229.155551,2021-06-18 20:59:59.999000+00:00,150579808.36539897,76605,1852.385237,65943486.04167547,0
2021-06-18 21:00:00+00:00,35497.97,35734.18,35372.36,35650.01,2515.57029,2021-06-18 21:59:59.999000+00:00,89452712.95427088,57204,1214.70959,43196371.65827739,0
2021-06-18 22:00:00+00:00,35650.02,35664.28,35332.01,35620.18,1730.286803,2021-06-18 22:59:59.999000+00:00,61390246.53898169,35338,812.740899,28837173.63133866,0
2021-06-18 23:00:00+00:00,35620.18,35928.39,35388.24,35819.84,2438.445097,2021-06-18 23:59:59.999000+00:00,86983569.81236258,47684,1207.735827,43084338.0158458,0
2021-06-19 00:00:00+00:00,35820.48,35937.05,35640.44,35744.1,2064.277675,2021-06-19 00:59:59.999000+00:00,73847225.42127539,46854,930.757614,33292684.25008225,0
2021-06-19 01:00:00+00:00,35744.1,36297.3,35713.26,36110.43,2852.705182,2021-06-19 01:59:59.999000+00:00,102988251.89962023,53287,1462.676885,52803309.12843079,0
2021-06-19 02:00:00+00:00,36110.42,36226.21,35428.0,35491.18,2715.064697,2021-06-19 02:59:59.999000+00:00,97085144.05702075,49457,1164.26545,41633359.49615858,0
2021-06-19 03:00:00+00:00,35491.18,35569.02,34803.52,35103.44,6532.100782,2021-06-19 03:59:59.999000+00:00,229430695.84821945,94765,2998.728494,105351103.7901167,0
2021-06-19 04:00:00+00:00,35103.44,35562.59,34961.39,35185.51,4282.344892,2021-06-19 04:59:59.999000+00:00,150483456.01112357,60643,1899.744354,66786885.60800568,0
2021-06-19 05:00:00+00:00,35185.48,35562.07,35185.48,35521.21,2671.808031,2021-06-19 05:59:59.999000+00:00,94591639.7933696,49038,1373.399876,48626904.55435858,0
2021-06-19 06:00:00+00:00,35521.21,35873.9,35450.0,35773.58,3246.497558,2021-06-19 06:59:59.999000+00:00,115727228.54382108,67326,1643.388536,58588444.26804284,0
2021-06-19 07:00:00+00:00,35773.58,35846.02,35437.5,35785.96,2378.306055,2021-06-19 07:59:59.999000+00:00,84761997.15204516,56980,1235.167661,44013177.63121916,0
2021-06-19 08:00:00+00:00,35785.95,35950.0,35588.24,35797.45,2360.38441,2021-06-19 08:59:59.999000+00:00,84465547.3268908,38924,1140.095762,40807839.5159539,0
2021-06-19 09:00:00+00:00,35797.46,35912.99,35565.76,35646.61,2168.103234,2021-06-19 09:59:59.999000+00:00,77474667.4282303,36416,1014.268947,36243415.11057908,0
2021-06-19 10:00:00+00:00,35646.63,35897.11,35561.81,35699.65,2277.879187,2021-06-19 10:59:59.999000+00:00,81327143.34277643,42582,1224.908267,43728949.44897826,0
2021-06-19 11:00:00+00:00,35699.65,35995.0,35699.64,35940.22,2172.625112,2021-06-19 11:59:59.999000+00:00,77956967.04292552,37937,1061.201663,38074358.09430901,0
2021-06-19 12:00:00+00:00,35940.22,36457.0,35621.59,35743.01,5888.093666,2021-06-19 12:59:59.999000+00:00,212352399.5585604,87557,2987.982414,107763905.06054164,0
2021-06-19 13:00:00+00:00,35743.02,35911.12,35550.0,35769.31,2555.06511,2021-06-19 13:59:59.999000+00:00,91373888.40507749,43464,1288.634836,46079383.52090229,0
2021-06-19 14:00:00+00:00,35769.31,36300.0,35766.6,36242.68,3897.427612,2021-06-19 14:59:59.999000+00:00,140524330.91033757,58617,2179.650082,78582999.28017253,0
2021-06-19 15:00:00+00:00,36241.56,36350.0,35850.0,36114.85,2666.6446,2021-06-19 15:59:59.999000+00:00,96204947.32897088,46483,1326.731825,47873136.38348765,0
2021-06-19 16:00:00+00:00,36114.85,36210.0,35778.31,35889.28,2460.590265,2021-06-19 16:59:59.999000+00:00,88417412.519817,40386,1230.845834,44233051.90921223,0
2021-06-19 17:00:00+00:00,35889.28,35919.81,35634.56,35765.5,2326.926619,2021-06-19 17:59:59.999000+00:00,83208867.63846307,42879,1022.279968,36548863.01217748,0
2021-06-19 18:00:00+00:00,35765.5,35765.5,35360.08,35509.89,3217.016456,2021-06-19 18:59:59.999000+00:00,114282112.43905649,60168,1573.521215,55885611.81132184,0
2021-06-19 19:00:00+00:00,35509.89,36039.28,35496.84,35943.65,2371.385519,2021-06-19 19:59:59.999000+00:00,84898330.00568295,47689,1337.037231,47860040.46985998,0
2021-06-19 20:00:00+00:00,35943.65,36200.0,35711.89,36104.15,2671.366087,2021-06-19 20:59:59.999000+00:00,96106426.09099476,42736,1380.894348,49688374.48909591,0
2021-06-19 21:00:00+00:00,36101.33,36148.07,35834.54,35858.95,1291.821836,2021-06-19 21:59:59.999000+00:00,46525816.67489594,33794,641.95402,23120884.58317503,0
2021-06-19 22:00:00+00:00,35858.95,35889.82,35525.0,35557.01,1671.856636,2021-06-19 22:59:59.999000+00:00,59646619.8948181,35762,732.033768,26121252.78917634,0
2021-06-19 23:00:00+00:00,35557.01,35817.05,35394.75,35483.72,1972.15824,2021-06-19 23:59:59.999000+00:00,70136419.44317663,38534,938.124295,33374547.55935998,0
2021-06-20 00:00:00+00:00,35483.72,35668.53,35119.21,35383.66,2796.431949,2021-06-20 00:59:59.999000+00:00,98800769.61301593,54060,1322.235256,46728320.547198,0
2021-06-20 01:00:00+00:00,35383.66,35800.0,35331.02,35636.58,1997.740564,2021-06-20 01:59:59.999000+00:00,71165043.14244154,33293,1043.911005,37188071.58566997,0
2021-06-20 02:00:00+00:00,35635.04,35636.65,35278.08,35597.46,1725.807171,2021-06-20 02:59:59.999000+00:00,61160073.79618351,30979,780.784527,27673762.27906931,0
2021-06-20 03:00:00+00:00,35596.99,35769.84,35454.93,35527.24,1540.754005,2021-06-20 03:59:59.999000+00:00,54868965.08398225,29045,749.328659,26687666.15632606,0
2021-06-20 04:00:00+00:00,35527.25,35891.41,35442.0,35801.46,2057.113992,2021-06-20 04:59:59.999000+00:00,73402552.94322427,34776,1085.336992,38732704.31153765,0
2021-06-20 05:00:00+00:00,35801.45,35922.0,35699.67,35724.54,1405.510632,2021-06-20 05:59:59.999000+00:00,50320792.6473395,23838,724.11211,25935756.74051872,0
2021-06-20 06:00:00+00:00,35724.54,35760.26,35478.13,35508.22,1334.842881,2021-06-20 06:59:59.999000+00:00,47530721.07859356,27208,632.961774,22540530.52442659,0
2021-06-20 07:00:00+00:00,35507.81,35666.29,35363.02,35637.71,2500.975121,2021-06-20 07:59:59.999000+00:00,88769078.11723623,37329,1347.196996,47824455.2754854,0
2021-06-20 08:00:00+00:00,35637.72,35693.88,35277.55,35334.72,2111.350627,2021-06-20 08:59:59.999000+00:00,74831617.96096663,34802,969.527105,34374960.71667563,0
2021-06-20 09:00:00+00:00,35332.31,35396.82,34868.84,34986.43,4693.535881,2021-06-20 09:59:59.999000+00:00,164837311.6877343,59033,2102.287067,73865184.76704434,0
2021-06-20 10:00:00+00:00,34986.43,35011.19,33724.48,34086.81,11875.857759,2021-06-20 10:59:59.999000+00:00,406409385.5447773,182561,5229.613921,178913463.605661,0
2021-06-20 11:00:00+00:00,34086.8,34270.85,33750.0,33872.9,5623.446224,2021-06-20 11:59:59.999000+00:00,191126163.3238321,85613,2677.928601,91040047.01296704,0
2021-06-20 12:00:00+00:00,33870.56,34013.24,33336.0,33922.17,8988.609279,2021-06-20 12:59:59.999000+00:00,302339393.9494657,124726,4543.048277,152833149.4595456,0
2021-06-20 13:00:00+00:00,33922.17,34289.0,33823.94,33906.55,4737.365117,2021-06-20 13:59:59.999000+00:00,161197995.2268383,73738,2301.54036,78335122.9844686,0
2021-06-20 14:00:00+00:00,33906.55,34332.37,33703.79,34316.81,4753.697128,2021-06-20 14:59:59.999000+00:00,162051028.67853487,101917,2381.303414,81205110.83174957,0
2021-06-20 15:00:00+00:00,34318.16,34666.0,34303.52,34422.71,5257.568142,2021-06-20 15:59:59.999000+00:00,181259706.49786815,150042,2656.898826,91588311.99377397,0
2021-06-20 16:00:00+00:00,34422.11,34688.0,34289.0,34577.99,3089.908744,2021-06-20 16:59:59.999000+00:00,106660403.38165568,80179,1576.626025,54433995.95353435,0
2021-06-20 17:00:00+00:00,34578.0,34794.07,34422.06,34575.99,2704.948118,2021-06-20 17:59:59.999000+00:00,93667363.26047046,51849,1203.181397,41669567.05108588,0
2021-06-20 18:00:00+00:00,34575.1,34991.01,34568.33,34940.45,2467.299582,2021-06-20 18:59:59.999000+00:00,85875378.78188433,57536,1304.971636,45423445.82495316,0
2021-06-20 19:00:00+00:00,34940.45,35700.92,34836.9,35502.82,5173.271357,2021-06-20 19:59:59.999000+00:00,182541982.10031584,110611,2681.44786,94610419.95325622,0
2021-06-20 20:00:00+00:00,35502.83,36137.72,35380.0,35822.37,5917.223794,2021-06-20 20:59:59.999000+00:00,211936658.63720953,127542,3295.735141,118059956.01940227,0
2021-06-20 21:00:00+00:00,35822.36,35900.0,35500.0,35542.52,3082.556277,2021-06-20 21:59:59.999000+00:00,109955112.20855089,69855,1542.626253,55029613.95563776,0
2021-06-20 22:00:00+00:00,35542.52,35790.0,35391.24,35650.1,2292.838545,2021-06-20 22:59:59.999000+00:00,81636068.00103323,54751,1239.357425,44128615.63831702,0
2021-06-20 23:00:00+00:00,35650.1,35727.94,35460.0,35600.16,1749.517961,2021-06-20 23:59:59.999000+00:00,62290771.17760657,56588,802.10676,28562822.30460775,0
2021-06-21 00:00:00+00:00,35600.17,35750.0,35230.87,35575.15,2575.715748,2021-06-21 00:59:59.999000+00:00,91282308.8900609,98982,1292.796551,45824062.02030584,0
2021-06-21 01:00:00+00:00,35575.16,35641.76,35206.23,35290.86,2255.672382,2021-06-21 01:59:59.999000+00:00,79794716.17248279,93023,1095.691574,38762619.89688733,0
2021-06-21 02:00:00+00:00,35292.06,35464.84,34866.0,35141.67,3947.564172,2021-06-21 02:59:59.999000+00:00,138779558.2519742,78564,1714.962288,60301857.65065684,0
2021-06-21 03:00:00+00:00,35141.67,35143.13,34566.82,34649.63,3269.227788,2021-06-21 03:59:59.999000+00:00,113911068.22045109,50246,1541.414652,53699670.29342579,0
2021-06-21 04:00:00+00:00,34651.86,34725.82,33658.5,34243.89,8703.418497,2021-06-21 04:59:59.999000+00:00,297182464.4922698,121149,3972.554659,135608347.98185623,0
2021-06-21 05:00:00+00:00,34243.9,34512.95,33779.0,34445.35,5135.368354,2021-06-21 05:59:59.999000+00:00,175511348.85912678,80476,2685.92957,91818804.2891276,0
2021-06-21 06:00:00+00:00,34445.35,34600.0,32266.0,32776.44,15660.872337,2021-06-21 06:59:59.999000+00:00,518932817.5437284,238069,7091.961416,234967459.0430701,0
2021-06-21 07:00:00+00:00,32776.44,33220.4,32612.68,33025.5,8863.79292,2021-06-21 07:59:59.999000+00:00,291590366.22514486,124133,4433.540971,145863858.451075,0
2021-06-21 08:00:00+00:00,33025.5,33440.39,32773.92,32891.59,6785.068233,2021-06-21 08:59:59.999000+00:00,224461160.9008784,92787,3073.171407,101686279.65000884,0
2021-06-21 09:00:00+00:00,32891.58,33577.12,32083.22,33163.08,14824.490539,2021-06-21 09:59:59.999000+00:00,487045365.5760962,215545,7387.844827,242853354.30693185,0
2021-06-21 10:00:00+00:00,33163.07,33270.67,32232.0,32360.0,9808.953742,2021-06-21 10:59:59.999000+00:00,320788817.0780201,144229,4557.974741,149062375.0920073,0
2021-06-21 11:00:00+00:00,32355.06,32769.99,31710.0,32520.56,15452.411803,2021-06-21 11:59:59.999000+00:00,497293231.5126973,215457,7609.44426,245019594.6359313,0
2021-06-21 12:00:00+00:00,32530.68,32821.47,32127.1,32285.19,8111.582037,2021-06-21 12:59:59.999000+00:00,263299221.03079864,110950,3949.71205,128226539.12540089,0
2021-06-21 13:00:00+00:00,32285.18,33166.0,31927.91,33152.15,8740.644004,2021-06-21 13:59:59.999000+00:00,284727503.9758976,121780,4501.225569,146698961.03684896,0
2021-06-21 14:00:00+00:00,33152.15,33222.22,32555.0,32882.25,5283.076124,2021-06-21 14:59:59.999000+00:00,173735170.20216882,80947,2402.162434,78995061.76425104,0
2021-06-21 15:00:00+00:00,32883.64,33077.74,32353.15,32687.99,4831.25029,2021-06-21 15:59:59.999000+00:00,158063773.4703049,71320,2255.201754,73783152.32072212,0
2021-06-21 16:00:00+00:00,32685.84,33000.0,32034.52,32177.94,7086.633044,2021-06-21 16:59:59.999000+00:00,229877959.99760467,105478,3296.270123,106982240.58447582,0
2021-06-21 17:00:00+00:00,32177.87,32700.0,32100.0,32250.27,5021.157506,2021-06-21 17:59:59.999000+00:00,162438154.5394842,80400,2506.040906,81097228.91706873,0
2021-06-21 18:00:00+00:00,32250.27,32948.31,32215.7,32782.47,4039.566334,2021-06-21 18:59:59.999000+00:00,131530011.29871078,65846,2189.586853,71320527.53082389,0
2021-06-21 19:00:00+00:00,32782.46,32846.14,32263.56,32563.89,2784.605359,2021-06-21 19:59:59.999000+00:00,90580736.3775394,54848,1322.010164,43004846.07225419,0
2021-06-21 20:00:00+00:00,32563.89,32800.0,32358.23,32571.1,2573.710838,2021-06-21 20:59:59.999000+00:00,83893999.4738398,51462,1325.107904,43193172.09426703,0
2021-06-21 21:00:00+00:00,32568.71,32576.03,31330.0,31532.15,9524.623697,2021-06-21 21:59:59.999000+00:00,303464737.94435006,161623,3822.150199,121892011.51578888,0
2021-06-21 22:00:00+00:00,31532.15,32300.0,31251.23,31276.53,7942.520045,2021-06-21 22:59:59.999000+00:00,251706610.1516207,136058,4240.06551,134408488.80960152,0
2021-06-21 23:00:00+00:00,31276.53,32074.32,31274.41,31608.93,5556.947366,2021-06-21 23:59:59.999000+00:00,176034975.60281667,95621,3030.649369,95962627.10619156,0
2021-06-22 00:00:00+00:00,31614.12,31886.0,31168.0,31783.14,7622.35781,2021-06-22 00:59:59.999000+00:00,240094619.37544584,123049,3811.190311,120117550.80821006,0
2021-06-22 01:00:00+00:00,31783.14,33021.14,31780.01,32622.65,7908.419077,2021-06-22 01:59:59.999000+00:00,256856157.66932216,111975,3969.887228,128973111.1798034,0
2021-06-22 02:00:00+00:00,32622.62,32925.2,32344.89,32903.24,3932.96887,2021-06-22 02:59:59.999000+00:00,128237265.88302898,63180,1868.367101,60931322.34808126,0
2021-06-22 03:00:00+00:00,32903.24,33260.0,32655.82,33018.22,4446.068482,2021-06-22 03:59:59.999000+00:00,146478153.9497445,75562,2257.203184,74377202.09165242,0
2021-06-22 04:00:00+00:00,33018.21,33109.81,32701.03,32910.85,2622.071952,2021-06-22 04:59:59.999000+00:00,86171428.8901808,83586,1222.227156,40171098.56258394,0
2021-06-22 05:00:00+00:00,32910.84,33021.12,32479.0,32578.27,3097.905949,2021-06-22 05:59:59.999000+00:00,101273757.4101859,65963,1624.996826,53120092.5749599,0
2021-06-22 06:00:00+00:00,32578.27,32870.0,32487.43,32860.62,2638.947518,2021-06-22 06:59:59.999000+00:00,86243220.90923637,43834,1328.101407,43406743.67129342,0
2021-06-22 07:00:00+00:00,32859.61,32900.0,32553.01,32648.98,2479.888965,2021-06-22 07:59:59.999000+00:00,81108310.89596768,49863,1175.684659,38456530.70773597,0
2021-06-22 08:00:00+00:00,32647.96,32658.63,31523.0,31720.88,8340.953258,2021-06-22 08:59:59.999000+00:00,267077281.23395973,115841,3795.163863,121498527.3604061,0
2021-06-22 09:00:00+00:00,31720.87,31792.44,31200.28,31584.03,6953.911583,2021-06-22 09:59:59.999000+00:00,219132715.56880215,144231,3333.087307,105041755.68042836,0
2021-06-22 10:00:00+00:00,31585.7,32222.22,31112.0,31797.5,10272.212934,2021-06-22 10:59:59.999000+00:00,325102928.02597994,156456,5040.391323,159648075.4375202,0
2021-06-22 11:00:00+00:00,31797.5,31900.0,31200.0,31243.41,5543.173705,2021-06-22 11:59:59.999000+00:00,174445850.31370085,82887,2692.793534,84741127.5976932,0
2021-06-22 12:00:00+00:00,31236.53,31310.57,29294.08,29895.08,34147.483623,2021-06-22 12:59:59.999000+00:00,1028499500.1229575,438173,14765.77099,444189694.5023457,0
2021-06-22 13:00:00+00:00,29890.83,30150.15,28805.0,29238.99,16509.39478,2021-06-22 13:59:59.999000+00:00,486904700.76237,228713,7496.157374,221323154.473467,0
2021-06-22 14:00:00+00:00,29239.0,30840.0,29006.43,30567.93,17235.332434,2021-06-22 14:59:59.999000+00:00,514249514.1927857,216397,8407.324943,250647319.6074542,0
2021-06-22 15:00:00+00:00,30567.92,31980.0,30317.47,31708.08,18167.951563,2021-06-22 15:59:59.999000+00:00,566949749.5934684,232859,9347.015758,291836852.5618709,0
2021-06-22 16:00:00+00:00,31707.56,32818.55,31620.0,32512.02,16742.214862,2021-06-22 16:59:59.999000+00:00,539604208.8636954,253519,8772.653526,282775682.8161781,0
2021-06-22 17:00:00+00:00,32512.02,32930.0,31968.39,32750.73,7739.55314,2021-06-22 17:59:59.999000+00:00,250778751.81277865,120106,4059.725042,131647221.78888418,0
2021-06-22 18:00:00+00:00,32748.1,33298.78,32324.44,32986.4,7798.361564,2021-06-22 18:59:59.999000+00:00,256150746.9776391,121952,4189.427474,137622133.71549347,0
2021-06-22 19:00:00+00:00,32986.41,33050.0,32137.68,32404.06,5091.416218,2021-06-22 19:59:59.999000+00:00,165890636.03807533,100331,2494.700312,81289013.01318187,0
2021-06-22 20:00:00+00:00,32404.06,32987.0,32151.0,32885.09,4418.066604,2021-06-22 20:59:59.999000+00:00,144359619.9035598,74904,2096.082006,68484251.72031985,0
2021-06-22 21:00:00+00:00,32893.5,32940.0,32150.0,32471.57,3574.703597,2021-06-22 21:59:59.999000+00:00,116003135.56918085,74870,1703.150228,55258506.20202283,0
2021-06-22 22:00:00+00:00,32475.29,32719.57,32260.61,32582.56,2998.402901,2021-06-22 22:59:59.999000+00:00,97329967.2157122,72868,1628.13563,52843447.38839685,0
2021-06-22 23:00:00+00:00,32582.57,32790.71,32150.0,32509.56,3926.418373,2021-06-22 23:59:59.999000+00:00,127216975.89901102,62858,2069.945084,67064947.15709824,0
2021-06-23 00:00:00+00:00,32509.56,33850.0,31683.0,33653.33,14307.994126,2021-06-23 00:59:59.999000+00:00,469350874.73796177,187869,7070.999614,231851726.84057435,0
2021-06-23 01:00:00+00:00,33653.32,34444.0,33540.13,34007.64,9426.972069,2021-06-23 01:59:59.999000+00:00,320082718.0011777,136733,5178.373765,175827103.77290636,0
2021-06-23 02:00:00+00:00,34007.64,34187.04,33742.85,33812.11,5081.334032,2021-06-23 02:59:59.999000+00:00,172457227.0915521,117100,2560.029905,86885673.95331734,0
2021-06-23 03:00:00+00:00,33812.12,34055.88,33680.0,33966.43,3886.344337,2021-06-23 03:59:59.999000+00:00,131467313.40534484,65728,1915.124903,64801691.47875112,0
2021-06-23 04:00:00+00:00,33969.69,34286.2,33723.0,33800.0,4657.340881,2021-06-23 04:59:59.999000+00:00,158214404.03435937,67251,2493.551506,84725841.965465,0
2021-06-23 05:00:00+00:00,33800.0,34368.56,33574.11,34320.47,6246.15707,2021-06-23 05:59:59.999000+00:00,212552819.47635692,87750,2891.98698,98380366.62499948,0
2021-06-23 06:00:00+00:00,34320.47,34392.1,33770.0,33880.88,4383.60299,2021-06-23 06:59:59.999000+00:00,149345381.4933301,73186,2101.015095,71589135.9085551,0
2021-06-23 07:00:00+00:00,33880.89,34196.7,33818.57,33982.26,3153.324485,2021-06-23 07:59:59.999000+00:00,107253061.79786097,51648,1478.694915,50293864.00952222,0
2021-06-23 08:00:00+00:00,33982.26,34264.57,33717.28,33735.9,5390.489543,2021-06-23 08:59:59.999000+00:00,183480993.2286892,76464,2552.082265,86895221.75929406,0
2021-06-23 09:00:00+00:00,33735.05,34115.81,33650.21,33920.97,3962.647074,2021-06-23 09:59:59.999000+00:00,134430493.46100268,79551,1942.044073,65878981.1522751,0
2021-06-23 10:00:00+00:00,33920.97,34298.52,33833.1,34218.48,3905.422679,2021-06-23 10:59:59.999000+00:00,133098552.18219057,68617,2014.756967,68661736.12081388,0
2021-06-23 11:00:00+00:00,34218.49,34500.0,33845.0,33911.39,5083.205873,2021-06-23 11:59:59.999000+00:00,173466994.01046616,73578,2463.393536,84111742.85034102,0
2021-06-23 12:00:00+00:00,33911.4,34200.0,33850.0,34199.98,3853.67773,2021-06-23 12:59:59.999000+00:00,131172555.5327866,59354,1877.609616,63913603.74376578,0
2021-06-23 13:00:00+00:00,34199.99,34881.0,33877.26,33994.76,11307.999775,2021-06-23 13:59:59.999000+00:00,388676286.8858488,160328,5583.046599,191971946.1583239,0
2021-06-23 14:00:00+00:00,33989.13,34195.14,33750.0,34057.99,4880.203861,2021-06-23 14:59:59.999000+00:00,166004831.8881178,71181,2467.18754,83925743.10587569,0
2021-06-23 15:00:00+00:00,34058.0,34085.19,33400.3,33490.14,8223.991779,2021-06-23 15:59:59.999000+00:00,276697256.6984241,104330,4350.824712,146372917.73790395,0
2021-06-23 16:00:00+00:00,33490.14,33947.17,33211.0,33685.3,5430.388276,2021-06-23 16:59:59.999000+00:00,182608346.81754708,100972,2760.026436,92841507.91381133,0
2021-06-23 17:00:00+00:00,33688.58,33739.98,33501.0,33595.82,1856.691141,2021-06-23 17:59:59.999000+00:00,62420461.76924263,46856,892.066125,29993615.71546503,0
2021-06-23 18:00:00+00:00,33595.81,33595.81,32919.19,33292.58,5643.97246,2021-06-23 18:59:59.999000+00:00,187695947.69556147,103908,2617.083477,87038950.75662714,0
2021-06-23 19:00:00+00:00,33292.57,33568.96,32870.99,32879.97,3758.591851,2021-06-23 19:59:59.999000+00:00,124896927.8719044,67189,1863.065306,61931471.5296317,0
2021-06-23 20:00:00+00:00,32882.5,33295.79,32749.01,33045.78,4423.694685,2021-06-23 20:59:59.999000+00:00,146242299.13899416,66149,2215.707037,73239532.9471918,0
2021-06-23 21:00:00+00:00,33045.77,33785.26,32985.5,33335.0,3332.77123,2021-06-23 21:59:59.999000+00:00,111004246.60977678,67949,1790.241077,59625872.97882591,0
2021-06-23 22:00:00+00:00,33335.01,33587.0,33133.33,33469.85,2554.369099,2021-06-23 22:59:59.999000+00:00,85330816.32821834,46967,1196.684102,39980359.15658509,0
2021-06-23 23:00:00+00:00,33469.76,33749.11,33251.0,33678.07,2214.913517,2021-06-23 23:59:59.999000+00:00,74299623.76273051,45570,1064.437586,35720157.40598168,0
2021-06-24 00:00:00+00:00,33675.07,33879.99,33162.12,33186.98,3758.274215,2021-06-24 00:59:59.999000+00:00,125988981.24982862,68098,1560.334326,52335879.62250437,0
2021-06-24 01:00:00+00:00,33186.99,33353.16,32527.05,32650.0,4329.794651,2021-06-24 01:59:59.999000+00:00,142507331.29993185,77749,2001.400534,65870377.40328285,0
2021-06-24 02:00:00+00:00,32649.99,32870.34,32339.82,32495.26,3973.40921,2021-06-24 02:59:59.999000+00:00,129463955.82534315,71213,1827.951314,59569110.53463466,0
2021-06-24 03:00:00+00:00,32495.25,32849.61,32368.77,32589.2,2672.908802,2021-06-24 03:59:59.999000+00:00,87198369.85031855,53602,1296.063777,42286355.18608213,0
2021-06-24 04:00:00+00:00,32589.2,32785.7,32286.57,32546.38,3145.359409,2021-06-24 04:59:59.999000+00:00,102374584.06350955,61437,1648.855151,53678987.43965975,0
2021-06-24 05:00:00+00:00,32546.39,33023.95,32480.0,32982.01,3428.696094,2021-06-24 05:59:59.999000+00:00,112337121.15104435,53841,2005.916398,65723000.15939838,0
2021-06-24 06:00:00+00:00,32982.0,33206.79,32724.38,33005.23,2950.795183,2021-06-24 06:59:59.999000+00:00,97193313.62533806,46420,1462.952535,48190535.98970371,0
2021-06-24 07:00:00+00:00,33005.23,33280.55,32768.81,32853.74,3526.205222,2021-06-24 07:59:59.999000+00:00,116469468.16530807,54342,1676.279303,55379108.17283504,0
2021-06-24 08:00:00+00:00,32853.74,33399.86,32820.61,33388.55,3332.906133,2021-06-24 08:59:59.999000+00:00,110235858.58615912,57007,1679.895849,55587037.66769288,0
2021-06-24 09:00:00+00:00,33388.56,33615.25,33209.95,33281.48,3272.663714,2021-06-24 09:59:59.999000+00:00,109157591.88386516,53138,1657.014247,55276758.52438539,0
2021-06-24 10:00:00+00:00,33281.49,33410.0,33135.0,33233.0,2749.131639,2021-06-24 10:59:59.999000+00:00,91501645.6581342,57727,1194.74052,39765394.50528546,0
2021-06-24 11:00:00+00:00,33230.65,33930.23,33230.64,33850.77,4151.635943,2021-06-24 11:59:59.999000+00:00,139455811.0215707,66284,2344.873519,78778908.77725877,0
2021-06-24 12:00:00+00:00,33850.78,34260.0,33815.8,34064.92,5553.278124,2021-06-24 12:59:59.999000+00:00,188959018.3990889,84052,3010.603849,102459829.92630915,0
2021-06-24 13:00:00+00:00,34067.16,34122.88,33756.04,34056.43,2843.825912,2021-06-24 13:59:59.999000+00:00,96515303.16571812,46456,1383.47731,46961940.29674295,0
2021-06-24 14:00:00+00:00,34062.26,34160.0,33838.0,34052.91,2436.991178,2021-06-24 14:59:59.999000+00:00,82806674.0558136,40590,1262.201503,42887318.94376928,0
2021-06-24 15:00:00+00:00,34052.91,34583.58,33850.41,33886.52,7896.699053,2021-06-24 15:59:59.999000+00:00,270444877.92029357,116142,3986.840929,136598690.1045136,0
2021-06-24 16:00:00+00:00,33888.81,34528.0,33751.0,34519.11,5584.291794,2021-06-24 16:59:59.999000+00:00,190646575.30265313,128275,2826.533889,96541147.89263336,0
2021-06-24 17:00:00+00:00,34519.11,35058.0,34519.11,34992.14,6924.13382,2021-06-24 17:59:59.999000+00:00,241140038.9637473,112700,3854.091248,134237124.94027057,0
2021-06-24 18:00:00+00:00,34992.15,35298.0,34824.51,34884.14,4036.347682,2021-06-24 18:59:59.999000+00:00,141439743.43455058,84739,2116.905127,74204981.66931376,0
2021-06-24 19:00:00+00:00,34884.14,34914.99,34688.0,34857.73,2125.950906,2021-06-24 19:59:59.999000+00:00,74004186.12285288,42212,1029.533825,35839360.87006164,0
2021-06-24 20:00:00+00:00,34854.63,34999.09,34700.62,34858.07,1812.359671,2021-06-24 20:59:59.999000+00:00,63190879.38289137,39480,926.453803,32305435.06275463,0
2021-06-24 21:00:00+00:00,34858.07,34910.94,34652.01,34767.68,1434.514541,2021-06-24 21:59:59.999000+00:00,49888683.55807489,36878,768.733961,26736033.68554482,0
2021-06-24 22:00:00+00:00,34767.68,34832.0,34512.0,34754.35,3147.749477,2021-06-24 22:59:59.999000+00:00,109115690.54160176,49203,1702.046961,59003153.1083588,0
2021-06-24 23:00:00+00:00,34754.35,34840.0,34540.0,34663.09,1537.881887,2021-06-24 23:59:59.999000+00:00,53337518.87833973,29645,771.00842,26744307.84377703,0
2021-06-25 00:00:00+00:00,34663.08,35145.0,34586.99,34590.51,3871.591666,2021-06-25 00:59:59.999000+00:00,134968717.85323116,75350,1865.5978,65057270.85984829,0
2021-06-25 01:00:00+00:00,34590.59,34836.67,34251.0,34835.7,3742.949329,2021-06-25 01:59:59.999000+00:00,129011366.21558616,66335,1648.491616,56816083.17777354,0
2021-06-25 02:00:00+00:00,34831.0,35500.0,34812.63,35162.99,5030.116643,2021-06-25 02:59:59.999000+00:00,177160051.53634435,131435,2570.765089,90538079.9622698,0
2021-06-25 03:00:00+00:00,35162.99,35216.16,34816.32,35052.07,1989.435818,2021-06-25 03:59:59.999000+00:00,69641133.00458954,44138,949.150802,33226539.2354012,0
2021-06-25 04:00:00+00:00,35057.7,35100.0,34620.33,34775.51,1914.042132,2021-06-25 04:59:59.999000+00:00,66633177.3902063,40768,869.489049,30268574.03057699,0
2021-06-25 05:00:00+00:00,34775.62,34896.23,34310.81,34478.75,2847.677495,2021-06-25 05:59:59.999000+00:00,98368516.42029008,49833,1293.93587,44708528.80611413,0
2021-06-25 06:00:00+00:00,34478.75,34583.24,34118.0,34426.3,3082.297781,2021-06-25 06:59:59.999000+00:00,105972462.66682705,90211,1538.120542,52901095.65128996,0
2021-06-25 07:00:00+00:00,34426.29,34426.3,33961.48,34283.82,4650.549939,2021-06-25 07:59:59.999000+00:00,158898497.01391238,83541,2509.787727,85759783.01754467,0
2021-06-25 08:00:00+00:00,34281.37,34397.05,33936.99,34292.52,3497.877404,2021-06-25 08:59:59.999000+00:00,119387176.64788544,130783,1832.287182,62547081.90334019,0
2021-06-25 09:00:00+00:00,34292.52,34480.0,33720.0,33749.44,3995.307067,2021-06-25 09:59:59.999000+00:00,136112531.1317562,67047,1866.856482,63618558.45128832,0
2021-06-25 10:00:00+00:00,33751.57,33955.08,33500.1,33759.4,3961.601526,2021-06-25 10:59:59.999000+00:00,133596396.50767829,65531,1931.438632,65148869.17052918,0
2021-06-25 11:00:00+00:00,33759.41,33878.86,33234.37,33311.96,7790.769412,2021-06-25 11:59:59.999000+00:00,260808605.00916213,164732,3988.784191,133532633.61217313,0
2021-06-25 12:00:00+00:00,33311.96,33600.77,32823.31,33093.89,7470.304834,2021-06-25 12:59:59.999000+00:00,248056245.9681869,107534,3393.482844,112726994.67150584,0
2021-06-25 13:00:00+00:00,33093.88,33198.99,32640.27,32986.71,5495.398412,2021-06-25 13:59:59.999000+00:00,181094739.0953012,90122,2785.65439,91821219.23259129,0
2021-06-25 14:00:00+00:00,32988.37,33448.0,32550.0,32789.23,7424.173922,2021-06-25 14:59:59.999000+00:00,245338687.7231392,103550,3624.164332,119863268.6125408,0
2021-06-25 15:00:00+00:00,32793.81,32965.0,32351.0,32607.07,6478.280851,2021-06-25 15:59:59.999000+00:00,211636250.32404768,105076,3168.358751,103526505.74961372,0
2021-06-25 16:00:00+00:00,32607.07,32910.64,31627.01,31946.09,11708.814773,2021-06-25 16:59:59.999000+00:00,376777508.3008487,164787,5218.058846,168059302.385503,0
2021-06-25 17:00:00+00:00,31942.5,32238.58,31500.0,31681.46,6599.33176,2021-06-25 17:59:59.999000+00:00,210283397.6051952,90874,3196.632335,101887336.4922202,0
2021-06-25 18:00:00+00:00,31681.46,32295.81,31500.0,32088.12,5935.51935,2021-06-25 18:59:59.999000+00:00,190174832.82862568,84677,2756.511811,88306444.68165879,0
2021-06-25 19:00:00+00:00,32088.13,32511.84,31730.01,32220.74,4151.869108,2021-06-25 19:59:59.999000+00:00,133775029.26815689,67192,2001.476999,64485206.35897458,0
2021-06-25 20:00:00+00:00,32222.91,32369.0,31918.05,32199.99,2783.457021,2021-06-25 20:59:59.999000+00:00,89569517.93452847,59538,1185.486837,38151860.66925557,0
2021-06-25 21:00:00+00:00,32200.0,32228.11,31553.93,31799.37,4255.441905,2021-06-25 21:59:59.999000+00:00,135384456.09423447,76863,2027.749858,64511749.0935517,0
2021-06-25 22:00:00+00:00,31799.14,31975.98,31275.0,31423.32,4173.793707,2021-06-25 22:59:59.999000+00:00,131860056.40319648,68312,1797.28273,56820613.41898683,0
2021-06-25 23:00:00+00:00,31423.32,32000.0,31380.74,31584.45,3210.528501,2021-06-25 23:59:59.999000+00:00,101611189.71436694,66703,1636.591537,51794679.06023102,0
2021-06-26 00:00:00+00:00,31576.09,32222.0,31300.0,32000.0,5253.841553,2021-06-26 00:59:59.999000+00:00,166804963.64541343,77751,2862.978,90897704.07079248,0
2021-06-26 01:00:00+00:00,32000.0,32046.51,31519.0,31968.35,2521.206402,2021-06-26 01:59:59.999000+00:00,80121868.22444014,47304,1201.811015,38193896.3178833,0
2021-06-26 02:00:00+00:00,31970.03,32082.46,31682.02,31943.48,1982.845199,2021-06-26 02:59:59.999000+00:00,63230548.61887981,38420,899.667333,28699745.12852294,0
2021-06-26 03:00:00+00:00,31943.49,32268.91,31933.08,31977.59,2309.054834,2021-06-26 03:59:59.999000+00:00,74089380.22300813,38361,1135.117568,36427273.14495207,0
2021-06-26 04:00:00+00:00,31979.71,32436.2,31869.69,32354.36,2637.567755,2021-06-26 04:59:59.999000+00:00,84743495.28670701,40363,1242.744035,39935983.6977322,0
2021-06-26 05:00:00+00:00,32355.98,32730.0,32090.0,32229.32,3124.17328,2021-06-26 05:59:59.999000+00:00,101231370.6188215,50394,1592.870678,51617360.20734616,0
2021-06-26 06:00:00+00:00,32229.32,32436.49,31640.0,31731.25,3056.073402,2021-06-26 06:59:59.999000+00:00,97727202.51922888,50263,1384.246445,44266027.19372945,0
2021-06-26 07:00:00+00:00,31731.25,31820.01,30573.77,30720.37,12242.088495,2021-06-26 07:59:59.999000+00:00,381186467.5858711,146762,6182.486665,192762185.2909397,0
2021-06-26 08:00:00+00:00,30713.54,30878.95,30151.0,30412.23,9923.015195,2021-06-26 08:59:59.999000+00:00,301918017.5215538,141937,4302.865617,130922881.06891826,0
2021-06-26 09:00:00+00:00,30411.84,31333.0,30277.0,31052.6,8203.014833,2021-06-26 09:59:59.999000+00:00,252129019.6022008,108528,4293.585959,131975273.99631616,0
2021-06-26 10:00:00+00:00,31052.6,31278.0,30758.18,31096.1,4215.513534,2021-06-26 10:59:59.999000+00:00,130744412.3053112,63723,1902.47811,59016293.81225288,0
2021-06-26 11:00:00+00:00,31096.11,31883.6,31089.22,31777.73,6145.809339,2021-06-26 11:59:59.999000+00:00,193959574.4977172,83290,2963.859079,93531946.09189928,0
2021-06-26 12:00:00+00:00,31777.9,31985.0,31266.87,31283.9,5608.707256,2021-06-26 12:59:59.999000+00:00,177697720.37359172,77563,2645.203582,83810346.69365817,0
2021-06-26 13:00:00+00:00,31280.69,31759.01,30754.32,30810.81,5407.254112,2021-06-26 13:59:59.999000+00:00,168766304.7446071,109262,2668.271059,83295068.12654772,0
2021-06-26 14:00:00+00:00,30814.15,31457.56,30505.0,31253.72,6139.598028,2021-06-26 14:59:59.999000+00:00,189612073.5609949,88266,3000.753857,92711994.49712378,0
2021-06-26 15:00:00+00:00,31253.71,31608.45,30927.4,31523.5,5035.768186,2021-06-26 15:59:59.999000+00:00,157296415.3702816,73489,2642.889183,82593598.259784,0
2021-06-26 16:00:00+00:00,31526.88,31556.92,30776.63,31248.16,4357.861801,2021-06-26 16:59:59.999000+00:00,135480267.10795084,98323,2026.247918,62999856.99862634,0
2021-06-26 17:00:00+00:00,31248.16,31768.47,31038.49,31685.47,3561.612126,2021-06-26 17:59:59.999000+00:00,111723943.50823684,62111,1906.550836,59827544.44692176,0
2021-06-26 18:00:00+00:00,31685.48,31910.0,31433.0,31590.27,3402.649483,2021-06-26 18:59:59.999000+00:00,107747658.44807012,105016,1707.223353,54069158.28349409,0
2021-06-26 19:00:00+00:00,31590.27,31771.33,31452.19,31573.98,1871.915104,2021-06-26 19:59:59.999000+00:00,59156096.25812478,40154,945.285346,29876679.47773949,0
2021-06-26 20:00:00+00:00,31573.97,31639.56,31067.96,31300.83,2488.478659,2021-06-26 20:59:59.999000+00:00,77820013.86281183,60150,1219.334273,38120071.17382988,0
2021-06-26 21:00:00+00:00,31300.83,31442.95,30905.78,31411.98,2522.751839,2021-06-26 21:59:59.999000+00:00,78625660.01564924,48029,1264.511615,39420458.17596889,0
2021-06-26 22:00:00+00:00,31411.98,31800.0,31365.44,31768.88,2388.093232,2021-06-26 22:59:59.999000+00:00,75466306.59380972,85217,1178.854571,37251737.75210332,0
2021-06-26 23:00:00+00:00,31768.88,32300.24,31628.01,32283.65,3421.48164,2021-06-26 23:59:59.999000+00:00,109136671.29984228,79375,1808.323159,57695736.33339571,0
2021-06-27 00:00:00+00:00,32283.65,32650.0,31973.45,32369.29,6128.373093,2021-06-27 00:59:59.999000+00:00,198304424.3721089,90471,3164.79234,102418985.35673712,0
2021-06-27 01:00:00+00:00,32369.27,32978.4,32263.21,32865.53,5886.512988,2021-06-27 01:59:59.999000+00:00,192837287.1446525,94369,2392.341486,78302202.27220447,0
2021-06-27 02:00:00+00:00,32868.1,33200.0,32660.84,33096.1,4803.208683,2021-06-27 02:59:59.999000+00:00,158136588.27050114,79159,2614.511824,86057670.47955386,0
2021-06-27 03:00:00+00:00,33096.1,33178.08,32752.1,33146.91,3223.568134,2021-06-27 03:59:59.999000+00:00,106313243.81170987,50166,1680.597283,55429126.13589661,0
2021-06-27 04:00:00+00:00,33146.91,33333.0,32900.87,33142.74,2953.926425,2021-06-27 04:59:59.999000+00:00,97681400.17907554,55539,1536.255183,50804605.68705475,0
2021-06-27 05:00:00+00:00,33145.53,33329.99,32811.9,32928.92,3792.655232,2021-06-27 05:59:59.999000+00:00,125400192.77836616,53503,1819.022111,60147989.02663119,0
2021-06-27 06:00:00+00:00,32928.91,33210.0,32842.52,33080.22,2603.930893,2021-06-27 06:59:59.999000+00:00,86002414.84118626,61011,1374.899253,45420015.25202072,0
2021-06-27 07:00:00+00:00,33080.23,33499.0,33015.12,33283.17,4407.64973,2021-06-27 07:59:59.999000+00:00,146705273.5773193,66347,2071.29104,68954796.64380941,0
2021-06-27 08:00:00+00:00,33291.81,33451.0,32983.8,33019.94,3488.603437,2021-06-27 08:59:59.999000+00:00,115886382.93735296,67663,1586.461392,52707406.74575631,0
2021-06-27 09:00:00+00:00,33019.95,33333.0,32431.8,32564.59,5562.301339,2021-06-27 09:59:59.999000+00:00,182313740.96851107,88260,2698.008927,88460229.5720534,0
2021-06-27 10:00:00+00:00,32564.6,32827.25,32268.0,32699.1,4277.356574,2021-06-27 10:59:59.999000+00:00,139430918.5463075,69574,1966.623675,64094907.73780383,0
2021-06-27 11:00:00+00:00,32699.1,33420.0,32570.14,33246.55,5096.315694,2021-06-27 11:59:59.999000+00:00,168262756.13727608,76441,2682.797642,88614995.85406868,0
2021-06-27 12:00:00+00:00,33246.56,33574.32,33050.02,33313.42,3813.239293,2021-06-27 12:59:59.999000+00:00,127035773.78393896,94126,1987.680079,66246144.58144722,0
2021-06-27 13:00:00+00:00,33318.69,33460.0,32922.9,33106.37,3415.997287,2021-06-27 13:59:59.999000+00:00,113366319.61197396,64230,1745.225076,57935368.74928767,0
2021-06-27 14:00:00+00:00,33106.37,33285.29,32717.52,33256.74,3031.977045,2021-06-27 14:59:59.999000+00:00,100128672.57294136,90618,1544.710394,51022417.0534382,0
2021-06-27 15:00:00+00:00,33256.74,33260.0,32868.69,33200.02,3047.066096,2021-06-27 15:59:59.999000+00:00,100777479.84141664,71980,1722.74962,56963840.4414633,0
2021-06-27 16:00:00+00:00,33200.06,33400.0,32825.0,33009.58,3803.700123,2021-06-27 16:59:59.999000+00:00,125796125.09816052,81779,1833.611307,60641980.24260166,0
2021-06-27 17:00:00+00:00,33008.26,33118.84,32870.96,33022.64,1592.55915,2021-06-27 17:59:59.999000+00:00,52557979.26970739,33041,729.044823,24061390.07127781,0
2021-06-27 18:00:00+00:00,33022.64,33022.64,32574.28,32720.01,3438.185116,2021-06-27 18:59:59.999000+00:00,112548664.04296853,51353,1577.096101,51615348.436448,0
2021-06-27 19:00:00+00:00,32720.01,32967.99,32574.67,32815.19,1578.909803,2021-06-27 19:59:59.999000+00:00,51753899.20313894,34782,818.188502,26826711.10926032,0
2021-06-27 20:00:00+00:00,32815.18,32947.38,32615.05,32627.03,1893.111185,2021-06-27 20:59:59.999000+00:00,62051529.52367715,38351,913.590098,29947738.53490183,0
2021-06-27 21:00:00+00:00,32627.0,32869.99,32357.13,32863.17,2381.358453,2021-06-27 21:59:59.999000+00:00,77714188.26393172,74956,1220.645539,39844265.93342194,0
2021-06-27 22:00:00+00:00,32860.66,34599.0,32804.98,34406.39,11638.670687,2021-06-27 22:59:59.999000+00:00,395102296.4059956,210438,6779.269466,230079859.61978513,0
2021-06-27 23:00:00+00:00,34406.38,34749.0,34189.28,34700.34,4754.067751,2021-06-27 23:59:59.999000+00:00,163872606.56811526,101718,2313.116019,79750034.94570087,0
2021-06-28 00:00:00+00:00,34702.49,34972.28,34429.99,34554.79,5014.884965,2021-06-28 00:59:59.999000+00:00,173767634.95433247,99716,2523.844244,87485719.25030564,0
2021-06-28 01:00:00+00:00,34554.79,34694.51,34256.0,34266.09,2864.920672,2021-06-28 01:59:59.999000+00:00,98750270.86937553,89553,1275.394967,43966092.81092932,0
2021-06-28 02:00:00+00:00,34266.37,34651.0,34254.75,34402.66,2171.222411,2021-06-28 02:59:59.999000+00:00,74829551.21459103,64573,1139.605775,39279295.86798489,0
2021-06-28 03:00:00+00:00,34402.66,34542.94,34314.48,34398.36,1999.221639,2021-06-28 03:59:59.999000+00:00,68822924.01231095,64145,913.918682,31464373.45742879,0
2021-06-28 04:00:00+00:00,34395.03,34548.15,34275.87,34353.09,1938.497253,2021-06-28 04:59:59.999000+00:00,66680509.15878185,68959,969.153822,33347979.6924106,0
2021-06-28 05:00:00+00:00,34355.99,34570.0,34350.0,34514.59,2129.528856,2021-06-28 05:59:59.999000+00:00,73390861.91080596,61235,1212.399538,41787949.94792678,0
2021-06-28 06:00:00+00:00,34514.59,34824.0,34401.49,34520.28,2820.162571,2021-06-28 06:59:59.999000+00:00,97459730.2035337,50401,1421.456781,49134935.85889449,0
2021-06-28 07:00:00+00:00,34520.27,35297.71,34466.92,35028.69,7504.919062,2021-06-28 07:59:59.999000+00:00,262207559.56186703,109918,3778.435134,132035153.33352776,0
2021-06-28 08:00:00+00:00,35028.69,35172.21,34726.0,34885.09,4542.933718,2021-06-28 08:59:59.999000+00:00,158576161.07664025,89122,2214.957057,77319840.61777443,0
2021-06-28 09:00:00+00:00,34885.09,34930.26,34300.0,34383.47,5214.249765,2021-06-28 09:59:59.999000+00:00,180554699.03559095,86922,2844.762952,98536875.18673886,0
2021-06-28 10:00:00+00:00,34383.46,34488.0,33960.0,34187.26,5823.190677,2021-06-28 10:59:59.999000+00:00,198799374.04527265,106745,2752.084049,93975013.37790504,0
2021-06-28 11:00:00+00:00,34187.26,34288.86,33970.3,34107.2,2841.854304,2021-06-28 11:59:59.999000+00:00,97018980.8566022,70072,1290.803496,44068747.3276319,0
2021-06-28 12:00:00+00:00,34107.2,34500.0,33862.72,34425.09,5362.033564,2021-06-28 12:59:59.999000+00:00,183433173.41631484,79811,2569.160008,87943277.08037634,0
2021-06-28 13:00:00+00:00,34425.09,34585.0,34160.01,34287.35,3724.386694,2021-06-28 13:59:59.999000+00:00,127989724.4841663,105788,1719.079267,59101827.50929292,0
2021-06-28 14:00:00+00:00,34287.36,34540.0,34216.58,34344.86,2637.466747,2021-06-28 14:59:59.999000+00:00,90689291.880271,88924,1245.219614,42821748.33816396,0
2021-06-28 15:00:00+00:00,34344.86,35000.0,34295.75,34969.99,4944.919278,2021-06-28 15:59:59.999000+00:00,171287702.9891705,102777,2677.133064,92774365.7521668,0
2021-06-28 16:00:00+00:00,34969.98,35030.92,34522.34,34641.62,4217.009474,2021-06-28 16:59:59.999000+00:00,146586892.3035248,112530,2040.598351,70945032.17785877,0
2021-06-28 17:00:00+00:00,34641.62,34675.0,34045.03,34193.98,3560.867311,2021-06-28 17:59:59.999000+00:00,122293657.77108428,89891,1509.693821,51856702.73800749,0
2021-06-28 18:00:00+00:00,34193.98,34305.97,33931.0,34168.22,2579.2523,2021-06-28 18:59:59.999000+00:00,88093405.5153187,49201,1216.06241,41540454.26456865,0
2021-06-28 19:00:00+00:00,34168.21,34594.32,34108.61,34441.77,2834.233388,2021-06-28 19:59:59.999000+00:00,97486392.19593726,56699,1441.638688,49572403.52829994,0
2021-06-28 20:00:00+00:00,34441.77,34798.0,34277.0,34665.94,2125.70587,2021-06-28 20:59:59.999000+00:00,73397097.47199813,44775,1153.420101,39833987.34197959,0
2021-06-28 21:00:00+00:00,34665.94,34819.0,34537.98,34644.88,1641.381192,2021-06-28 21:59:59.999000+00:00,56885451.02775479,95152,835.367004,28954270.02999592,0
2021-06-28 22:00:00+00:00,34644.87,34644.87,34200.0,34422.0,2182.372887,2021-06-28 22:59:59.999000+00:00,75030847.05779779,48281,1026.335509,35283225.04552866,0
2021-06-28 23:00:00+00:00,34422.0,34500.0,34112.03,34494.89,1547.053221,2021-06-28 23:59:59.999000+00:00,53090886.51135866,33437,781.767846,26832160.6289372,0
2021-06-29 00:00:00+00:00,34494.89,35169.56,34376.47,34902.66,4452.425909,2021-06-29 00:59:59.999000+00:00,155131781.55382553,85255,2640.085773,92005127.09538816,0
2021-06-29 01:00:00+00:00,34905.06,35004.62,34522.01,34628.99,2372.727207,2021-06-29 01:59:59.999000+00:00,82392457.2983202,50424,1066.692646,37029445.75966126,0
2021-06-29 02:00:00+00:00,34628.98,34847.35,34250.44,34312.62,2369.434597,2021-06-29 02:59:59.999000+00:00,81720755.55923297,51799,1056.106249,36431301.28283678,0
2021-06-29 03:00:00+00:00,34312.62,34639.78,34225.43,34577.16,1465.748116,2021-06-29 03:59:59.999000+00:00,50528479.09774203,32950,731.889921,25235725.53419251,0
2021-06-29 04:00:00+00:00,34577.09,34967.69,34534.0,34860.97,2405.863989,2021-06-29 04:59:59.999000+00:00,83738331.94552785,46823,1349.9061,46994816.1348699,0
2021-06-29 05:00:00+00:00,34860.98,35000.0,34549.63,34719.84,1957.959476,2021-06-29 05:59:59.999000+00:00,68003726.60839681,41718,994.391792,34550371.52513966,0
2021-06-29 06:00:00+00:00,34717.19,35400.0,34575.62,35332.62,4674.38295,2021-06-29 06:59:59.999000+00:00,163798128.3893702,78837,2697.881496,94575772.8491152,0
2021-06-29 07:00:00+00:00,35332.51,35448.0,34767.09,34849.27,4864.169854,2021-06-29 07:59:59.999000+00:00,170788738.3324628,71981,2085.827951,73233678.43232429,0
2021-06-29 08:00:00+00:00,34849.2,35244.33,34730.0,35052.88,3859.370726,2021-06-29 08:59:59.999000+00:00,135095089.9981948,64760,1963.290954,68728033.3307967,0
2021-06-29 09:00:00+00:00,35052.88,35356.3,34850.0,35226.27,3773.865404,2021-06-29 09:59:59.999000+00:00,132598039.6647594,63316,1927.272145,67692381.05169418,0
2021-06-29 10:00:00+00:00,35226.26,35768.9,35041.93,35632.62,5711.860416,2021-06-29 10:59:59.999000+00:00,202527681.4483981,90809,3007.556249,106641476.95514372,0
2021-06-29 11:00:00+00:00,35632.61,35748.52,35483.67,35555.62,4772.531257,2021-06-29 11:59:59.999000+00:00,169964055.02182716,65321,2304.622254,82079677.49687509,0
2021-06-29 12:00:00+00:00,35555.64,35999.87,35343.12,35822.33,9051.528917,2021-06-29 12:59:59.999000+00:00,323550066.5201127,121824,4091.479763,146243539.35259023,0
2021-06-29 13:00:00+00:00,35822.33,36400.0,35724.72,36301.84,8122.165446,2021-06-29 13:59:59.999000+00:00,293897428.5155428,123843,4430.381566,160337533.3917198,0
2021-06-29 14:00:00+00:00,36301.84,36428.0,36082.44,36240.0,3678.315326,2021-06-29 14:59:59.999000+00:00,133369007.07973436,121046,1726.133482,62592845.72816904,0
2021-06-29 15:00:00+00:00,36243.75,36366.15,35925.0,36248.99,3909.563713,2021-06-29 15:59:59.999000+00:00,141381619.15102887,69998,1827.675852,66091378.31016669,0
2021-06-29 16:00:00+00:00,36248.99,36500.0,36050.0,36341.89,4225.764607,2021-06-29 16:59:59.999000+00:00,153343672.71906516,77403,2291.50964,83171402.7921861,0
2021-06-29 17:00:00+00:00,36341.89,36600.0,36140.0,36370.2,4479.207971,2021-06-29 17:59:59.999000+00:00,162886239.1885372,98740,2332.165334,84833999.755102,0
2021-06-29 18:00:00+00:00,36370.2,36395.0,36116.77,36280.85,2415.142625,2021-06-29 18:59:59.999000+00:00,87500633.70797755,72137,1207.145894,43734712.6944455,0
2021-06-29 19:00:00+00:00,36280.85,36399.99,36205.01,36382.39,1488.351831,2021-06-29 19:59:59.999000+00:00,54057659.17915845,43865,707.640749,25702256.5535846,0
2021-06-29 20:00:00+00:00,36382.39,36488.7,36099.79,36156.04,3020.202163,2021-06-29 20:59:59.999000+00:00,109686999.13370168,47558,1235.650095,44866690.15380854,0
2021-06-29 21:00:00+00:00,36156.03,36323.76,36106.46,36240.01,1982.9109,2021-06-29 21:59:59.999000+00:00,71809648.4668958,42239,1025.335906,37131580.7632546,0
2021-06-29 22:00:00+00:00,36240.01,36268.96,35700.01,35925.0,3910.966853,2021-06-29 22:59:59.999000+00:00,140600725.77678287,70246,1704.012399,61255453.259607,0
2021-06-29 23:00:00+00:00,35924.99,36117.0,35828.0,35911.73,1824.335967,2021-06-29 23:59:59.999000+00:00,65576827.50679318,40910,971.933419,34933804.64949319,0
2021-06-30 00:00:00+00:00,35911.72,36100.0,35636.8,35878.45,2450.80477,2021-06-30 00:59:59.999000+00:00,87979980.18884121,57766,1135.525805,40769405.45275263,0
2021-06-30 01:00:00+00:00,35878.44,35950.0,35730.0,35846.69,1288.552942,2021-06-30 01:59:59.999000+00:00,46161559.9057718,33776,600.237826,21506097.64252994,0
2021-06-30 02:00:00+00:00,35846.69,35916.33,35700.0,35800.0,1207.081917,2021-06-30 02:59:59.999000+00:00,43208908.65836525,29664,581.586689,20818182.63112276,0
2021-06-30 03:00:00+00:00,35799.99,35800.0,34936.0,35119.99,5688.648354,2021-06-30 03:59:59.999000+00:00,200859184.63273567,87929,2269.98462,80168671.43318115,0
2021-06-30 04:00:00+00:00,35119.99,35290.97,34679.67,34755.23,4946.345646,2021-06-30 04:59:59.999000+00:00,172967694.11321568,76155,2289.979608,80134154.70687567,0
2021-06-30 05:00:00+00:00,34755.44,34954.65,34666.0,34779.4,3616.403839,2021-06-30 05:59:59.999000+00:00,125999599.29242823,59530,1676.567138,58415462.92107244,0
2021-06-30 06:00:00+00:00,34779.42,35147.66,34727.88,35009.63,3132.35719,2021-06-30 06:59:59.999000+00:00,109577349.6915402,51274,1732.408751,60601152.67457772,0
2021-06-30 07:00:00+00:00,35013.96,35288.88,34881.95,35250.54,2700.562062,2021-06-30 07:59:59.999000+00:00,94833376.57671748,49365,1444.327402,50722323.89625276,0
2021-06-30 08:00:00+00:00,35250.54,35333.33,34522.22,34591.32,3988.824817,2021-06-30 08:59:59.999000+00:00,139329261.6648196,63745,1690.693865,59069642.68268938,0
2021-06-30 09:00:00+00:00,34591.32,34749.84,34401.01,34632.78,3988.254465,2021-06-30 09:59:59.999000+00:00,137860459.58535653,67697,1844.772017,63775923.60136874,0
2021-06-30 10:00:00+00:00,34633.27,34885.84,34510.0,34740.01,3015.723713,2021-06-30 10:59:59.999000+00:00,104744279.68541756,45562,1419.943169,49321323.45399645,0
2021-06-30 11:00:00+00:00,34740.01,34995.99,34558.99,34849.99,2898.726659,2021-06-30 11:59:59.999000+00:00,100909983.8601155,48363,1424.309841,49598702.51828304,0
2021-06-30 12:00:00+00:00,34849.99,35010.85,34566.66,34638.23,3432.038824,2021-06-30 12:59:59.999000+00:00,119405388.1213972,51597,1655.283408,57615199.98357813,0
2021-06-30 13:00:00+00:00,34638.4,34750.0,34459.41,34734.62,2332.104794,2021-06-30 13:59:59.999000+00:00,80675909.34477016,45260,1096.075543,37924658.17035984,0
2021-06-30 14:00:00+00:00,34734.41,34824.35,34500.0,34598.83,2628.070174,2021-06-30 14:59:59.999000+00:00,91107543.04716203,44349,1257.663669,43596602.48331815,0
2021-06-30 15:00:00+00:00,34598.83,34639.98,34083.92,34193.44,5538.094539,2021-06-30 15:59:59.999000+00:00,189798114.97923487,81824,2382.937655,81649667.87747054,0
2021-06-30 16:00:00+00:00,34193.44,34368.85,34017.55,34117.06,3389.53045,2021-06-30 16:59:59.999000+00:00,115942493.33529025,49234,1643.955045,56244469.1083386,0
2021-06-30 17:00:00+00:00,34117.06,34799.42,34110.0,34707.35,3195.14704,2021-06-30 17:59:59.999000+00:00,110265014.5547608,54763,1814.260237,62603830.28614773,0
2021-06-30 18:00:00+00:00,34707.26,34899.0,34552.03,34821.99,2841.350991,2021-06-30 18:59:59.999000+00:00,98672410.02668425,51152,1412.448967,49058420.08834025,0
2021-06-30 19:00:00+00:00,34821.99,34845.0,34660.9,34743.56,2702.033071,2021-06-30 19:59:59.999000+00:00,93916786.61025421,43607,1393.525659,48439497.44817467,0
2021-06-30 20:00:00+00:00,34743.56,35088.78,34391.43,34580.4,3995.881472,2021-06-30 20:59:59.999000+00:00,139195237.99523938,68914,2036.844123,70994111.3407127,0
2021-06-30 21:00:00+00:00,34580.4,35018.77,34580.0,34806.16,2886.297396,2021-06-30 21:59:59.999000+00:00,100572870.25126424,55268,1355.277696,47219841.57208435,0
2021-06-30 22:00:00+00:00,34806.16,34930.59,34624.56,34892.37,1555.840304,2021-06-30 22:59:59.999000+00:00,54117512.89086565,34798,752.771843,26183509.77091454,0
2021-06-30 23:00:00+00:00,34893.07,35194.04,34890.64,35045.0,3733.522205,2021-06-30 23:59:59.999000+00:00,130838372.08342537,49444,2124.389098,74442494.48002028,0
2021-07-01 00:00:00+00:00,35045.0,35057.57,34713.41,34727.83,2446.393198,2021-07-01 00:59:59.999000+00:00,85212806.07288721,48906,1241.399638,43238640.6342012,0
2021-07-01 01:00:00+00:00,34727.83,35034.54,34716.13,34936.43,1416.549159,2021-07-01 01:59:59.999000+00:00,49416382.47344448,30567,725.012557,25294025.35784287,0
2021-07-01 02:00:00+00:00,34936.43,34966.53,34223.15,34299.59,3787.824933,2021-07-01 02:59:59.999000+00:00,130550899.32083619,59229,1677.103197,57791259.98206434,0
2021-07-01 03:00:00+00:00,34299.58,34403.55,34120.0,34120.01,1797.404599,2021-07-01 03:59:59.999000+00:00,61572584.67726505,34643,808.082662,27686048.06876131,0
2021-07-01 04:00:00+00:00,34120.01,34338.03,34061.16,34330.34,1935.266555,2021-07-01 04:59:59.999000+00:00,66215943.04421687,35895,931.46633,31870770.69237424,0
2021-07-01 05:00:00+00:00,34330.34,34408.0,34170.46,34325.72,1379.833783,2021-07-01 05:59:59.999000+00:00,47320757.52461628,28123,672.605362,23067374.91386487,0
2021-07-01 06:00:00+00:00,34325.72,34467.09,33412.52,33511.24,5946.295347,2021-07-01 06:59:59.999000+00:00,201247085.72380796,95184,2320.33743,78542363.2371598,0
2021-07-01 07:00:00+00:00,33507.15,33664.44,33312.52,33348.3,5990.287443,2021-07-01 07:59:59.999000+00:00,200635220.92199847,99147,3108.658061,104127478.20876192,0
2021-07-01 08:00:00+00:00,33350.0,33545.0,33186.0,33475.72,3548.155633,2021-07-01 08:59:59.999000+00:00,118517461.8536548,64970,1712.763593,57225902.53164565,0
2021-07-01 09:00:00+00:00,33475.73,33536.22,33112.14,33275.0,2919.505231,2021-07-01 09:59:59.999000+00:00,97294846.5326511,55254,1356.810134,45222285.34121593,0
2021-07-01 10:00:00+00:00,33274.99,33389.01,33001.0,33183.12,3254.795892,2021-07-01 10:59:59.999000+00:00,108118613.89243336,52089,1589.174465,52791725.46140876,0
2021-07-01 11:00:00+00:00,33183.12,33749.0,33164.51,33717.52,3648.167844,2021-07-01 11:59:59.999000+00:00,122213218.17458388,57441,1956.492215,65540206.84558112,0
2021-07-01 12:00:00+00:00,33717.52,33917.93,33330.0,33655.24,3748.713582,2021-07-01 12:59:59.999000+00:00,126120690.58286683,54759,1850.82932,62306324.75233453,0
2021-07-01 13:00:00+00:00,33655.25,33797.73,33380.46,33401.45,2293.373842,2021-07-01 13:59:59.999000+00:00,77109701.84237777,44456,1111.856874,37382987.10886749,0
2021-07-01 14:00:00+00:00,33399.09,33610.0,33055.0,33206.48,4396.628329,2021-07-01 14:59:59.999000+00:00,146211826.40855318,65221,2186.444936,72722692.03476405,0
2021-07-01 15:00:00+00:00,33206.47,33680.71,33160.02,33432.54,2841.456929,2021-07-01 15:59:59.999000+00:00,95124597.60854316,53439,1533.223244,51327038.31834764,0
2021-07-01 16:00:00+00:00,33432.54,33546.28,33134.06,33151.6,3742.527465,2021-07-01 16:59:59.999000+00:00,124496654.18943208,52739,1968.593821,65469302.65945538,0
2021-07-01 17:00:00+00:00,33151.57,33560.0,33100.64,33490.0,2348.306056,2021-07-01 17:59:59.999000+00:00,78273613.30574238,39299,1329.918239,44333521.28157034,0
2021-07-01 18:00:00+00:00,33490.0,33654.49,33223.98,33325.5,2046.111476,2021-07-01 18:59:59.999000+00:00,68547381.2682227,38113,955.242566,32011769.82727325,0
2021-07-01 19:00:00+00:00,33325.49,33368.45,32711.0,33091.48,4662.532036,2021-07-01 19:59:59.999000+00:00,153893253.9740318,78345,2171.838043,71703144.25566433,0
2021-07-01 20:00:00+00:00,33091.48,33468.0,33091.48,33412.79,2068.287639,2021-07-01 20:59:59.999000+00:00,68887483.91828386,40491,1040.617505,34667100.07742887,0
2021-07-01 21:00:00+00:00,33410.13,33619.58,33228.42,33503.34,2366.334913,2021-07-01 21:59:59.999000+00:00,79209980.07413797,49182,1215.223267,40686273.71277284,0
2021-07-01 22:00:00+00:00,33503.34,33648.14,33440.54,33546.6,1183.613939,2021-07-01 22:59:59.999000+00:00,39701537.58693383,24710,604.233395,20268614.81684962,0
2021-07-01 23:00:00+00:00,33546.6,33649.0,33280.01,33504.69,1939.900289,2021-07-01 23:59:59.999000+00:00,64917054.41893571,38479,918.128162,30725366.44547065,0
2021-07-02 00:00:00+00:00,33502.33,33977.04,33406.98,33774.68,2924.366999,2021-07-02 00:59:59.999000+00:00,98736709.07252309,52471,1436.254645,48495199.89794059,0
2021-07-02 01:00:00+00:00,33774.68,33816.47,33230.0,33264.04,2123.92726,2021-07-02 01:59:59.999000+00:00,71027652.49530423,39424,1022.480493,34180900.14548254,0
2021-07-02 02:00:00+00:00,33264.04,33344.0,33133.0,33265.55,2020.151886,2021-07-02 02:59:59.999000+00:00,67134702.37594926,32557,926.770015,30803619.29451415,0
2021-07-02 03:00:00+00:00,33262.05,33262.05,32767.74,32907.22,2725.278673,2021-07-02 03:59:59.999000+00:00,89793997.83008416,52618,1272.916024,41935990.91134687,0
2021-07-02 04:00:00+00:00,32907.22,33187.19,32850.0,33149.07,1990.198876,2021-07-02 04:59:59.999000+00:00,65761809.17451185,35767,1012.621559,33461576.18911487,0
2021-07-02 05:00:00+00:00,33149.07,33218.89,32700.0,32855.24,1992.031744,2021-07-02 05:59:59.999000+00:00,65634229.89678111,38713,905.895527,29852221.84413733,0
2021-07-02 06:00:00+00:00,32855.23,32999.0,32699.0,32957.53,2084.947895,2021-07-02 06:59:59.999000+00:00,68502151.46809542,40121,941.484343,30937139.21854681,0
2021-07-02 07:00:00+00:00,32957.53,33500.36,32882.83,33358.26,3104.27967,2021-07-02 07:59:59.999000+00:00,103136695.18240528,51287,1683.156004,55903404.2538744,0
2021-07-02 08:00:00+00:00,33358.32,33620.0,33233.13,33372.83,2811.674262,2021-07-02 08:59:59.999000+00:00,93986257.7573872,46462,1340.908625,44813855.25313254,0
2021-07-02 09:00:00+00:00,33372.83,33396.49,32864.32,32979.04,2776.082824,2021-07-02 09:59:59.999000+00:00,91769084.74371508,49780,1296.870206,42854925.50923662,0
2021-07-02 10:00:00+00:00,32979.03,33092.65,32770.0,32997.94,2689.564822,2021-07-02 10:59:59.999000+00:00,88523703.6524718,44126,1137.196459,37435593.89581448,0
2021-07-02 11:00:00+00:00,32997.95,33250.0,32832.0,33023.01,2360.236587,2021-07-02 11:59:59.999000+00:00,78021615.42470866,45701,1122.663375,37114988.26119491,0
2021-07-02 12:00:00+00:00,33023.35,33345.4,32872.0,33238.22,3026.683796,2021-07-02 12:59:59.999000+00:00,100258616.56003922,50892,1457.212078,48281395.80788938,0
2021-07-02 13:00:00+00:00,33238.22,33568.0,33101.02,33480.01,3963.569145,2021-07-02 13:59:59.999000+00:00,132192256.51917537,72898,1905.147631,63543634.44681805,0
2021-07-02 14:00:00+00:00,33480.0,33724.34,33288.58,33667.44,3475.038979,2021-07-02 14:59:59.999000+00:00,116486441.95174848,93812,1739.279514,58304791.6218412,0
2021-07-02 15:00:00+00:00,33667.45,33713.0,33372.13,33704.91,2447.126777,2021-07-02 15:59:59.999000+00:00,82036582.30838627,83811,1244.731229,41729461.82546288,0
2021-07-02 16:00:00+00:00,33704.9,33795.16,33420.02,33597.07,2391.303599,2021-07-02 16:59:59.999000+00:00,80330402.16045254,80724,1145.820904,38496513.1760173,0
2021-07-02 17:00:00+00:00,33597.07,33677.95,33360.0,33460.86,1574.713577,2021-07-02 17:59:59.999000+00:00,52773524.53182084,34498,792.526458,26556877.79089772,0
2021-07-02 18:00:00+00:00,33460.85,33476.74,33232.52,33290.01,1438.141651,2021-07-02 18:59:59.999000+00:00,47964042.80761349,31398,677.885788,22615302.37206319,0
2021-07-02 19:00:00+00:00,33288.79,33348.2,33109.76,33327.71,1625.586369,2021-07-02 19:59:59.999000+00:00,53985787.13467775,30857,810.659049,26923050.17754653,0
2021-07-02 20:00:00+00:00,33327.71,33331.55,33041.65,33133.21,1240.929737,2021-07-02 20:59:59.999000+00:00,41151526.41592607,34054,559.370267,18548955.93592554,0
2021-07-02 21:00:00+00:00,33133.21,33502.91,33088.4,33452.22,1498.228819,2021-07-02 21:59:59.999000+00:00,50000066.6861293,51314,814.844414,27197687.16710782,0
2021-07-02 22:00:00+00:00,33452.23,33730.42,33401.18,33703.04,1560.862656,2021-07-02 22:59:59.999000+00:00,52396674.05715743,36710,832.027696,27929364.22812276,0
2021-07-02 23:00:00+00:00,33703.04,33898.95,33630.1,33786.55,2327.254775,2021-07-02 23:59:59.999000+00:00,78588512.18647325,46462,1192.935702,40287062.11712114,0
2021-07-03 00:00:00+00:00,33786.54,33914.6,33440.58,33526.82,1762.351263,2021-07-03 00:59:59.999000+00:00,59341635.49937644,54810,812.741837,27369025.47447815,0
2021-07-03 01:00:00+00:00,33526.82,33760.0,33499.99,33674.52,1256.694781,2021-07-03 01:59:59.999000+00:00,42286792.37293348,51128,626.344853,21073935.3234986,0
2021-07-03 02:00:00+00:00,33673.57,33685.0,33472.76,33526.09,1072.283822,2021-07-03 02:59:59.999000+00:00,35996950.81114168,41731,468.569223,15730727.7562649,0
2021-07-03 03:00:00+00:00,33526.09,33570.81,33316.73,33524.47,1382.024063,2021-07-03 03:59:59.999000+00:00,46205884.99896427,48833,648.702133,21696247.00436274,0
2021-07-03 04:00:00+00:00,33524.48,33691.6,33444.25,33665.52,1028.768488,2021-07-03 04:59:59.999000+00:00,34537161.37066969,60931,509.794633,17113661.39793976,0
2021-07-03 05:00:00+00:00,33665.52,33800.0,33583.03,33707.99,1490.946475,2021-07-03 05:59:59.999000+00:00,50254807.70119832,37933,926.71614,31242296.07610228,0
2021-07-03 06:00:00+00:00,33707.98,33846.15,33642.1,33682.16,1257.908803,2021-07-03 06:59:59.999000+00:00,42466555.82820224,27554,613.522544,20714783.3425575,0
2021-07-03 07:00:00+00:00,33682.17,34663.48,33590.04,34499.54,5336.752345,2021-07-03 07:59:59.999000+00:00,182619321.5245011,96511,3023.147088,103444415.86939184,0
2021-07-03 08:00:00+00:00,34499.53,34651.21,34406.0,34515.25,3222.808842,2021-07-03 08:59:59.999000+00:00,111168579.689148,50828,1461.705757,50430610.84712222,0
2021-07-03 09:00:00+00:00,34515.25,34780.0,34472.67,34633.64,3228.864548,2021-07-03 09:59:59.999000+00:00,111776286.40309806,62651,1406.539086,48701498.46416856,0
2021-07-03 10:00:00+00:00,34633.64,34707.58,34523.93,34603.39,1576.455096,2021-07-03 10:59:59.999000+00:00,54570231.46920676,34286,669.104947,23159559.56483985,0
2021-07-03 11:00:00+00:00,34603.4,34629.34,34435.53,34608.04,1694.732207,2021-07-03 11:59:59.999000+00:00,58499076.48106264,33301,899.070634,31034196.83111251,0
2021-07-03 12:00:00+00:00,34608.04,34816.5,34482.27,34543.97,1902.103748,2021-07-03 12:59:59.999000+00:00,65883063.54645605,43532,968.646309,33555041.89601547,0
2021-07-03 13:00:00+00:00,34543.97,34710.0,34470.0,34706.3,1452.085945,2021-07-03 13:59:59.999000+00:00,50217935.71207011,30242,783.225414,27089911.35823725,0
2021-07-03 14:00:00+00:00,34706.29,34760.0,34593.31,34687.99,1429.617113,2021-07-03 14:59:59.999000+00:00,49559293.56541271,27530,801.5471,27789092.33863379,0
2021-07-03 15:00:00+00:00,34688.0,34732.49,34515.5,34608.48,1161.853445,2021-07-03 15:59:59.999000+00:00,40235055.60979075,31999,564.25047,19541046.75360183,0
2021-07-03 16:00:00+00:00,34608.48,34658.19,34485.49,34533.81,1585.808547,2021-07-03 16:59:59.999000+00:00,54806144.32883731,58322,617.254925,21329585.87538878,0
2021-07-03 17:00:00+00:00,34532.09,34945.61,34524.99,34764.74,1998.144663,2021-07-03 17:59:59.999000+00:00,69462061.64673132,41918,1092.248701,37968841.74451913,0
2021-07-03 18:00:00+00:00,34764.0,34789.04,34603.53,34645.85,1011.063156,2021-07-03 18:59:59.999000+00:00,35066101.96527868,25562,468.948689,16264613.23543882,0
2021-07-03 19:00:00+00:00,34645.85,34788.03,34570.44,34745.98,1004.172715,2021-07-03 19:59:59.999000+00:00,34816857.53112599,22607,446.056095,15466552.99813156,0
2021-07-03 20:00:00+00:00,34745.99,34843.2,34560.92,34726.35,1198.123206,2021-07-03 20:59:59.999000+00:00,41593442.94599492,37352,552.721733,19191303.70535284,0
2021-07-03 21:00:00+00:00,34726.34,34914.76,34533.01,34544.88,1848.326855,2021-07-03 21:59:59.999000+00:00,64208054.01924813,37961,854.027897,29668178.38861308,0
2021-07-03 22:00:00+00:00,34544.88,34650.0,34250.48,34579.43,2828.407436,2021-07-03 22:59:59.999000+00:00,97475091.5683234,71219,1470.963457,50705992.16014791,0
2021-07-03 23:00:00+00:00,34579.42,34715.89,34335.38,34669.13,1314.281079,2021-07-03 23:59:59.999000+00:00,45376636.91471101,49537,646.02538,22305108.06665243,0
2021-07-04 00:00:00+00:00,34669.12,34771.64,34495.13,34499.98,1352.384042,2021-07-04 00:59:59.999000+00:00,46802508.26098623,37301,650.190973,22503031.52430263,0
2021-07-04 01:00:00+00:00,34499.99,34587.15,34357.15,34447.89,1409.325738,2021-07-04 01:59:59.999000+00:00,48564797.36750022,56432,660.443962,22760134.85775029,0
2021-07-04 02:00:00+00:00,34447.89,34650.0,34400.3,34599.0,872.689,2021-07-04 02:59:59.999000+00:00,30154680.04596258,29188,466.312996,16115370.844211,0
2021-07-04 03:00:00+00:00,34597.74,34770.0,34562.34,34641.61,919.751581,2021-07-04 03:59:59.999000+00:00,31892453.85827,25321,481.321137,16690137.22137679,0
2021-07-04 04:00:00+00:00,34641.62,34840.69,34621.41,34777.0,1259.200551,2021-07-04 04:59:59.999000+00:00,43762439.27901776,29266,706.474912,24554624.7645171,0
2021-07-04 05:00:00+00:00,34777.0,35315.45,34685.84,35205.94,3144.684134,2021-07-04 05:59:59.999000+00:00,110246459.59452076,73365,1881.20532,65931487.62012127,0
2021-07-04 06:00:00+00:00,35205.93,35457.84,35054.08,35413.45,2992.006095,2021-07-04 06:59:59.999000+00:00,105487494.3556658,72786,1586.72541,55952520.82090046,0
2021-07-04 07:00:00+00:00,35416.22,35727.0,35346.39,35600.63,5548.476561,2021-07-04 07:59:59.999000+00:00,197131769.2265748,99377,2241.656435,79570790.01372921,0
2021-07-04 08:00:00+00:00,35603.02,35687.18,35400.0,35538.0,2685.347532,2021-07-04 08:59:59.999000+00:00,95382675.79972775,80783,1136.818655,40397228.55715046,0
2021-07-04 09:00:00+00:00,35538.01,35561.59,35364.21,35485.15,1610.583023,2021-07-04 09:59:59.999000+00:00,57107971.55881098,46695,679.509924,24095677.1153364,0
2021-07-04 10:00:00+00:00,35485.16,35620.0,35405.92,35578.93,1274.950376,2021-07-04 10:59:59.999000+00:00,45282542.99266184,37493,636.098103,22595071.16671479,0
2021-07-04 11:00:00+00:00,35578.93,35605.17,35459.62,35512.34,1053.14739,2021-07-04 11:59:59.999000+00:00,37411484.7852223,34649,459.218999,16315172.96666874,0
2021-07-04 12:00:00+00:00,35512.34,35562.22,35230.76,35248.11,1799.829147,2021-07-04 12:59:59.999000+00:00,63763071.41986576,38483,691.081065,24478646.32517287,0
2021-07-04 13:00:00+00:00,35248.11,35424.73,35244.88,35359.12,1594.143973,2021-07-04 13:59:59.999000+00:00,56339981.95286673,33495,649.061175,22942299.24997339,0
2021-07-04 14:00:00+00:00,35359.12,35500.0,35301.01,35449.78,1052.881725,2021-07-04 14:59:59.999000+00:00,37264763.16779642,27451,581.581522,20583916.91137179,0
2021-07-04 15:00:00+00:00,35449.79,35572.72,35391.06,35513.29,1216.379895,2021-07-04 15:59:59.999000+00:00,43157113.26722158,27697,664.687882,23583972.85427859,0
2021-07-04 16:00:00+00:00,35513.28,35687.54,35440.0,35467.71,2091.811732,2021-07-04 16:59:59.999000+00:00,74400038.96204199,46150,1012.583782,36013097.94013202,0
2021-07-04 17:00:00+00:00,35467.7,35589.17,35385.0,35558.44,1322.867319,2021-07-04 17:59:59.999000+00:00,46942467.43026851,34492,661.176693,23463277.75595734,0
2021-07-04 18:00:00+00:00,35558.43,35564.73,35385.0,35510.38,1055.035335,2021-07-04 18:59:59.999000+00:00,37420497.67931364,27398,412.214262,14621627.1124655,0
2021-07-04 19:00:00+00:00,35510.39,35607.83,35484.0,35575.01,916.060978,2021-07-04 19:59:59.999000+00:00,32559162.6194719,24172,459.729769,16339100.28258852,0
2021-07-04 20:00:00+00:00,35575.01,35575.01,35445.01,35550.39,873.162685,2021-07-04 20:59:59.999000+00:00,31016212.9709576,28434,419.181765,14889417.17137601,0
2021-07-04 21:00:00+00:00,35550.38,35967.85,35488.37,35899.23,2599.636892,2021-07-04 21:59:59.999000+00:00,92962276.57385248,76327,1460.971328,52240810.39887294,0
2021-07-04 22:00:00+00:00,35903.79,35907.08,35325.33,35364.54,2407.294908,2021-07-04 22:59:59.999000+00:00,85684563.2248195,80066,1146.547896,40805324.38906596,0
2021-07-04 23:00:00+00:00,35364.54,35496.7,35135.0,35286.51,2651.825177,2021-07-04 23:59:59.999000+00:00,93720785.99923596,98149,1435.541104,50744656.37554674,0
2021-07-05 00:00:00+00:00,35288.13,35293.78,34752.52,34841.07,4012.285518,2021-07-05 00:59:59.999000+00:00,140245020.35993445,66152,1873.1286,65470834.71605783,0
2021-07-05 01:00:00+00:00,34841.6,34925.11,34445.33,34558.05,3007.057958,2021-07-05 01:59:59.999000+00:00,104263774.4863901,55042,1410.006939,48911310.74544283,0
2021-07-05 02:00:00+00:00,34558.05,34651.11,34315.24,34439.97,2536.777883,2021-07-05 02:59:59.999000+00:00,87376910.51489788,45146,1186.832406,40871671.29950943,0
2021-07-05 03:00:00+00:00,34439.99,34538.07,34180.18,34350.89,2440.500685,2021-07-05 03:59:59.999000+00:00,83870492.38171256,39079,1179.434524,40537366.16468693,0
2021-07-05 04:00:00+00:00,34351.25,34415.64,34000.0,34200.14,3963.985922,2021-07-05 04:59:59.999000+00:00,135672427.51748043,58520,1863.323788,63765021.16658425,0
2021-07-05 05:00:00+00:00,34200.15,34383.33,34066.49,34347.21,1982.48869,2021-07-05 05:59:59.999000+00:00,67840447.18425074,36332,989.083787,33850667.13617734,0
2021-07-05 06:00:00+00:00,34347.2,34409.91,34214.63,34311.99,2159.396983,2021-07-05 06:59:59.999000+00:00,74081792.12192243,37246,1029.376755,35318912.85080171,0
2021-07-05 07:00:00+00:00,34311.99,34311.99,34055.66,34256.17,2028.979224,2021-07-05 07:59:59.999000+00:00,69341523.58049525,34119,1044.763621,35701804.55902892,0
2021-07-05 08:00:00+00:00,34257.37,34311.0,34108.61,34262.0,1481.570093,2021-07-05 08:59:59.999000+00:00,50694758.63226819,30024,761.852754,26068982.63295312,0
2021-07-05 09:00:00+00:00,34262.0,34438.23,34226.83,34317.49,1505.691583,2021-07-05 09:59:59.999000+00:00,51709594.18979183,31333,796.660326,27359726.32585365,0
2021-07-05 10:00:00+00:00,34316.68,34558.99,34285.0,34477.18,2204.396804,2021-07-05 10:59:59.999000+00:00,75905416.29619116,40883,1161.047466,39980989.33592999,0
2021-07-05 11:00:00+00:00,34477.18,34496.21,33300.0,33379.96,8355.644196,2021-07-05 11:59:59.999000+00:00,281936717.88777786,126357,3603.696193,121519205.66224077,0
2021-07-05 12:00:00+00:00,33379.96,33610.0,33301.22,33468.11,3393.341487,2021-07-05 12:59:59.999000+00:00,113687034.27215412,54352,1890.432944,63340581.13882659,0
2021-07-05 13:00:00+00:00,33468.11,33747.73,33440.0,33607.88,3057.040465,2021-07-05 13:59:59.999000+00:00,102788945.42154628,46702,1645.704204,55320092.19028849,0
2021-07-05 14:00:00+00:00,33607.89,33720.0,33540.67,33690.0,1981.395045,2021-07-05 14:59:59.999000+00:00,66662991.70269999,33468,1104.498528,37150503.35997028,0
2021-07-05 15:00:00+00:00,33690.0,33777.0,33470.03,33585.91,1571.118743,2021-07-05 15:59:59.999000+00:00,52845001.55532993,36507,754.922387,25399255.91396103,0
2021-07-05 16:00:00+00:00,33585.89,33747.42,33541.34,33646.26,1407.746772,2021-07-05 16:59:59.999000+00:00,47370499.10095216,28620,671.734474,22607472.51165432,0
2021-07-05 17:00:00+00:00,33646.27,33733.77,33125.55,33697.06,3446.00999,2021-07-05 17:59:59.999000+00:00,115230674.32707307,61687,1619.659506,54175285.4977055,0
2021-07-05 18:00:00+00:00,33695.78,34204.31,33695.78,33982.02,4593.012929,2021-07-05 18:59:59.999000+00:00,155926960.8695655,67342,2543.645496,86341064.03194878,0
2021-07-05 19:00:00+00:00,33982.03,34274.33,33982.02,34117.97,2057.821377,2021-07-05 19:59:59.999000+00:00,70221763.42768936,40691,1009.671208,34451483.43790324,0
2021-07-05 20:00:00+00:00,34117.98,34199.9,33724.88,33842.18,2604.75399,2021-07-05 20:59:59.999000+00:00,88389870.01503609,43397,1380.241579,46826473.3153753,0
2021-07-05 21:00:00+00:00,33842.18,34210.0,33840.95,34151.79,1488.43241,2021-07-05 21:59:59.999000+00:00,50698407.59486082,35633,742.791407,25296898.00199161,0
2021-07-05 22:00:00+00:00,34148.98,34199.0,33950.75,33960.48,1327.852087,2021-07-05 22:59:59.999000+00:00,45234950.47831371,28671,551.798524,18794807.83022217,0
2021-07-05 23:00:00+00:00,33964.35,34116.54,33670.01,33690.14,1516.573411,2021-07-05 23:59:59.999000+00:00,51410283.5754953,32064,675.547956,22907005.60019684,0
2021-07-06 00:00:00+00:00,33690.15,34169.1,33634.76,34042.88,2141.809837,2021-07-06 00:59:59.999000+00:00,72775791.27832253,42376,1028.444592,34941885.8160396,0
2021-07-06 01:00:00+00:00,34042.89,34073.92,33761.44,33768.95,1338.985857,2021-07-06 01:59:59.999000+00:00,45401951.73401346,28858,581.62702,19725459.24190745,0
2021-07-06 02:00:00+00:00,33768.95,33926.65,33700.37,33919.83,1182.652569,2021-07-06 02:59:59.999000+00:00,39978855.76796051,27481,650.322183,21983372.39906511,0
2021-07-06 03:00:00+00:00,33919.82,33970.0,33831.64,33920.69,966.505937,2021-07-06 03:59:59.999000+00:00,32773309.659027,23037,497.27231,16862138.18971893,0
2021-07-06 04:00:00+00:00,33920.69,34811.17,33908.09,34654.08,5835.849134,2021-07-06 04:59:59.999000+00:00,201727648.5373381,93096,2728.160277,94214644.79933076,0
2021-07-06 05:00:00+00:00,34654.84,34933.0,34620.0,34793.39,2508.08642,2021-07-06 05:59:59.999000+00:00,87181152.37752569,49018,1297.784389,45119310.25755842,0
2021-07-06 06:00:00+00:00,34793.39,34821.6,34637.93,34676.02,1505.880864,2021-07-06 06:59:59.999000+00:00,52292726.27869607,36687,750.707071,26070489.28549903,0
2021-07-06 07:00:00+00:00,34675.89,34959.73,34675.89,34874.85,2015.359457,2021-07-06 07:59:59.999000+00:00,70096783.60305846,42538,1022.598217,35573073.67614635,0
2021-07-06 08:00:00+00:00,34874.85,35118.88,34714.9,34985.78,2807.041504,2021-07-06 08:59:59.999000+00:00,97952124.4904155,51497,1244.410029,43419467.37286039,0
2021-07-06 09:00:00+00:00,34985.77,35012.74,34030.01,34204.56,5674.404275,2021-07-06 09:59:59.999000+00:00,195052613.6744278,98392,2574.6386,88510744.32601403,0
2021-07-06 10:00:00+00:00,34204.56,34217.84,33773.53,33916.6,3628.690525,2021-07-06 10:59:59.999000+00:00,123118310.30963276,61363,1643.327764,55756470.54111794,0
2021-07-06 11:00:00+00:00,33916.59,34282.87,33730.0,34067.31,3166.196563,2021-07-06 11:59:59.999000+00:00,107739382.37915392,55436,1427.824937,48586240.92741852,0
2021-07-06 12:00:00+00:00,34067.31,34448.0,33800.01,34387.55,4587.082371,2021-07-06 12:59:59.999000+00:00,156707730.01593536,79297,2220.785855,75910943.82164592,0
2021-07-06 13:00:00+00:00,34390.98,34516.38,33931.0,34147.31,3059.587283,2021-07-06 13:59:59.999000+00:00,104775696.11168677,71739,1381.213262,47314478.99494232,0
2021-07-06 14:00:00+00:00,34147.31,34250.0,33966.74,34139.48,1821.54332,2021-07-06 14:59:59.999000+00:00,62109373.38938087,42218,1010.468277,34453731.73866819,0
2021-07-06 15:00:00+00:00,34139.48,34200.0,33880.65,34042.43,2234.188114,2021-07-06 15:59:59.999000+00:00,75994425.8665151,44088,1063.159772,36167366.89344816,0
2021-07-06 16:00:00+00:00,34042.44,34148.11,33755.0,34063.63,2177.018816,2021-07-06 16:59:59.999000+00:00,73843183.51267494,64875,1052.281652,35696200.69556749,0
2021-07-06 17:00:00+00:00,34060.94,34060.94,33532.0,33949.99,2875.147451,2021-07-06 17:59:59.999000+00:00,97140278.9749938,62581,1308.322844,44221594.67928968,0
2021-07-06 18:00:00+00:00,33949.99,34110.76,33802.0,33841.37,1688.859513,2021-07-06 18:59:59.999000+00:00,57349822.48262872,38439,782.166516,26563519.49995238,0
2021-07-06 19:00:00+00:00,33844.92,34190.0,33758.82,34019.99,1549.811977,2021-07-06 19:59:59.999000+00:00,52650542.75900166,34751,781.843978,26565448.81428298,0
2021-07-06 20:00:00+00:00,34019.99,34103.94,33840.0,33953.78,1067.970909,2021-07-06 20:59:59.999000+00:00,36263491.76451064,29837,528.516913,17947254.31318965,0
2021-07-06 21:00:00+00:00,33953.78,33972.77,33628.81,33763.1,1620.122816,2021-07-06 21:59:59.999000+00:00,54821608.28861756,42212,757.175397,25622084.63922665,0
2021-07-06 22:00:00+00:00,33763.1,34155.0,33683.18,34013.95,1297.965685,2021-07-06 22:59:59.999000+00:00,44100012.04239818,33763,723.307725,24574995.45157472,0
2021-07-06 23:00:00+00:00,34013.95,34323.77,33959.56,34220.01,1459.835152,2021-07-06 23:59:59.999000+00:00,49844285.6503504,31108,745.594913,25468107.66348502,0
2021-07-07 00:00:00+00:00,34220.02,34400.0,33941.0,34162.45,1894.462062,2021-07-07 00:59:59.999000+00:00,64771844.46615053,43735,929.862406,31805188.94342459,0
2021-07-07 01:00:00+00:00,34162.44,34271.45,33970.62,34233.2,3794.755383,2021-07-07 01:59:59.999000+00:00,129300236.75194964,46990,2607.456556,88784125.03548929,0
2021-07-07 02:00:00+00:00,34233.21,34296.01,33995.31,34277.61,2625.510263,2021-07-07 02:59:59.999000+00:00,89471144.1552472,40349,1350.352827,45996869.55048719,0
2021-07-07 03:00:00+00:00,34277.83,34530.0,34150.0,34446.5,2786.554504,2021-07-07 03:59:59.999000+00:00,95766707.5486814,50968,1601.170513,55042603.04978958,0
2021-07-07 04:00:00+00:00,34445.55,34800.0,34373.02,34704.43,2705.99532,2021-07-07 04:59:59.999000+00:00,93642553.84286684,55966,1474.898856,51038685.03380477,0
2021-07-07 05:00:00+00:00,34704.43,34889.93,34580.0,34809.73,2748.505262,2021-07-07 05:59:59.999000+00:00,95540884.47624776,52252,1356.350541,47143252.98212919,0
2021-07-07 06:00:00+00:00,34809.72,34890.0,34640.99,34724.94,2793.4599,2021-07-07 06:59:59.999000+00:00,97083354.53660512,46187,1363.96246,47396500.44310344,0
2021-07-07 07:00:00+00:00,34724.93,34919.28,34474.71,34710.38,2881.070678,2021-07-07 07:59:59.999000+00:00,100145927.36059517,48136,1457.058478,50640553.14019014,0
2021-07-07 08:00:00+00:00,34710.4,34950.0,34670.06,34790.0,2009.622846,2021-07-07 08:59:59.999000+00:00,69943717.10823911,42449,1044.969753,36369532.488976,0
2021-07-07 09:00:00+00:00,34790.01,34858.0,34639.17,34691.91,1700.111608,2021-07-07 09:59:59.999000+00:00,59065723.94268204,37972,795.666598,27643889.95531755,0
2021-07-07 10:00:00+00:00,34691.91,34734.37,34457.11,34614.57,2011.679332,2021-07-07 10:59:59.999000+00:00,69613228.5743767,39323,1012.830926,35053486.73853436,0
2021-07-07 11:00:00+00:00,34614.56,34989.0,34559.35,34827.96,2504.024095,2021-07-07 11:59:59.999000+00:00,87239636.90159301,47156,1280.243837,44602910.78060218,0
2021-07-07 12:00:00+00:00,34827.97,35059.09,34714.15,34853.85,3401.799233,2021-07-07 12:59:59.999000+00:00,118729669.67568998,55718,1719.305511,60017418.95600969,0
2021-07-07 13:00:00+00:00,34853.85,34881.55,34635.43,34813.22,1906.713965,2021-07-07 13:59:59.999000+00:00,66275133.48028846,38573,865.58259,30079310.22955592,0
2021-07-07 14:00:00+00:00,34813.22,34874.99,34532.5,34616.6,2215.052981,2021-07-07 14:59:59.999000+00:00,76850415.36242186,58585,1080.541467,37477005.98544925,0
2021-07-07 15:00:00+00:00,34616.6,34696.64,34477.13,34528.6,2098.341327,2021-07-07 15:59:59.999000+00:00,72557991.01635872,42558,1072.292849,37075055.5423993,0
2021-07-07 16:00:00+00:00,34528.6,34629.96,34412.43,34571.38,1574.335915,2021-07-07 16:59:59.999000+00:00,54383687.37507929,37543,769.610344,26586268.46133252,0
2021-07-07 17:00:00+00:00,34571.37,34689.29,34470.0,34635.01,1243.169797,2021-07-07 17:59:59.999000+00:00,42969587.8272949,28690,514.985631,17801754.85744914,0
2021-07-07 18:00:00+00:00,34635.01,34784.0,34556.28,34681.41,1699.083207,2021-07-07 18:59:59.999000+00:00,58979744.29243635,33934,884.566421,30704081.73764541,0
2021-07-07 19:00:00+00:00,34681.41,34748.37,34545.35,34628.72,1289.522949,2021-07-07 19:59:59.999000+00:00,44670911.61324475,30458,575.795921,19945432.59534103,0
2021-07-07 20:00:00+00:00,34628.71,34628.71,34490.0,34535.45,878.927631,2021-07-07 20:59:59.999000+00:00,30367220.89506309,23987,366.147238,12651095.7170575,0
2021-07-07 21:00:00+00:00,34535.44,34538.58,34112.5,34239.86,2294.885623,2021-07-07 21:59:59.999000+00:00,78733115.85732225,50853,948.016792,32513638.61233264,0
2021-07-07 22:00:00+00:00,34241.15,34292.41,34059.71,34164.99,1541.795856,2021-07-07 22:59:59.999000+00:00,52695503.54373401,33296,733.163848,25057563.79652094,0
2021-07-07 23:00:00+00:00,34164.98,34164.99,33777.77,33862.12,3208.141938,2021-07-07 23:59:59.999000+00:00,108860087.87663572,55738,1490.091564,50558363.34268054,0
2021-07-08 00:00:00+00:00,33862.11,33929.64,33103.72,33210.45,6944.323489,2021-07-08 00:59:59.999000+00:00,232230102.05415645,126753,2780.071462,93019841.86147521,0
2021-07-08 01:00:00+00:00,33210.46,33452.0,33185.0,33300.48,3002.027105,2021-07-08 01:59:59.999000+00:00,100092779.61862768,51035,1721.258013,57386180.64671586,0
2021-07-08 02:00:00+00:00,33300.48,33414.75,33275.94,33379.95,1520.915874,2021-07-08 02:59:59.999000+00:00,50710503.96015655,30982,842.059425,28076037.41295406,0
2021-07-08 03:00:00+00:00,33379.95,33435.0,33066.0,33305.65,2673.565704,2021-07-08 03:59:59.999000+00:00,88914752.63752428,50396,1233.170232,41018985.0747347,0
2021-07-08 04:00:00+00:00,33305.66,33375.15,33151.22,33300.76,1874.918709,2021-07-08 04:59:59.999000+00:00,62326060.71339205,39528,932.755525,31007260.98145672,0
2021-07-08 05:00:00+00:00,33300.76,33349.98,32850.0,32884.56,2998.701537,2021-07-08 05:59:59.999000+00:00,99356734.66079345,55411,1342.791516,44530935.97616074,0
2021-07-08 06:00:00+00:00,32880.97,33512.53,32857.09,33096.72,3536.856991,2021-07-08 06:59:59.999000+00:00,117571352.81015144,62276,1651.665652,54894651.48141242,0
2021-07-08 07:00:00+00:00,33096.85,33260.8,32242.07,32487.57,7911.858575,2021-07-08 07:59:59.999000+00:00,258770005.2582262,116162,3874.856878,126771124.97118092,0
2021-07-08 08:00:00+00:00,32487.56,32618.25,32231.92,32570.53,4128.844168,2021-07-08 08:59:59.999000+00:00,133909271.43141364,73309,2055.18465,66664969.1931383,0
2021-07-08 09:00:00+00:00,32570.54,32700.0,32425.2,32570.13,2719.299782,2021-07-08 09:59:59.999000+00:00,88596750.94289501,48545,1350.262497,43996189.77333219,0
2021-07-08 10:00:00+00:00,32570.12,32748.88,32447.32,32486.42,2354.448698,2021-07-08 10:59:59.999000+00:00,76772022.80651687,41689,1214.152516,39598645.48694451,0
2021-07-08 11:00:00+00:00,32486.43,32744.89,32077.0,32696.44,5820.078332,2021-07-08 11:59:59.999000+00:00,187977026.7950348,81413,3629.876367,117100365.97299744,0
2021-07-08 12:00:00+00:00,32696.43,32988.87,32484.59,32604.72,3098.764031,2021-07-08 12:59:59.999000+00:00,101486850.90701748,52129,1594.032404,52224209.48127239,0
2021-07-08 13:00:00+00:00,32604.73,32662.67,32350.0,32505.91,2397.629694,2021-07-08 13:59:59.999000+00:00,77961163.50552237,43275,1153.380095,37502798.24580342,0
2021-07-08 14:00:00+00:00,32505.92,32800.0,32477.96,32772.46,2494.810351,2021-07-08 14:59:59.999000+00:00,81445694.21561734,39816,1261.153335,41170712.0139209,0
2021-07-08 15:00:00+00:00,32772.46,32930.0,32703.35,32900.01,2522.750352,2021-07-08 15:59:59.999000+00:00,82812967.07473482,44748,1261.644577,41414463.11046801,0
2021-07-08 16:00:00+00:00,32900.05,32958.0,32646.14,32901.88,2138.342974,2021-07-08 16:59:59.999000+00:00,70184007.76860322,40233,1018.330453,33419913.20638027,0
2021-07-08 17:00:00+00:00,32901.88,33038.88,32783.54,32863.83,1982.16843,2021-07-08 17:59:59.999000+00:00,65207825.28717121,34725,1049.54437,34523458.10153862,0
2021-07-08 18:00:00+00:00,32863.83,32943.21,32749.18,32840.91,1094.481114,2021-07-08 18:59:59.999000+00:00,35924891.23939203,25581,532.13863,17468801.19166886,0
2021-07-08 19:00:00+00:00,32840.92,33177.06,32641.36,33003.52,2478.827458,2021-07-08 19:59:59.999000+00:00,81615981.21972364,58981,1273.385275,41932015.0461308,0
2021-07-08 20:00:00+00:00,33002.45,33067.09,32753.34,32800.27,1405.12562,2021-07-08 20:59:59.999000+00:00,46269181.96802123,31436,703.524372,23170280.39557514,0
2021-07-08 21:00:00+00:00,32800.26,32947.6,32682.01,32699.96,1536.319768,2021-07-08 21:59:59.999000+00:00,50455793.83322165,35103,794.427006,26093171.7636929,0
2021-07-08 22:00:00+00:00,32700.0,32826.0,32508.0,32557.44,2212.170548,2021-07-08 22:59:59.999000+00:00,72129020.13829099,43083,1105.236653,36034795.73371793,0
2021-07-08 23:00:00+00:00,32557.44,32899.83,32550.88,32875.71,1289.251016,2021-07-08 23:59:59.999000+00:00,42252279.45251082,31283,729.753322,23908532.6991705,0
2021-07-09 00:00:00+00:00,32875.71,32882.37,32375.0,32392.49,2443.185132,2021-07-09 00:59:59.999000+00:00,79623285.05265605,53573,1151.893686,37540715.84186824,0
2021-07-09 01:00:00+00:00,32392.48,32733.55,32261.07,32674.66,3073.139576,2021-07-09 01:59:59.999000+00:00,99744389.38419972,51129,1733.711226,56249075.45503017,0
2021-07-09 02:00:00+00:00,32674.67,33020.65,32600.66,32952.72,2186.086971,2021-07-09 02:59:59.999000+00:00,71736454.1379501,55528,1085.511874,35634535.61676367,0
2021-07-09 03:00:00+00:00,32952.72,33100.0,32750.11,32941.81,2450.32185,2021-07-09 03:59:59.999000+00:00,80765539.34029947,49688,1091.750336,35987241.04294718,0
2021-07-09 04:00:00+00:00,32941.81,33142.75,32892.85,33028.97,1420.190647,2021-07-09 04:59:59.999000+00:00,46898039.11301692,112292,696.244863,22993278.65516233,0
2021-07-09 05:00:00+00:00,33028.96,33310.0,32965.01,32996.18,2359.942613,2021-07-09 05:59:59.999000+00:00,78156340.93001588,77305,1161.487052,38472600.04969393,0
2021-07-09 06:00:00+00:00,32997.83,33049.5,32742.0,32868.7,2497.809994,2021-07-09 06:59:59.999000+00:00,82123694.21052454,36954,1411.060563,46384333.95203701,0
2021-07-09 07:00:00+00:00,32869.54,32933.47,32760.35,32910.21,1393.561318,2021-07-09 07:59:59.999000+00:00,45793230.17907945,27079,691.41549,22720563.35951762,0
2021-07-09 08:00:00+00:00,32902.13,32920.0,32598.0,32808.17,1796.766123,2021-07-09 08:59:59.999000+00:00,58869881.53293101,37283,886.234151,29042679.67467754,0
2021-07-09 09:00:00+00:00,32808.16,33065.0,32782.7,32914.42,1844.800192,2021-07-09 09:59:59.999000+00:00,60740581.59299269,45543,869.442891,28631756.50782628,0
2021-07-09 10:00:00+00:00,32914.42,33012.6,32810.0,32898.11,1278.259734,2021-07-09 10:59:59.999000+00:00,42061131.40410733,63255,700.171752,23039894.55967377,0
2021-07-09 11:00:00+00:00,32898.1,32898.1,32667.72,32774.99,1279.154895,2021-07-09 11:59:59.999000+00:00,41912000.61501858,33223,610.49476,20004456.1652304,0
2021-07-09 12:00:00+00:00,32774.99,32999.0,32635.08,32996.5,1959.314846,2021-07-09 12:59:59.999000+00:00,64286283.05692188,95239,962.502024,31588002.1993869,0
2021-07-09 13:00:00+00:00,32996.49,33509.2,32953.0,33423.3,5013.070733,2021-07-09 13:59:59.999000+00:00,166959907.7645766,74649,2425.250756,80755377.44304255,0
2021-07-09 14:00:00+00:00,33423.3,33682.43,33330.8,33534.75,2843.225385,2021-07-09 14:59:59.999000+00:00,95262005.73205353,77637,1418.716537,47537840.33689952,0
2021-07-09 15:00:00+00:00,33534.75,33656.0,33479.24,33558.67,2082.684117,2021-07-09 15:59:59.999000+00:00,69892295.57459702,40139,1076.890549,36140800.12938858,0
2021-07-09 16:00:00+00:00,33558.81,33696.4,33435.0,33527.25,1690.591807,2021-07-09 16:59:59.999000+00:00,56721887.65765351,51976,831.607012,27907835.15241407,0
2021-07-09 17:00:00+00:00,33527.24,33574.03,33421.68,33481.07,1224.53825,2021-07-09 17:59:59.999000+00:00,41003060.24120141,25970,558.644216,18706930.96423495,0
2021-07-09 18:00:00+00:00,33481.06,33496.71,33342.57,33382.03,1043.165464,2021-07-09 18:59:59.999000+00:00,34854220.73546652,24044,407.883451,13629240.57104723,0
2021-07-09 19:00:00+00:00,33382.02,33490.0,33287.0,33445.31,1009.617003,2021-07-09 19:59:59.999000+00:00,33704826.86937752,25922,481.509838,16077960.3613621,0
2021-07-09 20:00:00+00:00,33445.31,33549.55,33374.83,33528.02,958.745709,2021-07-09 20:59:59.999000+00:00,32088128.21414549,23471,497.584427,16653737.93271372,0
2021-07-09 21:00:00+00:00,33528.03,34053.69,33444.5,33870.56,2504.681988,2021-07-09 21:59:59.999000+00:00,84702029.91614933,58895,1470.973412,49744869.88327671,0
2021-07-09 22:00:00+00:00,33870.57,34100.0,33844.14,33977.19,1780.719479,2021-07-09 22:59:59.999000+00:00,60450232.30311579,71054,994.076619,33747162.85196846,0
2021-07-09 23:00:00+00:00,33977.2,34030.47,33760.0,33815.81,1020.366073,2021-07-09 23:59:59.999000+00:00,34608793.83332586,24503,445.011116,15097722.42636569,0
2021-07-10 00:00:00+00:00,33815.81,34262.0,33735.85,34039.95,2149.510447,2021-07-10 00:59:59.999000+00:00,73227813.87057722,52785,1036.664015,35321733.20803011,0
2021-07-10 01:00:00+00:00,34039.95,34097.72,33765.0,33767.02,1863.994587,2021-07-10 01:59:59.999000+00:00,63245588.30202897,46279,1031.372252,34993922.05395059,0
2021-07-10 02:00:00+00:00,33765.42,33869.18,33631.0,33729.25,1599.937661,2021-07-10 02:59:59.999000+00:00,54010056.98701689,32879,781.424162,26379115.66121588,0
2021-07-10 03:00:00+00:00,33729.25,33859.92,33700.34,33800.03,1133.387276,2021-07-10 03:59:59.999000+00:00,38301647.25778148,25767,536.83185,18139934.98822066,0
2021-07-10 04:00:00+00:00,33800.04,33909.67,33618.77,33651.69,1345.152135,2021-07-10 04:59:59.999000+00:00,45421127.66628732,27876,648.65936,21909624.90209931,0
2021-07-10 05:00:00+00:00,33651.7,33738.33,33458.84,33649.03,2057.113865,2021-07-10 05:59:59.999000+00:00,69160871.90211125,32530,937.612799,31525809.34134525,0
2021-07-10 06:00:00+00:00,33649.03,33865.67,33581.73,33813.31,970.780956,2021-07-10 06:59:59.999000+00:00,32724297.11610957,22766,500.929895,16887605.16413428,0
2021-07-10 07:00:00+00:00,33813.3,33813.3,33610.09,33766.01,813.772412,2021-07-10 07:59:59.999000+00:00,27437804.01801237,21126,376.949005,12709783.40035876,0
2021-07-10 08:00:00+00:00,33766.01,33950.0,33686.0,33762.79,1586.690134,2021-07-10 08:59:59.999000+00:00,53679224.53007333,48575,739.971727,25030340.72976128,0
2021-07-10 09:00:00+00:00,33761.72,33900.0,33711.95,33732.57,988.180519,2021-07-10 09:59:59.999000+00:00,33411826.3062403,22705,487.580001,16485847.33135259,0
2021-07-10 10:00:00+00:00,33735.98,33800.0,33599.98,33624.08,1314.386906,2021-07-10 10:59:59.999000+00:00,44250656.55004919,38297,593.817557,19991727.57184563,0
2021-07-10 11:00:00+00:00,33624.09,33911.82,33565.0,33793.94,1674.956798,2021-07-10 11:59:59.999000+00:00,56492816.27889224,64055,825.343891,27846411.75891691,0
2021-07-10 12:00:00+00:00,33793.95,33943.4,33744.4,33861.02,1213.69747,2021-07-10 12:59:59.999000+00:00,41055314.09234184,23407,688.357694,23280972.97069719,0
2021-07-10 13:00:00+00:00,33858.28,33898.17,33634.16,33700.31,1331.156127,2021-07-10 13:59:59.999000+00:00,44942120.53640481,26159,585.74754,19783710.5631707,0
2021-07-10 14:00:00+00:00,33700.31,33850.0,33649.14,33820.01,900.717189,2021-07-10 14:59:59.999000+00:00,30396743.88912281,21541,460.647239,15548734.19070836,0
2021-07-10 15:00:00+00:00,33820.01,33931.1,33790.0,33862.54,906.049202,2021-07-10 15:59:59.999000+00:00,30680265.86442846,29847,529.086037,17917620.1535596,0
2021-07-10 16:00:00+00:00,33862.55,34192.0,33794.12,34018.16,2483.648596,2021-07-10 16:59:59.999000+00:00,84520033.81849207,85483,1327.236595,45161467.34524441,0
2021-07-10 17:00:00+00:00,34018.15,34021.52,33223.31,33397.27,3743.795551,2021-07-10 17:59:59.999000+00:00,125558669.4606722,76684,1646.836507,55219421.08167304,0
2021-07-10 18:00:00+00:00,33397.27,33468.98,33340.0,33466.71,843.633254,2021-07-10 18:59:59.999000+00:00,28189802.03759318,35507,458.005252,15304304.36541077,0
2021-07-10 19:00:00+00:00,33466.71,33568.0,33320.41,33409.92,1159.187916,2021-07-10 19:59:59.999000+00:00,38782268.74452998,24981,568.468276,19015942.76922039,0
2021-07-10 20:00:00+00:00,33411.41,33411.42,33004.78,33324.49,2104.877652,2021-07-10 20:59:59.999000+00:00,69944161.38389301,41265,965.610287,32091353.26167961,0
2021-07-10 21:00:00+00:00,33324.49,33440.0,33275.0,33428.57,756.812543,2021-07-10 21:59:59.999000+00:00,25254578.28477362,22266,367.304758,12257593.41167367,0
2021-07-10 22:00:00+00:00,33428.57,33698.99,33416.82,33646.87,907.735788,2021-07-10 22:59:59.999000+00:00,30453777.03371065,23385,476.711523,15996102.36671266,0
2021-07-10 23:00:00+00:00,33646.88,33683.14,33485.98,33502.87,912.000484,2021-07-10 23:59:59.999000+00:00,30648645.15185261,19343,441.590975,14839327.95604218,0
2021-07-11 00:00:00+00:00,33502.87,33817.83,33456.0,33719.99,1260.246051,2021-07-11 00:59:59.999000+00:00,42400029.24359929,34505,661.887753,22272612.2012139,0
2021-07-11 01:00:00+00:00,33720.0,33783.68,33557.6,33614.49,946.17958,2021-07-11 01:59:59.999000+00:00,31862335.46058082,19473,413.751162,13941515.91523698,0
2021-07-11 02:00:00+00:00,33614.49,33669.58,33515.0,33519.17,701.930613,2021-07-11 02:59:59.999000+00:00,23582191.81969646,16977,323.476957,10867774.75941113,0
2021-07-11 03:00:00+00:00,33519.16,33574.79,33387.72,33448.97,1232.266163,2021-07-11 03:59:59.999000+00:00,41261407.76233531,52573,518.629216,17365094.04799558,0
2021-07-11 04:00:00+00:00,33448.97,33550.0,33306.47,33460.69,1271.092712,2021-07-11 04:59:59.999000+00:00,42450302.64019352,75239,608.919209,20336444.54036617,0
2021-07-11 05:00:00+00:00,33460.7,33636.85,33419.08,33590.53,791.397732,2021-07-11 05:59:59.999000+00:00,26555496.3021681,34623,407.690155,13680520.97071991,0
2021-07-11 06:00:00+00:00,33590.51,33642.74,33420.0,33463.74,783.35875,2021-07-11 06:59:59.999000+00:00,26267384.34397083,19316,394.609979,13231205.58735819,0
2021-07-11 07:00:00+00:00,33461.5,33555.55,33372.06,33508.83,808.258858,2021-07-11 07:59:59.999000+00:00,27046138.3462224,18779,446.815093,14949833.43491465,0
2021-07-11 08:00:00+00:00,33508.82,33800.0,33424.84,33690.69,1425.422146,2021-07-11 08:59:59.999000+00:00,47944926.47323115,40516,743.786597,25027896.38340584,0
2021-07-11 09:00:00+00:00,33690.69,33870.0,33598.75,33693.43,1544.086176,2021-07-11 09:59:59.999000+00:00,52092720.62785151,32842,903.584816,30486922.8505176,0
2021-07-11 10:00:00+00:00,33693.45,33839.94,33614.07,33750.79,1030.15708,2021-07-11 10:59:59.999000+00:00,34747119.86600583,33584,556.076576,18758182.75173169,0
2021-07-11 11:00:00+00:00,33750.79,33850.0,33695.0,33814.84,1115.823399,2021-07-11 11:59:59.999000+00:00,37682839.07115749,44385,597.311814,20176175.33833975,0
2021-07-11 12:00:00+00:00,33814.82,33880.74,33663.5,33738.01,1134.920668,2021-07-11 12:59:59.999000+00:00,38302839.10471322,49206,570.946678,19270210.59114268,0
2021-07-11 13:00:00+00:00,33740.55,33929.99,33654.36,33917.55,1250.280406,2021-07-11 13:59:59.999000+00:00,42253954.24969251,26845,684.82265,23145976.27744206,0
2021-07-11 14:00:00+00:00,33917.55,33992.68,33806.55,33929.76,1307.719824,2021-07-11 14:59:59.999000+00:00,44316110.5455503,44175,646.20364,21901230.16020572,0
2021-07-11 15:00:00+00:00,33929.76,33994.69,33859.83,33948.68,1298.614002,2021-07-11 15:59:59.999000+00:00,44055699.89104299,40728,592.740256,20109186.75609286,0
2021-07-11 16:00:00+00:00,33948.68,34123.08,33779.68,34008.2,2258.740266,2021-07-11 16:59:59.999000+00:00,76685212.80938192,56203,1201.787846,40811775.3667534,0
2021-07-11 17:00:00+00:00,34008.19,34039.92,33875.48,33892.81,1071.97669,2021-07-11 17:59:59.999000+00:00,36385877.2261453,28749,437.826142,14861620.20354754,0
2021-07-11 18:00:00+00:00,33892.82,33999.0,33837.16,33960.0,934.097396,2021-07-11 18:59:59.999000+00:00,31670218.33422611,23231,443.045176,15020467.44482241,0
2021-07-11 19:00:00+00:00,33960.0,33989.99,33841.35,33894.57,682.637369,2021-07-11 19:59:59.999000+00:00,23156966.48408868,18194,308.005065,10448810.39848463,0
2021-07-11 20:00:00+00:00,33894.57,33974.0,33831.46,33843.26,735.494781,2021-07-11 20:59:59.999000+00:00,24939068.51477708,17743,414.513487,14055677.07741713,0
2021-07-11 21:00:00+00:00,33843.26,34600.0,33710.94,34481.92,4187.83338,2021-07-11 21:59:59.999000+00:00,143621657.69921276,93221,2540.778575,87188237.62626193,0
2021-07-11 22:00:00+00:00,34490.31,34666.0,34338.54,34391.0,2614.820384,2021-07-11 22:59:59.999000+00:00,90126181.51968414,82962,1483.69712,51139661.75025389,0
2021-07-11 23:00:00+00:00,34391.0,34405.53,34180.59,34258.99,1185.293022,2021-07-11 23:59:59.999000+00:00,40626334.85651716,48822,533.631546,18289756.26297208,0
2021-07-12 00:00:00+00:00,34259.0,34345.53,34082.65,34171.26,1766.315729,2021-07-12 00:59:59.999000+00:00,60418139.50518617,30858,826.025857,28259606.43440287,0
2021-07-12 01:00:00+00:00,34171.26,34200.0,34006.92,34154.35,1089.799059,2021-07-12 01:59:59.999000+00:00,37191146.81248155,24584,490.276535,16735078.60944745,0
2021-07-12 02:00:00+00:00,34153.88,34320.05,34082.13,34271.1,1120.726234,2021-07-12 02:59:59.999000+00:00,38348800.39068834,48576,545.550766,18668613.27106502,0
2021-07-12 03:00:00+00:00,34271.91,34537.39,34250.0,34447.92,2417.558167,2021-07-12 03:59:59.999000+00:00,83184965.60383774,59358,1038.876509,35753897.29775995,0
2021-07-12 04:00:00+00:00,34447.92,34678.43,34290.0,34299.94,2014.262868,2021-07-12 04:59:59.999000+00:00,69396622.40226237,62905,896.57495,30895363.99128326,0
2021-07-12 05:00:00+00:00,34299.93,34340.96,34160.39,34330.25,1480.592143,2021-07-12 05:59:59.999000+00:00,50705009.93433709,37823,676.168725,23157101.58725546,0
2021-07-12 06:00:00+00:00,34328.7,34455.0,34207.95,34380.01,1217.811472,2021-07-12 06:59:59.999000+00:00,41823371.82418847,44908,560.147823,19238666.17105843,0
2021-07-12 07:00:00+00:00,34380.0,34510.0,34213.55,34281.74,1930.333761,2021-07-12 07:59:59.999000+00:00,66404560.32389568,29754,743.49147,25570026.36732499,0
2021-07-12 08:00:00+00:00,34281.74,34488.27,34213.16,34273.62,1703.520796,2021-07-12 08:59:59.999000+00:00,58488960.82861047,63496,799.181793,27439070.45380545,0
2021-07-12 09:00:00+00:00,34273.62,34334.27,34018.0,34050.12,1759.62296,2021-07-12 09:59:59.999000+00:00,60128015.66917964,59424,739.694793,25275514.69753929,0
2021-07-12 10:00:00+00:00,34050.12,34053.35,33631.79,33775.15,3622.870222,2021-07-12 10:59:59.999000+00:00,122558277.96854796,139005,1812.105969,61301831.21182091,0
2021-07-12 11:00:00+00:00,33775.16,33783.73,33525.66,33530.0,2427.189243,2021-07-12 11:59:59.999000+00:00,81719915.91097154,48993,1129.621878,38032864.79919008,0
2021-07-12 12:00:00+00:00,33530.0,33636.92,33400.0,33566.19,2486.649799,2021-07-12 12:59:59.999000+00:00,83368886.69757053,77602,1201.991352,40305263.80215403,0
2021-07-12 13:00:00+00:00,33569.15,33614.11,33335.76,33576.93,2163.776541,2021-07-12 13:59:59.999000+00:00,72431526.93300165,56604,1055.453098,35339785.02731957,0
2021-07-12 14:00:00+00:00,33574.81,33585.4,33373.69,33405.52,1371.133433,2021-07-12 14:59:59.999000+00:00,45913584.2239024,27892,651.55002,21818000.28696679,0
2021-07-12 15:00:00+00:00,33405.51,33507.47,33316.2,33337.49,1903.249854,2021-07-12 15:59:59.999000+00:00,63581423.09493643,34273,897.826978,29994803.01422235,0
2021-07-12 16:00:00+00:00,33337.49,33441.0,33052.99,33151.32,3105.023106,2021-07-12 16:59:59.999000+00:00,103146249.13866869,59694,1415.88714,47040769.84985148,0
2021-07-12 17:00:00+00:00,33151.32,33255.07,33050.0,33112.12,2044.060621,2021-07-12 17:59:59.999000+00:00,67750904.52253309,39091,1089.666901,36118695.78473222,0
2021-07-12 18:00:00+00:00,33112.13,33189.21,32890.43,33010.24,2417.701684,2021-07-12 18:59:59.999000+00:00,79945288.33272573,42937,1058.447129,35010241.51636617,0
2021-07-12 19:00:00+00:00,33010.27,33358.17,32750.0,32822.85,2955.237037,2021-07-12 19:59:59.999000+00:00,97531072.48556256,56470,1332.009052,43983881.2424386,0
2021-07-12 20:00:00+00:00,32822.85,32989.61,32658.34,32848.75,2794.087632,2021-07-12 20:59:59.999000+00:00,91664150.70198742,44779,1573.718857,51627054.94660652,0
2021-07-12 21:00:00+00:00,32848.75,32990.52,32816.87,32867.95,1284.594061,2021-07-12 21:59:59.999000+00:00,42267405.58861446,28518,618.968402,20365627.68548782,0
2021-07-12 22:00:00+00:00,32867.95,33098.43,32857.0,33038.1,1596.34146,2021-07-12 22:59:59.999000+00:00,52687555.20548677,30522,728.118665,24035861.0996999,0
2021-07-12 23:00:00+00:00,33038.1,33284.99,32973.21,33086.63,1508.94588,2021-07-12 23:59:59.999000+00:00,49990907.23578655,28781,721.552644,23910291.88724802,0
2021-07-13 00:00:00+00:00,33086.94,33222.22,32830.98,33059.99,1876.965154,2021-07-13 00:59:59.999000+00:00,61994215.76084862,43640,894.484062,29555275.58563343,0
2021-07-13 01:00:00+00:00,33059.96,33206.51,32942.04,33156.97,1045.960288,2021-07-13 01:59:59.999000+00:00,34580127.70350205,23396,505.346214,16710332.465126,0
2021-07-13 02:00:00+00:00,33156.97,33209.27,33060.64,33076.13,1020.806734,2021-07-13 02:59:59.999000+00:00,33822204.44880454,19021,462.069236,15309768.5576027,0
2021-07-13 03:00:00+00:00,33076.13,33229.0,33061.95,33071.14,1003.789452,2021-07-13 03:59:59.999000+00:00,33288260.7621041,18148,568.088162,18843185.2981375,0
2021-07-13 04:00:00+00:00,33071.13,33170.29,33034.54,33118.22,694.618447,2021-07-13 04:59:59.999000+00:00,22993428.25685938,19120,303.205882,10037921.91823315,0
2021-07-13 05:00:00+00:00,33118.22,33150.0,32742.01,32817.42,2222.409953,2021-07-13 05:59:59.999000+00:00,73031650.50463235,45132,988.766957,32483370.50109665,0
2021-07-13 06:00:00+00:00,32817.42,33090.29,32815.15,32966.31,1318.073844,2021-07-13 06:59:59.999000+00:00,43438568.16970095,28408,689.104755,22711739.74215397,0
2021-07-13 07:00:00+00:00,32966.31,33333.33,32966.31,33180.08,2260.995638,2021-07-13 07:59:59.999000+00:00,75075765.92251214,36608,1279.906565,42496023.74552974,0
2021-07-13 08:00:00+00:00,33180.11,33261.2,33101.57,33223.88,1167.769767,2021-07-13 08:59:59.999000+00:00,38767578.88392626,33397,614.43774,20398989.19662292,0
2021-07-13 09:00:00+00:00,33222.15,33292.7,33108.19,33273.0,1335.271077,2021-07-13 09:59:59.999000+00:00,44341609.90813448,38795,713.549498,23696220.62611627,0
2021-07-13 10:00:00+00:00,33273.01,33340.0,33040.02,33093.22,1652.97434,2021-07-13 10:59:59.999000+00:00,54888574.77779422,28533,749.400772,24886547.27826998,0
2021-07-13 11:00:00+00:00,33093.04,33193.75,32912.29,33042.61,1626.911541,2021-07-13 11:59:59.999000+00:00,53759469.30086513,52851,693.413578,22909390.69699463,0
2021-07-13 12:00:00+00:00,33042.61,33049.0,32280.0,32352.61,5795.28745,2021-07-13 12:59:59.999000+00:00,189119175.73875168,91064,2485.092064,81155497.49857926,0
2021-07-13 13:00:00+00:00,32352.61,32653.72,32285.71,32571.77,3016.488088,2021-07-13 13:59:59.999000+00:00,98001658.88014536,78382,1498.408553,48687247.094152,0
2021-07-13 14:00:00+00:00,32571.76,32630.0,32461.0,32569.0,1558.972447,2021-07-13 14:59:59.999000+00:00,50727794.47225619,30183,738.566816,24031906.10763649,0
2021-07-13 15:00:00+00:00,32569.0,32870.0,32530.96,32790.08,2010.817114,2021-07-13 15:59:59.999000+00:00,65754742.60448203,39230,964.014122,31527659.73564114,0
2021-07-13 16:00:00+00:00,32791.71,32887.9,32630.0,32817.77,1351.45857,2021-07-13 16:59:59.999000+00:00,44280253.80285783,32624,678.984135,22247620.60141795,0
2021-07-13 17:00:00+00:00,32817.77,32956.26,32631.26,32772.98,1335.295319,2021-07-13 17:59:59.999000+00:00,43780493.2121742,27871,632.01842,20722471.27666484,0
2021-07-13 18:00:00+00:00,32768.73,32768.74,32470.64,32479.99,1341.096471,2021-07-13 18:59:59.999000+00:00,43739241.1356392,40845,544.840242,17768853.72372052,0
2021-07-13 19:00:00+00:00,32480.0,32631.22,32231.42,32309.69,2779.651182,2021-07-13 19:59:59.999000+00:00,90018789.12967536,55683,1319.210397,42724973.24705555,0
2021-07-13 20:00:00+00:00,32309.69,32559.05,32202.25,32507.07,1602.71993,2021-07-13 20:59:59.999000+00:00,51933605.98497946,79860,749.851481,24297767.80285171,0
2021-07-13 21:00:00+00:00,32509.23,32646.09,32400.21,32589.11,1129.828156,2021-07-13 21:59:59.999000+00:00,36759714.30049961,29501,543.564196,17686909.10787432,0
2021-07-13 22:00:00+00:00,32589.11,32630.0,32426.88,32582.69,1017.318622,2021-07-13 22:59:59.999000+00:00,33117355.99068082,38724,502.646314,16364741.58765132,0
2021-07-13 23:00:00+00:00,32582.69,32750.0,32522.3,32729.77,960.881424,2021-07-13 23:59:59.999000+00:00,31368737.35851709,25037,469.308346,15322303.20938156,0
2021-07-14 00:00:00+00:00,32729.12,32807.41,32351.0,32421.69,1827.066745,2021-07-14 00:59:59.999000+00:00,59528227.65433515,45588,796.907752,25970913.55436655,0
2021-07-14 01:00:00+00:00,32421.69,32497.99,32251.31,32376.2,1913.138284,2021-07-14 01:59:59.999000+00:00,61912286.56055545,56713,836.571354,27075158.10050549,0
2021-07-14 02:00:00+00:00,32374.07,32570.96,32342.91,32545.43,1016.266305,2021-07-14 02:59:59.999000+00:00,32997438.32843269,24615,456.421496,14819359.4017389,0
2021-07-14 03:00:00+00:00,32545.42,32583.99,31650.61,31830.01,4646.773245,2021-07-14 03:59:59.999000+00:00,148297997.16586357,93993,1797.368205,57315521.06115739,0
2021-07-14 04:00:00+00:00,31830.01,32015.98,31782.0,31930.12,1714.340347,2021-07-14 04:59:59.999000+00:00,54715942.36158157,35646,865.66418,27631071.05800783,0
2021-07-14 05:00:00+00:00,31932.74,31993.61,31655.83,31807.01,2234.653488,2021-07-14 05:59:59.999000+00:00,71177167.47833462,41877,1083.963632,34523839.53190281,0
2021-07-14 06:00:00+00:00,31807.01,31942.35,31754.55,31835.47,1632.80381,2021-07-14 06:59:59.999000+00:00,52021823.85107999,32235,788.607195,25127455.68168573,0
2021-07-14 07:00:00+00:00,31829.03,32000.0,31825.56,31920.01,1452.029555,2021-07-14 07:59:59.999000+00:00,46345747.83121878,32289,671.782841,21443144.16533675,0
2021-07-14 08:00:00+00:00,31920.01,31996.0,31702.92,31751.48,1637.104228,2021-07-14 08:59:59.999000+00:00,52189168.17813051,53625,728.251889,23219546.8933125,0
2021-07-14 09:00:00+00:00,31751.48,32500.0,31550.0,32327.7,5200.598484,2021-07-14 09:59:59.999000+00:00,167358855.16126907,105195,2616.580782,84231641.00024545,0
2021-07-14 10:00:00+00:00,32330.0,32707.27,32260.83,32427.58,2759.771893,2021-07-14 10:59:59.999000+00:00,89628102.2116308,47118,1373.871549,44632614.23662161,0
2021-07-14 11:00:00+00:00,32427.59,32562.48,32366.34,32451.99,1396.545268,2021-07-14 11:59:59.999000+00:00,45354209.40935316,34522,724.381235,23525232.46916115,0
2021-07-14 12:00:00+00:00,32450.95,32517.0,32280.0,32313.18,1475.365857,2021-07-14 12:59:59.999000+00:00,47785168.50360136,64857,655.250381,21224839.57677223,0
2021-07-14 13:00:00+00:00,32313.18,32899.99,32313.18,32784.0,3314.062604,2021-07-14 13:59:59.999000+00:00,108389999.78472602,70605,1835.55305,60027715.11908624,0
2021-07-14 14:00:00+00:00,32784.0,32959.21,32700.0,32863.07,2699.267531,2021-07-14 14:59:59.999000+00:00,88626745.38646324,62393,1271.777412,41765995.1539263,0
2021-07-14 15:00:00+00:00,32863.07,32938.99,32733.83,32786.0,1800.053298,2021-07-14 15:59:59.999000+00:00,59072337.39634864,44178,901.750884,29591099.15790866,0
2021-07-14 16:00:00+00:00,32786.01,32902.89,32665.14,32833.88,1468.247412,2021-07-14 16:59:59.999000+00:00,48161183.41246613,34302,708.103589,23229015.55031309,0
2021-07-14 17:00:00+00:00,32838.26,32911.79,32774.99,32832.99,1049.677139,2021-07-14 17:59:59.999000+00:00,34472590.29824705,25545,446.184718,14654744.27936662,0
2021-07-14 18:00:00+00:00,32832.99,33114.03,32671.03,32743.96,2197.274629,2021-07-14 18:59:59.999000+00:00,72306459.76871455,55433,1190.574188,39181606.77308861,0
2021-07-14 19:00:00+00:00,32743.96,32798.62,32564.44,32729.76,1277.374208,2021-07-14 19:59:59.999000+00:00,41774314.297837,46916,632.977303,20703565.37552348,0
2021-07-14 20:00:00+00:00,32729.77,32869.58,32708.0,32800.41,875.491942,2021-07-14 20:59:59.999000+00:00,28715120.70110699,22900,495.853392,16263105.7615951,0
2021-07-14 21:00:00+00:00,32800.41,32940.0,32800.4,32852.23,904.311945,2021-07-14 21:59:59.999000+00:00,29719647.5334743,36317,465.665813,15305024.37722725,0
2021-07-14 22:00:00+00:00,32852.24,33063.82,32739.28,32959.96,1238.849836,2021-07-14 22:59:59.999000+00:00,40790586.493836,31664,654.411753,21547161.54335889,0
2021-07-14 23:00:00+00:00,32959.97,32974.44,32681.0,32820.02,1046.755431,2021-07-14 23:59:59.999000+00:00,34350955.21894088,24603,518.011126,16999698.24868781,0
2021-07-15 00:00:00+00:00,32820.03,33046.86,32651.26,32951.87,1417.226922,2021-07-15 00:59:59.999000+00:00,46577856.42378077,33122,707.715875,23266475.63580879,0
2021-07-15 01:00:00+00:00,32952.6,33185.25,32762.5,32784.33,2033.699532,2021-07-15 01:59:59.999000+00:00,67103057.03883283,54505,965.396852,31859759.52561145,0
2021-07-15 02:00:00+00:00,32784.33,32911.03,32690.59,32760.0,1375.095881,2021-07-15 02:59:59.999000+00:00,45094892.64403783,28721,651.411155,21363389.00257441,0
2021-07-15 03:00:00+00:00,32760.0,32785.23,32580.12,32641.65,1322.780939,2021-07-15 03:59:59.999000+00:00,43261536.09003599,25536,675.275665,22086014.58655857,0
2021-07-15 04:00:00+00:00,32641.66,32691.42,32441.86,32665.53,1706.064562,2021-07-15 04:59:59.999000+00:00,55544426.43891905,66033,837.399286,27266138.74405133,0
2021-07-15 05:00:00+00:00,32665.53,32665.53,32473.72,32583.9,923.639498,2021-07-15 05:59:59.999000+00:00,30089185.3740928,63491,455.567908,14841775.47720828,0
2021-07-15 06:00:00+00:00,32582.71,32650.0,32366.12,32483.0,1404.628993,2021-07-15 06:59:59.999000+00:00,45671242.18805406,34455,636.188895,20686101.07254337,0
2021-07-15 07:00:00+00:00,32483.0,32600.0,32359.65,32469.5,1675.703792,2021-07-15 07:59:59.999000+00:00,54401098.87431377,31318,879.946766,28569290.76854106,0
2021-07-15 08:00:00+00:00,32468.3,32551.99,32316.45,32376.51,1977.11793,2021-07-15 08:59:59.999000+00:00,64115212.03258455,38713,967.00133,31361346.66020683,0
2021-07-15 09:00:00+00:00,32376.5,32620.31,32332.54,32505.0,1945.908662,2021-07-15 09:59:59.999000+00:00,63224540.13402549,38062,1069.342096,34748456.54034348,0
2021-07-15 10:00:00+00:00,32505.0,32579.33,31816.06,31866.76,4565.895068,2021-07-15 10:59:59.999000+00:00,146715857.80070165,83449,2100.669829,67538348.76246539,0
2021-07-15 11:00:00+00:00,31866.76,31992.58,31800.0,31880.5,2077.289315,2021-07-15 11:59:59.999000+00:00,66262611.27260015,43361,888.964761,28359207.90864185,0
2021-07-15 12:00:00+00:00,31880.5,32152.97,31605.84,31723.25,3580.639832,2021-07-15 12:59:59.999000+00:00,113830509.13301829,68397,1648.383814,52419877.38632868,0
2021-07-15 13:00:00+00:00,31723.25,31923.35,31455.0,31828.82,3989.717676,2021-07-15 13:59:59.999000+00:00,126580293.49848272,70951,1787.129915,56724174.9094025,0
2021-07-15 14:00:00+00:00,31828.86,31957.77,31675.5,31771.83,1974.800711,2021-07-15 14:59:59.999000+00:00,62848769.76584166,41216,950.622192,30251998.39166273,0
2021-07-15 15:00:00+00:00,31771.83,31829.99,31653.5,31677.01,2355.484135,2021-07-15 15:59:59.999000+00:00,74803651.34148015,35348,1405.041179,44632879.22168644,0
2021-07-15 16:00:00+00:00,31678.5,31737.68,31475.32,31598.85,2677.649049,2021-07-15 16:59:59.999000+00:00,84602252.27700163,53138,1245.632114,39365601.47118107,0
2021-07-15 17:00:00+00:00,31598.85,31598.86,31133.0,31276.88,4767.335362,2021-07-15 17:59:59.999000+00:00,149276274.0477112,81933,2182.73072,68330118.29253054,0
2021-07-15 18:00:00+00:00,31276.87,31527.54,31230.0,31455.11,1897.734109,2021-07-15 18:59:59.999000+00:00,59551574.19111349,41438,971.352948,30483743.50902301,0
2021-07-15 19:00:00+00:00,31455.12,31800.0,31394.4,31533.62,1931.505721,2021-07-15 19:59:59.999000+00:00,60965557.72317946,38672,902.98186,28502792.61299854,0
2021-07-15 20:00:00+00:00,31538.92,31840.88,31528.52,31752.41,2036.517917,2021-07-15 20:59:59.999000+00:00,64494053.42637478,36709,1085.214263,34371710.1096956,0
2021-07-15 21:00:00+00:00,31752.4,31803.72,31645.0,31666.35,1348.345284,2021-07-15 21:59:59.999000+00:00,42795113.30448116,31980,554.368507,17596374.57354981,0
2021-07-15 22:00:00+00:00,31666.35,31868.53,31622.0,31772.95,1211.656739,2021-07-15 22:59:59.999000+00:00,38501930.22341789,27356,601.814336,19123364.21830007,0
2021-07-15 23:00:00+00:00,31772.95,31898.0,31503.35,31880.0,1443.138724,2021-07-15 23:59:59.999000+00:00,45766470.19247843,31463,696.253521,22082076.31523519,0
2021-07-16 00:00:00+00:00,31874.49,31940.0,31556.95,31644.03,2165.772659,2021-07-16 00:59:59.999000+00:00,68727113.10722321,38382,1201.489876,38150227.13241921,0
2021-07-16 01:00:00+00:00,31644.04,31884.7,31640.0,31808.4,1301.205122,2021-07-16 01:59:59.999000+00:00,41365080.79395475,26153,663.748378,21099687.62324953,0
2021-07-16 02:00:00+00:00,31808.41,32049.45,31762.97,31904.26,2728.187761,2021-07-16 02:59:59.999000+00:00,87077391.87693568,36031,1491.038627,47596368.76496615,0
2021-07-16 03:00:00+00:00,31904.25,32020.23,31874.13,31914.89,1352.540088,2021-07-16 03:59:59.999000+00:00,43201119.08332906,26331,621.732535,19860221.72412464,0
2021-07-16 04:00:00+00:00,31914.9,32020.0,31851.27,31907.57,1207.949575,2021-07-16 04:59:59.999000+00:00,38569166.48799861,39202,614.568768,19622215.21781547,0
2021-07-16 05:00:00+00:00,31907.57,31966.94,31719.73,31797.02,1353.26601,2021-07-16 05:59:59.999000+00:00,43053868.4348254,27229,653.835641,20798896.81844998,0
2021-07-16 06:00:00+00:00,31800.41,31804.99,31548.15,31609.14,2043.109668,2021-07-16 06:59:59.999000+00:00,64694417.73837977,36220,968.892583,30675849.19331333,0
2021-07-16 07:00:00+00:00,31609.13,31796.42,31561.88,31774.49,1351.134097,2021-07-16 07:59:59.999000+00:00,42789387.99852686,42314,644.851082,20424135.86939469,0
2021-07-16 08:00:00+00:00,31779.98,31779.99,31375.93,31473.0,2419.227912,2021-07-16 08:59:59.999000+00:00,76326662.84578887,57700,1076.268379,33960186.46158056,0
2021-07-16 09:00:00+00:00,31473.0,31534.18,31320.0,31399.99,1723.356114,2021-07-16 09:59:59.999000+00:00,54138720.99025788,38844,837.415606,26309657.26396856,0
2021-07-16 10:00:00+00:00,31400.0,31473.42,31140.0,31305.87,3042.54607,2021-07-16 10:59:59.999000+00:00,95234517.9624588,56890,1476.928445,46234808.27255978,0
2021-07-16 11:00:00+00:00,31303.67,31303.67,31020.0,31086.53,2632.129549,2021-07-16 11:59:59.999000+00:00,82050516.4797183,47559,1131.445922,35272054.36568828,0
2021-07-16 12:00:00+00:00,31086.52,31799.0,31067.43,31714.06,3970.601548,2021-07-16 12:59:59.999000+00:00,124718248.82137156,67602,2070.129463,65038508.96662832,0
2021-07-16 13:00:00+00:00,31714.06,31969.0,31703.01,31765.8,3156.596282,2021-07-16 13:59:59.999000+00:00,100492716.84885336,53824,1665.686994,53034244.54021049,0
2021-07-16 14:00:00+00:00,31765.8,31950.0,31742.31,31860.93,1612.649836,2021-07-16 14:59:59.999000+00:00,51383077.36197864,32115,760.491268,24231435.45256054,0
2021-07-16 15:00:00+00:00,31860.92,32212.52,31787.01,32127.39,3715.324314,2021-07-16 15:59:59.999000+00:00,118908731.53593738,55201,2023.040551,64747801.82235681,0
2021-07-16 16:00:00+00:00,32127.4,32249.18,31810.0,32065.37,3299.784163,2021-07-16 16:59:59.999000+00:00,105797927.68825632,114973,1574.058883,50466412.6910664,0
2021-07-16 17:00:00+00:00,32062.77,32136.36,31927.74,32055.24,1328.483357,2021-07-16 17:59:59.999000+00:00,42553245.47678735,41360,582.456915,18658400.03620702,0
2021-07-16 18:00:00+00:00,32055.24,32077.61,31920.01,31956.38,1161.214794,2021-07-16 18:59:59.999000+00:00,37130867.85459182,25399,532.682953,17033397.16768498,0
2021-07-16 19:00:00+00:00,31956.39,32084.82,31860.82,31911.34,1375.012923,2021-07-16 19:59:59.999000+00:00,43950752.09277832,27859,661.585079,21148206.96182607,0
2021-07-16 20:00:00+00:00,31911.34,31987.0,31806.0,31819.98,1085.134707,2021-07-16 20:59:59.999000+00:00,34608947.72234861,24589,455.353577,14527248.48667876,0
2021-07-16 21:00:00+00:00,31819.98,31862.74,31661.95,31719.52,1388.77642,2021-07-16 21:59:59.999000+00:00,44133755.55357906,68861,724.485583,23023347.16651483,0
2021-07-16 22:00:00+00:00,31719.52,31860.18,31535.45,31578.31,1454.79114,2021-07-16 22:59:59.999000+00:00,46078044.4960574,30081,734.462788,23260737.63524282,0
2021-07-16 23:00:00+00:00,31580.9,31634.13,31336.98,31383.87,1631.070045,2021-07-16 23:59:59.999000+00:00,51358432.3277197,52872,797.094672,25100694.91756356,0
2021-07-17 00:00:00+00:00,31383.86,31636.53,31164.31,31636.52,2571.833348,2021-07-17 00:59:59.999000+00:00,80639562.39168829,53978,1220.74579,38303256.42515586,0
2021-07-17 01:00:00+00:00,31636.52,31642.64,31264.9,31386.53,1309.261046,2021-07-17 01:59:59.999000+00:00,41139341.41526262,39238,551.822471,17342737.87211363,0
2021-07-17 02:00:00+00:00,31383.11,31499.98,31250.0,31336.08,1547.699454,2021-07-17 02:59:59.999000+00:00,48514430.86668482,54824,731.922681,22946035.36255183,0
2021-07-17 03:00:00+00:00,31334.71,31474.5,31276.25,31306.56,1211.567313,2021-07-17 03:59:59.999000+00:00,38010266.7502355,35720,585.831895,18382840.21531821,0
2021-07-17 04:00:00+00:00,31306.57,31441.32,31190.0,31387.84,1161.064756,2021-07-17 04:59:59.999000+00:00,36337398.52680347,27340,558.721377,17491456.93758798,0
2021-07-17 05:00:00+00:00,31387.84,31539.23,31364.48,31486.95,1231.810071,2021-07-17 05:59:59.999000+00:00,38750424.90480561,31394,661.005512,20792145.53100025,0
2021-07-17 06:00:00+00:00,31486.94,31590.94,31435.22,31580.01,1004.185911,2021-07-17 06:59:59.999000+00:00,31645489.87450921,49243,514.059419,16200137.93113454,0
2021-07-17 07:00:00+00:00,31580.01,31588.5,31449.81,31513.64,857.359972,2021-07-17 07:59:59.999000+00:00,27008260.0470606,47934,394.247472,12420066.64600962,0
2021-07-17 08:00:00+00:00,31513.64,31955.92,31341.0,31706.44,2370.261962,2021-07-17 08:59:59.999000+00:00,75047271.55254237,46999,1210.565004,38331081.29445336,0
2021-07-17 09:00:00+00:00,31706.43,31791.99,31602.0,31609.54,1675.534038,2021-07-17 09:59:59.999000+00:00,53065229.81018412,28072,786.270125,24904433.19314614,0
2021-07-17 10:00:00+00:00,31605.47,31613.5,31260.96,31280.0,1969.88332,2021-07-17 10:59:59.999000+00:00,61813729.25164562,35754,871.054612,27328939.34871831,0
2021-07-17 11:00:00+00:00,31280.01,31476.72,31250.0,31391.33,1896.212128,2021-07-17 11:59:59.999000+00:00,59463779.71828575,36755,947.890131,29729838.75957116,0
2021-07-17 12:00:00+00:00,31391.34,31583.87,31343.03,31501.41,1552.200929,2021-07-17 12:59:59.999000+00:00,48836605.22212078,36804,852.415947,26819895.21659691,0
2021-07-17 13:00:00+00:00,31501.41,31765.48,31341.16,31618.78,1947.197043,2021-07-17 13:59:59.999000+00:00,61435660.15074737,50503,1015.973165,32056049.81868194,0
2021-07-17 14:00:00+00:00,31618.78,31745.99,31589.89,31637.0,1335.60345,2021-07-17 14:59:59.999000+00:00,42305164.26651126,59321,628.15483,19897530.150836,0
2021-07-17 15:00:00+00:00,31637.01,31772.02,31450.47,31764.75,1555.012748,2021-07-17 15:59:59.999000+00:00,49190924.03166198,27560,770.697138,24377916.13005737,0
2021-07-17 16:00:00+00:00,31763.98,31870.43,31636.0,31683.03,1802.804641,2021-07-17 16:59:59.999000+00:00,57219313.76078729,34154,891.478619,28298744.62774735,0
2021-07-17 17:00:00+00:00,31683.04,31737.42,31537.0,31731.13,874.03601,2021-07-17 17:59:59.999000+00:00,27658188.49644821,34318,456.462234,14446222.16639618,0
2021-07-17 18:00:00+00:00,31731.13,31820.0,31670.48,31735.04,775.558543,2021-07-17 18:59:59.999000+00:00,24626837.50562561,24440,378.722707,12026405.85884345,0
2021-07-17 19:00:00+00:00,31735.03,31920.0,31704.4,31834.33,1319.4731,2021-07-17 19:59:59.999000+00:00,41998629.54346602,38791,689.361598,21944600.30021648,0
2021-07-17 20:00:00+00:00,31834.33,31898.5,31723.08,31723.09,831.839377,2021-07-17 20:59:59.999000+00:00,26454842.09719284,29192,394.257608,12539732.16028505,0
2021-07-17 21:00:00+00:00,31723.08,31827.05,31673.15,31720.0,1038.232818,2021-07-17 21:59:59.999000+00:00,32973740.21782424,22571,472.192576,14997234.89198903,0
2021-07-17 22:00:00+00:00,31721.5,31721.51,31605.44,31634.94,941.975931,2021-07-17 22:59:59.999000+00:00,29819146.49828258,17431,492.845092,15601854.27918811,0
2021-07-17 23:00:00+00:00,31634.95,31634.95,31480.66,31520.07,1231.634223,2021-07-17 23:59:59.999000+00:00,38861729.43593135,21106,572.353305,18060868.70378107,0
2021-07-18 00:00:00+00:00,31520.07,32132.62,31463.0,31975.13,3005.872626,2021-07-18 00:59:59.999000+00:00,95618059.42159232,48831,1563.826477,49750630.46970816,0
2021-07-18 01:00:00+00:00,31975.17,32435.0,31943.4,32213.05,3816.885809,2021-07-18 01:59:59.999000+00:00,122813945.31568064,64836,2014.251091,64811883.75160725,0
2021-07-18 02:00:00+00:00,32213.04,32285.98,32150.0,32201.82,1428.751769,2021-07-18 02:59:59.999000+00:00,46024530.88780606,44252,720.288633,23203637.23505014,0
2021-07-18 03:00:00+00:00,32201.83,32221.33,32059.54,32166.0,1273.655236,2021-07-18 03:59:59.999000+00:00,40941978.00056141,20616,629.657097,20239337.78903128,0
2021-07-18 04:00:00+00:00,32166.0,32190.45,32041.06,32077.25,892.140115,2021-07-18 04:59:59.999000+00:00,28637928.02535984,31310,436.243058,14004723.15733421,0
2021-07-18 05:00:00+00:00,32079.97,32146.53,32044.72,32059.27,819.442397,2021-07-18 05:59:59.999000+00:00,26290568.80205466,34621,385.319454,12362961.14999863,0
2021-07-18 06:00:00+00:00,32059.28,32072.22,31850.01,31886.18,1300.509793,2021-07-18 06:59:59.999000+00:00,41534203.82331673,56316,612.76687,19568070.36533001,0
2021-07-18 07:00:00+00:00,31886.19,31922.89,31680.01,31712.1,1223.946555,2021-07-18 07:59:59.999000+00:00,38941304.99805556,43076,575.017364,18300750.63342964,0
2021-07-18 08:00:00+00:00,31712.1,31800.0,31653.0,31762.11,1361.186042,2021-07-18 08:59:59.999000+00:00,43183714.9824299,24910,670.178522,21262228.49587298,0
2021-07-18 09:00:00+00:00,31762.1,31868.53,31671.81,31733.05,1208.965371,2021-07-18 09:59:59.999000+00:00,38390706.38600959,23354,572.356063,18175136.04803739,0
2021-07-18 10:00:00+00:00,31733.06,31746.85,31565.58,31709.43,1694.722384,2021-07-18 10:59:59.999000+00:00,53642628.00123315,26007,735.892446,23294005.37883662,0
2021-07-18 11:00:00+00:00,31710.17,31801.8,31668.81,31801.01,910.699299,2021-07-18 11:59:59.999000+00:00,28907602.99622932,19014,501.412718,15915307.41395374,0
2021-07-18 12:00:00+00:00,31801.79,31849.54,31683.96,31745.05,1043.982832,2021-07-18 12:59:59.999000+00:00,33153159.79502069,19623,456.679609,14501940.51734047,0
2021-07-18 13:00:00+00:00,31745.06,31765.24,31620.0,31700.17,969.445855,2021-07-18 13:59:59.999000+00:00,30718809.02155733,19295,525.388665,16647357.79616651,0
2021-07-18 14:00:00+00:00,31700.16,31750.0,31108.97,31322.85,3752.340605,2021-07-18 14:59:59.999000+00:00,117752275.91417833,60561,1690.387058,53047994.95214872,0
2021-07-18 15:00:00+00:00,31322.83,31457.74,31227.96,31365.6,1772.94407,2021-07-18 15:59:59.999000+00:00,55625871.37844629,31544,827.22354,25954287.40974155,0
2021-07-18 16:00:00+00:00,31365.6,31568.0,31290.0,31463.57,1160.71928,2021-07-18 16:59:59.999000+00:00,36477734.4875174,25339,575.614143,18090035.26658918,0
2021-07-18 17:00:00+00:00,31463.58,31763.11,31414.84,31595.44,1491.65556,2021-07-18 17:59:59.999000+00:00,47097913.87335554,27887,784.838856,24786568.51108008,0
2021-07-18 18:00:00+00:00,31596.68,31670.84,31563.9,31604.51,1024.327143,2021-07-18 18:59:59.999000+00:00,32387925.38579622,20427,492.193328,15563294.47130617,0
2021-07-18 19:00:00+00:00,31604.51,31726.66,31604.5,31643.8,543.351552,2021-07-18 19:59:59.999000+00:00,17205969.50663472,14642,275.964303,8739123.37376467,0
2021-07-18 20:00:00+00:00,31642.91,31741.8,31606.06,31630.29,689.628026,2021-07-18 20:59:59.999000+00:00,21842570.20146987,16404,325.129852,10297924.58178962,0
2021-07-18 21:00:00+00:00,31630.3,31866.66,31544.8,31814.5,1328.348987,2021-07-18 21:59:59.999000+00:00,42100843.46887533,27160,667.91946,21173852.6757143,0
2021-07-18 22:00:00+00:00,31814.5,31943.0,31420.0,31557.91,2066.526071,2021-07-18 22:59:59.999000+00:00,65441029.2676167,36340,948.181195,30043139.9030735,0
2021-07-18 23:00:00+00:00,31557.91,31871.68,31508.92,31778.56,1143.668809,2021-07-18 23:59:59.999000+00:00,36233091.70580386,24614,567.452851,17975589.77227549,0
2021-07-19 00:00:00+00:00,31778.57,31861.79,31541.27,31600.68,1548.230056,2021-07-19 00:59:59.999000+00:00,49088265.72333,27430,779.66335,24726727.34777176,0
2021-07-19 01:00:00+00:00,31600.69,31643.96,31431.87,31601.76,1221.629224,2021-07-19 01:59:59.999000+00:00,38516116.3060774,25023,565.440158,17827229.61073588,0
2021-07-19 02:00:00+00:00,31601.76,31687.1,31471.11,31515.79,840.277156,2021-07-19 02:59:59.999000+00:00,26539873.45037906,18031,450.799473,14238085.6734028,0
2021-07-19 03:00:00+00:00,31515.78,31614.86,31451.0,31541.57,684.075071,2021-07-19 03:59:59.999000+00:00,21579679.18969501,16594,360.544439,11374286.21729941,0
2021-07-19 04:00:00+00:00,31541.58,31782.86,31523.28,31742.0,1150.678747,2021-07-19 04:59:59.999000+00:00,36432371.95673166,20505,575.211065,18210331.92961037,0
2021-07-19 05:00:00+00:00,31742.0,31899.0,31643.49,31788.0,1448.406278,2021-07-19 05:59:59.999000+00:00,45993544.54686992,26394,820.224061,26048975.28749516,0
2021-07-19 06:00:00+00:00,31787.99,31860.0,31682.89,31793.54,1483.566101,2021-07-19 06:59:59.999000+00:00,47144957.57468455,24835,636.238779,20219444.79309677,0
2021-07-19 07:00:00+00:00,31793.54,31854.38,31583.34,31604.33,1633.447762,2021-07-19 07:59:59.999000+00:00,51781253.95767751,25192,748.621199,23731875.12442234,0
2021-07-19 08:00:00+00:00,31604.32,31669.73,31480.0,31486.58,1230.4008,2021-07-19 08:59:59.999000+00:00,38850800.85570236,32721,561.376454,17727072.64236218,0
2021-07-19 09:00:00+00:00,31486.59,31549.44,31301.1,31379.66,2213.984681,2021-07-19 09:59:59.999000+00:00,69524004.80613399,33913,1072.952731,33684844.47651406,0
2021-07-19 10:00:00+00:00,31379.65,31435.92,31177.0,31205.58,2344.315936,2021-07-19 10:59:59.999000+00:00,73364162.25238281,37107,994.898266,31136018.55259205,0
2021-07-19 11:00:00+00:00,31205.91,31466.66,31155.0,31265.92,1999.918224,2021-07-19 11:59:59.999000+00:00,62610529.52785593,46697,1040.771183,32582109.06441085,0
2021-07-19 12:00:00+00:00,31267.84,31375.0,30666.0,30713.15,6394.116116,2021-07-19 12:59:59.999000+00:00,197822145.17699888,103647,2681.374244,82959237.05811153,0
2021-07-19 13:00:00+00:00,30713.15,30880.86,30560.0,30605.17,5224.792652,2021-07-19 13:59:59.999000+00:00,160351253.34688413,73389,2626.771146,80628295.97875416,0
2021-07-19 14:00:00+00:00,30606.78,30850.0,30407.44,30816.05,4514.898482,2021-07-19 14:59:59.999000+00:00,138309320.62299085,80401,2156.766616,66093158.27476431,0
2021-07-19 15:00:00+00:00,30816.05,30980.0,30646.61,30687.96,3182.935943,2021-07-19 15:59:59.999000+00:00,98178403.09458546,49080,1501.600165,46319730.44190566,0
2021-07-19 16:00:00+00:00,30687.84,30785.71,30602.5,30705.58,1666.819241,2021-07-19 16:59:59.999000+00:00,51158242.76963547,32772,888.995828,27286247.83871,0
2021-07-19 17:00:00+00:00,30705.59,30857.61,30670.09,30736.09,1296.175187,2021-07-19 17:59:59.999000+00:00,39858174.94466707,24254,679.203869,20885196.89049389,0
2021-07-19 18:00:00+00:00,30736.09,30808.14,30564.36,30652.95,1226.215751,2021-07-19 18:59:59.999000+00:00,37652842.450948,25865,584.262462,17939746.61135892,0
2021-07-19 19:00:00+00:00,30652.95,30775.82,30520.01,30744.97,1360.608042,2021-07-19 19:59:59.999000+00:00,41730455.64784988,26425,650.540852,19951643.55209312,0
2021-07-19 20:00:00+00:00,30744.84,30838.53,30691.72,30770.62,1199.25144,2021-07-19 20:59:59.999000+00:00,36882334.15802217,24636,605.904684,18635400.33509141,0
2021-07-19 21:00:00+00:00,30770.62,30886.19,30712.3,30716.53,1331.270122,2021-07-19 21:59:59.999000+00:00,41000451.48204973,28243,645.610847,19882964.52455201,0
2021-07-19 22:00:00+00:00,30722.23,30935.46,30721.15,30855.0,1200.957913,2021-07-19 22:59:59.999000+00:00,37060741.84331646,23379,611.393224,18866416.1745317,0
2021-07-19 23:00:00+00:00,30855.0,30984.4,30792.04,30839.65,943.497574,2021-07-19 23:59:59.999000+00:00,29133356.25103451,19496,470.34495,14525052.74459444,0
2021-07-20 00:00:00+00:00,30839.65,31063.07,30749.99,30801.12,1862.693199,2021-07-20 00:59:59.999000+00:00,57535735.07269743,32901,859.69329,26559384.07262578,0
2021-07-20 01:00:00+00:00,30801.12,30844.05,30535.0,30621.61,2305.451545,2021-07-20 01:59:59.999000+00:00,70648395.11925215,42913,1106.403367,33900088.88944643,0
2021-07-20 02:00:00+00:00,30621.55,30687.66,30150.0,30182.93,5027.8832,2021-07-20 02:59:59.999000+00:00,152502274.72258264,71131,2077.091931,63017707.34465468,0
2021-07-20 03:00:00+00:00,30182.94,30254.26,29501.0,29600.46,9142.71556,2021-07-20 03:59:59.999000+00:00,272949695.60429865,125792,3505.567515,104560446.78356709,0
2021-07-20 04:00:00+00:00,29600.46,29938.71,29505.95,29659.12,4017.29488,2021-07-20 04:59:59.999000+00:00,119209855.1115373,59619,1972.786747,58563339.76330044,0
2021-07-20 05:00:00+00:00,29659.12,29798.35,29611.0,29729.1,2099.340899,2021-07-20 05:59:59.999000+00:00,62359675.66441421,34445,1038.037577,30836087.16212913,0
2021-07-20 06:00:00+00:00,29729.1,29765.99,29620.3,29713.74,1461.951382,2021-07-20 06:59:59.999000+00:00,43415737.2482748,26129,671.403339,19940101.67275063,0
2021-07-20 07:00:00+00:00,29713.74,29877.26,29713.74,29821.73,1708.408874,2021-07-20 07:59:59.999000+00:00,50891415.33617256,31420,873.221296,26013379.44732161,0
2021-07-20 08:00:00+00:00,29821.72,29888.18,29632.01,29635.18,2135.352542,2021-07-20 08:59:59.999000+00:00,63556926.6080338,37890,965.446392,28736277.75572759,0
2021-07-20 09:00:00+00:00,29635.21,29812.83,29297.0,29420.5,3454.803438,2021-07-20 09:59:59.999000+00:00,102161090.92350727,56664,1476.999063,43693269.80876441,0
2021-07-20 10:00:00+00:00,29420.42,29768.32,29278.0,29683.13,3235.178666,2021-07-20 10:59:59.999000+00:00,95577511.23411988,53465,1705.3048,50384873.65377654,0
2021-07-20 11:00:00+00:00,29683.13,29789.41,29560.33,29692.79,2077.284045,2021-07-20 11:59:59.999000+00:00,61644669.23999927,35550,918.47242,27257641.6960675,0
2021-07-20 12:00:00+00:00,29693.63,29788.54,29606.45,29709.03,1701.547845,2021-07-20 12:59:59.999000+00:00,50548074.78884917,30346,875.377142,26003443.28430446,0
2021-07-20 13:00:00+00:00,29709.04,29765.88,29447.76,29525.57,2500.326527,2021-07-20 13:59:59.999000+00:00,73942530.41281725,38348,1439.12234,42554555.53522482,0
2021-07-20 14:00:00+00:00,29525.56,29820.0,29279.13,29747.75,3569.19603,2021-07-20 14:59:59.999000+00:00,105614186.75467004,58694,1911.095426,56581846.46761945,0
2021-07-20 15:00:00+00:00,29747.75,29988.0,29693.99,29888.36,2789.968025,2021-07-20 15:59:59.999000+00:00,83229243.9497532,50142,1406.191322,41949629.69605559,0
2021-07-20 16:00:00+00:00,29890.8,29984.82,29647.93,29658.97,1843.00154,2021-07-20 16:59:59.999000+00:00,54905594.50144824,37759,913.825759,27225342.62840704,0
2021-07-20 17:00:00+00:00,29658.96,29706.83,29605.0,29659.33,1224.504804,2021-07-20 17:59:59.999000+00:00,36314506.72204216,24368,581.59645,17247265.90726398,0
2021-07-20 18:00:00+00:00,29659.34,29838.2,29632.75,29777.84,1186.256671,2021-07-20 18:59:59.999000+00:00,35296524.99572466,29643,598.073259,17793253.38529108,0
2021-07-20 19:00:00+00:00,29777.83,29887.11,29723.7,29780.86,1654.708765,2021-07-20 19:59:59.999000+00:00,49322554.10830523,45495,753.995478,22480285.94556975,0
2021-07-20 20:00:00+00:00,29780.87,29994.41,29780.86,29851.58,1907.285968,2021-07-20 20:59:59.999000+00:00,57044513.82334966,32291,858.387327,25670421.85163329,0
2021-07-20 21:00:00+00:00,29851.57,29874.76,29590.0,29685.98,1361.02403,2021-07-20 21:59:59.999000+00:00,40444688.0043974,29491,619.126983,18398508.08962095,0
2021-07-20 22:00:00+00:00,29685.97,29761.98,29500.0,29570.19,1352.651229,2021-07-20 22:59:59.999000+00:00,40052578.94657501,26163,672.543526,19913532.96807744,0
2021-07-20 23:00:00+00:00,29570.11,29890.0,29559.56,29790.35,1415.219353,2021-07-20 23:59:59.999000+00:00,42062721.1275691,51480,625.062301,18574575.33073862,0
2021-07-21 00:00:00+00:00,29790.34,29875.67,29555.0,29595.55,2070.892978,2021-07-21 00:59:59.999000+00:00,61447734.42492637,28217,1100.012136,32630201.6816051,0
2021-07-21 01:00:00+00:00,29595.55,29784.98,29482.61,29743.15,1248.54865,2021-07-21 01:59:59.999000+00:00,37005136.92942511,22529,659.651736,19551255.86098823,0
2021-07-21 02:00:00+00:00,29743.15,29890.06,29707.29,29826.05,1401.637481,2021-07-21 02:59:59.999000+00:00,41780366.71630635,26143,755.586629,22524301.90840281,0
2021-07-21 03:00:00+00:00,29824.62,29910.0,29777.0,29845.1,1138.02878,2021-07-21 03:59:59.999000+00:00,33969835.87666929,20860,561.57907,16764014.98704753,0
2021-07-21 04:00:00+00:00,29845.11,30840.0,29830.51,30682.96,6536.428248,2021-07-21 04:59:59.999000+00:00,198852333.06486177,89203,3376.212215,102663864.98497888,0
2021-07-21 05:00:00+00:00,30682.95,30900.0,30500.0,30687.06,3128.921174,2021-07-21 05:59:59.999000+00:00,95973883.85390563,44749,1663.656095,51036559.0571475,0
2021-07-21 06:00:00+00:00,30687.06,30900.0,30642.85,30880.0,2539.34785,2021-07-21 06:59:59.999000+00:00,78135257.36046585,40322,1200.740697,36951238.12736729,0
2021-07-21 07:00:00+00:00,30880.0,30942.42,30753.94,30817.84,2035.340845,2021-07-21 07:59:59.999000+00:00,62718719.43420618,37435,1061.65301,32714150.30191586,0
2021-07-21 08:00:00+00:00,30817.84,30911.59,30716.37,30830.31,2030.628028,2021-07-21 08:59:59.999000+00:00,62549586.97959784,28852,1162.034509,35795447.01318129,0
2021-07-21 09:00:00+00:00,30830.31,31395.16,30758.0,31314.2,3881.501263,2021-07-21 09:59:59.999000+00:00,120408474.61009312,53765,2224.556661,69013460.54557823,0
2021-07-21 10:00:00+00:00,31314.2,31617.96,31253.17,31385.15,4690.039951,2021-07-21 10:59:59.999000+00:00,147325801.22942352,58780,2350.873413,73858305.79924417,0
2021-07-21 11:00:00+00:00,31385.16,31655.0,31311.18,31534.11,3212.630292,2021-07-21 11:59:59.999000+00:00,101140919.28434443,44549,1770.739662,55753611.34560019,0
2021-07-21 12:00:00+00:00,31534.12,31720.0,31419.6,31441.9,3398.462557,2021-07-21 12:59:59.999000+00:00,107214753.04662818,46038,1701.400025,53683221.92310871,0
2021-07-21 13:00:00+00:00,31441.9,31571.09,31440.76,31499.99,2000.494148,2021-07-21 13:59:59.999000+00:00,63050715.60603052,29462,1026.043649,32341034.38483268,0
2021-07-21 14:00:00+00:00,31499.99,31875.77,31499.99,31824.61,4166.687817,2021-07-21 14:59:59.999000+00:00,132179608.10850663,94646,2185.744798,69334277.83552814,0
2021-07-21 15:00:00+00:00,31824.61,31969.99,31761.47,31933.0,3541.245101,2021-07-21 15:59:59.999000+00:00,112842106.58671728,120060,1876.091536,59786885.84236204,0
2021-07-21 16:00:00+00:00,31934.54,32428.57,31848.38,32107.81,6377.323012,2021-07-21 16:59:59.999000+00:00,204854575.9797438,132952,3190.739204,102471415.47370932,0
2021-07-21 17:00:00+00:00,32109.27,32223.24,31783.88,32179.1,3757.734812,2021-07-21 17:59:59.999000+00:00,120300207.76430447,63836,1839.92907,58917364.76130246,0
2021-07-21 18:00:00+00:00,32179.09,32858.0,31755.0,31786.71,10820.158121,2021-07-21 18:59:59.999000+00:00,349395908.7248098,168770,5398.780428,174449103.596759,0
2021-07-21 19:00:00+00:00,31783.78,32000.0,31584.52,31627.57,5215.515904,2021-07-21 19:59:59.999000+00:00,165755671.1596969,75783,2693.204209,85593044.63004827,0
2021-07-21 20:00:00+00:00,31627.58,31936.1,31516.3,31796.9,3471.003126,2021-07-21 20:59:59.999000+00:00,109920200.66880168,50321,1815.420642,57492293.19145214,0
2021-07-21 21:00:00+00:00,31796.9,31967.77,31680.01,31835.03,1344.762446,2021-07-21 21:59:59.999000+00:00,42762285.00428761,59005,714.823768,22734362.66211211,0
2021-07-21 22:00:00+00:00,31835.02,32163.97,31800.0,32114.12,1955.179026,2021-07-21 22:59:59.999000+00:00,62571228.09011092,40440,996.951276,31902581.52809882,0
2021-07-21 23:00:00+00:00,32114.12,32247.63,31959.0,32144.51,2833.753518,2021-07-21 23:59:59.999000+00:00,90985395.5783611,38341,1258.247781,40394408.099561,0
2021-07-22 00:00:00+00:00,32144.51,32376.78,31878.79,32053.18,3445.789055,2021-07-22 00:59:59.999000+00:00,110850927.3901736,53264,1570.778981,50531262.54312726,0
2021-07-22 01:00:00+00:00,32053.58,32081.91,31888.9,31974.85,1260.065532,2021-07-22 01:59:59.999000+00:00,40317979.62761114,27387,599.597628,19185954.61859781,0
2021-07-22 02:00:00+00:00,31974.85,31980.97,31777.0,31855.0,1259.703317,2021-07-22 02:59:59.999000+00:00,40168617.73423136,24679,586.157304,18691197.53525584,0
2021-07-22 03:00:00+00:00,31855.0,32113.87,31826.09,31929.64,1504.980198,2021-07-22 03:59:59.999000+00:00,48083325.08252099,91336,778.187989,24860920.03459,0
2021-07-22 04:00:00+00:00,31929.64,32213.0,31901.05,32063.91,1569.246603,2021-07-22 04:59:59.999000+00:00,50345057.92190529,35266,846.776811,27167504.5489789,0
2021-07-22 05:00:00+00:00,32063.91,32150.0,31860.0,31892.52,1359.8766,2021-07-22 05:59:59.999000+00:00,43473042.71691709,24979,709.878369,22695622.80126443,0
2021-07-22 06:00:00+00:00,31892.52,32098.0,31865.93,32032.9,1358.282121,2021-07-22 06:59:59.999000+00:00,43480040.33249724,24547,751.670663,24060296.12595964,0
2021-07-22 07:00:00+00:00,32032.89,32344.9,32017.5,32129.75,2614.589097,2021-07-22 07:59:59.999000+00:00,84129966.46238115,51992,1406.882774,45278171.69573223,0
2021-07-22 08:00:00+00:00,32129.74,32259.0,32044.13,32116.33,2308.893339,2021-07-22 08:59:59.999000+00:00,74249446.71634768,29255,1185.974089,38140131.2826654,0
2021-07-22 09:00:00+00:00,32116.32,32171.46,31708.0,31891.93,2741.58945,2021-07-22 09:59:59.999000+00:00,87521373.41185643,42488,1312.120355,41902292.45042893,0
2021-07-22 10:00:00+00:00,31891.94,31982.51,31773.0,31811.6,1694.891863,2021-07-22 10:59:59.999000+00:00,54026987.28431694,33746,811.372881,25863178.25725758,0
2021-07-22 11:00:00+00:00,31811.6,31986.49,31708.57,31913.64,2207.799695,2021-07-22 11:59:59.999000+00:00,70258518.43027334,30983,1035.920591,32976212.74919501,0
2021-07-22 12:00:00+00:00,31913.64,32222.22,31724.39,32187.54,3355.210524,2021-07-22 12:59:59.999000+00:00,107323994.89841868,59082,1931.368443,61783574.75850223,0
2021-07-22 13:00:00+00:00,32187.54,32247.99,32041.98,32071.89,1733.294592,2021-07-22 13:59:59.999000+00:00,55693434.35221704,63009,874.532878,28102651.29450634,0
2021-07-22 14:00:00+00:00,32070.33,32299.0,31975.03,32263.53,2095.683858,2021-07-22 14:59:59.999000+00:00,67359185.45136443,59061,1131.564565,36375727.68172041,0
2021-07-22 15:00:00+00:00,32265.03,32584.06,32168.87,32504.82,3871.527468,2021-07-22 15:59:59.999000+00:00,125209835.677312,58808,2099.605975,67907942.74701144,0
2021-07-22 16:00:00+00:00,32504.83,32591.35,32264.69,32349.86,2636.233968,2021-07-22 16:59:59.999000+00:00,85439094.46862905,40215,1070.43438,34678419.44176515,0
2021-07-22 17:00:00+00:00,32349.86,32473.36,32322.18,32408.13,1562.646705,2021-07-22 17:59:59.999000+00:00,50632681.95915553,26435,824.17694,26705326.43338144,0
2021-07-22 18:00:00+00:00,32408.13,32436.31,32222.0,32278.1,1783.853181,2021-07-22 18:59:59.999000+00:00,57635342.55097583,63717,840.007868,27142812.19936185,0
2021-07-22 19:00:00+00:00,32278.1,32398.0,32234.26,32376.93,886.672416,2021-07-22 19:59:59.999000+00:00,28651699.65565466,19343,433.152824,13996889.01592261,0
2021-07-22 20:00:00+00:00,32376.93,32379.99,32230.0,32230.01,914.86469,2021-07-22 20:59:59.999000+00:00,29540663.70640201,19426,404.921013,13075225.62396665,0
2021-07-22 21:00:00+00:00,32230.01,32487.19,32098.33,32115.59,1391.358185,2021-07-22 21:59:59.999000+00:00,44891274.29249589,29746,705.707503,22778123.49775766,0
2021-07-22 22:00:00+00:00,32115.59,32259.09,32051.85,32174.27,1509.943437,2021-07-22 22:59:59.999000+00:00,48594982.22698348,54327,765.26041,24631498.69477949,0
2021-07-22 23:00:00+00:00,32174.27,32377.0,32130.0,32287.83,1081.096539,2021-07-22 23:59:59.999000+00:00,34886072.59989557,37651,598.461571,19317592.84499173,0
2021-07-23 00:00:00+00:00,32287.58,32412.21,32201.02,32364.69,1643.010862,2021-07-23 00:59:59.999000+00:00,53093475.58096261,30426,936.552785,30267045.89867455,0
2021-07-23 01:00:00+00:00,32364.7,32799.0,32334.35,32761.16,2881.370689,2021-07-23 01:59:59.999000+00:00,93884245.75633864,80568,1610.504806,52467383.08075108,0
2021-07-23 02:00:00+00:00,32761.16,32785.0,32549.99,32637.99,1782.570822,2021-07-23 02:59:59.999000+00:00,58228452.40621497,61088,964.236505,31497299.80484521,0
2021-07-23 03:00:00+00:00,32637.98,32694.47,32485.35,32594.46,1416.340619,2021-07-23 03:59:59.999000+00:00,46119633.39978174,89920,657.997742,21428087.87731223,0
2021-07-23 04:00:00+00:00,32592.21,32769.85,32551.18,32684.47,1469.390867,2021-07-23 04:59:59.999000+00:00,47967318.25383342,28403,723.973165,23633891.21415538,0
2021-07-23 05:00:00+00:00,32684.47,32915.0,32599.86,32622.37,2380.269448,2021-07-23 05:59:59.999000+00:00,77918688.02241768,80509,1266.582253,41476396.60711019,0
2021-07-23 06:00:00+00:00,32622.37,32639.42,32490.0,32574.99,1596.52892,2021-07-23 06:59:59.999000+00:00,51996878.65590617,32294,805.450548,26231329.12541423,0
2021-07-23 07:00:00+00:00,32576.0,32598.03,32360.67,32490.0,1845.658332,2021-07-23 07:59:59.999000+00:00,59915033.43579602,31461,878.838646,28526142.81977229,0
2021-07-23 08:00:00+00:00,32489.99,32540.2,32285.57,32318.75,2198.493386,2021-07-23 08:59:59.999000+00:00,71271688.11015983,51799,946.910876,30704826.67123945,0
2021-07-23 09:00:00+00:00,32318.75,32475.0,32266.0,32325.17,1749.050401,2021-07-23 09:59:59.999000+00:00,56644164.61633146,91839,716.038813,23188640.64508193,0
2021-07-23 10:00:00+00:00,32324.52,32384.66,32210.0,32330.3,1590.233602,2021-07-23 10:59:59.999000+00:00,51357266.65047123,60857,746.602407,24113685.90510659,0
2021-07-23 11:00:00+00:00,32327.87,32467.79,32292.1,32296.51,2009.983534,2021-07-23 11:59:59.999000+00:00,65095525.15519199,56349,801.107708,25946873.09827476,0
2021-07-23 12:00:00+00:00,32296.51,32450.0,32214.32,32431.97,1704.645615,2021-07-23 12:59:59.999000+00:00,55125198.14456176,55988,827.99928,26779888.28676287,0
2021-07-23 13:00:00+00:00,32431.97,32599.86,32364.72,32546.64,1642.875294,2021-07-23 13:59:59.999000+00:00,53331257.87928729,29932,777.427507,25240855.25667179,0
2021-07-23 14:00:00+00:00,32548.57,32575.2,32420.0,32483.51,1167.741295,2021-07-23 14:59:59.999000+00:00,37951528.38405227,25050,563.94069,18327804.98658919,0
2021-07-23 15:00:00+00:00,32483.51,32497.51,32276.06,32315.0,1586.55774,2021-07-23 15:59:59.999000+00:00,51379477.78259346,56870,667.306995,21613110.96896434,0
2021-07-23 16:00:00+00:00,32314.99,32334.68,31924.32,32176.84,3153.81428,2021-07-23 16:59:59.999000+00:00,101380678.31573544,82767,1373.241411,44140306.30708202,0
2021-07-23 17:00:00+00:00,32176.85,32205.88,32027.36,32195.9,1446.177334,2021-07-23 17:59:59.999000+00:00,46452657.75353781,51669,684.249981,21979883.76847678,0
2021-07-23 18:00:00+00:00,32195.89,32298.96,32061.16,32129.99,1172.780629,2021-07-23 18:59:59.999000+00:00,37744208.39905784,23796,596.993787,19213690.9031865,0
2021-07-23 19:00:00+00:00,32129.99,32291.39,32124.72,32248.63,1308.784777,2021-07-23 19:59:59.999000+00:00,42165461.84702528,24658,607.865437,19583803.66083768,0
2021-07-23 20:00:00+00:00,32248.64,32545.61,32193.06,32482.01,2973.491846,2021-07-23 20:59:59.999000+00:00,96280840.3762944,70688,1471.3721,47623419.40004493,0
2021-07-23 21:00:00+00:00,32482.01,32662.08,32438.96,32605.61,1856.554621,2021-07-23 21:59:59.999000+00:00,60472064.15466209,66420,968.431145,31545020.70159478,0
2021-07-23 22:00:00+00:00,32605.61,33282.0,32573.7,33135.86,4958.602665,2021-07-23 22:59:59.999000+00:00,163469500.59076485,111336,2935.221824,96757415.6169025,0
2021-07-23 23:00:00+00:00,33135.86,33650.0,33075.72,33634.09,4577.936048,2021-07-23 23:59:59.999000+00:00,152701759.4020683,100099,2490.130668,83104238.58852254,0
2021-07-24 00:00:00+00:00,33634.1,33777.0,33401.14,33554.46,3306.18075,2021-07-24 00:59:59.999000+00:00,110982694.86007428,65486,1649.048048,55367938.39443545,0
2021-07-24 01:00:00+00:00,33552.76,33650.0,33414.95,33602.92,2061.927884,2021-07-24 01:59:59.999000+00:00,69165517.0643532,85752,1032.608683,34639213.91111915,0
2021-07-24 02:00:00+00:00,33602.92,33780.23,33577.86,33669.19,2110.891738,2021-07-24 02:59:59.999000+00:00,71045227.01278143,73622,1042.206213,35077348.33851178,0
2021-07-24 03:00:00+00:00,33669.19,33700.87,33511.35,33669.98,1733.223434,2021-07-24 03:59:59.999000+00:00,58230372.21207484,50297,893.222429,30002185.02311302,0
2021-07-24 04:00:00+00:00,33669.98,33845.41,33611.57,33687.58,2490.03443,2021-07-24 04:59:59.999000+00:00,83928866.37191235,37827,967.319055,32615943.62920935,0
2021-07-24 05:00:00+00:00,33687.58,33771.27,33571.73,33746.69,1145.872206,2021-07-24 05:59:59.999000+00:00,38576678.67927595,26663,549.435597,18500299.53279865,0
2021-07-24 06:00:00+00:00,33746.69,33915.0,33700.0,33884.56,2374.20973,2021-07-24 06:59:59.999000+00:00,80255677.83904362,45546,1270.222805,42941266.90790239,0
2021-07-24 07:00:00+00:00,33884.56,33934.25,33739.97,33806.5,1356.461719,2021-07-24 07:59:59.999000+00:00,45873156.95210309,32808,679.604809,22982278.55381872,0
2021-07-24 08:00:00+00:00,33806.49,33830.0,33542.4,33611.98,1987.41229,2021-07-24 08:59:59.999000+00:00,66918161.94858903,39015,916.303652,30849509.88991262,0
2021-07-24 09:00:00+00:00,33611.98,33866.75,33597.21,33833.63,1474.988977,2021-07-24 09:59:59.999000+00:00,49764150.72472291,31184,767.751595,25903832.85966173,0
2021-07-24 10:00:00+00:00,33833.63,33933.85,33750.0,33878.17,1863.279008,2021-07-24 10:59:59.999000+00:00,63093403.53463564,37443,1022.527374,34624934.97429178,0
2021-07-24 11:00:00+00:00,33878.17,34065.71,33680.0,33867.0,2311.388747,2021-07-24 11:59:59.999000+00:00,78245398.78839402,83036,1197.144599,40548674.70211515,0
2021-07-24 12:00:00+00:00,33867.0,33867.0,33738.15,33816.58,1528.593086,2021-07-24 12:59:59.999000+00:00,51652461.97453269,29383,671.283112,22683197.87091952,0
2021-07-24 13:00:00+00:00,33816.58,33936.51,33767.24,33783.09,1647.513971,2021-07-24 13:59:59.999000+00:00,55764778.20372273,32866,797.294158,26985593.61075956,0
2021-07-24 14:00:00+00:00,33781.52,33904.76,33720.01,33851.44,1442.881168,2021-07-24 14:59:59.999000+00:00,48780290.06282399,33984,743.453179,25135634.06406203,0
2021-07-24 15:00:00+00:00,33851.45,34047.86,33816.98,33847.51,2098.082632,2021-07-24 15:59:59.999000+00:00,71152942.44359313,39492,1049.087526,35579563.63702101,0
2021-07-24 16:00:00+00:00,33847.51,34444.0,33816.97,34423.48,4499.509789,2021-07-24 16:59:59.999000+00:00,153757445.15477386,85050,2483.650126,84874212.79016796,0
2021-07-24 17:00:00+00:00,34423.49,34500.0,34185.46,34300.02,3007.083049,2021-07-24 17:59:59.999000+00:00,103313589.45035584,57340,1532.771645,52675439.21469226,0
2021-07-24 18:00:00+00:00,34300.02,34404.75,34236.01,34281.87,1459.347665,2021-07-24 18:59:59.999000+00:00,50095670.88738208,46730,718.259028,24654828.14511324,0
2021-07-24 19:00:00+00:00,34281.88,34281.88,33703.73,33846.16,2536.694134,2021-07-24 19:59:59.999000+00:00,86243319.4095607,98015,1234.572312,41966796.407111,0
2021-07-24 20:00:00+00:00,33846.16,33952.71,33667.01,33919.84,1690.92066,2021-07-24 20:59:59.999000+00:00,57233696.66926413,66964,852.596367,28861575.27730384,0
2021-07-24 21:00:00+00:00,33919.85,34143.84,33805.11,34096.66,1309.277733,2021-07-24 21:59:59.999000+00:00,44463242.50757964,44144,659.944699,22417022.387902,0
2021-07-24 22:00:00+00:00,34096.65,34096.66,33840.3,34021.87,1252.43363,2021-07-24 22:59:59.999000+00:00,42523914.46516247,26028,561.635877,19070426.69143426,0
2021-07-24 23:00:00+00:00,34021.88,34283.42,33926.03,34258.14,1289.341708,2021-07-24 23:59:59.999000+00:00,43985601.21984058,28239,645.674926,22025541.22908295,0
2021-07-25 00:00:00+00:00,34261.51,34436.44,33926.03,34014.08,2550.127628,2021-07-25 00:59:59.999000+00:00,87185879.0414136,50193,1135.943692,38841251.74647776,0
2021-07-25 01:00:00+00:00,34014.08,34129.41,33851.12,33924.85,1270.435995,2021-07-25 01:59:59.999000+00:00,43161363.23987375,27961,527.107056,17915155.16553137,0
2021-07-25 02:00:00+00:00,33924.85,34200.0,33903.86,34177.85,1230.219619,2021-07-25 02:59:59.999000+00:00,41937748.48127073,25868,545.872484,18608148.5654819,0
2021-07-25 03:00:00+00:00,34178.67,34350.0,34139.47,34160.85,1428.252181,2021-07-25 03:59:59.999000+00:00,48909123.52588409,32600,584.372272,20015344.41446025,0
2021-07-25 04:00:00+00:00,34160.85,34483.54,34064.71,34365.99,1761.073754,2021-07-25 04:59:59.999000+00:00,60431623.4166629,35078,906.020514,31097170.21040077,0
2021-07-25 05:00:00+00:00,34366.0,34600.0,34218.0,34322.31,2261.399198,2021-07-25 05:59:59.999000+00:00,77798918.10682549,42471,1235.306067,42511153.39893153,0
2021-07-25 06:00:00+00:00,34322.31,34494.38,34280.89,34472.15,1607.768173,2021-07-25 06:59:59.999000+00:00,55330452.62992583,28483,829.962866,28563606.35006968,0
2021-07-25 07:00:00+00:00,34472.15,34785.33,34450.0,34695.51,2951.756448,2021-07-25 07:59:59.999000+00:00,102330940.3156113,79781,1590.79222,55152246.1539152,0
2021-07-25 08:00:00+00:00,34695.51,34800.0,34455.58,34570.89,2166.492075,2021-07-25 08:59:59.999000+00:00,75066034.42237309,71524,1083.83067,37555871.85709245,0
2021-07-25 09:00:00+00:00,34574.61,34632.78,34339.05,34509.03,1895.689073,2021-07-25 09:59:59.999000+00:00,65343201.0781099,35804,989.75849,34119070.81136746,0
2021-07-25 10:00:00+00:00,34509.02,34580.76,34238.56,34353.56,1872.364973,2021-07-25 10:59:59.999000+00:00,64505909.87902167,95202,920.221537,31709659.46986529,0
2021-07-25 11:00:00+00:00,34353.57,34498.46,34276.62,34399.04,1871.234406,2021-07-25 11:59:59.999000+00:00,64365422.88668284,33510,1167.201348,40153613.31576311,0
2021-07-25 12:00:00+00:00,34399.04,34434.06,34222.0,34294.43,1462.118934,2021-07-25 12:59:59.999000+00:00,50171730.83858058,34532,828.733871,28441792.64501076,0
2021-07-25 13:00:00+00:00,34293.14,34360.0,34035.0,34178.74,2339.230354,2021-07-25 13:59:59.999000+00:00,79940978.52756822,61973,1058.961839,36192632.40817899,0
2021-07-25 14:00:00+00:00,34178.74,34183.18,33862.45,34105.01,3084.186987,2021-07-25 14:59:59.999000+00:00,104862622.59992649,71011,1540.057457,52360800.18426566,0
2021-07-25 15:00:00+00:00,34105.01,34278.3,33957.05,34174.08,1997.615197,2021-07-25 15:59:59.999000+00:00,68221283.58547077,90924,1037.858759,35452965.50840259,0
2021-07-25 16:00:00+00:00,34174.08,34265.99,34090.63,34214.28,1758.827026,2021-07-25 16:59:59.999000+00:00,60121854.73953631,45611,833.160276,28477030.63362898,0
2021-07-25 17:00:00+00:00,34214.27,34460.0,34166.1,34460.0,2058.112919,2021-07-25 17:59:59.999000+00:00,70688507.0930815,40630,1129.578895,38797461.79353914,0
2021-07-25 18:00:00+00:00,34459.99,34488.0,34360.0,34407.13,1252.764258,2021-07-25 18:59:59.999000+00:00,43131647.41486469,57560,617.850278,21272623.55134987,0
2021-07-25 19:00:00+00:00,34407.12,34600.0,34185.23,34353.25,1831.512012,2021-07-25 19:59:59.999000+00:00,63036609.39201286,58550,936.533116,32246152.49268921,0
2021-07-25 20:00:00+00:00,34353.24,34481.01,34300.0,34446.01,912.523515,2021-07-25 20:59:59.999000+00:00,31385681.6365238,59247,437.462807,15046623.76210015,0
2021-07-25 21:00:00+00:00,34446.01,34594.58,34412.01,34551.0,1272.602997,2021-07-25 21:59:59.999000+00:00,43922317.81803499,28464,583.602709,20140877.12999804,0
2021-07-25 22:00:00+00:00,34551.0,34675.0,34451.51,34656.78,1050.164522,2021-07-25 22:59:59.999000+00:00,36269146.73059124,27517,579.50337,20015429.43378282,0
2021-07-25 23:00:00+00:00,34656.78,35398.0,34579.01,35381.02,5966.456069,2021-07-25 23:59:59.999000+00:00,208816555.405698,111281,3532.456707,123634094.42188704,0
2021-07-26 00:00:00+00:00,35381.02,36884.36,35205.78,36767.47,11104.968812,2021-07-26 00:59:59.999000+00:00,399363250.0567481,217239,6120.712774,220027382.21081296,0
2021-07-26 01:00:00+00:00,36758.73,39799.97,36702.63,38313.4,22923.445636,2021-07-26 01:59:59.999000+00:00,878261259.2744366,470010,12794.879246,490166498.7814478,0
2021-07-26 02:00:00+00:00,38313.4,38505.85,37844.72,38043.69,7298.563917,2021-07-26 02:59:59.999000+00:00,279104894.3649213,142552,3915.053378,149772975.45781198,0
2021-07-26 03:00:00+00:00,38037.62,38368.89,37948.49,38283.98,3521.534797,2021-07-26 03:59:59.999000+00:00,134263418.6738709,68355,1807.70572,68928045.18206051,0
2021-07-26 04:00:00+00:00,38283.97,38560.99,38145.65,38270.26,4015.633008,2021-07-26 04:59:59.999000+00:00,154011075.20957628,80874,2011.577658,77157828.45273073,0
2021-07-26 05:00:00+00:00,38270.26,38619.55,38208.06,38568.92,3483.924031,2021-07-26 05:59:59.999000+00:00,133793709.80266978,69291,1879.593891,72189797.60837063,0
2021-07-26 06:00:00+00:00,38568.92,39265.17,38376.07,38622.24,6706.820646,2021-07-26 06:59:59.999000+00:00,260444902.84506208,146780,3273.125993,127099956.08514693,0
2021-07-26 07:00:00+00:00,38622.24,38845.01,37724.03,38150.0,5963.942773,2021-07-26 07:59:59.999000+00:00,228516361.26405045,108558,2673.751721,102475480.69526666,0
2021-07-26 08:00:00+00:00,38149.99,38320.64,37661.7,38194.41,5084.026563,2021-07-26 08:59:59.999000+00:00,193284015.62650523,147495,2516.118316,95676671.65497732,0
2021-07-26 09:00:00+00:00,38194.41,38382.6,38000.0,38206.45,3111.621667,2021-07-26 09:59:59.999000+00:00,118944009.72981608,60381,1464.74362,56001927.83316962,0
2021-07-26 10:00:00+00:00,38206.45,38736.24,38083.25,38613.36,4258.206849,2021-07-26 10:59:59.999000+00:00,163593386.17918175,64385,1703.865499,65390549.11134726,0
2021-07-26 11:00:00+00:00,38613.36,38738.51,38354.04,38473.61,3015.664206,2021-07-26 11:59:59.999000+00:00,116162315.73707344,60049,1571.247969,60530566.3899107,0
2021-07-26 12:00:00+00:00,38473.61,38880.0,38110.36,38643.61,3691.1261,2021-07-26 12:59:59.999000+00:00,142589251.5775117,118712,1698.965043,65615412.44658441,0
2021-07-26 13:00:00+00:00,38643.6,38643.61,37902.0,38322.43,5278.066405,2021-07-26 13:59:59.999000+00:00,201740280.11159572,143429,2459.623571,94014592.4927492,0
2021-07-26 14:00:00+00:00,38322.44,38523.08,38157.4,38316.84,2605.352073,2021-07-26 14:59:59.999000+00:00,99967446.21968172,57290,1265.285607,48557017.20804973,0
2021-07-26 15:00:00+00:00,38316.85,38675.11,38218.0,38562.21,2522.803544,2021-07-26 15:59:59.999000+00:00,97118356.56954663,49322,1277.401537,49170447.61537218,0
2021-07-26 16:00:00+00:00,38562.21,39484.0,38492.31,39045.82,7236.051532,2021-07-26 16:59:59.999000+00:00,282384249.36421126,139154,3903.767741,152336372.55803955,0
2021-07-26 17:00:00+00:00,39045.83,39397.49,38777.0,39223.57,3894.113623,2021-07-26 17:59:59.999000+00:00,152347508.10409927,93357,1853.125058,72495277.82990235,0
2021-07-26 18:00:00+00:00,39223.57,39999.99,39181.3,39709.16,6039.074201,2021-07-26 18:59:59.999000+00:00,239461695.03451455,128341,3419.491888,135617526.70628795,0
2021-07-26 19:00:00+00:00,39709.17,40550.0,39267.0,39365.15,8951.961247,2021-07-26 19:59:59.999000+00:00,358278278.7290533,215243,4620.532691,184952293.63483223,0
2021-07-26 20:00:00+00:00,39361.36,39510.96,37340.83,37752.53,15198.346305,2021-07-26 20:59:59.999000+00:00,581146241.4271069,300975,7244.68078,277077636.36938965,0
2021-07-26 21:00:00+00:00,37742.38,37867.72,36820.01,37119.09,6771.779258,2021-07-26 21:59:59.999000+00:00,252841662.333722,177230,3121.697892,116556255.26506656,0
2021-07-26 22:00:00+00:00,37119.09,37662.74,36764.93,37605.99,5843.812249,2021-07-26 22:59:59.999000+00:00,217467914.83255476,125886,2749.39959,102323039.38582444,0
2021-07-26 23:00:00+00:00,37591.32,37745.0,37163.11,37237.6,3931.673282,2021-07-26 23:59:59.999000+00:00,147389573.99816668,145194,1844.998892,69163222.17839882,0
2021-07-27 00:00:00+00:00,37241.33,37523.75,36979.59,37443.0,3550.281352,2021-07-27 00:59:59.999000+00:00,132301382.8401117,68770,1807.251917,67356155.70475681,0
2021-07-27 01:00:00+00:00,37443.0,37488.0,36751.14,36875.75,4748.454275,2021-07-27 01:59:59.999000+00:00,175810494.69975573,85804,2202.839716,81524196.43453646,0
2021-07-27 02:00:00+00:00,36875.76,37162.69,36454.65,36515.68,5781.632652,2021-07-27 02:59:59.999000+00:00,212502391.0515882,84291,3113.588931,114375232.81969276,0
2021-07-27 03:00:00+00:00,36515.68,36968.39,36383.0,36823.8,3330.059483,2021-07-27 03:59:59.999000+00:00,122065920.98638496,56836,1612.747914,59122413.01890244,0
2021-07-27 04:00:00+00:00,36823.81,37101.0,36675.34,36951.88,3137.046098,2021-07-27 04:59:59.999000+00:00,115726294.4419657,48460,1692.743102,62430024.1803761,0
2021-07-27 05:00:00+00:00,36951.66,37213.48,36877.55,37100.0,2271.221516,2021-07-27 05:59:59.999000+00:00,84197140.13832916,44217,1143.2643,42381723.08258664,0
2021-07-27 06:00:00+00:00,37100.0,37325.71,36929.41,36980.4,2875.448689,2021-07-27 06:59:59.999000+00:00,106796395.8956054,50577,1432.650216,53214762.5512397,0
2021-07-27 07:00:00+00:00,36980.39,37224.75,36931.37,37115.11,1957.641026,2021-07-27 07:59:59.999000+00:00,72583786.0402884,65654,921.515806,34166380.07018644,0
2021-07-27 08:00:00+00:00,37115.1,37450.0,36969.52,37254.98,3288.297354,2021-07-27 08:59:59.999000+00:00,122564106.60849547,58445,1784.59498,66523919.60711596,0
2021-07-27 09:00:00+00:00,37254.98,37499.0,37144.0,37369.97,2611.63765,2021-07-27 09:59:59.999000+00:00,97470659.67896523,78596,1300.887317,48555575.57725769,0
2021-07-27 10:00:00+00:00,37369.97,37705.65,37260.1,37608.57,3266.444142,2021-07-27 10:59:59.999000+00:00,122456574.35111088,85720,1602.526112,60095952.27578013,0
2021-07-27 11:00:00+00:00,37608.56,38069.32,37527.57,38064.87,4064.523047,2021-07-27 11:59:59.999000+00:00,153580876.69015673,109315,1977.667201,74718404.8072451,0
2021-07-27 12:00:00+00:00,38064.87,38495.0,37707.66,38350.03,4949.848542,2021-07-27 12:59:59.999000+00:00,188771337.12299207,87286,2567.692014,97921742.58266781,0
2021-07-27 13:00:00+00:00,38350.03,38771.91,38190.0,38460.46,4547.397826,2021-07-27 13:59:59.999000+00:00,174997297.80080587,83976,2334.85652,89853723.899683,0
2021-07-27 14:00:00+00:00,38460.46,38544.96,37743.95,38242.96,7514.463496,2021-07-27 14:59:59.999000+00:00,286327234.8220716,110651,3720.304646,141727804.20339248,0
2021-07-27 15:00:00+00:00,38242.95,38594.4,37953.27,38209.58,3696.910022,2021-07-27 15:59:59.999000+00:00,141550461.76435873,75981,1850.176282,70850295.88520496,0
2021-07-27 16:00:00+00:00,38209.58,38315.81,37566.12,37622.95,5339.522389,2021-07-27 16:59:59.999000+00:00,202164461.66309828,122901,2710.308291,102603137.74741983,0
2021-07-27 17:00:00+00:00,37622.95,37889.19,37578.6,37787.3,2216.723876,2021-07-27 17:59:59.999000+00:00,83660651.78620835,107949,1148.948877,43360494.86039779,0
2021-07-27 18:00:00+00:00,37787.31,38059.14,37350.0,37908.23,3255.617469,2021-07-27 18:59:59.999000+00:00,122757394.34097528,63544,1673.277802,63121257.85587809,0
2021-07-27 19:00:00+00:00,37908.23,38246.11,37745.14,37800.49,2704.361989,2021-07-27 19:59:59.999000+00:00,102706132.95900668,46550,1397.716018,53073866.46116572,0
2021-07-27 20:00:00+00:00,37800.49,38198.89,37798.02,38031.9,1900.08626,2021-07-27 20:59:59.999000+00:00,72236872.8408927,78642,952.127954,36198081.20503155,0
2021-07-27 21:00:00+00:00,38031.9,38468.1,37950.0,38338.75,2052.489742,2021-07-27 21:59:59.999000+00:00,78559942.70245117,88646,999.514909,38254399.2282045,0
2021-07-27 22:00:00+00:00,38338.76,39423.23,38123.79,39178.13,5218.699088,2021-07-27 22:59:59.999000+00:00,202869684.4370255,149808,3060.674013,119093034.45629898,0
2021-07-27 23:00:00+00:00,39178.14,39542.61,38690.85,39457.87,4118.459032,2021-07-27 23:59:59.999000+00:00,161000766.33290282,85859,2129.428601,83287937.82283859,0
2021-07-28 00:00:00+00:00,39456.61,39562.23,38925.08,39069.54,3206.064258,2021-07-28 00:59:59.999000+00:00,125693649.41684692,126862,1501.725402,58884043.96028163,0
2021-07-28 01:00:00+00:00,39078.06,39878.76,38904.11,39878.75,4236.544462,2021-07-28 01:59:59.999000+00:00,167169478.81243873,81247,2180.391691,86050490.47096133,0
2021-07-28 02:00:00+00:00,39878.76,40246.0,39618.19,39846.04,6113.988181,2021-07-28 02:59:59.999000+00:00,244218499.57862929,110743,3319.88859,132631216.35719503,0
2021-07-28 03:00:00+00:00,39846.04,40350.0,39425.22,39817.56,5180.164228,2021-07-28 03:59:59.999000+00:00,206491557.00719488,86876,2509.460448,100018864.0021862,0
2021-07-28 04:00:00+00:00,39817.56,40137.99,39557.95,39676.16,2744.235367,2021-07-28 04:59:59.999000+00:00,109207152.96371992,52416,1272.452945,50639332.22079631,0
2021-07-28 05:00:00+00:00,39676.16,40183.67,39620.0,40127.38,3402.578315,2021-07-28 05:59:59.999000+00:00,136091399.74938175,96600,1780.123966,71210924.02792294,0
2021-07-28 06:00:00+00:00,40127.39,40179.8,39226.76,39540.0,4124.899777,2021-07-28 06:59:59.999000+00:00,163837530.32397985,78700,1788.285958,71016104.8414026,0
2021-07-28 07:00:00+00:00,39540.0,39955.5,39526.8,39895.88,2772.546931,2021-07-28 07:59:59.999000+00:00,110189721.14027712,66253,1319.229583,52433778.4226203,0
2021-07-28 08:00:00+00:00,39897.97,39936.93,39359.21,39519.99,3311.264411,2021-07-28 08:59:59.999000+00:00,131201147.0789626,158426,1458.247421,57783854.26109149,0
2021-07-28 09:00:00+00:00,39520.0,39950.0,39422.04,39932.73,3101.400781,2021-07-28 09:59:59.999000+00:00,123197245.34981352,182791,1393.701859,55368228.02890217,0
2021-07-28 10:00:00+00:00,39932.74,40390.0,39791.95,40177.32,5107.772094,2021-07-28 10:59:59.999000+00:00,204895748.0363229,101792,2830.815521,113574394.46750532,0
2021-07-28 11:00:00+00:00,40177.31,40900.0,40082.83,40750.84,7168.163126,2021-07-28 11:59:59.999000+00:00,290804558.4378572,133028,3555.570648,144223604.3993041,0
2021-07-28 12:00:00+00:00,40750.84,40871.59,39586.24,39682.09,7475.074555,2021-07-28 12:59:59.999000+00:00,300871315.80238396,121852,3107.576564,125152407.82452196,0
2021-07-28 13:00:00+00:00,39680.06,39969.12,39428.1,39649.78,5303.958345,2021-07-28 13:59:59.999000+00:00,210416249.44512463,148238,2503.297026,99302172.25792274,0
2021-07-28 14:00:00+00:00,39649.77,39845.0,39329.4,39520.77,4217.23203,2021-07-28 14:59:59.999000+00:00,167084428.56542677,157155,1782.477399,70622685.19953208,0
2021-07-28 15:00:00+00:00,39520.76,39941.59,39406.74,39689.04,3053.983989,2021-07-28 15:59:59.999000+00:00,121111987.16448092,119071,1423.223464,56448946.47734723,0
2021-07-28 16:00:00+00:00,39689.04,40178.98,39558.64,40119.86,3391.564386,2021-07-28 16:59:59.999000+00:00,135265454.88840535,56419,1885.947897,75209707.8625171,0
2021-07-28 17:00:00+00:00,40119.86,40247.99,38800.0,38961.0,6662.627558,2021-07-28 17:59:59.999000+00:00,262720962.2711324,146692,2991.69068,118003342.20848767,0
2021-07-28 18:00:00+00:00,38961.01,40500.0,38772.0,40440.99,7207.661613,2021-07-28 18:59:59.999000+00:00,286746694.9202249,123100,3828.36463,152369647.71127987,0
2021-07-28 19:00:00+00:00,40440.99,40680.07,39929.49,40388.61,4529.760228,2021-07-28 19:59:59.999000+00:00,182776436.59889695,182393,2228.324652,89924406.93804367,0
2021-07-28 20:00:00+00:00,40388.61,40388.61,39730.0,39936.79,3124.17005,2021-07-28 20:59:59.999000+00:00,125042408.76617104,99907,1483.160794,59357084.72633506,0
2021-07-28 21:00:00+00:00,39936.79,40170.4,39816.62,40094.77,1662.191293,2021-07-28 21:59:59.999000+00:00,66437671.04171338,41067,796.30333,31833344.0768463,0
2021-07-28 22:00:00+00:00,40094.76,40226.67,39586.2,39753.61,2118.10876,2021-07-28 22:59:59.999000+00:00,84525194.02515347,42301,990.179005,39515308.8110998,0
2021-07-28 23:00:00+00:00,39753.61,40212.0,39590.37,40019.56,2128.573703,2021-07-28 23:59:59.999000+00:00,84892970.27698934,117119,1088.696803,43420325.45050937,0
2021-07-29 00:00:00+00:00,40019.57,40278.48,39400.0,39408.26,2695.428107,2021-07-29 00:59:59.999000+00:00,107376675.2785446,53358,1248.453684,49753908.99979675,0
2021-07-29 01:00:00+00:00,39408.27,39738.9,39200.0,39651.05,2504.951018,2021-07-29 01:59:59.999000+00:00,98929577.6553652,95626,1202.947056,47528570.25960125,0
2021-07-29 02:00:00+00:00,39651.06,39975.0,39604.06,39701.53,1576.259237,2021-07-29 02:59:59.999000+00:00,62765597.07684807,34952,796.795131,31729654.81154669,0
2021-07-29 03:00:00+00:00,39701.53,39849.2,39506.57,39609.78,1165.520236,2021-07-29 03:59:59.999000+00:00,46239090.9989711,26948,564.221802,22385067.17237796,0
2021-07-29 04:00:00+00:00,39609.78,40115.53,39491.99,39963.96,2031.998164,2021-07-29 04:59:59.999000+00:00,81085889.4043349,41339,1039.580086,41491523.27873992,0
2021-07-29 05:00:00+00:00,39963.96,40270.53,39717.0,40108.92,2522.18611,2021-07-29 05:59:59.999000+00:00,100820839.1832194,47637,1309.578248,52370001.30352058,0
2021-07-29 06:00:00+00:00,40108.92,40197.67,39893.08,39996.58,1641.204453,2021-07-29 06:59:59.999000+00:00,65765322.45642629,49210,829.542092,33240525.1490479,0
2021-07-29 07:00:00+00:00,39996.58,40128.95,39832.81,39934.62,1691.306445,2021-07-29 07:59:59.999000+00:00,67642341.93278275,35041,759.345007,30366872.73937319,0
2021-07-29 08:00:00+00:00,39935.0,40083.77,39676.04,39937.36,2168.888748,2021-07-29 08:59:59.999000+00:00,86531855.13809069,42015,1022.832539,40820793.09324527,0
2021-07-29 09:00:00+00:00,39937.35,40640.0,39937.35,40392.01,4458.451713,2021-07-29 09:59:59.999000+00:00,179767701.99898255,75491,2460.135588,99203054.3527274,0
2021-07-29 10:00:00+00:00,40392.01,40541.0,40066.0,40182.49,2387.792002,2021-07-29 10:59:59.999000+00:00,96272749.888565,50795,1155.819468,46610624.96728373,0
2021-07-29 11:00:00+00:00,40182.49,40255.49,39501.78,39769.99,3707.559306,2021-07-29 11:59:59.999000+00:00,147963185.52250144,68156,1652.39632,65952906.68520773,0
2021-07-29 12:00:00+00:00,39769.99,39800.0,39450.0,39717.45,2800.472969,2021-07-29 12:59:59.999000+00:00,111003355.75308274,80288,1310.693952,51954697.90851419,0
2021-07-29 13:00:00+00:00,39717.45,39979.25,39628.95,39863.02,2213.585751,2021-07-29 13:59:59.999000+00:00,88161982.72486676,41039,1245.624913,49611262.88074811,0
2021-07-29 14:00:00+00:00,39862.11,40000.0,39631.57,39950.0,2339.696274,2021-07-29 14:59:59.999000+00:00,93188696.20449533,47143,1194.681643,47592095.78901821,0
2021-07-29 15:00:00+00:00,39950.0,40143.74,39767.45,39939.33,2426.389147,2021-07-29 15:59:59.999000+00:00,96992634.30237225,49096,1269.072884,50733778.67610776,0
2021-07-29 16:00:00+00:00,39939.32,40177.0,39655.55,39732.85,2724.628544,2021-07-29 16:59:59.999000+00:00,108640570.4812322,50063,1245.873814,49680595.30837431,0
2021-07-29 17:00:00+00:00,39732.84,39928.94,39566.16,39605.83,1853.244361,2021-07-29 17:59:59.999000+00:00,73624128.09382586,42882,868.887446,34523246.31637189,0
2021-07-29 18:00:00+00:00,39605.84,39675.69,39390.0,39527.06,2119.346385,2021-07-29 18:59:59.999000+00:00,83790225.10290031,87894,908.646569,35925114.3733155,0
2021-07-29 19:00:00+00:00,39527.07,39732.33,39450.51,39659.84,1550.259086,2021-07-29 19:59:59.999000+00:00,61338892.17998656,127758,776.197058,30712923.817189,0
2021-07-29 20:00:00+00:00,39659.84,39826.3,39601.86,39718.09,988.030009,2021-07-29 20:59:59.999000+00:00,39235696.31705325,37192,522.136156,20734426.53745785,0
2021-07-29 21:00:00+00:00,39719.99,39763.37,39489.55,39535.85,1231.745678,2021-07-29 21:59:59.999000+00:00,48801555.00899363,79519,595.894182,23616623.72969531,0
2021-07-29 22:00:00+00:00,39535.85,39816.31,39524.12,39784.32,956.888461,2021-07-29 22:59:59.999000+00:00,38005305.37813141,65087,517.912571,20570737.55085622,0
2021-07-29 23:00:00+00:00,39784.32,40419.3,39765.35,40016.48,4242.607079,2021-07-29 23:59:59.999000+00:00,170246829.26374584,100209,2203.658035,88396368.8051339,0
2021-07-30 00:00:00+00:00,40018.49,40137.06,39742.59,39905.44,2046.107304,2021-07-30 00:59:59.999000+00:00,81766650.12406307,47219,1019.022213,40723160.11004438,0
2021-07-30 01:00:00+00:00,39905.45,40147.83,39850.01,40099.49,1558.044493,2021-07-30 01:59:59.999000+00:00,62320547.12031194,34961,746.542014,29863981.05299371,0
2021-07-30 02:00:00+00:00,40099.5,40250.0,39960.42,39987.35,2038.351098,2021-07-30 02:59:59.999000+00:00,81786187.04346992,102703,893.255208,35840451.22718899,0
2021-07-30 03:00:00+00:00,39987.41,40110.62,39949.57,39969.99,1167.618961,2021-07-30 03:59:59.999000+00:00,46724603.148981,47525,544.702497,21795796.88241253,0
2021-07-30 04:00:00+00:00,39969.99,40030.0,39640.1,39805.49,2846.217748,2021-07-30 04:59:59.999000+00:00,113368614.82667832,74446,1575.066006,62743849.77088111,0
2021-07-30 05:00:00+00:00,39805.49,39835.79,39615.0,39723.65,1322.275577,2021-07-30 05:59:59.999000+00:00,52544366.64750228,29303,578.612113,22994426.28567186,0
2021-07-30 06:00:00+00:00,39723.66,39850.74,39582.96,39849.99,1346.697641,2021-07-30 06:59:59.999000+00:00,53508922.32706766,33495,665.449587,26443323.43493677,0
2021-07-30 07:00:00+00:00,39850.0,39882.97,39653.3,39726.01,1625.769441,2021-07-30 07:59:59.999000+00:00,64688195.96738728,72296,811.581102,32291164.06461347,0
2021-07-30 08:00:00+00:00,39726.0,39763.14,38458.71,38723.01,7331.255639,2021-07-30 08:59:59.999000+00:00,285968848.1440959,171027,3551.682224,138472686.68354395,0
2021-07-30 09:00:00+00:00,38726.71,38813.87,38313.23,38798.37,5570.046823,2021-07-30 09:59:59.999000+00:00,214795879.72041583,188766,2472.686328,95368605.19159734,0
2021-07-30 10:00:00+00:00,38798.37,38941.48,38520.0,38854.53,2949.140711,2021-07-30 10:59:59.999000+00:00,114306418.574963,60393,1285.368434,49823800.75375888,0
2021-07-30 11:00:00+00:00,38854.54,38971.65,38584.95,38642.46,1965.928019,2021-07-30 11:59:59.999000+00:00,76281659.36569536,39248,951.093423,36907078.87882955,0
2021-07-30 12:00:00+00:00,38650.0,38884.74,38528.6,38708.44,1766.624081,2021-07-30 12:59:59.999000+00:00,68451281.24220878,39065,806.969433,31273495.0201068,0
2021-07-30 13:00:00+00:00,38708.43,38939.0,38666.0,38833.33,1772.641051,2021-07-30 13:59:59.999000+00:00,68798940.47102784,34815,938.429195,36420060.19296776,0
2021-07-30 14:00:00+00:00,38833.33,39161.97,38831.23,39023.69,2118.573178,2021-07-30 14:59:59.999000+00:00,82643608.15258361,42387,1085.729771,42350976.40883534,0
2021-07-30 15:00:00+00:00,39023.69,39083.33,38881.18,39073.85,1428.015131,2021-07-30 15:59:59.999000+00:00,55687610.27647915,31873,771.088121,30069133.88252804,0
2021-07-30 16:00:00+00:00,39072.65,39201.97,38871.74,38909.2,1494.410159,2021-07-30 16:59:59.999000+00:00,58301913.78952283,33750,727.024021,28366473.89210959,0
2021-07-30 17:00:00+00:00,38909.19,39050.0,38909.19,39018.95,992.056364,2021-07-30 17:59:59.999000+00:00,38684483.21643896,27982,499.767147,19487038.11525367,0
2021-07-30 18:00:00+00:00,39018.96,39164.22,38877.59,39083.48,1092.812884,2021-07-30 18:59:59.999000+00:00,42679753.64159335,27342,555.770614,21705111.20999526,0
2021-07-30 19:00:00+00:00,39083.48,39871.45,39060.0,39853.72,2719.548746,2021-07-30 19:59:59.999000+00:00,107228227.85990228,57975,1607.947437,63403814.60923397,0
2021-07-30 20:00:00+00:00,39860.64,41600.0,39685.0,40668.56,10654.053847,2021-07-30 20:59:59.999000+00:00,431910276.64014184,240101,6269.529371,254350811.37397075,0
2021-07-30 21:00:00+00:00,40668.56,41500.0,40622.02,41182.01,5362.124071,2021-07-30 21:59:59.999000+00:00,220262937.24350995,126311,2650.883944,108890546.7710625,0
2021-07-30 22:00:00+00:00,41182.02,41500.0,40964.02,41350.0,4206.618356,2021-07-30 22:59:59.999000+00:00,173375899.2947077,71499,2227.555791,91769363.79171632,0
2021-07-30 23:00:00+00:00,41350.0,42316.71,41300.66,42206.37,8227.853482,2021-07-30 23:59:59.999000+00:00,343747716.5427886,162530,4494.670868,187817596.5997261,0
2021-07-31 00:00:00+00:00,42206.36,42448.0,41627.6,41890.0,5154.01405,2021-07-31 00:59:59.999000+00:00,216125567.41216156,109163,2569.200715,107756756.2453598,0
2021-07-31 01:00:00+00:00,41889.99,42002.29,41732.34,41963.85,2443.482408,2021-07-31 01:59:59.999000+00:00,102353011.20742288,125908,1457.140321,61045350.35548554,0
2021-07-31 02:00:00+00:00,41963.86,42199.24,41842.23,41953.88,1918.866582,2021-07-31 02:59:59.999000+00:00,80635654.35273433,52677,1075.267121,45189972.79198199,0
2021-07-31 03:00:00+00:00,41953.88,42156.47,41704.24,41810.01,1540.28668,2021-07-31 03:59:59.999000+00:00,64555374.61697032,65452,816.956699,34252102.58597766,0
2021-07-31 04:00:00+00:00,41810.0,41876.34,41500.0,41813.33,1664.220053,2021-07-31 04:59:59.999000+00:00,69407723.4478687,96057,811.706007,33861644.06370494,0
2021-07-31 05:00:00+00:00,41813.34,41861.08,41181.0,41684.02,2755.459842,2021-07-31 05:59:59.999000+00:00,114374427.4558368,57503,1445.008005,59984086.00611506,0
2021-07-31 06:00:00+00:00,41684.01,41704.54,41351.0,41525.3,1822.606995,2021-07-31 06:59:59.999000+00:00,75656459.1477956,69467,842.746679,34978665.41504865,0
2021-07-31 07:00:00+00:00,41525.3,41656.31,41480.32,41540.32,1188.045759,2021-07-31 07:59:59.999000+00:00,49376830.87028052,29772,625.440047,25996914.95404982,0
2021-07-31 08:00:00+00:00,41540.31,41883.04,41480.0,41705.08,1668.95698,2021-07-31 08:59:59.999000+00:00,69576231.24599317,110326,843.77877,35180112.13919024,0
2021-07-31 09:00:00+00:00,41705.07,41980.0,41575.0,41639.96,1780.826808,2021-07-31 09:59:59.999000+00:00,74284425.48328914,59235,928.112036,38726905.43520886,0
2021-07-31 10:00:00+00:00,41639.96,41916.64,41605.8,41787.54,1364.416936,2021-07-31 10:59:59.999000+00:00,56972559.2677832,35992,736.748498,30767230.0733568,0
2021-07-31 11:00:00+00:00,41785.07,41817.85,41337.02,41592.15,2223.754782,2021-07-31 11:59:59.999000+00:00,92485024.9578721,93411,1072.912816,44623347.89603784,0
2021-07-31 12:00:00+00:00,41592.14,41725.52,41478.0,41654.98,1202.806699,2021-07-31 12:59:59.999000+00:00,50015060.89895802,76379,644.022607,26784740.64955733,0
2021-07-31 13:00:00+00:00,41654.99,41699.72,41231.53,41381.94,2202.93676,2021-07-31 13:59:59.999000+00:00,91301444.62097584,44912,1111.543438,46066710.49150282,0
2021-07-31 14:00:00+00:00,41381.93,41540.0,41000.15,41408.82,1797.753399,2021-07-31 14:59:59.999000+00:00,74290649.6837691,93667,892.450967,36895063.94230794,0
2021-07-31 15:00:00+00:00,41408.82,41746.64,41300.99,41537.83,1285.067126,2021-07-31 15:59:59.999000+00:00,53347188.63099939,86922,679.368244,28207426.2758561,0
2021-07-31 16:00:00+00:00,41535.71,41625.71,41235.53,41283.59,1585.637435,2021-07-31 16:59:59.999000+00:00,65660913.60520125,38521,741.080898,30698023.33108101,0
2021-07-31 17:00:00+00:00,41283.6,41379.99,41033.0,41164.19,1293.977797,2021-07-31 17:59:59.999000+00:00,53333901.26965618,33595,581.025104,23952206.89204004,0
2021-07-31 18:00:00+00:00,41164.18,41439.94,41115.05,41376.12,932.849306,2021-07-31 18:59:59.999000+00:00,38541118.73997356,44718,498.600537,20601573.98194722,0
2021-07-31 19:00:00+00:00,41376.11,41600.0,41231.58,41303.63,1082.23391,2021-07-31 19:59:59.999000+00:00,44772796.3948726,44193,529.081287,21894066.1958083,0
2021-07-31 20:00:00+00:00,41303.64,41840.03,41132.51,41511.12,1988.440849,2021-07-31 20:59:59.999000+00:00,82565845.70326957,57941,1037.070633,43056676.42495123,0
2021-07-31 21:00:00+00:00,41511.11,41984.73,41491.26,41961.87,2142.41429,2021-07-31 21:59:59.999000+00:00,89482155.32565849,55431,1216.224325,50823567.53997041,0
2021-07-31 22:00:00+00:00,41961.86,41961.86,41611.0,41863.92,1870.342738,2021-07-31 22:59:59.999000+00:00,78189227.53933883,42070,815.976258,34113176.94988569,0
2021-07-31 23:00:00+00:00,41863.92,41950.0,41291.64,41461.83,1940.392828,2021-07-31 23:59:59.999000+00:00,80981919.00599778,42068,872.783038,36431534.98507161,0
2021-08-01 00:00:00+00:00,41461.84,41772.87,41120.0,41737.37,2544.490704,2021-08-01 00:59:59.999000+00:00,105616154.72114946,69767,1205.695639,50051959.90672302,0
2021-08-01 01:00:00+00:00,41734.66,41922.86,41614.98,41707.22,1613.007499,2021-08-01 01:59:59.999000+00:00,67370818.5054707,103212,768.359559,32096932.945577,0
2021-08-01 02:00:00+00:00,41707.22,41825.0,41605.62,41808.25,1202.264039,2021-08-01 02:59:59.999000+00:00,50162455.66793701,61126,685.032051,28586129.26664507,0
2021-08-01 03:00:00+00:00,41808.25,42599.0,41808.25,42435.13,4175.857843,2021-08-01 03:59:59.999000+00:00,176289882.51843995,98718,2398.495034,101264807.94055872,0
2021-08-01 04:00:00+00:00,42430.41,42441.26,42026.0,42057.79,2197.334549,2021-08-01 04:59:59.999000+00:00,92889418.42942923,78171,1054.027885,44560404.83163869,0
2021-08-01 05:00:00+00:00,42053.67,42158.74,41670.0,41822.41,2162.951372,2021-08-01 05:59:59.999000+00:00,90616754.72655834,52759,1028.302751,43078186.49412045,0
2021-08-01 06:00:00+00:00,41822.42,41981.55,41605.0,41707.61,1450.554836,2021-08-01 06:59:59.999000+00:00,60561213.52171002,40981,678.891325,28350716.22493541,0
2021-08-01 07:00:00+00:00,41707.61,41820.0,41580.0,41701.26,1236.258275,2021-08-01 07:59:59.999000+00:00,51581212.28374655,32858,618.533213,25811563.18989712,0
2021-08-01 08:00:00+00:00,41701.25,41820.0,41624.76,41750.11,1198.770597,2021-08-01 08:59:59.999000+00:00,50034840.02854469,99553,677.368433,28274422.46499187,0
2021-08-01 09:00:00+00:00,41750.11,41948.0,41723.0,41908.71,1255.116088,2021-08-01 09:59:59.999000+00:00,52550918.4544831,54228,619.274028,25928065.87622709,0
2021-08-01 10:00:00+00:00,41908.71,41912.65,41339.75,41494.11,2043.965396,2021-08-01 10:59:59.999000+00:00,85150119.46730565,52986,951.745541,39640605.02811571,0
2021-08-01 11:00:00+00:00,41494.11,41617.0,41325.0,41587.01,1741.451108,2021-08-01 11:59:59.999000+00:00,72266195.36665197,126684,870.940181,36142752.8066046,0
2021-08-01 12:00:00+00:00,41587.0,41810.0,41510.1,41553.69,1154.040882,2021-08-01 12:59:59.999000+00:00,48091343.9948689,32396,546.657422,22785136.45379866,0
2021-08-01 13:00:00+00:00,41553.69,41624.56,41370.91,41411.08,1612.6985,2021-08-01 13:59:59.999000+00:00,66901176.37719669,85040,830.085725,34436334.00769891,0
2021-08-01 14:00:00+00:00,41411.07,41520.0,41214.83,41329.36,1674.529511,2021-08-01 14:59:59.999000+00:00,69280292.78162707,37820,795.108755,32897746.38148907,0
2021-08-01 15:00:00+00:00,41329.36,41549.64,41160.0,41286.98,1559.376322,2021-08-01 15:59:59.999000+00:00,64487461.14551618,40667,752.470746,31126294.28320288,0
2021-08-01 16:00:00+00:00,41286.99,41417.81,40714.28,41256.19,4746.087941,2021-08-01 16:59:59.999000+00:00,194646507.98016623,99450,2290.524129,93957495.40818007,0
2021-08-01 17:00:00+00:00,41256.19,41342.65,40842.39,41084.75,2732.87214,2021-08-01 17:59:59.999000+00:00,112288756.481957,50255,1268.449085,52117878.79720741,0
2021-08-01 18:00:00+00:00,41084.75,41225.0,40956.85,41080.73,1620.64234,2021-08-01 18:59:59.999000+00:00,66633427.50919899,35324,779.252471,32042626.0607176,0
2021-08-01 19:00:00+00:00,41080.73,41489.07,40600.0,41263.35,2923.160275,2021-08-01 19:59:59.999000+00:00,120222117.910593,66891,1449.960167,59658971.68881365,0
2021-08-01 20:00:00+00:00,41263.34,41500.0,41106.0,41258.65,2076.843599,2021-08-01 20:59:59.999000+00:00,85845238.48342673,46938,1014.792839,41950818.85984186,0
2021-08-01 21:00:00+00:00,41258.65,41314.14,40926.09,41068.21,1139.681274,2021-08-01 21:59:59.999000+00:00,46862029.55158981,35888,563.9522,23188004.82640676,0
2021-08-01 22:00:00+00:00,41068.21,41192.6,40000.0,40268.63,4849.500775,2021-08-01 22:59:59.999000+00:00,195992992.05837247,98811,1889.860362,76409220.55732869,0
2021-08-01 23:00:00+00:00,40273.36,40437.51,39422.01,39845.44,5041.730461,2021-08-01 23:59:59.999000+00:00,201225943.5219257,103441,2058.974254,82222534.53910318,0
2021-08-02 00:00:00+00:00,39850.27,40099.36,39450.0,39518.73,2764.581547,2021-08-02 00:59:59.999000+00:00,110024481.652736,64474,1350.491226,53751633.9870731,0
2021-08-02 01:00:00+00:00,39518.73,39787.56,39250.0,39611.59,2757.543346,2021-08-02 01:59:59.999000+00:00,109130574.44328816,55461,1306.954914,51736801.25053233,0
2021-08-02 02:00:00+00:00,39611.58,39883.56,39455.01,39784.08,1673.90869,2021-08-02 02:59:59.999000+00:00,66425082.8445968,37203,817.360131,32434220.71556803,0
2021-08-02 03:00:00+00:00,39784.07,39920.57,39683.15,39785.59,1230.690251,2021-08-02 03:59:59.999000+00:00,48985099.34330892,28697,558.25901,22221903.78700539,0
2021-08-02 04:00:00+00:00,39785.6,39866.41,39617.85,39668.73,1430.906886,2021-08-02 04:59:59.999000+00:00,56862888.61524891,29785,597.573919,23745774.98444083,0
2021-08-02 05:00:00+00:00,39668.74,39818.01,39591.51,39723.44,1264.11037,2021-08-02 05:59:59.999000+00:00,50214908.06687249,25631,666.841506,26490221.16132407,0
2021-08-02 06:00:00+00:00,39724.51,40325.68,39629.68,40269.0,2924.036161,2021-08-02 06:59:59.999000+00:00,116899654.6756816,54532,1578.350729,63073186.0742127,0
2021-08-02 07:00:00+00:00,40269.01,40480.01,40012.06,40104.45,2080.713257,2021-08-02 07:59:59.999000+00:00,83702142.61377285,43532,985.786814,39666243.81631746,0
2021-08-02 08:00:00+00:00,40104.45,40171.87,39419.5,39529.8,3381.12721,2021-08-02 08:59:59.999000+00:00,134247083.90449357,60023,1596.284077,63368267.43209768,0
2021-08-02 09:00:00+00:00,39529.79,39710.0,39319.0,39628.36,2880.762263,2021-08-02 09:59:59.999000+00:00,113853421.5909841,50812,1356.790604,53649567.08462609,0
2021-08-02 10:00:00+00:00,39628.4,39837.59,39524.53,39694.47,1380.749038,2021-08-02 10:59:59.999000+00:00,54794244.12304742,31182,676.744849,26859293.69365952,0
2021-08-02 11:00:00+00:00,39701.63,39710.0,39423.0,39542.42,1551.449833,2021-08-02 11:59:59.999000+00:00,61330301.01020855,37060,743.870431,29405817.84224817,0
2021-08-02 12:00:00+00:00,39542.43,39698.36,38907.51,39271.73,4436.24823,2021-08-02 12:59:59.999000+00:00,174041610.8181614,83409,1953.791848,76662843.1536394,0
2021-08-02 13:00:00+00:00,39271.73,39678.71,39138.03,39581.54,2473.812505,2021-08-02 13:59:59.999000+00:00,97443144.45818818,46323,1314.181933,51781907.09961784,0
2021-08-02 14:00:00+00:00,39581.42,39765.94,39524.3,39625.19,2019.299223,2021-08-02 14:59:59.999000+00:00,80050105.87194572,43139,962.222312,38144991.4392358,0
2021-08-02 15:00:00+00:00,39625.19,39818.18,39594.04,39705.12,1470.279414,2021-08-02 15:59:59.999000+00:00,58419009.48016564,35790,699.269174,27783403.56373003,0
2021-08-02 16:00:00+00:00,39705.12,39975.96,39586.66,39811.95,1969.170851,2021-08-02 16:59:59.999000+00:00,78380476.72013012,48202,1014.369903,40374817.61971744,0
2021-08-02 17:00:00+00:00,39811.95,39889.25,39625.16,39692.98,1172.85512,2021-08-02 17:59:59.999000+00:00,46618236.37843197,64344,543.341747,21596350.48388925,0
2021-08-02 18:00:00+00:00,39693.94,39784.0,39469.0,39637.87,1234.215537,2021-08-02 18:59:59.999000+00:00,48944575.78591654,68195,556.630325,22074198.45511771,0
2021-08-02 19:00:00+00:00,39637.87,39783.72,39012.17,39177.85,2605.698491,2021-08-02 19:59:59.999000+00:00,102583495.95354998,48665,1262.771415,49716801.07887538,0
2021-08-02 20:00:00+00:00,39177.85,39278.33,38690.0,38851.84,3767.404849,2021-08-02 20:59:59.999000+00:00,146537097.1681868,73612,1718.301542,66838676.80785357,0
2021-08-02 21:00:00+00:00,38851.84,39317.92,38788.55,39202.01,1506.10744,2021-08-02 21:59:59.999000+00:00,58788780.34215125,70630,755.246619,29485463.0419016,0
2021-08-02 22:00:00+00:00,39202.02,39528.55,39161.99,39415.43,1385.520694,2021-08-02 22:59:59.999000+00:00,54569028.50779368,33364,702.971943,27687126.5572855,0
2021-08-02 23:00:00+00:00,39415.42,39545.24,39065.66,39147.82,1476.160748,2021-08-02 23:59:59.999000+00:00,58082559.2255482,28813,839.598372,33047209.81679042,0
2021-08-03 00:00:00+00:00,39146.86,39780.0,38755.56,39327.39,4067.951043,2021-08-03 00:59:59.999000+00:00,159740308.49985975,73105,2005.576004,78719459.83548456,0
2021-08-03 01:00:00+00:00,39327.4,39334.9,38785.95,38822.62,2781.744985,2021-08-03 01:59:59.999000+00:00,108513463.02761596,72846,1306.127133,50946123.04549547,0
2021-08-03 02:00:00+00:00,38822.63,39087.08,38758.95,38896.03,1636.161497,2021-08-03 02:59:59.999000+00:00,63710765.25650472,100952,825.864236,32155716.3581546,0
2021-08-03 03:00:00+00:00,38896.03,38998.89,38512.0,38655.74,2299.569213,2021-08-03 03:59:59.999000+00:00,89004595.06456509,47146,1096.845081,42454675.15691656,0
2021-08-03 04:00:00+00:00,38658.48,38828.59,38211.0,38328.01,3262.568202,2021-08-03 04:59:59.999000+00:00,125760238.30095357,57943,1385.654538,53431042.06169605,0
2021-08-03 05:00:00+00:00,38328.01,38378.25,37955.52,38254.85,3774.603799,2021-08-03 05:59:59.999000+00:00,144072093.78316972,70506,1650.634663,63024933.69639862,0
2021-08-03 06:00:00+00:00,38254.85,38449.97,38199.69,38357.16,1387.677801,2021-08-03 06:59:59.999000+00:00,53227080.19681579,34427,757.031267,29037290.12167302,0
2021-08-03 07:00:00+00:00,38357.16,38665.75,38252.4,38593.44,2015.567029,2021-08-03 07:59:59.999000+00:00,77638327.59112419,40954,1000.745472,38545586.82107762,0
2021-08-03 08:00:00+00:00,38593.43,38666.0,38315.0,38523.43,1620.408658,2021-08-03 08:59:59.999000+00:00,62416101.01271943,35473,712.509172,27444641.43036351,0
2021-08-03 09:00:00+00:00,38523.43,38646.39,38340.0,38642.28,1437.974884,2021-08-03 09:59:59.999000+00:00,55367588.71508113,34097,714.168371,27499340.69701861,0
2021-08-03 10:00:00+00:00,38646.44,38809.0,38478.63,38713.13,1658.409297,2021-08-03 10:59:59.999000+00:00,64092259.73046908,35257,849.085997,32813783.32296572,0
2021-08-03 11:00:00+00:00,38713.14,38748.82,38400.0,38490.01,1503.34668,2021-08-03 11:59:59.999000+00:00,57955169.56951679,33988,731.563224,28201509.34780247,0
2021-08-03 12:00:00+00:00,38490.02,38538.37,37703.75,38394.77,6121.205829,2021-08-03 12:59:59.999000+00:00,233406061.2703828,103472,2925.764013,111591422.76808988,0
2021-08-03 13:00:00+00:00,38394.77,38644.09,38324.63,38469.59,2404.758584,2021-08-03 13:59:59.999000+00:00,92565853.8595892,70624,1187.972332,45721127.27400207,0
2021-08-03 14:00:00+00:00,38469.6,38703.0,38172.9,38253.59,2404.300479,2021-08-03 14:59:59.999000+00:00,92483167.82480818,90494,1212.879579,46636950.04469905,0
2021-08-03 15:00:00+00:00,38253.59,38342.32,37924.12,38169.44,3514.216417,2021-08-03 15:59:59.999000+00:00,134002287.91298908,61940,1801.839125,68724036.88204566,0
2021-08-03 16:00:00+00:00,38169.45,38470.76,37963.27,38398.51,2464.436984,2021-08-03 16:59:59.999000+00:00,94159817.10344028,70157,1233.285742,47120961.29808734,0
2021-08-03 17:00:00+00:00,38398.5,38550.24,38006.4,38006.41,2096.367182,2021-08-03 17:59:59.999000+00:00,80269567.31634443,50883,996.014714,38164319.0161024,0
2021-08-03 18:00:00+00:00,38006.41,38200.0,37642.03,38194.23,3040.007092,2021-08-03 18:59:59.999000+00:00,115304151.40474468,77038,1467.001234,55653969.69516093,0
2021-08-03 19:00:00+00:00,38194.22,38328.0,37926.91,38011.37,1554.51901,2021-08-03 19:59:59.999000+00:00,59360599.94160722,35330,794.270345,30333386.50683248,0
2021-08-03 20:00:00+00:00,38008.8,38199.89,37870.0,38079.54,1514.683354,2021-08-03 20:59:59.999000+00:00,57599416.4502821,55571,726.000784,27609126.44691579,0
2021-08-03 21:00:00+00:00,38081.43,38419.91,38042.07,38328.37,1443.993305,2021-08-03 21:59:59.999000+00:00,55205119.4539341,58037,787.3503,30106092.4543302,0
2021-08-03 22:00:00+00:00,38325.82,38570.12,38208.76,38344.39,1632.863453,2021-08-03 22:59:59.999000+00:00,62682689.89588438,34765,802.608665,30812301.02847917,0
2021-08-03 23:00:00+00:00,38344.42,38643.0,38068.31,38207.05,1480.101076,2021-08-03 23:59:59.999000+00:00,56823935.38492713,34866,712.674607,27370986.54006551,0
2021-08-04 00:00:00+00:00,38207.04,38491.71,37968.0,38406.75,1622.867759,2021-08-04 00:59:59.999000+00:00,61985412.27200208,41492,810.5207,30958447.44784099,0
2021-08-04 01:00:00+00:00,38410.76,38566.82,38326.31,38355.99,1413.750513,2021-08-04 01:59:59.999000+00:00,54360377.59945867,29635,696.835017,26792255.97891276,0
2021-08-04 02:00:00+00:00,38355.99,38425.0,38050.33,38095.66,1329.783745,2021-08-04 02:59:59.999000+00:00,50786143.3362595,28185,674.721532,25766057.57616619,0
2021-08-04 03:00:00+00:00,38095.67,38145.91,37890.54,37976.81,1237.218611,2021-08-04 03:59:59.999000+00:00,47028239.6331239,29629,586.08242,22278365.78860399,0
2021-08-04 04:00:00+00:00,37976.82,38099.99,37775.0,37970.66,1294.83915,2021-08-04 04:59:59.999000+00:00,49098954.43793785,30257,645.962215,24496735.86602425,0
2021-08-04 05:00:00+00:00,37970.66,38213.99,37960.43,38005.13,1238.083088,2021-08-04 05:59:59.999000+00:00,47182443.08903943,27324,654.749671,24953897.5337201,0
2021-08-04 06:00:00+00:00,38005.13,38159.0,37790.0,37818.1,3012.31481,2021-08-04 06:59:59.999000+00:00,114138231.49565347,40238,1704.676245,64562908.98560073,0
2021-08-04 07:00:00+00:00,37820.37,37890.57,37674.18,37828.84,1688.424998,2021-08-04 07:59:59.999000+00:00,63769389.45188824,35369,845.899881,31950370.38994507,0
2021-08-04 08:00:00+00:00,37828.84,37979.64,37508.56,37738.62,2707.411545,2021-08-04 08:59:59.999000+00:00,102186264.06675696,50027,1339.738195,50576248.08292853,0
2021-08-04 09:00:00+00:00,37739.7,37875.99,37660.0,37825.35,1429.801664,2021-08-04 09:59:59.999000+00:00,54013630.73715126,28955,708.866175,26779489.9254393,0
2021-08-04 10:00:00+00:00,37825.35,38120.0,37731.78,38093.13,1657.432227,2021-08-04 10:59:59.999000+00:00,62855376.46826354,32804,924.363674,35060583.26183506,0
2021-08-04 11:00:00+00:00,38090.4,38260.0,38033.29,38160.06,1869.066951,2021-08-04 11:59:59.999000+00:00,71318051.65114385,35251,940.475449,35886776.03419973,0
2021-08-04 12:00:00+00:00,38160.06,38933.5,38154.32,38860.28,4926.399379,2021-08-04 12:59:59.999000+00:00,189773911.72820276,79000,2462.718419,94870949.42238992,0
2021-08-04 13:00:00+00:00,38860.27,39237.73,38749.99,39013.01,4868.418712,2021-08-04 13:59:59.999000+00:00,189846958.82981429,87443,2350.050905,91657450.38246948,0
2021-08-04 14:00:00+00:00,39013.01,39177.54,38850.0,39119.55,2871.8433,2021-08-04 14:59:59.999000+00:00,112097130.01369315,118823,1497.188701,58442191.81187026,0
2021-08-04 15:00:00+00:00,39119.54,39472.47,39119.54,39302.0,3672.175116,2021-08-04 15:59:59.999000+00:00,144312728.85818043,117478,1818.053762,71453187.30762424,0
2021-08-04 16:00:00+00:00,39302.0,39599.0,39240.2,39485.73,2772.24995,2021-08-04 16:59:59.999000+00:00,109340934.80341788,86639,1452.624503,57297872.69243447,0
2021-08-04 17:00:00+00:00,39485.73,39495.0,39264.18,39390.21,1983.4257,2021-08-04 17:59:59.999000+00:00,78096032.95554875,76340,986.427677,38844609.04026742,0
2021-08-04 18:00:00+00:00,39390.21,39800.0,39383.51,39575.1,2025.285327,2021-08-04 18:59:59.999000+00:00,80268281.25912452,51826,1086.832971,43067823.48375049,0
2021-08-04 19:00:00+00:00,39575.1,39850.0,39467.85,39752.17,1643.979733,2021-08-04 19:59:59.999000+00:00,65227287.75286063,40455,887.013154,35205920.62374877,0
2021-08-04 20:00:00+00:00,39752.17,39874.0,39620.0,39755.75,1607.14318,2021-08-04 20:59:59.999000+00:00,63873730.82073952,38202,821.791971,32659862.81997197,0
2021-08-04 21:00:00+00:00,39755.74,39969.66,39722.88,39838.38,1631.541344,2021-08-04 21:59:59.999000+00:00,64997209.08604089,41192,950.669497,37873642.42935576,0
2021-08-04 22:00:00+00:00,39837.47,39959.0,39517.19,39716.29,2224.514303,2021-08-04 22:59:59.999000+00:00,88553113.3598064,43114,1031.246383,41049849.17929943,0
2021-08-04 23:00:00+00:00,39716.28,39913.07,39550.02,39723.18,1601.381325,2021-08-04 23:59:59.999000+00:00,63682944.47869672,30877,926.702052,36861555.49112767,0
2021-08-05 00:00:00+00:00,39723.17,39849.61,39533.55,39554.63,1596.773355,2021-08-05 00:59:59.999000+00:00,63384341.61960191,35268,764.593096,30350952.47235005,0
2021-08-05 01:00:00+00:00,39554.64,39600.0,39167.0,39491.58,2879.659816,2021-08-05 01:59:59.999000+00:00,113356483.35084713,106684,1511.672627,59510737.2503585,0
2021-08-05 02:00:00+00:00,39491.59,39501.87,39207.25,39376.78,1267.818837,2021-08-05 02:59:59.999000+00:00,49892880.45947698,85483,593.705204,23367070.45362613,0
2021-08-05 03:00:00+00:00,39376.06,39562.79,39200.0,39435.09,2190.168977,2021-08-05 03:59:59.999000+00:00,86320898.25374553,43171,866.003865,34130869.02732968,0
2021-08-05 04:00:00+00:00,39438.06,39530.6,39290.25,39363.64,973.130996,2021-08-05 04:59:59.999000+00:00,38358716.77155223,44024,480.156927,18927126.43557578,0
2021-08-05 05:00:00+00:00,39363.65,39519.99,39300.0,39382.64,746.55081,2021-08-05 05:59:59.999000+00:00,29415951.68433552,60515,355.585687,14012234.02188679,0
2021-08-05 06:00:00+00:00,39382.64,39382.64,39000.0,39088.18,2294.030901,2021-08-05 06:59:59.999000+00:00,89800148.20106371,44597,986.23026,38609071.40219709,0
2021-08-05 07:00:00+00:00,39088.18,39088.18,38722.0,38870.59,2871.322662,2021-08-05 07:59:59.999000+00:00,111676410.34383392,97231,1395.190899,54270735.49665468,0
2021-08-05 08:00:00+00:00,38870.58,38958.64,38434.13,38482.85,2691.940043,2021-08-05 08:59:59.999000+00:00,104218224.02621873,54609,1120.856864,43413409.32092113,0
2021-08-05 09:00:00+00:00,38482.86,38616.2,37900.0,38040.44,5159.848056,2021-08-05 09:59:59.999000+00:00,197107284.1342908,99657,2408.309221,92000874.15237562,0
2021-08-05 10:00:00+00:00,38040.45,38252.14,37821.0,38043.43,2987.759884,2021-08-05 10:59:59.999000+00:00,113721050.175236,61532,1384.850125,52720294.15179403,0
2021-08-05 11:00:00+00:00,38043.43,38233.0,37940.0,38008.38,2546.231739,2021-08-05 11:59:59.999000+00:00,97005541.411014,51970,1257.769304,47919763.95603498,0
2021-08-05 12:00:00+00:00,38008.45,38150.0,37332.7,38037.84,6824.83186,2021-08-05 12:59:59.999000+00:00,257564668.34871665,118910,3311.059507,125016274.24078564,0
2021-08-05 13:00:00+00:00,38037.83,38181.81,37666.68,38039.23,3895.274001,2021-08-05 13:59:59.999000+00:00,147528145.5663549,75843,2019.709686,76488103.39124854,0
2021-08-05 14:00:00+00:00,38038.67,39048.73,37869.56,39002.78,7432.177439,2021-08-05 14:59:59.999000+00:00,286262883.87632567,125802,4040.181747,155663304.99629512,0
2021-08-05 15:00:00+00:00,39005.3,39370.0,38545.59,38750.01,5612.00309,2021-08-05 15:59:59.999000+00:00,219073428.6533252,112986,2709.059986,105798185.87841244,0
2021-08-05 16:00:00+00:00,38750.0,39779.0,38737.31,39739.72,5641.437561,2021-08-05 16:59:59.999000+00:00,221757150.28649583,110021,2910.952447,114477414.73089235,0
2021-08-05 17:00:00+00:00,39739.72,40723.68,39655.38,40706.99,7336.06423,2021-08-05 17:59:59.999000+00:00,294928025.8620909,163384,4015.380854,161391454.6012991,0
2021-08-05 18:00:00+00:00,40707.0,40987.0,40337.81,40840.0,5055.379107,2021-08-05 18:59:59.999000+00:00,205710353.7945184,105891,2340.551987,95300204.69807242,0
2021-08-05 19:00:00+00:00,40840.01,41350.0,40528.0,40692.24,5916.067647,2021-08-05 19:59:59.999000+00:00,242586235.1008784,121763,3081.458375,126350432.80756436,0
2021-08-05 20:00:00+00:00,40692.24,41150.0,40692.24,40879.99,2563.235815,2021-08-05 20:59:59.999000+00:00,104904064.4409531,58843,1288.992209,52756313.66889411,0
2021-08-05 21:00:00+00:00,40879.99,41290.01,40666.1,40911.03,2216.331775,2021-08-05 21:59:59.999000+00:00,90693857.40691528,58912,1142.028344,46743827.78493115,0
2021-08-05 22:00:00+00:00,40913.51,41032.45,40750.0,40927.4,1507.951168,2021-08-05 22:59:59.999000+00:00,61696035.99981218,36066,802.9325,32855001.11913476,0
2021-08-05 23:00:00+00:00,40927.4,41142.95,40763.53,40862.46,2137.765852,2021-08-05 23:59:59.999000+00:00,87564958.57213025,40119,885.89736,36286233.74338151,0
2021-08-06 00:00:00+00:00,40862.46,41015.99,39933.06,40061.99,4525.303169,2021-08-06 00:59:59.999000+00:00,183049866.28339848,105398,2031.33863,82187662.0126686,0
2021-08-06 01:00:00+00:00,40061.99,40749.28,39900.39,40596.59,2469.861524,2021-08-06 01:59:59.999000+00:00,99533706.43838128,134599,1251.650422,50448405.77617244,0
2021-08-06 02:00:00+00:00,40596.57,40646.78,40203.97,40340.96,1773.503399,2021-08-06 02:59:59.999000+00:00,71638353.4378818,41055,935.94075,37808395.64868561,0
2021-08-06 03:00:00+00:00,40340.96,40604.5,40139.45,40219.47,1411.144573,2021-08-06 03:59:59.999000+00:00,56999521.56322017,53292,676.938625,27344962.18381602,0
2021-08-06 04:00:00+00:00,40219.47,40360.0,39853.86,40167.99,2229.816144,2021-08-06 04:59:59.999000+00:00,89335633.7627996,86381,996.588948,39926571.79695778,0
2021-08-06 05:00:00+00:00,40167.99,40567.16,40122.03,40554.17,1886.256829,2021-08-06 05:59:59.999000+00:00,76105429.2642373,81086,964.329639,38909688.37809395,0
2021-08-06 06:00:00+00:00,40552.99,41199.99,40453.45,41033.16,4093.175113,2021-08-06 06:59:59.999000+00:00,167485035.0537148,110441,2131.983649,87234009.28001633,0
2021-08-06 07:00:00+00:00,41033.16,41110.0,40706.22,40729.59,2262.38327,2021-08-06 07:59:59.999000+00:00,92474847.21645184,51369,1086.574213,44421556.91805877,0
2021-08-06 08:00:00+00:00,40731.0,41120.0,40535.04,40943.08,2723.90207,2021-08-06 08:59:59.999000+00:00,111359339.49328507,102139,1360.494563,55623780.81587538,0
2021-08-06 09:00:00+00:00,40943.08,40954.02,40551.72,40592.14,2923.579694,2021-08-06 09:59:59.999000+00:00,119116469.83385348,115076,1286.189704,52400133.38671374,0
2021-08-06 10:00:00+00:00,40592.14,40849.49,40387.77,40684.83,2263.165732,2021-08-06 10:59:59.999000+00:00,91846332.68185627,55127,1091.090781,44288086.27067802,0
2021-08-06 11:00:00+00:00,40684.84,40772.22,40487.6,40507.56,1582.116569,2021-08-06 11:59:59.999000+00:00,64212063.70887539,68666,849.805183,34492252.5242777,0
2021-08-06 12:00:00+00:00,40507.56,41065.45,40300.0,40762.86,3657.543946,2021-08-06 12:59:59.999000+00:00,149069315.1173227,127741,1830.966818,74654397.45772938,0
2021-08-06 13:00:00+00:00,40762.87,41025.0,40700.68,40924.07,2340.436581,2021-08-06 13:59:59.999000+00:00,95699869.04747479,102653,1155.821137,47261538.2570874,0
2021-08-06 14:00:00+00:00,40924.08,40973.42,40649.89,40777.2,1629.808356,2021-08-06 14:59:59.999000+00:00,66461235.85091209,72107,810.919524,33069032.96927433,0
2021-08-06 15:00:00+00:00,40777.19,42455.73,40700.0,42199.98,9361.970979,2021-08-06 15:59:59.999000+00:00,390037063.3782784,193618,5420.202478,225978114.4417808,0
2021-08-06 16:00:00+00:00,42199.97,43210.52,42199.97,42519.92,10745.777941,2021-08-06 16:59:59.999000+00:00,458458757.5617845,237676,5681.481637,242467113.1063468,0
2021-08-06 17:00:00+00:00,42518.11,43392.43,42459.91,42900.01,5548.447927,2021-08-06 17:59:59.999000+00:00,237954910.4968905,121208,2559.002084,109782409.43479627,0
2021-08-06 18:00:00+00:00,42900.0,42999.48,42646.93,42792.95,2412.486291,2021-08-06 18:59:59.999000+00:00,103309868.3442402,64617,1254.3077,53715502.68116592,0
2021-08-06 19:00:00+00:00,42792.95,43009.33,42727.97,42901.17,2688.582027,2021-08-06 19:59:59.999000+00:00,115301202.46773292,53871,1298.891072,55702380.8831598,0
2021-08-06 20:00:00+00:00,42901.18,42967.68,42450.0,42702.82,2891.748594,2021-08-06 20:59:59.999000+00:00,123652281.16965012,99088,1403.662937,60020122.34614889,0
2021-08-06 21:00:00+00:00,42702.82,42754.0,42393.02,42423.87,1428.524786,2021-08-06 21:59:59.999000+00:00,60822529.79340297,70189,680.60372,28981576.56467786,0
2021-08-06 22:00:00+00:00,42423.87,42865.2,42423.87,42780.07,1269.00082,2021-08-06 22:59:59.999000+00:00,54145142.23021379,39303,636.204693,27143550.00075779,0
2021-08-06 23:00:00+00:00,42780.07,42913.56,42571.43,42836.87,1635.405013,2021-08-06 23:59:59.999000+00:00,69953685.72029994,36656,883.015851,37773070.9658616,0
2021-08-07 00:00:00+00:00,42836.87,43278.0,42579.16,43270.2,3119.787612,2021-08-07 00:59:59.999000+00:00,133768114.52905466,76409,1773.298138,76039333.4960581,0
2021-08-07 01:00:00+00:00,43270.2,43348.66,42816.45,43170.01,2666.017595,2021-08-07 01:59:59.999000+00:00,114861710.4921076,115398,1200.509867,51730965.71268621,0
2021-08-07 02:00:00+00:00,43170.01,43386.11,43064.77,43293.65,2094.181137,2021-08-07 02:59:59.999000+00:00,90517578.63882913,99911,1025.217684,44314464.19845354,0
2021-08-07 03:00:00+00:00,43300.21,43770.03,42980.89,43691.86,3808.350672,2021-08-07 03:59:59.999000+00:00,165434854.45504177,86111,1970.119707,85643751.60692213,0
2021-08-07 04:00:00+00:00,43691.95,43930.4,43277.99,43295.0,3194.808053,2021-08-07 04:59:59.999000+00:00,139482150.7985196,134864,1524.939523,66613041.51129176,0
2021-08-07 05:00:00+00:00,43295.0,43643.55,43282.57,43428.16,2029.964994,2021-08-07 05:59:59.999000+00:00,88182930.17362422,77582,1045.231526,45401526.29976831,0
2021-08-07 06:00:00+00:00,43428.16,43505.88,43040.0,43254.46,2158.650753,2021-08-07 06:59:59.999000+00:00,93361068.16132803,54332,1073.003762,46409106.84034619,0
2021-08-07 07:00:00+00:00,43254.46,43539.21,43066.75,43207.89,1887.124115,2021-08-07 07:59:59.999000+00:00,81600956.85090396,50102,1000.366899,43261055.25109024,0
2021-08-07 08:00:00+00:00,43207.89,43471.29,43110.01,43454.04,2022.622554,2021-08-07 08:59:59.999000+00:00,87612452.51057984,45919,1176.470247,50959908.2815884,0
2021-08-07 09:00:00+00:00,43454.04,43816.37,43372.55,43627.18,3185.455753,2021-08-07 09:59:59.999000+00:00,139011266.3028877,78601,1601.331339,69884359.11768699,0
2021-08-07 10:00:00+00:00,43627.19,43989.49,43518.58,43658.61,3145.110826,2021-08-07 10:59:59.999000+00:00,137509643.29258355,109324,1611.510426,70469198.93900493,0
2021-08-07 11:00:00+00:00,43658.61,43859.8,43412.0,43800.03,2469.419867,2021-08-07 11:59:59.999000+00:00,107742768.84911042,60439,1140.965623,49791371.02727235,0
2021-08-07 12:00:00+00:00,43800.03,44555.0,43351.71,43528.22,8878.090772,2021-08-07 12:59:59.999000+00:00,390920572.3892647,236491,4441.227878,195669896.52351293,0
2021-08-07 13:00:00+00:00,43528.22,43766.67,43000.0,43177.58,4939.540301,2021-08-07 13:59:59.999000+00:00,214302325.0214484,169030,2298.635054,99736672.57517736,0
2021-08-07 14:00:00+00:00,43182.89,43638.96,43165.7,43490.01,2354.886757,2021-08-07 14:59:59.999000+00:00,102303371.75422227,92434,1240.319831,53882569.32541802,0
2021-08-07 15:00:00+00:00,43490.01,43668.3,43288.3,43370.23,1943.8527,2021-08-07 15:59:59.999000+00:00,84508275.8294999,57558,929.066819,40393052.09380977,0
2021-08-07 16:00:00+00:00,43370.23,43752.6,42446.41,43705.01,6922.238147,2021-08-07 16:59:59.999000+00:00,298254216.9626939,150304,3506.305329,151178782.33849683,0
2021-08-07 17:00:00+00:00,43705.0,43765.08,43207.52,43424.69,2234.456396,2021-08-07 17:59:59.999000+00:00,97082242.71861435,119659,1175.103508,51054592.85067277,0
2021-08-07 18:00:00+00:00,43428.72,43638.98,43245.59,43542.0,1193.039644,2021-08-07 18:59:59.999000+00:00,51851639.11560665,63366,605.821535,26330689.18376827,0
2021-08-07 19:00:00+00:00,43542.0,44059.21,43412.7,43931.41,2001.390978,2021-08-07 19:59:59.999000+00:00,87512848.83733904,59369,1100.644051,48152551.56040328,0
2021-08-07 20:00:00+00:00,43931.41,44146.33,43623.33,43931.07,2318.781865,2021-08-07 20:59:59.999000+00:00,101782692.77226548,101816,1147.858132,50392064.08507847,0
2021-08-07 21:00:00+00:00,43931.07,44348.09,43470.0,43510.01,3161.206141,2021-08-07 21:59:59.999000+00:00,139139318.15390852,82566,1558.880143,68602974.24493062,0
2021-08-07 22:00:00+00:00,43514.15,44165.45,43501.03,44014.95,2094.487911,2021-08-07 22:59:59.999000+00:00,91978469.2081459,51394,1103.646144,48461912.99314156,0
2021-08-07 23:00:00+00:00,44015.55,44700.0,44015.55,44572.54,3573.275265,2021-08-07 23:59:59.999000+00:00,158685858.21921372,85234,2105.15068,93492083.8223944,0
2021-08-08 00:00:00+00:00,44572.54,44776.0,44136.73,44573.83,4597.523317,2021-08-08 00:59:59.999000+00:00,204485589.0856164,98787,2410.605338,107228944.32119653,0
2021-08-08 01:00:00+00:00,44571.24,44607.64,43871.52,44102.86,2594.828888,2021-08-08 01:59:59.999000+00:00,114556879.59660108,64594,1217.167499,53723241.71618699,0
2021-08-08 02:00:00+00:00,44102.84,44148.0,43785.0,43924.98,1916.236683,2021-08-08 02:59:59.999000+00:00,84285247.95789196,105952,897.203071,39463226.49894618,0
2021-08-08 03:00:00+00:00,43924.98,44355.97,43882.18,44322.42,1676.769707,2021-08-08 03:59:59.999000+00:00,74128933.05895624,76678,877.955882,38813734.96154749,0
2021-08-08 04:00:00+00:00,44322.42,44528.0,44155.21,44330.43,1560.543062,2021-08-08 04:59:59.999000+00:00,69221540.52950916,41111,762.029227,33809494.01894772,0
2021-08-08 05:00:00+00:00,44330.43,44813.77,44180.0,44746.29,2892.693935,2021-08-08 05:59:59.999000+00:00,128984199.16251446,59123,1537.33548,68555353.8162131,0
2021-08-08 06:00:00+00:00,44746.29,45310.0,44633.83,45027.36,6450.537158,2021-08-08 06:59:59.999000+00:00,290244660.496634,141299,3330.203214,149881598.81632635,0
2021-08-08 07:00:00+00:00,45027.97,45266.17,44725.0,44804.51,3225.061968,2021-08-08 07:59:59.999000+00:00,145117291.21379876,128732,1473.998324,66320648.52541613,0
2021-08-08 08:00:00+00:00,44804.51,45014.45,44405.69,44465.63,2787.484815,2021-08-08 08:59:59.999000+00:00,124692212.35673304,65922,1130.324152,50575094.80384701,0
2021-08-08 09:00:00+00:00,44465.64,44888.18,44412.41,44724.17,2526.749938,2021-08-08 09:59:59.999000+00:00,112960515.55764902,45628,1113.393094,49774980.71987613,0
2021-08-08 10:00:00+00:00,44724.16,44864.53,44193.19,44371.36,2799.443549,2021-08-08 10:59:59.999000+00:00,124367018.22409923,86090,1263.516085,56129577.06666404,0
2021-08-08 11:00:00+00:00,44371.93,44717.0,44071.82,44452.06,2779.483095,2021-08-08 11:59:59.999000+00:00,123549864.88344988,65062,1325.694952,58935476.66443814,0
2021-08-08 12:00:00+00:00,44452.05,45134.89,44357.35,45006.56,3031.685769,2021-08-08 12:59:59.999000+00:00,135906542.83723733,70977,1666.867312,74748932.54935384,0
2021-08-08 13:00:00+00:00,45006.56,45198.27,44511.05,44750.0,2375.582462,2021-08-08 13:59:59.999000+00:00,106549632.62773632,56212,1111.427245,49854310.47426885,0
2021-08-08 14:00:00+00:00,44749.99,44854.47,43818.0,43918.97,4765.987704,2021-08-08 14:59:59.999000+00:00,210991353.6622936,93952,2260.471913,100081857.24770768,0
2021-08-08 15:00:00+00:00,43922.19,44190.0,43737.0,43984.55,3303.712835,2021-08-08 15:59:59.999000+00:00,145425801.99764192,72001,1696.402794,74679517.01484679,0
2021-08-08 16:00:00+00:00,43988.88,44391.35,43581.48,43720.01,3504.053004,2021-08-08 16:59:59.999000+00:00,154021831.62527603,75898,1799.336291,79073373.87563436,0
2021-08-08 17:00:00+00:00,43720.0,43910.0,43519.51,43674.82,2900.629779,2021-08-08 17:59:59.999000+00:00,126777714.44233008,71768,1442.860354,63068671.61221503,0
2021-08-08 18:00:00+00:00,43674.81,43923.5,43396.35,43627.13,2277.095947,2021-08-08 18:59:59.999000+00:00,99424296.32412376,57964,1028.42127,44929142.29635144,0
2021-08-08 19:00:00+00:00,43619.54,43884.1,43261.0,43715.1,2655.503742,2021-08-08 19:59:59.999000+00:00,115663179.89214168,63619,1349.469037,58784484.37164914,0
2021-08-08 20:00:00+00:00,43715.1,44270.0,43541.05,43840.91,3178.497668,2021-08-08 20:59:59.999000+00:00,139515415.54657403,65929,1627.573391,71442418.908629,0
2021-08-08 21:00:00+00:00,43840.91,44260.67,43758.23,44229.2,1313.660796,2021-08-08 21:59:59.999000+00:00,57850734.18945102,41075,695.3392,30622493.61613256,0
2021-08-08 22:00:00+00:00,44229.2,44581.0,44152.91,44188.37,2002.959988,2021-08-08 22:59:59.999000+00:00,88849594.8864858,99378,1013.901945,44979233.28898116,0
2021-08-08 23:00:00+00:00,44188.37,44444.0,43636.03,43794.37,2212.366889,2021-08-08 23:59:59.999000+00:00,97354684.72459534,109361,1067.65359,46975333.21354022,0
2021-08-09 00:00:00+00:00,43794.36,43960.84,43050.0,43185.8,4131.980148,2021-08-09 00:59:59.999000+00:00,179216818.94048408,105884,1945.757174,84386780.42199554,0
2021-08-09 01:00:00+00:00,43185.8,43343.58,42779.0,43094.78,3272.584769,2021-08-09 01:59:59.999000+00:00,140858214.32887596,71547,1425.143992,61353849.53762811,0
2021-08-09 02:00:00+00:00,43094.78,43499.32,43045.41,43472.23,1269.670466,2021-08-09 02:59:59.999000+00:00,54976331.78786665,33514,584.156361,25295157.50458265,0
2021-08-09 03:00:00+00:00,43472.23,43632.14,43273.4,43496.09,1170.675198,2021-08-09 03:59:59.999000+00:00,50847928.22641874,35088,540.875559,23494881.11039643,0
2021-08-09 04:00:00+00:00,43496.09,43600.0,43234.0,43580.41,1991.740782,2021-08-09 04:59:59.999000+00:00,86481509.61717156,35853,1206.875009,52378559.87257639,0
2021-08-09 05:00:00+00:00,43580.41,43734.02,43372.91,43544.45,1208.520928,2021-08-09 05:59:59.999000+00:00,52670376.49324338,31158,574.712562,25048626.92641754,0
2021-08-09 06:00:00+00:00,43544.46,43651.0,43263.21,43474.0,1737.377372,2021-08-09 06:59:59.999000+00:00,75444343.18808015,39996,834.581489,36246881.31899383,0
2021-08-09 07:00:00+00:00,43473.99,43845.39,43360.53,43800.74,1734.25151,2021-08-09 07:59:59.999000+00:00,75584910.49530333,45775,924.411763,40296662.44886976,0
2021-08-09 08:00:00+00:00,43800.74,43900.0,43600.92,43717.14,1940.535379,2021-08-09 08:59:59.999000+00:00,84897980.63875104,61120,963.341211,42151202.62761713,0
2021-08-09 09:00:00+00:00,43720.0,45011.63,43656.2,44855.11,5561.590748,2021-08-09 09:59:59.999000+00:00,247653281.28797373,174417,2996.047449,133376180.03476205,0
2021-08-09 10:00:00+00:00,44855.11,45700.0,44744.18,45646.63,6717.403177,2021-08-09 10:59:59.999000+00:00,303990545.5743824,162078,3586.728322,162377889.9768375,0
2021-08-09 11:00:00+00:00,45646.63,46048.5,45474.37,45930.01,5031.825577,2021-08-09 11:59:59.999000+00:00,230105019.85388333,147404,2737.310895,125217231.83508596,0
2021-08-09 12:00:00+00:00,45930.01,46028.79,45544.18,45675.34,3200.091516,2021-08-09 12:59:59.999000+00:00,146318811.87666377,116179,1619.980496,74071554.68062606,0
2021-08-09 13:00:00+00:00,45675.34,45904.28,45254.11,45396.01,3106.82624,2021-08-09 13:59:59.999000+00:00,141758417.74202755,77254,1546.323232,70588972.62530652,0
2021-08-09 14:00:00+00:00,45396.0,46250.0,45373.5,45617.54,5672.630583,2021-08-09 14:59:59.999000+00:00,260072175.58830184,145820,2987.222777,136953588.96783847,0
2021-08-09 15:00:00+00:00,45617.53,46018.0,45611.8,45870.75,3078.195238,2021-08-09 15:59:59.999000+00:00,141300182.5960862,73714,1790.822963,82208668.54468362,0
2021-08-09 16:00:00+00:00,45870.76,46143.11,45671.24,45889.96,2503.588069,2021-08-09 16:59:59.999000+00:00,114879526.10311772,112998,1295.324814,59470564.83283912,0
2021-08-09 17:00:00+00:00,45889.96,46029.19,45767.25,45833.41,1432.89831,2021-08-09 17:59:59.999000+00:00,65703917.29008268,43724,764.644617,35063555.5000125,0
2021-08-09 18:00:00+00:00,45833.4,46454.15,45826.45,46193.99,3858.210241,2021-08-09 18:59:59.999000+00:00,178243052.00011623,93020,2188.609928,101132390.9011371,0
2021-08-09 19:00:00+00:00,46193.99,46400.0,45814.52,45979.85,2602.098734,2021-08-09 19:59:59.999000+00:00,120052742.0281908,65780,1158.571166,53477814.30102238,0
2021-08-09 20:00:00+00:00,45981.05,46401.97,45422.0,45459.36,4457.688556,2021-08-09 20:59:59.999000+00:00,204438693.25869527,131264,2227.874404,102178026.67796656,0
2021-08-09 21:00:00+00:00,45459.35,46041.06,44900.0,45716.07,4861.384891,2021-08-09 21:59:59.999000+00:00,220780498.491926,201574,2511.037919,114117579.8896565,0
2021-08-09 22:00:00+00:00,45716.06,46317.29,45676.0,46243.85,2036.914572,2021-08-09 22:59:59.999000+00:00,93671437.80232638,73688,1013.970563,46626665.54718952,0
2021-08-09 23:00:00+00:00,46243.85,46412.99,46050.0,46253.4,2009.201841,2021-08-09 23:59:59.999000+00:00,92923571.04814912,51746,1040.280765,48105380.73409104,0
2021-08-10 00:00:00+00:00,46248.87,46700.0,45703.43,45966.4,4222.134355,2021-08-10 00:59:59.999000+00:00,195058748.153474,98245,2261.907457,104604826.44338062,0
2021-08-10 01:00:00+00:00,45966.39,46099.13,45635.34,46007.02,1589.180794,2021-08-10 01:59:59.999000+00:00,72885257.00359365,65544,827.818672,37965930.46049184,0
2021-08-10 02:00:00+00:00,46008.66,46123.34,45824.2,46084.39,1326.115363,2021-08-10 02:59:59.999000+00:00,60970387.01959704,54917,599.205509,27552098.49937972,0
2021-08-10 03:00:00+00:00,46084.39,46111.87,45629.67,45708.76,1557.218013,2021-08-10 03:59:59.999000+00:00,71370036.6495891,94450,746.424238,34209671.99415974,0
2021-08-10 04:00:00+00:00,45707.12,45850.0,45450.62,45459.59,1575.857303,2021-08-10 04:59:59.999000+00:00,71897866.02223766,40578,666.920779,30428775.59202443,0
2021-08-10 05:00:00+00:00,45459.58,45777.16,45407.22,45560.0,1464.426374,2021-08-10 05:59:59.999000+00:00,66832442.74968361,42672,762.50416,34800893.99954271,0
2021-08-10 06:00:00+00:00,45562.45,45706.0,45360.0,45553.98,1806.209739,2021-08-10 06:59:59.999000+00:00,82186819.65681843,46344,922.227288,41965209.69926917,0
2021-08-10 07:00:00+00:00,45553.98,46023.92,45300.0,45948.0,2044.472153,2021-08-10 07:59:59.999000+00:00,93145729.36572205,65181,1105.611105,50386298.89126916,0
2021-08-10 08:00:00+00:00,45948.0,46167.43,45700.0,46134.83,2041.498823,2021-08-10 08:59:59.999000+00:00,93808566.7480896,132479,1040.35779,47809749.58434244,0
2021-08-10 09:00:00+00:00,46134.83,46171.42,45813.61,45970.47,1649.490118,2021-08-10 09:59:59.999000+00:00,75839325.93763576,78395,822.650873,37826012.10274925,0
2021-08-10 10:00:00+00:00,45970.47,46030.0,45276.55,45346.37,3409.002264,2021-08-10 10:59:59.999000+00:00,155387958.86240333,85640,1549.762118,70622392.65275441,0
2021-08-10 11:00:00+00:00,45346.37,45595.84,45192.79,45345.05,2824.841406,2021-08-10 11:59:59.999000+00:00,128273799.05260748,75046,1367.822231,62119886.90802585,0
2021-08-10 12:00:00+00:00,45345.05,45946.0,45188.22,45914.35,2572.458119,2021-08-10 12:59:59.999000+00:00,117397497.39806202,118233,1370.155002,62542640.54937687,0
2021-08-10 13:00:00+00:00,45914.35,46097.99,45333.33,45529.57,4670.912582,2021-08-10 13:59:59.999000+00:00,213616503.08752084,115291,2347.725915,107407135.91621505,0
2021-08-10 14:00:00+00:00,45529.57,45666.66,45195.77,45355.07,2260.663909,2021-08-10 14:59:59.999000+00:00,102634777.94112135,94901,984.551245,44706247.01650038,0
2021-08-10 15:00:00+00:00,45355.07,45495.7,44856.0,45165.73,3332.672422,2021-08-10 15:59:59.999000+00:00,150571795.58958805,165590,1456.480395,65829898.19099948,0
2021-08-10 16:00:00+00:00,45161.75,45267.59,44589.46,44793.89,3757.930253,2021-08-10 16:59:59.999000+00:00,168686108.45354232,149492,1818.595908,81649731.12922198,0
2021-08-10 17:00:00+00:00,44793.9,45153.4,44781.48,45095.99,1672.005559,2021-08-10 17:59:59.999000+00:00,75192936.56815118,126595,888.666554,39966515.19473747,0
2021-08-10 18:00:00+00:00,45095.99,45375.0,45011.01,45300.95,1511.88812,2021-08-10 18:59:59.999000+00:00,68298351.26121818,44907,786.065444,35511835.43103997,0
2021-08-10 19:00:00+00:00,45300.95,45565.18,45250.0,45495.73,1591.36065,2021-08-10 19:59:59.999000+00:00,72311574.80605549,44601,766.69941,34841463.6124942,0
2021-08-10 20:00:00+00:00,45495.73,45777.51,45369.99,45626.15,1922.089019,2021-08-10 20:59:59.999000+00:00,87587049.19774267,49194,992.850399,45246081.28704805,0
2021-08-10 21:00:00+00:00,45626.15,45906.54,45424.54,45679.98,1865.405331,2021-08-10 21:59:59.999000+00:00,85281570.07255614,59714,944.549742,43201151.63433994,0
2021-08-10 22:00:00+00:00,45679.97,45877.97,45406.71,45445.05,1428.455692,2021-08-10 22:59:59.999000+00:00,65181405.7470426,43858,676.792688,30882928.02955169,0
2021-08-10 23:00:00+00:00,45445.04,45656.35,45233.9,45584.99,1718.35506,2021-08-10 23:59:59.999000+00:00,78069316.58960164,59463,886.024392,40261059.9129212,0
2021-08-11 00:00:00+00:00,45585.0,45819.51,45378.41,45731.36,2112.329892,2021-08-11 00:59:59.999000+00:00,96399776.30420904,58748,1048.504487,47858885.47645506,0
2021-08-11 01:00:00+00:00,45731.35,45914.14,45575.67,45776.38,1535.65448,2021-08-11 01:59:59.999000+00:00,70260462.79919145,139912,748.998354,34265647.74372283,0
2021-08-11 02:00:00+00:00,45773.06,45996.77,45341.14,45448.01,1817.386451,2021-08-11 02:59:59.999000+00:00,82992805.97804113,119060,926.118466,42299056.52830915,0
2021-08-11 03:00:00+00:00,45448.0,45650.0,45382.99,45585.66,942.228749,2021-08-11 03:59:59.999000+00:00,42897930.25911358,31776,500.550107,22788614.54836912,0
2021-08-11 04:00:00+00:00,45585.66,45789.99,45434.85,45620.32,1023.532119,2021-08-11 04:59:59.999000+00:00,46708714.40148543,37667,524.68365,23946323.35942317,0
2021-08-11 05:00:00+00:00,45620.32,45880.56,45545.13,45800.0,1268.931887,2021-08-11 05:59:59.999000+00:00,58048714.69413592,66344,707.301717,32355809.69074867,0
2021-08-11 06:00:00+00:00,45800.0,46250.0,45799.99,46079.99,3202.679419,2021-08-11 06:59:59.999000+00:00,147341108.87633497,90045,1819.810652,83722112.94293523,0
2021-08-11 07:00:00+00:00,46080.0,46433.67,46079.99,46349.25,3018.603895,2021-08-11 07:59:59.999000+00:00,139789657.34168512,79702,1607.98033,74467497.57353026,0
2021-08-11 08:00:00+00:00,46349.26,46571.42,46000.12,46194.32,3023.695491,2021-08-11 08:59:59.999000+00:00,139959754.4139561,79377,1555.576527,72039744.04512165,0
2021-08-11 09:00:00+00:00,46194.33,46298.64,46023.45,46108.58,1326.666669,2021-08-11 09:59:59.999000+00:00,61256562.63259225,48947,608.350258,28090462.79859366,0
2021-08-11 10:00:00+00:00,46108.59,46381.85,45875.21,46042.05,2236.667666,2021-08-11 10:59:59.999000+00:00,103125501.14220887,64223,1050.126666,48432231.75775721,0
2021-08-11 11:00:00+00:00,46042.05,46249.97,45850.0,45924.08,1782.513037,2021-08-11 11:59:59.999000+00:00,82063459.89364254,55048,787.53213,36261123.89834952,0
2021-08-11 12:00:00+00:00,45922.33,46136.35,45800.0,45980.33,1954.230518,2021-08-11 12:59:59.999000+00:00,89802198.81729212,84830,918.481352,42213263.70351735,0
2021-08-11 13:00:00+00:00,45980.32,46500.0,45907.99,46268.63,2847.277215,2021-08-11 13:59:59.999000+00:00,131704961.52121767,74230,1401.275965,64822645.28766563,0
2021-08-11 14:00:00+00:00,46268.63,46659.77,46142.26,46490.01,3856.940195,2021-08-11 14:59:59.999000+00:00,179165827.94193187,94692,2148.657628,99831314.5999534,0
2021-08-11 15:00:00+00:00,46490.0,46743.47,46317.81,46456.02,3803.999131,2021-08-11 15:59:59.999000+00:00,177219049.6222664,108570,2103.448586,98010777.44489416,0
2021-08-11 16:00:00+00:00,46456.91,46576.52,46205.37,46347.78,2612.226458,2021-08-11 16:59:59.999000+00:00,121167061.86661418,69279,1347.584708,62512907.51907736,0
2021-08-11 17:00:00+00:00,46347.78,46605.84,46262.87,46522.11,1460.358096,2021-08-11 17:59:59.999000+00:00,67796930.78764717,47497,798.624888,37079236.30234882,0
2021-08-11 18:00:00+00:00,46522.14,46607.94,46270.01,46302.83,1506.755195,2021-08-11 18:59:59.999000+00:00,69844431.18114075,43103,847.158388,39269470.78243011,0
2021-08-11 19:00:00+00:00,46302.83,46485.29,46212.0,46448.0,1467.879901,2021-08-11 19:59:59.999000+00:00,68024738.07016695,45982,803.04409,37221342.05285422,0
2021-08-11 20:00:00+00:00,46448.01,46680.0,46307.2,46319.74,1912.22223,2021-08-11 20:59:59.999000+00:00,88979694.4480089,55416,994.780857,46298388.26915442,0
2021-08-11 21:00:00+00:00,46319.73,46388.62,45900.12,46334.58,2631.846803,2021-08-11 21:59:59.999000+00:00,121425787.63255544,91479,1179.536089,54429392.25124933,0
2021-08-11 22:00:00+00:00,46334.57,46347.66,45550.0,45756.69,3489.031292,2021-08-11 22:59:59.999000+00:00,159923577.3304194,146185,1693.031891,77601497.53320687,0
2021-08-11 23:00:00+00:00,45756.68,45914.0,45510.66,45511.0,1901.245188,2021-08-11 23:59:59.999000+00:00,86890061.87683927,130813,943.236057,43111552.71892033,0
2021-08-12 00:00:00+00:00,45510.67,45880.0,45392.44,45761.74,2414.293795,2021-08-12 00:59:59.999000+00:00,110202340.680065,103009,1074.831911,49079406.14295159,0
2021-08-12 01:00:00+00:00,45761.73,46169.69,45638.53,46000.0,1912.288694,2021-08-12 01:59:59.999000+00:00,87804563.89727992,66202,1008.326553,46301282.64798879,0
2021-08-12 02:00:00+00:00,45999.99,46213.96,45915.29,46213.96,1325.395267,2021-08-12 02:59:59.999000+00:00,61065478.95684625,43130,624.761153,28790106.20057691,0
2021-08-12 03:00:00+00:00,46214.02,46218.12,45901.61,45927.0,1068.201409,2021-08-12 03:59:59.999000+00:00,49241992.02475982,35510,473.651818,21835364.13918939,0
2021-08-12 04:00:00+00:00,45927.0,46016.57,45522.44,45588.95,1791.253083,2021-08-12 04:59:59.999000+00:00,81978389.35746776,52974,819.242496,37498467.18617561,0
2021-08-12 05:00:00+00:00,45588.95,45624.13,44833.4,45150.57,5416.198018,2021-08-12 05:59:59.999000+00:00,244625722.15335625,144183,2386.515965,107788162.92772196,0
2021-08-12 06:00:00+00:00,45150.57,45237.28,44850.0,45230.01,3194.109832,2021-08-12 06:59:59.999000+00:00,143873123.88693035,130066,1713.572702,77180264.76324995,0
2021-08-12 07:00:00+00:00,45230.01,45388.0,44999.0,45243.61,2181.981859,2021-08-12 07:59:59.999000+00:00,98653455.98840123,65720,1038.568087,46969070.33098443,0
2021-08-12 08:00:00+00:00,45243.61,45391.06,45109.37,45230.5,1798.489649,2021-08-12 08:59:59.999000+00:00,81383920.61212939,41666,945.075082,42760419.92043223,0
2021-08-12 09:00:00+00:00,45230.49,45580.0,44844.72,45349.19,2783.281094,2021-08-12 09:59:59.999000+00:00,125894927.38473824,65802,1384.35283,62632469.75043836,0
2021-08-12 10:00:00+00:00,45349.19,45662.74,45317.51,45345.0,1477.967748,2021-08-12 10:59:59.999000+00:00,67169377.88559164,54472,700.860518,31859261.81833973,0
2021-08-12 11:00:00+00:00,45344.99,45435.34,44600.0,44752.56,3409.210987,2021-08-12 11:59:59.999000+00:00,153321990.73881167,77892,1588.480299,71446961.99763034,0
2021-08-12 12:00:00+00:00,44752.56,44968.29,44255.99,44602.55,4041.933244,2021-08-12 12:59:59.999000+00:00,180189753.21364528,95443,1948.903888,86896977.59111825,0
2021-08-12 13:00:00+00:00,44602.54,44742.76,44444.32,44456.21,1867.737011,2021-08-12 13:59:59.999000+00:00,83293014.86144798,68244,888.259382,39612392.39797658,0
2021-08-12 14:00:00+00:00,44456.21,44522.63,43920.0,44137.17,4471.487086,2021-08-12 14:59:59.999000+00:00,197754326.3988936,100693,2265.68723,100223821.93107334,0
2021-08-12 15:00:00+00:00,44133.0,44339.99,44066.0,44196.19,1990.635906,2021-08-12 15:59:59.999000+00:00,88068791.10933752,84354,974.140976,43098214.86467798,0
2021-08-12 16:00:00+00:00,44196.19,44349.49,43770.0,43999.41,3902.934622,2021-08-12 16:59:59.999000+00:00,171873990.429513,83220,1926.169441,84847692.35990576,0
2021-08-12 17:00:00+00:00,43999.4,44279.38,43860.82,44120.0,1544.063364,2021-08-12 17:59:59.999000+00:00,68139882.38326207,45599,811.300002,35803727.5022123,0
2021-08-12 18:00:00+00:00,44120.0,44512.2,44108.78,44423.82,1635.002022,2021-08-12 18:59:59.999000+00:00,72462000.17185652,48325,853.902214,37846389.21270945,0
2021-08-12 19:00:00+00:00,44423.81,44482.72,44260.0,44371.32,1270.499563,2021-08-12 19:59:59.999000+00:00,56376009.57305044,38776,576.591122,25586055.85428275,0
2021-08-12 20:00:00+00:00,44371.8,44549.99,44084.0,44474.97,1436.288609,2021-08-12 20:59:59.999000+00:00,63763442.86312301,44895,696.324124,30918391.23302104,0
2021-08-12 21:00:00+00:00,44474.96,44538.0,44142.0,44242.13,1127.548195,2021-08-12 21:59:59.999000+00:00,49965362.91785404,39702,524.703307,23251377.62313275,0
2021-08-12 22:00:00+00:00,44242.13,44295.38,43855.88,43954.59,1451.940047,2021-08-12 22:59:59.999000+00:00,63937321.05592978,45436,652.557735,28736831.84658941,0
2021-08-12 23:00:00+00:00,43954.42,44535.99,43948.38,44399.0,1753.367677,2021-08-12 23:59:59.999000+00:00,77719346.31988542,48016,888.309205,39365940.33153207,0
2021-08-13 00:00:00+00:00,44400.06,44675.69,44217.39,44493.69,2803.717913,2021-08-13 00:59:59.999000+00:00,124738547.32793054,131116,1462.230337,65048016.82487806,0
2021-08-13 01:00:00+00:00,44493.69,44922.0,44455.0,44847.26,1980.126619,2021-08-13 01:59:59+00:00,88562762.79188752,135331,986.537587,44121929.1119207,0
2021-08-13 06:00:00+00:00,44847.27,45949.01,44847.27,45833.34,2391.282501,2021-08-13 06:59:59.999000+00:00,109134576.871311,78332,1387.752477,63255422.9694543,0
2021-08-13 07:00:00+00:00,45833.35,46336.0,45833.34,46103.51,4690.917579,2021-08-13 07:59:59.999000+00:00,216431799.62831652,131349,2476.009983,114241496.41808744,0
2021-08-13 08:00:00+00:00,46103.5,46323.62,45959.9,46161.01,3063.926693,2021-08-13 08:59:59.999000+00:00,141403315.38945547,68626,1636.460293,75525507.4043408,0
2021-08-13 09:00:00+00:00,46161.01,46449.82,46132.39,46216.18,2987.879232,2021-08-13 09:59:59.999000+00:00,138331137.17610276,110152,1477.732224,68412812.0983238,0
2021-08-13 10:00:00+00:00,46216.83,46474.34,46216.83,46293.25,1862.498609,2021-08-13 10:59:59.999000+00:00,86343488.56177218,85943,977.368822,45312357.89348746,0
2021-08-13 11:00:00+00:00,46293.25,46537.15,46111.0,46138.47,2476.349281,2021-08-13 11:59:59.999000+00:00,114776599.21873678,61892,1430.094189,66298889.65006557,0
2021-08-13 12:00:00+00:00,46138.46,46643.0,46128.18,46524.98,2080.609629,2021-08-13 12:59:59.999000+00:00,96582907.49960662,80378,1146.96947,53253461.78759908,0
2021-08-13 13:00:00+00:00,46524.97,46666.0,46406.0,46529.99,1712.305165,2021-08-13 13:59:59.999000+00:00,79683841.91570038,51484,875.778173,40756400.85161249,0
2021-08-13 14:00:00+00:00,46529.99,46630.0,46243.36,46432.47,2144.313581,2021-08-13 14:59:59.999000+00:00,99597321.2457363,54730,991.458784,46055412.65745005,0
2021-08-13 15:00:00+00:00,46438.37,46530.88,46150.0,46357.15,2251.549754,2021-08-13 15:59:59.999000+00:00,104260419.27752376,61569,1155.10187,53490036.45190202,0
2021-08-13 16:00:00+00:00,46357.15,46544.43,46222.31,46533.0,1388.823847,2021-08-13 16:59:59.999000+00:00,64430117.98520366,44803,733.622154,34037943.00151225,0
2021-08-13 17:00:00+00:00,46533.0,46622.21,46396.11,46490.81,1130.235802,2021-08-13 17:59:59.999000+00:00,52559281.59852113,105365,622.271847,28941760.97836112,0
2021-08-13 18:00:00+00:00,46490.8,46630.0,46301.0,46510.58,1563.419135,2021-08-13 18:59:59.999000+00:00,72723755.92067865,71235,696.800319,32408706.87979766,0
2021-08-13 19:00:00+00:00,46510.58,46532.03,46257.0,46459.86,1094.086834,2021-08-13 19:59:59.999000+00:00,50748210.18289878,82655,639.647407,29671920.20614577,0
2021-08-13 20:00:00+00:00,46459.86,47886.0,46390.0,47588.0,7305.581129,2021-08-13 20:59:59.999000+00:00,346042082.8984608,192792,4097.273256,193863746.8595498,0
2021-08-13 21:00:00+00:00,47584.63,47816.47,47502.68,47556.76,2084.472739,2021-08-13 21:59:59.999000+00:00,99368698.55000508,106782,1019.528675,48607415.97975772,0
2021-08-13 22:00:00+00:00,47556.76,47660.4,47479.06,47549.87,1299.780948,2021-08-13 22:59:59.999000+00:00,61823057.38649981,43804,606.667886,28858111.19908169,0
2021-08-13 23:00:00+00:00,47549.88,47835.73,47511.32,47800.0,1927.493441,2021-08-13 23:59:59.999000+00:00,91893779.6914438,106378,948.682483,45230438.86966213,0
2021-08-14 00:00:00+00:00,47799.99,47834.12,47490.15,47631.85,2000.529502,2021-08-14 00:59:59.999000+00:00,95358648.04991226,158083,993.04197,47329334.66408064,0
2021-08-14 01:00:00+00:00,47631.86,47758.18,47551.35,47557.16,1452.441289,2021-08-14 01:59:59.999000+00:00,69214867.79700188,38330,757.362627,36092093.96387438,0
2021-08-14 02:00:00+00:00,47557.16,47639.14,47382.0,47540.79,1111.800012,2021-08-14 02:59:59.999000+00:00,52835478.64114641,34478,510.632087,24266646.4645203,0
2021-08-14 03:00:00+00:00,47542.07,47594.46,47417.85,47540.0,918.261752,2021-08-14 03:59:59.999000+00:00,43625386.87066645,114199,525.993115,24989184.56651776,0
2021-08-14 04:00:00+00:00,47540.0,47676.86,47431.34,47456.66,1171.978429,2021-08-14 04:59:59.999000+00:00,55733458.4962471,99476,517.228525,24589866.5538895,0
2021-08-14 05:00:00+00:00,47456.66,47576.39,47430.0,47524.06,1004.280284,2021-08-14 05:59:59.999000+00:00,47703656.18399846,147673,533.139868,25323275.42533374,0
2021-08-14 06:00:00+00:00,47524.06,47673.87,47494.35,47508.36,1038.020145,2021-08-14 06:59:59.999000+00:00,49391531.89856138,36425,518.58609,24678169.34599143,0
2021-08-14 07:00:00+00:00,47508.35,47722.98,47477.0,47616.12,1171.560201,2021-08-14 07:59:59.999000+00:00,55803293.30497526,39869,584.882307,27860432.1470649,0
2021-08-14 08:00:00+00:00,47616.12,47699.99,47510.25,47595.92,940.944126,2021-08-14 08:59:59.999000+00:00,44799287.23966486,66448,425.473729,20260311.70242628,0
2021-08-14 09:00:00+00:00,47595.92,48144.0,46704.6,46993.74,5016.802519,2021-08-14 09:59:59.999000+00:00,238604983.30010593,140276,2494.742907,118816552.33504283,0
2021-08-14 10:00:00+00:00,46993.73,47267.31,46108.0,46308.15,7898.994189,2021-08-14 10:59:59.999000+00:00,368802157.3845896,216986,4156.946441,194080405.6611514,0
2021-08-14 11:00:00+00:00,46308.15,46571.74,45971.03,46569.99,3330.020069,2021-08-14 11:59:59.999000+00:00,154122928.6588269,88656,1750.439661,81035206.42370088,0
2021-08-14 12:00:00+00:00,46570.54,46584.75,46250.0,46269.35,2374.342325,2021-08-14 12:59:59.999000+00:00,110157428.87608396,53580,1007.213071,46720910.57817356,0
2021-08-14 13:00:00+00:00,46266.38,46510.14,46100.0,46502.0,1663.87347,2021-08-14 13:59:59.999000+00:00,77075639.90936887,95713,789.634688,36581833.6233684,0
2021-08-14 14:00:00+00:00,46502.01,46950.0,46440.0,46900.0,2800.175736,2021-08-14 14:59:59.999000+00:00,130834641.06178965,69893,1335.032388,62380391.67443038,0
2021-08-14 15:00:00+00:00,46899.99,46950.0,46539.94,46944.47,2118.643219,2021-08-14 15:59:59.999000+00:00,99167581.73774154,54095,1151.766614,53910474.35755647,0
2021-08-14 16:00:00+00:00,46944.47,46985.19,46654.97,46857.88,1502.798642,2021-08-14 16:59:59.999000+00:00,70391818.64569151,74538,682.995618,31991770.4902388,0
2021-08-14 17:00:00+00:00,46857.89,46870.7,46568.21,46775.87,960.777492,2021-08-14 17:59:59.999000+00:00,44930527.49898734,36384,461.539677,21586738.93133063,0
2021-08-14 18:00:00+00:00,46775.88,46873.9,46668.2,46727.56,899.241719,2021-08-14 18:59:59.999000+00:00,42046679.25804257,61928,410.312432,19187154.2161718,0
2021-08-14 19:00:00+00:00,46725.2,47374.67,46652.03,47033.76,1705.347707,2021-08-14 19:59:59.999000+00:00,80199299.34986842,48777,903.713024,42505506.16016891,0
2021-08-14 20:00:00+00:00,47033.77,47047.14,46331.28,46620.55,2022.07364,2021-08-14 20:59:59.999000+00:00,94197695.65100904,53656,910.064793,42387821.54657416,0
2021-08-14 21:00:00+00:00,46620.55,47068.43,46613.91,47017.45,883.743713,2021-08-14 21:59:59.999000+00:00,41412100.13884673,49245,485.882584,22772459.21277356,0
2021-08-14 22:00:00+00:00,47017.45,47213.88,46827.25,46848.82,1197.248767,2021-08-14 22:59:59.999000+00:00,56263612.40504053,38074,598.594103,28133625.61034924,0
2021-08-14 23:00:00+00:00,46848.82,47189.98,46830.62,47068.51,930.460075,2021-08-14 23:59:59.999000+00:00,43788756.31008241,32774,494.3102,23261600.03272923,0
2021-08-15 00:00:00+00:00,47068.5,47242.24,46907.28,47195.9,1285.904458,2021-08-15 00:59:59.999000+00:00,60562744.52501073,41545,653.866865,30795772.75132607,0
2021-08-15 01:00:00+00:00,47195.9,47372.27,47058.44,47137.8,1058.200173,2021-08-15 01:59:59.999000+00:00,49951817.11058079,84246,541.226312,25551142.2848355,0
2021-08-15 02:00:00+00:00,47137.8,47329.92,47120.12,47182.21,1023.633981,2021-08-15 02:59:59.999000+00:00,48355258.75087865,61404,519.93347,24562499.74058568,0
2021-08-15 03:00:00+00:00,47182.2,47269.51,46802.0,46874.81,1171.403597,2021-08-15 03:59:59.999000+00:00,55146656.5760515,94919,577.339176,27176813.06140286,0
2021-08-15 04:00:00+00:00,46877.72,46888.0,46450.0,46721.99,1443.702855,2021-08-15 04:59:59.999000+00:00,67386171.72972316,47876,733.126884,34222816.80723945,0
2021-08-15 05:00:00+00:00,46721.99,46880.0,46501.0,46622.09,1224.793764,2021-08-15 05:59:59.999000+00:00,57171755.59736021,89388,646.071991,30151384.54985293,0
2021-08-15 06:00:00+00:00,46617.7,46773.13,46280.0,46406.29,1516.309545,2021-08-15 06:59:59.999000+00:00,70477279.60675,45286,756.124583,35152310.33030625,0
2021-08-15 07:00:00+00:00,46406.29,46461.97,45519.0,45742.92,4249.201021,2021-08-15 07:59:59.999000+00:00,195526429.16029972,99042,1912.213115,88047913.68493888,0
2021-08-15 08:00:00+00:00,45738.34,45918.88,45555.55,45732.93,2481.796873,2021-08-15 08:59:59.999000+00:00,113569400.3269546,172777,1312.85352,60057450.21704377,0
2021-08-15 09:00:00+00:00,45732.94,46167.26,45640.0,46027.35,1769.319912,2021-08-15 09:59:59.999000+00:00,81259656.62875907,53523,889.81075,40874884.95752104,0
2021-08-15 10:00:00+00:00,46027.34,46142.97,45800.0,45929.98,2006.16553,2021-08-15 10:59:59.999000+00:00,92235234.63135809,47229,701.905444,32267892.81184479,0
2021-08-15 11:00:00+00:00,45929.98,46120.0,45650.16,45923.57,1615.715045,2021-08-15 11:59:59.999000+00:00,74153177.8448978,47037,748.421371,34351651.78088631,0
2021-08-15 12:00:00+00:00,45923.57,46070.0,45700.44,45808.0,1372.550487,2021-08-15 12:59:59.999000+00:00,62946206.41606293,42003,699.784078,32095106.77383602,0
2021-08-15 13:00:00+00:00,45808.0,46070.0,45500.0,46050.0,1911.245991,2021-08-15 13:59:59.999000+00:00,87529798.03243646,53351,905.779856,41495114.05028976,0
2021-08-15 14:00:00+00:00,46049.99,46498.89,45759.91,45862.84,2612.724908,2021-08-15 14:59:59.999000+00:00,120720724.93845534,67231,1326.329273,61298610.46515451,0
2021-08-15 15:00:00+00:00,45862.84,46199.5,45810.73,46167.9,1398.39949,2021-08-15 15:59:59.999000+00:00,64323828.51794621,40297,745.558514,34296263.66869613,0
2021-08-15 16:00:00+00:00,46173.49,46349.08,45859.66,45890.47,1428.205956,2021-08-15 16:59:59.999000+00:00,65870393.79195257,41752,608.779175,28066546.03298551,0
2021-08-15 17:00:00+00:00,45890.46,46072.46,45649.82,45973.9,1801.952253,2021-08-15 17:59:59.999000+00:00,82601149.41986781,48082,995.052837,45615654.77693944,0
2021-08-15 18:00:00+00:00,45973.9,46299.0,45835.76,46281.82,2013.992705,2021-08-15 18:59:59.999000+00:00,92774835.37681805,47936,1192.349671,54920526.76609272,0
2021-08-15 19:00:00+00:00,46281.82,46428.21,46070.52,46341.8,1405.628712,2021-08-15 19:59:59.999000+00:00,65014613.89284476,40311,740.321175,34248055.50022458,0
2021-08-15 20:00:00+00:00,46337.77,46735.63,46254.24,46676.3,1873.554468,2021-08-15 20:59:59.999000+00:00,87161819.92521828,51615,1113.577085,51807322.13043984,0
2021-08-15 21:00:00+00:00,46676.31,46980.0,46450.0,46837.56,1452.234669,2021-08-15 21:59:59.999000+00:00,67925646.94377418,61829,744.412777,34824019.79790067,0
2021-08-15 22:00:00+00:00,46837.57,47255.0,46835.0,47210.67,2041.968437,2021-08-15 22:59:59.999000+00:00,96171683.10137442,93039,1151.920664,54243039.63047313,0
2021-08-15 23:00:00+00:00,47210.67,47299.15,46856.37,46973.82,1952.106504,2021-08-15 23:59:59.999000+00:00,91917430.36674938,108404,913.16119,42997211.63201804,0
2021-08-16 00:00:00+00:00,46973.82,47800.0,46741.44,47546.67,4252.71541,2021-08-16 00:59:59.999000+00:00,201918480.1157704,136952,2332.338295,110755607.53989452,0
2021-08-16 01:00:00+00:00,47546.68,47692.19,47464.72,47634.64,1512.477433,2021-08-16 01:59:59.999000+00:00,71944703.19057737,42200,829.535208,39457982.59935177,0
2021-08-16 02:00:00+00:00,47634.64,48002.0,47541.0,47993.82,3257.057267,2021-08-16 02:59:59.999000+00:00,155827215.61098734,64521,1459.967448,69825059.5757731,0
2021-08-16 03:00:00+00:00,47993.81,48053.83,47291.44,47357.62,2885.388207,2021-08-16 03:59:59.999000+00:00,137446843.81363803,84544,1535.030254,73122226.97177482,0
2021-08-16 04:00:00+00:00,47357.62,47575.0,47351.32,47396.06,1827.464406,2021-08-16 04:59:59.999000+00:00,86754274.8079855,49419,871.541351,41372446.16128855,0
2021-08-16 05:00:00+00:00,47396.07,47624.2,47385.9,47612.0,1800.978344,2021-08-16 05:59:59.999000+00:00,85530520.52297495,65103,999.941642,47482562.08492114,0
2021-08-16 06:00:00+00:00,47612.01,47719.3,47182.35,47344.74,1670.348089,2021-08-16 06:59:59.999000+00:00,79136867.7795708,83516,838.680077,39738099.89117633,0
2021-08-16 07:00:00+00:00,47344.73,47500.0,47289.08,47309.85,1127.78298,2021-08-16 07:59:59.999000+00:00,53440320.44455595,38214,520.294117,24655066.83178681,0
2021-08-16 08:00:00+00:00,47309.85,47420.0,47000.0,47131.01,1941.62765,2021-08-16 08:59:59.999000+00:00,91599391.29912236,55359,930.962393,43925917.37508491,0
2021-08-16 09:00:00+00:00,47131.01,47222.81,47031.98,47169.98,1398.920763,2021-08-16 09:59:59.999000+00:00,65938900.0964446,44455,699.041978,32951840.53888857,0
2021-08-16 10:00:00+00:00,47169.99,47534.0,47161.05,47421.57,1992.824122,2021-08-16 10:59:59.999000+00:00,94384108.99958847,50544,1102.174105,52204388.88614458,0
2021-08-16 11:00:00+00:00,47421.58,47661.38,47370.0,47516.95,2022.241894,2021-08-16 11:59:59.999000+00:00,96074967.11105096,54766,926.220663,44003110.31035624,0
2021-08-16 12:00:00+00:00,47516.95,47709.12,47157.61,47304.68,2179.248363,2021-08-16 12:59:59.999000+00:00,103220519.13041532,60188,1044.231493,49465972.36056199,0
2021-08-16 13:00:00+00:00,47304.68,47368.94,46318.98,46440.28,4581.434443,2021-08-16 13:59:59.999000+00:00,214110469.3994192,110531,2239.251974,104645347.4431945,0
2021-08-16 14:00:00+00:00,46440.27,46604.68,46080.0,46101.6,3358.163409,2021-08-16 14:59:59.999000+00:00,155582736.38286307,164504,1583.248861,73367915.07560746,0
2021-08-16 15:00:00+00:00,46101.59,46465.0,45951.73,46344.03,2967.547803,2021-08-16 15:59:59.999000+00:00,137053868.9863897,124672,1427.20041,65940402.04493827,0
2021-08-16 16:00:00+00:00,46344.03,46582.89,46205.34,46438.2,1730.703134,2021-08-16 16:59:59.999000+00:00,80270021.78951079,51542,825.765269,38304078.98884967,0
2021-08-16 17:00:00+00:00,46438.23,46541.0,46175.01,46473.51,1272.910097,2021-08-16 17:59:59.999000+00:00,59018027.16375292,40767,524.524568,24322584.00846724,0
2021-08-16 18:00:00+00:00,46473.51,46666.0,46365.25,46481.53,1435.509713,2021-08-16 18:59:59.999000+00:00,66740582.79968374,46355,692.334624,32194659.28565965,0
2021-08-16 19:00:00+00:00,46481.52,46481.53,46067.51,46092.99,1368.940587,2021-08-16 19:59:59.999000+00:00,63345962.10071244,49210,666.17425,30830000.25737103,0
2021-08-16 20:00:00+00:00,46092.98,46119.09,45660.0,46057.67,3822.501831,2021-08-16 20:59:59.999000+00:00,175143555.6964037,102847,1694.510794,77639442.44465068,0
2021-08-16 21:00:00+00:00,46057.67,46246.11,45879.9,46049.97,1406.724643,2021-08-16 21:59:59.999000+00:00,64805359.17338446,46185,801.584485,36926333.71582461,0
2021-08-16 22:00:00+00:00,46049.98,46337.62,45980.57,46121.11,1174.199872,2021-08-16 22:59:59.999000+00:00,54213706.74472065,37429,578.213546,26696993.5900308,0
2021-08-16 23:00:00+00:00,46121.1,46196.97,45716.87,45901.29,1492.863554,2021-08-16 23:59:59.999000+00:00,68626226.44950081,51555,725.104633,33334143.68382174,0
2021-08-17 00:00:00+00:00,45901.3,46084.74,45239.45,45757.1,3549.64849,2021-08-17 00:59:59.999000+00:00,161818791.46915767,96862,1614.665293,73630454.72354074,0
2021-08-17 01:00:00+00:00,45757.1,46370.0,45715.02,46285.46,2071.622554,2021-08-17 01:59:59.999000+00:00,95557963.50744846,56811,976.25978,45026436.51500906,0
2021-08-17 02:00:00+00:00,46285.45,46470.27,46143.9,46447.28,1609.621479,2021-08-17 02:59:59.999000+00:00,74527992.82593592,50037,790.748592,36612703.97200447,0
2021-08-17 03:00:00+00:00,46447.28,46620.0,46330.95,46417.0,1513.990252,2021-08-17 03:59:59.999000+00:00,70323814.87045424,46967,720.037061,33446850.0460963,0
2021-08-17 04:00:00+00:00,46417.0,46600.0,46252.36,46376.43,1212.642864,2021-08-17 04:59:59.999000+00:00,56300320.59188045,41591,672.122067,31207635.03085204,0
2021-08-17 05:00:00+00:00,46376.44,46473.42,46020.04,46041.81,1382.493714,2021-08-17 05:59:59.999000+00:00,63950454.24193751,46006,684.066966,31648876.39262127,0
2021-08-17 06:00:00+00:00,46041.81,46118.45,45735.0,45755.66,1875.13965,2021-08-17 06:59:59.999000+00:00,86102607.15094884,53548,888.026717,40778221.22134771,0
2021-08-17 07:00:00+00:00,45755.66,46010.0,45636.97,45947.49,1616.084996,2021-08-17 07:59:59.999000+00:00,74007870.59820098,50840,841.956568,38561325.24147627,0
2021-08-17 08:00:00+00:00,45947.49,46365.71,45885.01,46188.0,1959.991589,2021-08-17 08:59:59.999000+00:00,90453333.52275147,55330,965.238545,44541115.29637846,0
2021-08-17 09:00:00+00:00,46187.99,46882.22,46170.0,46843.53,2830.00254,2021-08-17 09:59:59.999000+00:00,131838206.13752924,73491,1409.116964,65643216.50713774,0
2021-08-17 10:00:00+00:00,46843.52,46971.99,46586.97,46622.09,2683.883596,2021-08-17 10:59:59.999000+00:00,125649512.57845189,66882,1245.341523,58310871.37610813,0
2021-08-17 11:00:00+00:00,46622.1,47160.0,46622.09,46849.43,2654.683642,2021-08-17 11:59:59.999000+00:00,124463953.1538209,79870,1416.451154,66410487.34146956,0
2021-08-17 12:00:00+00:00,46845.15,47082.6,46650.0,46655.24,2288.434473,2021-08-17 12:59:59.999000+00:00,107286869.3106994,69318,1171.967449,54948867.38752413,0
2021-08-17 13:00:00+00:00,46655.23,46799.99,46280.0,46373.51,2322.391856,2021-08-17 13:59:59.999000+00:00,107969244.9209318,65856,1166.552777,54234770.68351386,0
2021-08-17 14:00:00+00:00,46373.51,46460.0,45868.23,45948.44,3127.46247,2021-08-17 14:59:59.999000+00:00,144075086.7140742,131752,1494.360437,68852434.85486908,0
2021-08-17 15:00:00+00:00,45948.45,46045.77,45659.0,45730.0,2455.14965,2021-08-17 15:59:59.999000+00:00,112488802.10789911,113224,1153.686926,52859248.73894193,0
2021-08-17 16:00:00+00:00,45730.0,46114.59,45532.33,45654.99,2373.042242,2021-08-17 16:59:59.999000+00:00,108629465.62642641,69479,1197.694551,54840731.22745535,0
2021-08-17 17:00:00+00:00,45654.98,45941.61,45543.0,45800.62,1608.008912,2021-08-17 17:59:59.999000+00:00,73546669.95717806,128714,815.892522,37318045.46778349,0
2021-08-17 18:00:00+00:00,45800.62,46222.4,45636.22,45760.53,1848.435501,2021-08-17 18:59:59.999000+00:00,84900098.27904756,52908,869.400824,39946761.19451812,0
2021-08-17 19:00:00+00:00,45760.54,45798.75,45287.55,45465.01,3598.03486,2021-08-17 19:59:59.999000+00:00,163749988.99590287,77357,1526.258744,69470352.59552667,0
2021-08-17 20:00:00+00:00,45465.01,45543.44,44537.03,44999.01,5621.615937,2021-08-17 20:59:59.999000+00:00,252571686.60022888,153677,2387.840998,107272546.15691637,0
2021-08-17 21:00:00+00:00,44999.01,45046.51,44675.0,44777.14,2274.672162,2021-08-17 21:59:59.999000+00:00,102046417.48292091,70692,1070.522961,48032062.55810453,0
2021-08-17 22:00:00+00:00,44777.14,44974.32,44376.0,44927.48,3040.424976,2021-08-17 22:59:59.999000+00:00,135979707.9082032,83600,1495.725275,66911870.8762282,0
2021-08-17 23:00:00+00:00,44927.48,44941.09,44558.13,44695.95,1521.863224,2021-08-17 23:59:59.999000+00:00,68100739.36371242,46491,746.327114,33401037.17667346,0
2021-08-18 00:00:00+00:00,44695.95,45031.56,44459.49,44820.0,3085.332314,2021-08-18 00:59:59.999000+00:00,138057281.85713825,78054,1593.819881,71339389.73276491,0
2021-08-18 01:00:00+00:00,44819.99,45135.4,44203.28,45119.99,3188.402542,2021-08-18 01:59:59.999000+00:00,142420003.0275531,91875,1566.778028,70007207.04467377,0
2021-08-18 02:00:00+00:00,45120.0,45135.18,44278.18,44940.01,4901.619853,2021-08-18 02:59:59.999000+00:00,218888571.07712927,85075,3139.370508,139976263.9473728,0
2021-08-18 03:00:00+00:00,44940.01,45067.91,44608.7,45055.78,1513.398459,2021-08-18 03:59:59.999000+00:00,67828831.30831492,44079,770.015133,34513693.50647814,0
2021-08-18 04:00:00+00:00,45055.78,45281.87,44861.0,45074.04,1739.8894,2021-08-18 04:59:59.999000+00:00,78406467.09672987,43948,826.28149,37247610.38296189,0
2021-08-18 05:00:00+00:00,45074.03,45440.0,45007.0,45440.0,2105.803865,2021-08-18 05:59:59.999000+00:00,95320096.46446548,46755,935.227503,42337218.99743432,0
2021-08-18 06:00:00+00:00,45439.99,45500.0,45222.01,45395.89,1532.329781,2021-08-18 06:59:59.999000+00:00,69506016.0427871,39863,780.333615,35393482.10073243,0
2021-08-18 07:00:00+00:00,45395.9,45436.57,44853.8,44951.32,1795.9087,2021-08-18 07:59:59.999000+00:00,81062784.99488516,46015,872.416341,39377628.92973306,0
2021-08-18 08:00:00+00:00,44951.31,45279.92,44859.55,45251.83,1473.58187,2021-08-18 08:59:59.999000+00:00,66423991.36721276,41823,768.723119,34652759.21222359,0
2021-08-18 09:00:00+00:00,45251.82,45462.71,45122.01,45373.42,1727.680646,2021-08-18 09:59:59.999000+00:00,78341854.96739723,43056,941.41509,42691308.15538454,0
2021-08-18 10:00:00+00:00,45373.42,45560.0,45108.03,45180.35,1718.812472,2021-08-18 10:59:59.999000+00:00,77919404.08843957,112729,799.576933,36255076.22644205,0
2021-08-18 11:00:00+00:00,45180.35,45421.02,44650.0,44746.59,2640.739966,2021-08-18 11:59:59.999000+00:00,118729647.38537356,68289,1302.176429,58531889.84850267,0
2021-08-18 12:00:00+00:00,44746.6,45103.44,44650.01,44995.7,2292.270194,2021-08-18 12:59:59.999000+00:00,102884813.9928868,57697,1277.195373,57331022.48281673,0
2021-08-18 13:00:00+00:00,44995.7,45400.0,44995.69,45250.0,1843.360085,2021-08-18 13:59:59.999000+00:00,83373577.6582034,65755,1015.940948,45947808.39485822,0
2021-08-18 14:00:00+00:00,45250.0,45493.51,45144.27,45402.08,2073.882113,2021-08-18 14:59:59.999000+00:00,94009803.2812166,54305,1179.645051,53476200.89492123,0
2021-08-18 15:00:00+00:00,45402.08,45833.0,45185.0,45820.0,3292.044945,2021-08-18 15:59:59.999000+00:00,149824197.94855848,102258,1862.147717,84756266.54257102,0
2021-08-18 16:00:00+00:00,45820.0,45969.99,45593.22,45878.42,2731.911179,2021-08-18 16:59:59.999000+00:00,125051278.75919184,117686,1453.406303,66535516.0413714,0
2021-08-18 17:00:00+00:00,45878.42,45920.0,45730.09,45813.89,1923.476499,2021-08-18 17:59:59.999000+00:00,88130998.77714363,94094,1020.830063,46771946.06172698,0
2021-08-18 18:00:00+00:00,45813.9,46000.0,45350.0,45401.4,2599.21659,2021-08-18 18:59:59.999000+00:00,118661628.68404086,58189,1348.23354,61570229.95074711,0
2021-08-18 19:00:00+00:00,45401.4,45510.47,44772.65,44901.12,2772.153467,2021-08-18 19:59:59.999000+00:00,124927750.81444876,64162,1365.892279,61563197.71741585,0
2021-08-18 20:00:00+00:00,44901.11,44990.97,44500.0,44525.26,1994.976984,2021-08-18 20:59:59.999000+00:00,89256703.84293377,91200,980.999334,43888315.02256592,0
2021-08-18 21:00:00+00:00,44525.27,44780.52,44401.0,44577.95,1835.87093,2021-08-18 21:59:59.999000+00:00,81866169.98793004,89653,981.935259,43790607.80639893,0
2021-08-18 22:00:00+00:00,44577.95,44907.4,44500.0,44862.13,1615.231389,2021-08-18 22:59:59.999000+00:00,72277283.46267109,71151,898.158466,40196337.32686777,0
2021-08-18 23:00:00+00:00,44862.14,45192.89,44683.39,44705.29,1701.521742,2021-08-18 23:59:59.999000+00:00,76504109.06046543,49012,857.705324,38567428.37953178,0
2021-08-19 00:00:00+00:00,44699.37,45078.78,44480.58,45042.66,2341.393294,2021-08-19 00:59:59.999000+00:00,104808260.42548966,73840,1126.548995,50432648.97067196,0
2021-08-19 01:00:00+00:00,45042.66,45234.56,44863.16,44955.07,1644.453419,2021-08-19 01:59:59.999000+00:00,74089807.43354443,44813,784.968549,35362700.83623696,0
2021-08-19 02:00:00+00:00,44959.96,44959.96,44581.34,44590.84,1574.235658,2021-08-19 02:59:59.999000+00:00,70412721.8736088,59075,797.590872,35672911.57012354,0
2021-08-19 03:00:00+00:00,44590.83,44613.36,44044.65,44046.97,2989.911156,2021-08-19 03:59:59.999000+00:00,132356686.32121769,123366,1321.940359,58523091.51826803,0
2021-08-19 04:00:00+00:00,44046.97,44324.92,43927.7,44132.07,3029.520837,2021-08-19 04:59:59.999000+00:00,133606401.91082568,108671,1651.417234,72807478.73264468,0
2021-08-19 05:00:00+00:00,44132.07,44493.38,44040.82,44403.35,1745.476637,2021-08-19 05:59:59.999000+00:00,77385152.66800033,71246,869.970568,38563728.91472864,0
2021-08-19 06:00:00+00:00,44403.36,44522.37,44207.48,44380.61,1479.189582,2021-08-19 06:59:59.999000+00:00,65603064.35309269,40710,691.390082,30660970.661135,0
2021-08-19 07:00:00+00:00,44380.6,44660.9,44216.0,44660.01,2092.531978,2021-08-19 07:59:59.999000+00:00,92921470.74283531,50508,1089.390565,48376298.364642,0
2021-08-19 08:00:00+00:00,44660.01,45000.0,44338.67,44705.55,2706.154383,2021-08-19 08:59:59.999000+00:00,120983783.96372598,62339,1347.518002,60247632.08306296,0
2021-08-19 09:00:00+00:00,44705.54,44866.14,44600.85,44756.8,1387.601835,2021-08-19 09:59:59.999000+00:00,62113522.42438852,38478,685.365724,30678759.14972912,0
2021-08-19 10:00:00+00:00,44756.79,44861.13,44350.0,44360.01,1626.61713,2021-08-19 10:59:59.999000+00:00,72515300.76976442,44979,758.393876,33813109.55437389,0
2021-08-19 11:00:00+00:00,44360.0,44487.81,44175.47,44215.25,1786.148746,2021-08-19 11:59:59.999000+00:00,79175098.3910972,42613,834.833208,37006390.12303011,0
2021-08-19 12:00:00+00:00,44215.24,44613.62,44123.65,44577.56,1661.862738,2021-08-19 12:59:59.999000+00:00,73695035.74017078,45806,881.634015,39103379.58278365,0
2021-08-19 13:00:00+00:00,44577.56,44998.0,44391.55,44982.88,2745.479023,2021-08-19 13:59:59.999000+00:00,122799252.10388796,60602,1444.16475,64614475.77924514,0
2021-08-19 14:00:00+00:00,44982.89,45480.0,44982.89,45448.27,3899.528154,2021-08-19 14:59:59.999000+00:00,176580800.4502473,83891,2067.776636,93623719.6638821,0
2021-08-19 15:00:00+00:00,45448.28,45800.0,45448.27,45779.58,2730.872863,2021-08-19 15:59:59.999000+00:00,124632310.40109833,69474,1430.271671,65274384.0235949,0
2021-08-19 16:00:00+00:00,45779.59,45951.33,45585.0,45603.2,2525.165525,2021-08-19 16:59:59.999000+00:00,115553874.75007547,62020,1277.210333,58448279.98367533,0
2021-08-19 17:00:00+00:00,45603.19,45800.0,45405.86,45730.21,1818.93971,2021-08-19 17:59:59.999000+00:00,82966489.20970237,46671,912.793137,41634195.47191558,0
2021-08-19 18:00:00+00:00,45730.22,46757.01,45674.46,46562.83,4756.208208,2021-08-19 18:59:59.999000+00:00,220413793.13659477,185708,2657.861941,123113142.05074412,0
2021-08-19 19:00:00+00:00,46562.83,46751.14,46492.85,46710.0,2298.493112,2021-08-19 19:59:59.999000+00:00,107215686.29199196,145461,1145.976856,53458397.42879087,0
2021-08-19 20:00:00+00:00,46710.0,46877.1,46433.88,46591.72,1872.100164,2021-08-19 20:59:59.999000+00:00,87243820.32605793,110963,880.078266,41018834.36557725,0
2021-08-19 21:00:00+00:00,46591.72,46710.11,46488.02,46606.99,1071.595834,2021-08-19 21:59:59.999000+00:00,49914854.77041203,64870,570.260314,26563329.77832802,0
2021-08-19 22:00:00+00:00,46607.0,46808.71,46340.12,46804.84,1421.326508,2021-08-19 22:59:59.999000+00:00,66117485.71743214,74650,706.604585,32872162.25765386,0
2021-08-19 23:00:00+00:00,46804.84,47033.0,46502.62,46760.62,2206.947426,2021-08-19 23:59:59.999000+00:00,103215392.95850712,63628,1259.544612,58957531.54530356,0
2021-08-20 00:00:00+00:00,46760.62,47390.0,46622.99,47140.45,3718.899618,2021-08-20 00:59:59.999000+00:00,175212509.69583315,103748,1995.514063,94021077.85066412,0
2021-08-20 01:00:00+00:00,47140.45,47305.01,46913.65,47193.51,1877.261924,2021-08-20 01:59:59.999000+00:00,88500015.9606038,51319,958.240319,45170714.27805289,0
2021-08-20 02:00:00+00:00,47193.52,47309.92,47067.31,47151.65,1411.610727,2021-08-20 02:59:59.999000+00:00,66597051.95027618,36185,706.136076,33317594.62795993,0
2021-08-20 03:00:00+00:00,47151.65,47193.53,46947.21,47054.74,1530.944142,2021-08-20 03:59:59.999000+00:00,72052866.15849549,38763,839.178163,39497436.61984274,0
2021-08-20 04:00:00+00:00,47054.75,47215.3,46986.82,47114.99,1384.854659,2021-08-20 04:59:59.999000+00:00,65240605.55989211,89596,775.106654,36514664.71050971,0
2021-08-20 05:00:00+00:00,47115.0,47200.0,46827.0,47163.29,1989.34736,2021-08-20 05:59:59.999000+00:00,93555598.52330495,61168,1048.388519,49310801.46536568,0
2021-08-20 06:00:00+00:00,47163.29,47246.39,47001.02,47172.03,1469.450446,2021-08-20 06:59:59.999000+00:00,69259756.00303277,93379,713.832421,33645184.96934107,0
2021-08-20 07:00:00+00:00,47172.04,47199.42,46700.24,46833.48,2250.388746,2021-08-20 07:59:59.999000+00:00,105704205.57877316,120636,1188.6226,55839781.18860993,0
2021-08-20 08:00:00+00:00,46833.48,47004.99,46720.0,46916.8,2153.73017,2021-08-20 08:59:59.999000+00:00,100932858.7659656,48921,1102.402748,51663933.73163042,0
2021-08-20 09:00:00+00:00,46916.8,47330.0,46894.4,47209.33,2467.595335,2021-08-20 09:59:59.999000+00:00,116330539.3888057,56608,1404.943835,66234892.5795402,0
2021-08-20 10:00:00+00:00,47209.33,47357.67,47134.82,47235.0,1504.016347,2021-08-20 10:59:59.999000+00:00,71014238.74836472,50799,689.391645,32551221.16711164,0
2021-08-20 11:00:00+00:00,47235.01,47235.01,46865.74,46922.34,1652.628654,2021-08-20 11:59:59.999000+00:00,77732351.37411061,44454,755.435409,35529519.88907785,0
2021-08-20 12:00:00+00:00,46922.34,47197.97,46888.19,47164.32,1622.910735,2021-08-20 12:59:59.999000+00:00,76334846.65838711,52670,761.514844,35820218.35781846,0
2021-08-20 13:00:00+00:00,47164.31,47812.0,47107.12,47788.79,3651.129426,2021-08-20 13:59:59.999000+00:00,173376993.78104863,131502,1995.272564,94747593.04500128,0
2021-08-20 14:00:00+00:00,47788.79,48594.82,47643.77,48550.53,6565.314104,2021-08-20 14:59:59.999000+00:00,316257748.7125941,235268,3840.204299,185040621.76821464,0
2021-08-20 15:00:00+00:00,48550.52,48720.29,48206.36,48718.38,3850.880752,2021-08-20 15:59:59.999000+00:00,186465736.3208573,138356,2038.225384,98742340.78276888,0
2021-08-20 16:00:00+00:00,48718.38,49096.34,48500.0,48758.07,5116.232253,2021-08-20 16:59:59.999000+00:00,249575764.45481247,129168,2491.205978,121563862.8747088,0
2021-08-20 17:00:00+00:00,48758.08,48872.55,48603.74,48675.01,1664.657713,2021-08-20 17:59:59.999000+00:00,81121587.42702223,48846,827.94072,40348708.29332496,0
2021-08-20 18:00:00+00:00,48675.0,48747.93,48289.43,48458.0,2439.501317,2021-08-20 18:59:59.999000+00:00,118321604.19550642,60131,1151.742621,55865584.12788388,0
2021-08-20 19:00:00+00:00,48458.0,48726.9,48421.3,48684.16,1285.824695,2021-08-20 19:59:59.999000+00:00,62465525.88159118,41408,605.916615,29436067.22477972,0
2021-08-20 20:00:00+00:00,48684.16,48830.67,48598.01,48640.98,1245.456767,2021-08-20 20:59:59.999000+00:00,60658735.0800431,80348,616.301167,30016413.32547041,0
2021-08-20 21:00:00+00:00,48640.98,49360.41,48612.42,49322.96,2204.456959,2021-08-20 21:59:59.999000+00:00,107914925.969562,129216,1421.616692,69614476.25858255,0
2021-08-20 22:00:00+00:00,49322.96,49382.99,48943.27,49209.69,2181.391774,2021-08-20 22:59:59.999000+00:00,107193846.89474408,64130,1039.143992,51067118.82782352,0
2021-08-20 23:00:00+00:00,49209.69,49350.0,49004.12,49322.47,1611.867605,2021-08-20 23:59:59.999000+00:00,79311831.19419017,43785,759.607784,37384748.38321214,0
2021-08-21 00:00:00+00:00,49322.47,49357.62,48713.5,48878.24,2471.873164,2021-08-21 00:59:59.999000+00:00,121167715.70328864,167084,1104.37752,54134195.29555511,0
2021-08-21 01:00:00+00:00,48878.24,49069.45,48804.46,49035.66,1103.424266,2021-08-21 01:59:59.999000+00:00,54001915.42778329,34775,563.813795,27596291.42479491,0
2021-08-21 02:00:00+00:00,49035.65,49100.0,48813.41,48841.77,1051.285281,2021-08-21 02:59:59.999000+00:00,51483375.19231024,49193,506.094396,24784992.35402536,0
2021-08-21 03:00:00+00:00,48841.77,48919.48,48670.1,48828.17,1361.65813,2021-08-21 03:59:59.999000+00:00,66481423.24308818,74500,609.803334,29777207.91920112,0
2021-08-21 04:00:00+00:00,48828.17,48829.48,48555.0,48625.67,1429.443705,2021-08-21 04:59:59.999000+00:00,69597888.72468589,65708,722.456858,35176070.82190629,0
2021-08-21 05:00:00+00:00,48625.67,48976.12,48571.06,48836.76,1346.196969,2021-08-21 05:59:59.999000+00:00,65731311.36642664,59054,670.980372,32759814.41720913,0
2021-08-21 06:00:00+00:00,48836.77,48839.01,48600.0,48674.74,1124.470145,2021-08-21 06:59:59.999000+00:00,54789368.61479789,39386,566.332269,27595678.17240936,0
2021-08-21 07:00:00+00:00,48674.73,48990.0,48618.0,48944.23,1537.134328,2021-08-21 07:59:59.999000+00:00,75078165.66297375,101646,818.601708,39982324.60888882,0
2021-08-21 08:00:00+00:00,48944.22,49104.82,48777.26,48855.5,1811.195233,2021-08-21 08:59:59.999000+00:00,88604634.41023958,143657,926.412241,45326115.28845947,0
2021-08-21 09:00:00+00:00,48855.51,48920.0,48754.12,48798.67,1249.536781,2021-08-21 09:59:59.999000+00:00,61006244.72595433,43193,612.537144,29906053.8552567,0
2021-08-21 10:00:00+00:00,48798.66,49349.57,48760.26,49300.01,3720.468256,2021-08-21 10:59:59.999000+00:00,182604945.53023472,95701,1523.038381,74730566.38974404,0
2021-08-21 11:00:00+00:00,49300.01,49400.0,48222.0,48501.87,6065.617586,2021-08-21 11:59:59.999000+00:00,294610698.04210633,177409,2794.230171,135690732.11363208,0
2021-08-21 12:00:00+00:00,48501.88,49309.58,48434.07,49204.56,2818.603048,2021-08-21 12:59:59.999000+00:00,137759542.7314578,73952,1486.458446,72665344.29571901,0
2021-08-21 13:00:00+00:00,49204.56,49405.52,49012.3,49120.62,2504.375336,2021-08-21 13:59:59.999000+00:00,123274853.90249956,80596,1365.257597,67212329.27135539,0
2021-08-21 14:00:00+00:00,49120.61,49150.01,48926.92,48985.19,1718.528534,2021-08-21 14:59:59.999000+00:00,84260956.95755763,60714,829.003466,40645273.40541874,0
2021-08-21 15:00:00+00:00,48985.18,49265.55,48946.75,49180.98,1269.22422,2021-08-21 15:59:59.999000+00:00,62357413.12225063,121176,709.675208,34864327.90587045,0
2021-08-21 16:00:00+00:00,49180.98,49662.0,49064.01,49480.11,3136.627825,2021-08-21 16:59:59.999000+00:00,155028932.41511515,84896,1807.508447,89336419.72289956,0
2021-08-21 17:00:00+00:00,49480.12,49757.04,49375.78,49647.88,2567.175927,2021-08-21 17:59:59.999000+00:00,127325368.9188182,62426,1390.316848,68969457.28630649,0
2021-08-21 18:00:00+00:00,49647.88,49662.21,49271.42,49457.59,1672.704651,2021-08-21 18:59:59.999000+00:00,82686041.13881744,50172,841.630926,41602963.48914908,0
2021-08-21 19:00:00+00:00,49457.59,49476.69,48765.0,48978.68,2165.256131,2021-08-21 19:59:59.999000+00:00,106243493.95917998,102954,973.38418,47759705.97856588,0
2021-08-21 20:00:00+00:00,48978.68,49166.66,48827.01,48991.46,1486.957597,2021-08-21 20:59:59.999000+00:00,72823908.70202875,79100,776.561597,38029810.19104196,0
2021-08-21 21:00:00+00:00,48991.45,49264.99,48900.0,49140.66,926.856096,2021-08-21 21:59:59.999000+00:00,45507447.70864359,101780,465.722142,22867694.31117638,0
2021-08-21 22:00:00+00:00,49140.66,49370.96,49133.53,49336.35,983.168948,2021-08-21 22:59:59.999000+00:00,48452557.52960743,138092,476.791024,23497158.21412183,0
2021-08-21 23:00:00+00:00,49336.35,49390.0,48806.58,48821.87,1223.354427,2021-08-21 23:59:59.999000+00:00,60087927.6462954,62561,578.685716,28431841.01182044,0
2021-08-22 00:00:00+00:00,48821.88,49031.87,48679.73,48963.69,1379.210126,2021-08-22 00:59:59.999000+00:00,67398227.7200757,73935,712.9011,34841630.30508983,0
2021-08-22 01:00:00+00:00,48963.69,49162.51,48854.29,49025.93,1084.085287,2021-08-22 01:59:59.999000+00:00,53152666.93598842,80704,470.38853,23063498.66103628,0
2021-08-22 02:00:00+00:00,49025.93,49042.17,48732.75,48836.96,892.251048,2021-08-22 02:59:59.999000+00:00,43600723.37945127,63472,446.406854,21815587.27905382,0
2021-08-22 03:00:00+00:00,48836.96,48908.91,48601.0,48790.0,1061.604873,2021-08-22 03:59:59.999000+00:00,51766678.98914539,31513,488.932648,23839992.43169414,0
2021-08-22 04:00:00+00:00,48790.0,49129.76,48781.1,49110.6,976.576924,2021-08-22 04:59:59.999000+00:00,47772283.51070608,30805,500.483975,24486551.44412232,0
2021-08-22 05:00:00+00:00,49110.61,49249.28,48956.34,49129.76,1116.038063,2021-08-22 05:59:59.999000+00:00,54789385.52528894,33857,569.432642,27956657.92375804,0
2021-08-22 06:00:00+00:00,49129.75,49272.7,49052.46,49164.45,1290.504999,2021-08-22 06:59:59.999000+00:00,63483737.48523086,85876,600.605125,29542579.01497691,0
2021-08-22 07:00:00+00:00,49164.45,49250.0,49096.97,49195.01,959.469568,2021-08-22 07:59:59.999000+00:00,47192764.63180547,82582,487.380075,23972468.40079211,0
2021-08-22 08:00:00+00:00,49195.01,49272.0,48900.0,49005.66,1237.63119,2021-08-22 08:59:59.999000+00:00,60751655.78131774,40218,609.168362,29903276.52536708,0
2021-08-22 09:00:00+00:00,49005.66,49269.99,49001.42,49218.41,849.330151,2021-08-22 09:59:59.999000+00:00,41729985.90397507,35087,431.690269,21209372.92190803,0
2021-08-22 10:00:00+00:00,49218.41,49500.0,49088.96,49115.05,2091.529304,2021-08-22 10:59:59.999000+00:00,103109360.27124828,50755,1147.022861,56550195.7972398,0
2021-08-22 11:00:00+00:00,49115.05,49210.99,49020.22,49132.04,1147.657385,2021-08-22 11:59:59.999000+00:00,56359818.8027065,33616,521.058643,25589418.90016242,0
2021-08-22 12:00:00+00:00,49132.04,49210.93,48845.22,48861.55,1607.451086,2021-08-22 12:59:59.999000+00:00,78720252.80326109,87598,769.522735,37688295.49571276,0
2021-08-22 13:00:00+00:00,48861.56,49036.54,48666.0,48861.87,2595.627499,2021-08-22 13:59:59.999000+00:00,126688192.50926316,148899,1187.522062,57965949.91567526,0
2021-08-22 14:00:00+00:00,48861.88,48926.18,48210.0,48251.21,3563.867907,2021-08-22 14:59:59.999000+00:00,172956860.3288076,172773,1696.263558,82297505.54340203,0
2021-08-22 15:00:00+00:00,48251.21,48526.62,48050.0,48526.61,2700.545187,2021-08-22 15:59:59.999000+00:00,130579238.72616826,182800,1367.897599,66161594.96658663,0
2021-08-22 16:00:00+00:00,48526.62,48835.83,48350.0,48631.06,2085.38865,2021-08-22 16:59:59.999000+00:00,101309739.327548,76206,1136.143374,55193027.5519274,0
2021-08-22 17:00:00+00:00,48631.06,48756.85,48480.34,48677.28,1080.600424,2021-08-22 17:59:59.999000+00:00,52538305.07112642,41850,498.156809,24223050.83443286,0
2021-08-22 18:00:00+00:00,48677.29,48677.29,48168.01,48373.53,1597.190795,2021-08-22 18:59:59.999000+00:00,77256111.53648372,49532,834.451702,40356563.19555894,0
2021-08-22 19:00:00+00:00,48373.53,48693.73,48345.36,48647.85,1090.908331,2021-08-22 19:59:59.999000+00:00,52991016.57305213,33400,638.559379,31020619.07262715,0
2021-08-22 20:00:00+00:00,48647.84,48652.31,48239.03,48378.96,990.922438,2021-08-22 20:59:59.999000+00:00,47947539.08613121,32381,477.374265,23097377.17951251,0
2021-08-22 21:00:00+00:00,48378.95,48743.14,48245.93,48680.02,973.689995,2021-08-22 21:59:59.999000+00:00,47223233.27275664,32448,518.349747,25133106.12788064,0
2021-08-22 22:00:00+00:00,48676.1,49285.71,48591.47,49250.14,2311.471397,2021-08-22 22:59:59.999000+00:00,113173555.0479082,54341,1278.50735,62605916.88372792,0
2021-08-22 23:00:00+00:00,49250.13,49489.73,49160.98,49239.22,2324.335168,2021-08-22 23:59:59.999000+00:00,114678506.94972526,55544,1199.657888,59193925.738726,0
2021-08-23 00:00:00+00:00,49239.22,49438.09,49070.01,49418.77,1620.941349,2021-08-23 00:59:59.999000+00:00,79916255.07149082,88049,864.273305,42612949.36536878,0
2021-08-23 01:00:00+00:00,49418.77,49926.23,49334.31,49822.89,3452.692699,2021-08-23 01:59:59.999000+00:00,171717244.6663617,132154,1962.021638,97577449.76789112,0
2021-08-23 02:00:00+00:00,49822.89,50280.0,49616.74,50046.27,4715.279544,2021-08-23 02:59:59.999000+00:00,235571440.407212,132412,2733.094055,136588251.1814496,0
2021-08-23 03:00:00+00:00,50046.27,50350.0,49790.29,50260.0,3652.395475,2021-08-23 03:59:59.999000+00:00,182977614.85476112,159675,1926.388687,96515138.67818949,0
2021-08-23 04:00:00+00:00,50260.0,50382.35,50100.0,50300.38,2404.441747,2021-08-23 04:59:59.999000+00:00,120828828.67120785,101076,1290.512342,64857316.90311177,0
2021-08-23 05:00:00+00:00,50300.38,50399.0,50172.99,50220.94,1928.870655,2021-08-23 05:59:59.999000+00:00,96985415.26175532,98443,921.907682,46355378.7621869,0
2021-08-23 06:00:00+00:00,50220.94,50361.11,49952.89,50145.59,1977.042539,2021-08-23 06:59:59.999000+00:00,99145234.42460611,72615,922.872363,46290215.34319313,0
2021-08-23 07:00:00+00:00,50145.59,50178.0,49989.0,50130.05,1864.000146,2021-08-23 07:59:59.999000+00:00,93363126.2504225,99875,958.08168,47991408.88988186,0
2021-08-23 08:00:00+00:00,50130.05,50286.01,50077.85,50259.66,2218.981915,2021-08-23 08:59:59.999000+00:00,111372215.7261208,102084,995.995113,49982497.91307593,0
2021-08-23 09:00:00+00:00,50259.67,50365.02,50151.06,50303.86,1745.16157,2021-08-23 09:59:59.999000+00:00,87740386.72121803,52586,838.50215,42159272.65547482,0
2021-08-23 10:00:00+00:00,50303.87,50500.0,49975.0,50232.21,2674.914684,2021-08-23 10:59:59.999000+00:00,134397940.09118125,124537,1302.150893,65452453.87387862,0
2021-08-23 11:00:00+00:00,50232.21,50472.0,50130.48,50394.85,1363.895434,2021-08-23 11:59:59.999000+00:00,68580007.0888513,40009,655.162718,32945949.30034669,0
2021-08-23 12:00:00+00:00,50394.85,50459.93,50212.26,50273.71,1327.041378,2021-08-23 12:59:59.999000+00:00,66778098.54732287,41504,615.954656,30998964.84949993,0
2021-08-23 13:00:00+00:00,50273.71,50279.69,50100.0,50163.15,1531.947991,2021-08-23 13:59:59.999000+00:00,76891691.97572444,44838,747.385931,37517164.24687441,0
2021-08-23 14:00:00+00:00,50163.15,50331.27,49660.64,49716.53,3480.172121,2021-08-23 14:59:59.999000+00:00,173700661.42999905,88107,1559.078432,77812717.62841554,0
2021-08-23 15:00:00+00:00,49716.54,49904.01,49309.07,49537.97,3146.205662,2021-08-23 15:59:59.999000+00:00,156196150.31272647,148408,1330.773957,66070076.15108733,0
2021-08-23 16:00:00+00:00,49536.85,49715.39,49345.67,49698.06,2298.361765,2021-08-23 16:59:59.999000+00:00,113850667.9541929,56775,1129.58743,55956712.79845512,0
2021-08-23 17:00:00+00:00,49698.07,49799.55,49400.0,49413.67,1507.885634,2021-08-23 17:59:59.999000+00:00,74786288.65004463,119053,747.230708,37066893.95714657,0
2021-08-23 18:00:00+00:00,49413.67,49625.33,49371.27,49459.11,1376.392074,2021-08-23 18:59:59.999000+00:00,68116548.1825285,96716,669.442369,33130318.43926517,0
2021-08-23 19:00:00+00:00,49459.1,49459.1,49077.0,49239.69,2157.042442,2021-08-23 19:59:59.999000+00:00,106211056.13639139,99354,1058.388166,52116125.72621235,0
2021-08-23 20:00:00+00:00,49240.01,49522.8,49029.0,49504.99,2057.712573,2021-08-23 20:59:59.999000+00:00,101313949.72445752,97324,1110.232167,54657407.83821158,0
2021-08-23 21:00:00+00:00,49505.0,49612.42,49334.19,49559.99,1364.136079,2021-08-23 21:59:59.999000+00:00,67512400.89025597,56917,666.977722,33010677.20798861,0
2021-08-23 22:00:00+00:00,49559.99,49666.0,49390.73,49650.0,1237.64065,2021-08-23 22:59:59.999000+00:00,61335013.40372427,56282,520.132058,25780043.56134168,0
2021-08-23 23:00:00+00:00,49649.99,49739.37,49430.28,49488.85,1359.385828,2021-08-23 23:59:59.999000+00:00,67433127.24261513,34516,692.828898,34372250.35243621,0
2021-08-24 00:00:00+00:00,49488.85,49687.49,49002.78,49221.81,2390.521068,2021-08-24 00:59:59.999000+00:00,117911641.38156992,65795,1124.181273,55460925.89364271,0
2021-08-24 01:00:00+00:00,49221.8,49256.09,48776.26,48956.97,2838.523198,2021-08-24 01:59:59.999000+00:00,138957871.59266096,84665,1228.085555,60129555.95657777,0
2021-08-24 02:00:00+00:00,48956.96,49224.92,48927.76,49195.55,1270.339266,2021-08-24 02:59:59.999000+00:00,62409533.70484699,57688,680.866203,33447687.19068997,0
2021-08-24 03:00:00+00:00,49195.55,49384.7,49180.68,49331.16,1423.960292,2021-08-24 03:59:59.999000+00:00,70181090.2383351,37652,690.736968,34043246.33995453,0
2021-08-24 04:00:00+00:00,49331.17,49571.55,49166.88,49479.72,1400.066555,2021-08-24 04:59:59.999000+00:00,69134862.08866124,39067,713.821751,35251180.96989562,0
2021-08-24 05:00:00+00:00,49479.73,49634.54,49432.07,49557.77,1145.142068,2021-08-24 05:59:59.999000+00:00,56704922.24664001,32774,571.896997,28320588.47302425,0
2021-08-24 06:00:00+00:00,49557.76,49800.0,49483.85,49791.98,1540.035953,2021-08-24 06:59:59.999000+00:00,76495901.38787286,73775,778.897141,38691556.98670731,0
2021-08-24 07:00:00+00:00,49791.97,49860.0,49645.33,49770.13,1372.997731,2021-08-24 07:59:59.999000+00:00,68346739.08746226,94145,662.618618,32986969.98380747,0
2021-08-24 08:00:00+00:00,49770.13,49834.0,49546.91,49673.44,1274.556243,2021-08-24 08:59:59.999000+00:00,63339220.75293647,88995,569.17936,28284782.38659456,0
2021-08-24 09:00:00+00:00,49673.43,49720.0,49499.39,49594.18,1213.689945,2021-08-24 09:59:59.999000+00:00,60228784.2429434,54102,546.344089,27113443.51413818,0
2021-08-24 10:00:00+00:00,49594.17,49846.0,49245.17,49283.07,1629.401072,2021-08-24 10:59:59.999000+00:00,80636157.93498564,43626,789.676303,39086782.09524695,0
2021-08-24 11:00:00+00:00,49283.07,49458.01,49060.0,49429.99,1668.534719,2021-08-24 11:59:59.999000+00:00,82148300.98590314,43004,823.540038,40549810.21276299,0
2021-08-24 12:00:00+00:00,49430.0,49455.92,49028.54,49333.33,1780.365838,2021-08-24 12:59:59.999000+00:00,87652437.72214964,46437,842.994562,41496046.58381415,0
2021-08-24 13:00:00+00:00,49333.33,49395.02,48392.26,48597.19,5187.678501,2021-08-24 13:59:59.999000+00:00,252745864.9472271,117092,2509.139585,122224625.76030125,0
2021-08-24 14:00:00+00:00,48597.18,48719.12,48300.0,48529.58,3968.023493,2021-08-24 14:59:59.999000+00:00,192625792.76287657,166386,2074.273416,100702996.67025684,0
2021-08-24 15:00:00+00:00,48529.59,48608.84,48210.98,48310.74,2950.082718,2021-08-24 15:59:59.999000+00:00,142841359.24755588,161903,1498.459789,72549532.5929118,0
2021-08-24 16:00:00+00:00,48310.73,48406.26,47749.1,47950.37,6461.938105,2021-08-24 16:59:59.999000+00:00,310501235.71169186,153621,2922.15545,140427722.06506744,0
2021-08-24 17:00:00+00:00,47950.36,48359.54,47865.94,48001.01,2247.925582,2021-08-24 17:59:59.999000+00:00,108189203.73075408,58864,1073.918865,51692119.45787817,0
2021-08-24 18:00:00+00:00,48001.0,48197.88,47800.0,48182.07,1945.22961,2021-08-24 18:59:59.999000+00:00,93378282.0108514,51366,1043.261618,50082427.64013523,0
2021-08-24 19:00:00+00:00,48182.06,48422.12,47904.61,48243.2,2060.622304,2021-08-24 19:59:59.999000+00:00,99259243.88608664,52938,1091.328333,52580236.76221961,0
2021-08-24 20:00:00+00:00,48243.2,48390.16,48039.62,48335.58,1242.333825,2021-08-24 20:59:59.999000+00:00,59952796.31030185,38068,585.219063,28244890.42002156,0
2021-08-24 21:00:00+00:00,48335.57,48398.57,47959.0,48194.32,1027.476487,2021-08-24 21:59:59.999000+00:00,49502434.07990668,40062,487.508698,23490500.5190318,0
2021-08-24 22:00:00+00:00,48194.31,48364.56,48109.09,48327.03,980.35891,2021-08-24 22:59:59.999000+00:00,47309106.12970032,33716,489.834017,23637612.20167433,0
2021-08-24 23:00:00+00:00,48327.04,48404.19,47600.0,47674.01,1994.791265,2021-08-24 23:59:59.999000+00:00,95626533.38050365,57155,904.985751,43404409.02347183,0
2021-08-25 00:00:00+00:00,47674.01,48123.7,47652.36,48007.86,1749.992808,2021-08-25 00:59:59.999000+00:00,83844755.68849006,51381,902.656169,43246801.91666446,0
2021-08-25 01:00:00+00:00,48007.87,48169.56,47718.16,48156.17,1460.478137,2021-08-25 01:59:59.999000+00:00,70010282.74790522,36855,646.721969,31002272.60313737,0
2021-08-25 02:00:00+00:00,48156.16,48290.2,48033.27,48201.23,1176.913244,2021-08-25 02:59:59.999000+00:00,56713943.59006666,34766,525.302325,25314134.69839478,0
2021-08-25 03:00:00+00:00,48201.24,48275.0,47965.0,47975.93,1021.280689,2021-08-25 03:59:59.999000+00:00,49166249.54803525,67694,417.038955,20077054.74892641,0
2021-08-25 04:00:00+00:00,47975.93,48245.0,47886.12,48003.51,1075.324274,2021-08-25 04:59:59.999000+00:00,51678208.60448851,31441,514.656565,24732674.46533357,0
2021-08-25 05:00:00+00:00,48003.51,48564.08,47994.76,48520.02,1603.606936,2021-08-25 05:59:59.999000+00:00,77497798.00037658,39371,838.372441,40507495.94267211,0
2021-08-25 06:00:00+00:00,48520.03,48603.84,48302.05,48307.98,1304.289282,2021-08-25 06:59:59.999000+00:00,63182497.93965822,65273,678.648495,32878847.6119322,0
2021-08-25 07:00:00+00:00,48307.97,48505.27,48000.0,48144.58,1633.172289,2021-08-25 07:59:59.999000+00:00,78811722.2660777,85436,701.062859,33834723.72440499,0
2021-08-25 08:00:00+00:00,48144.58,48169.43,47259.42,47277.48,3842.079134,2021-08-25 08:59:59.999000+00:00,183144605.98728353,93230,1637.395916,78044817.57081603,0
2021-08-25 09:00:00+00:00,47274.52,47800.74,47126.28,47245.94,4087.381132,2021-08-25 09:59:59.999000+00:00,193506514.13560635,116212,1782.523277,84413205.33604586,0
2021-08-25 10:00:00+00:00,47245.95,47589.82,47168.34,47464.39,2038.776023,2021-08-25 10:59:59.999000+00:00,96651305.3229094,90642,1014.981329,48106951.16949616,0
2021-08-25 11:00:00+00:00,47464.39,47643.0,47350.33,47570.01,1600.820323,2021-08-25 11:59:59.999000+00:00,76035308.9429723,41238,841.348149,39966115.15649023,0
2021-08-25 12:00:00+00:00,47570.01,47824.0,47440.0,47770.01,1824.144247,2021-08-25 12:59:59.999000+00:00,86919099.83983216,65727,973.668094,46388614.11549478,0
2021-08-25 13:00:00+00:00,47770.01,47899.99,47612.23,47671.76,2055.228632,2021-08-25 13:59:59.999000+00:00,98209671.95088556,54116,1001.861878,47876538.21070724,0
2021-08-25 14:00:00+00:00,47671.76,48485.0,47324.99,48445.35,3834.297218,2021-08-25 14:59:59.999000+00:00,184155562.1889212,95104,1941.020972,93253547.94487096,0
2021-08-25 15:00:00+00:00,48445.35,48900.0,48283.77,48822.49,3340.173159,2021-08-25 15:59:59.999000+00:00,162122568.45417497,156789,1680.167372,81572419.12748013,0
2021-08-25 16:00:00+00:00,48817.41,48853.74,48600.59,48718.71,1948.171322,2021-08-25 16:59:59.999000+00:00,94921167.75689095,88389,912.138793,44443240.78738133,0
2021-08-25 17:00:00+00:00,48718.71,49062.2,48507.71,48830.0,1908.433446,2021-08-25 17:59:59.999000+00:00,93134185.0545699,72186,1027.633614,50154339.19014393,0
2021-08-25 18:00:00+00:00,48830.0,49027.3,48735.77,48924.64,1120.109874,2021-08-25 18:59:59.999000+00:00,54808047.91139602,37280,593.358185,29036294.63703533,0
2021-08-25 19:00:00+00:00,48924.64,49172.58,48536.95,48652.14,1597.622942,2021-08-25 19:59:59.999000+00:00,78104563.34331945,50463,811.241314,39673277.21767696,0
2021-08-25 20:00:00+00:00,48652.13,49040.6,48601.47,48676.76,1207.635323,2021-08-25 20:59:59.999000+00:00,58936888.21879322,39766,633.715974,30930033.47694221,0
2021-08-25 21:00:00+00:00,48676.76,49100.0,48664.67,49080.01,970.425979,2021-08-25 21:59:59.999000+00:00,47403785.32737446,73704,535.93929,26185444.47125238,0
2021-08-25 22:00:00+00:00,49080.0,49264.3,48822.96,48905.28,1308.592197,2021-08-25 22:59:59.999000+00:00,64109937.53023747,42980,706.524196,34618890.26603323,0
2021-08-25 23:00:00+00:00,48905.28,49109.9,48807.97,48973.32,946.881732,2021-08-25 23:59:59.999000+00:00,46373601.17615539,29143,478.899541,23454362.95888557,0
2021-08-26 00:00:00+00:00,48973.32,49352.84,48816.1,49287.63,1807.54691,2021-08-26 00:59:59.999000+00:00,88734377.29417253,66796,959.149356,47087610.77440802,0
2021-08-26 01:00:00+00:00,49287.64,49336.08,48728.56,48731.46,1202.872229,2021-08-26 01:59:59.999000+00:00,58931968.38865062,73992,574.928145,28167456.05889043,0
2021-08-26 02:00:00+00:00,48731.46,48839.81,48611.72,48695.54,1134.693386,2021-08-26 02:59:59.999000+00:00,55325773.05421309,30775,572.790573,27930536.09683692,0
2021-08-26 03:00:00+00:00,48695.55,48722.42,47829.61,47911.79,3031.598147,2021-08-26 03:59:59.999000+00:00,146031144.02869487,73443,1383.009391,66607032.90121027,0
2021-08-26 04:00:00+00:00,47911.8,48000.0,47600.6,47884.08,2295.335776,2021-08-26 04:59:59.999000+00:00,109725761.9755698,128796,1166.201676,55752315.36162195,0
2021-08-26 05:00:00+00:00,47884.09,48055.55,46837.43,47042.36,4768.177369,2021-08-26 05:59:59.999000+00:00,225528594.39429057,130714,2059.651104,97409329.83580628,0
2021-08-26 06:00:00+00:00,47042.36,47289.62,46560.01,46855.59,3602.202893,2021-08-26 06:59:59.999000+00:00,169232252.81497514,124185,1507.512376,70866352.32278994,0
2021-08-26 07:00:00+00:00,46855.58,47049.25,46570.0,46891.75,2849.2522,2021-08-26 07:59:59.999000+00:00,133291386.3673988,140887,1427.922,66813373.551673,0
2021-08-26 08:00:00+00:00,46891.75,47100.0,46700.0,46908.72,2136.3565,2021-08-26 08:59:59.999000+00:00,100181600.0001246,50735,1058.64318,49647605.021445,0
2021-08-26 09:00:00+00:00,46908.73,47015.04,46750.04,46789.99,1693.71901,2021-08-26 09:59:59.999000+00:00,79377848.5470169,42483,835.769,39169755.2842558,0
2021-08-26 10:00:00+00:00,46789.99,47069.88,46693.68,46979.93,1665.67247,2021-08-26 10:59:59.999000+00:00,78169664.49772,41233,808.89327,37964389.9465005,0
2021-08-26 11:00:00+00:00,46977.31,47206.46,46822.22,46835.89,1906.7998,2021-08-26 11:59:59.999000+00:00,89662243.7018683,42501,979.84016,46087418.5582343,0
2021-08-26 12:00:00+00:00,46835.9,47431.17,46250.0,46943.76,4982.262584,2021-08-26 12:59:59.999000+00:00,233599099.4110644,97362,2359.635715,110721414.47046465,0
2021-08-26 13:00:00+00:00,46943.76,47270.0,46861.18,47195.75,1912.17403,2021-08-26 13:59:59.999000+00:00,90067239.3170866,41797,955.35297,44999636.8621289,0
2021-08-26 14:00:00+00:00,47195.75,47420.0,46828.51,46838.94,2109.83448,2021-08-26 14:59:59.999000+00:00,99539237.4892876,52071,957.16754,45160638.6987212,0
2021-08-26 15:00:00+00:00,46838.94,47065.08,46635.0,46800.0,1763.02647,2021-08-26 15:59:59.999000+00:00,82589435.203626,43959,844.71825,39575799.9365845,0
2021-08-26 16:00:00+00:00,46800.0,47056.86,46485.16,46897.72,2263.61921,2021-08-26 16:59:59.999000+00:00,105871224.9092632,57763,1168.52428,54655074.7500908,0
2021-08-26 17:00:00+00:00,46897.72,47123.65,46886.01,46950.26,1276.36545,2021-08-26 17:59:59.999000+00:00,60000347.6870023,34426,599.18464,28165164.3541379,0
2021-08-26 18:00:00+00:00,46950.26,47092.63,46731.0,47001.46,1128.54621,2021-08-26 18:59:59.999000+00:00,52900838.4667524,34438,566.61131,26558911.1746968,0
2021-08-26 19:00:00+00:00,47001.47,47043.88,46755.27,46939.75,1212.66545,2021-08-26 19:59:59.999000+00:00,56862378.5593499,31566,510.71341,23951701.8529767,0
2021-08-26 20:00:00+00:00,46934.22,47058.23,46845.0,47017.57,949.73043,2021-08-26 20:59:59.999000+00:00,44616007.4715241,27009,505.11455,23728536.2809506,0
2021-08-26 21:00:00+00:00,47017.58,47311.0,46989.89,47253.83,1502.92032,2021-08-26 21:59:59.999000+00:00,70919720.7563621,36441,823.34735,38845102.6448139,0
2021-08-26 22:00:00+00:00,47253.83,47439.0,47105.39,47177.68,1076.09816,2021-08-26 22:59:59.999000+00:00,50881175.48159897,36970,547.92282,25908567.82072157,0
2021-08-26 23:00:00+00:00,47177.68,47398.37,46818.0,46843.87,1099.80829,2021-08-26 23:59:59.999000+00:00,51860710.412015,92411,513.96043,24235207.0599141,0
2021-08-27 00:00:00+00:00,46843.86,47290.0,46348.0,47249.2,3041.47977,2021-08-27 00:59:59.999000+00:00,142146970.8555645,73725,1593.88925,74496113.9857306,0
2021-08-27 01:00:00+00:00,47249.2,47665.48,47157.89,47236.64,2534.918895,2021-08-27 01:59:59.999000+00:00,120307397.37490152,70053,1294.734585,61445810.99804787,0
2021-08-27 02:00:00+00:00,47236.64,47486.42,47171.0,47211.29,1273.99566,2021-08-27 02:59:59.999000+00:00,60298146.3599171,31879,615.14452,29117297.7674297,0
2021-08-27 03:00:00+00:00,47211.29,47267.04,46690.53,46822.23,1546.56566,2021-08-27 03:59:59.999000+00:00,72566793.1076873,61271,783.42039,36758409.4025971,0
2021-08-27 04:00:00+00:00,46822.24,46988.88,46572.36,46924.04,1294.49808,2021-08-27 04:59:59.999000+00:00,60519911.2452568,54131,678.69292,31730921.6158807,0
2021-08-27 05:00:00+00:00,46924.05,47196.99,46850.04,47114.4,1004.8666,2021-08-27 05:59:59.999000+00:00,47255413.7892257,62015,548.51414,25794200.7336658,0
2021-08-27 06:00:00+00:00,47114.41,47250.0,47032.02,47172.05,1068.59874,2021-08-27 06:59:59.999000+00:00,50380963.8475694,31389,566.43737,26706488.7699748,0
2021-08-27 07:00:00+00:00,47172.04,47546.18,46840.74,47483.44,2224.44639,2021-08-27 07:59:59.999000+00:00,105139289.4120777,52537,1235.47169,58408478.6687497,0
2021-08-27 08:00:00+00:00,47479.77,47560.0,47133.65,47187.65,1595.57443,2021-08-27 08:59:59.999000+00:00,75561406.4800381,44692,804.96989,38122273.3796269,0
2021-08-27 09:00:00+00:00,47187.65,47332.98,46989.48,47205.64,1384.79691,2021-08-27 09:59:59.999000+00:00,65313830.0123642,50280,690.63054,32569249.1167747,0
2021-08-27 10:00:00+00:00,47205.65,47620.44,47179.64,47429.78,1743.7516,2021-08-27 10:59:59.999000+00:00,82627348.503958,40634,1058.16566,50155148.3116359,0
2021-08-27 11:00:00+00:00,47429.77,47794.96,47311.9,47453.83,2085.176887,2021-08-27 11:59:59.999000+00:00,99193947.49337988,89350,1065.8234,50705319.61701797,0
2021-08-27 12:00:00+00:00,47453.82,47538.18,47238.0,47338.57,1510.94707,2021-08-27 12:59:59.999000+00:00,71613964.5392938,71319,678.07893,32140569.1078698,0
2021-08-27 13:00:00+00:00,47338.57,47375.79,47032.63,47274.56,1634.16372,2021-08-27 13:59:59.999000+00:00,77121088.6273074,41465,716.37898,33807273.8227341,0
2021-08-27 14:00:00+00:00,47274.56,48233.96,47190.64,48125.05,4538.182101,2021-08-27 14:59:59.999000+00:00,217431257.2139277,97883,2364.240666,113291403.48702064,0
2021-08-27 15:00:00+00:00,48125.57,48451.51,48125.56,48184.67,2544.57263,2021-08-27 15:59:59.999000+00:00,122848558.43388404,68179,1264.639825,61055122.8561865,0
2021-08-27 16:00:00+00:00,48184.66,48285.7,47969.42,48178.93,1518.3663,2021-08-27 16:59:59.999000+00:00,73123859.8279483,59386,738.48416,35562886.1558446,0
2021-08-27 17:00:00+00:00,48178.93,48320.63,48138.59,48168.58,996.74814,2021-08-27 17:59:59.999000+00:00,48074672.8676282,31393,499.64804,24101418.0726057,0
2021-08-27 18:00:00+00:00,48168.58,48383.3,48110.68,48325.48,915.288,2021-08-27 18:59:59.999000+00:00,44188790.0680738,28203,474.04294,22885846.3688855,0
2021-08-27 19:00:00+00:00,48325.49,48546.42,48268.72,48293.69,1197.933891,2021-08-27 19:59:59.999000+00:00,57945069.90367681,33421,622.384102,30109937.83092303,0
2021-08-27 20:00:00+00:00,48293.68,49149.93,48155.0,48895.24,2839.739911,2021-08-27 20:59:59.999000+00:00,138465292.37828657,77825,1606.450132,78372551.44666648,0
2021-08-27 21:00:00+00:00,48895.24,49048.56,48850.01,48960.39,1208.75053,2021-08-27 21:59:59.999000+00:00,59190533.6696976,58119,625.67857,30639064.9911786,0
2021-08-27 22:00:00+00:00,48960.4,49028.72,48683.75,48985.74,1261.58921,2021-08-27 22:59:59.999000+00:00,61688829.656648,60912,657.79739,32164970.1918464,0
2021-08-27 23:00:00+00:00,48985.73,49115.37,48866.5,49069.9,1103.15384,2021-08-27 23:59:59.999000+00:00,54067894.5516827,30442,543.3327,26628998.8607099,0
2021-08-28 00:00:00+00:00,49069.9,49299.0,48835.0,49245.01,2416.419835,2021-08-28 00:59:59.999000+00:00,118693767.35640736,48215,1347.119927,66167497.22597175,0
2021-08-28 01:00:00+00:00,49245.0,49290.0,49021.59,49141.51,1440.24132,2021-08-28 01:59:59.999000+00:00,70774903.254845,32938,721.6542,35461773.4333598,0
2021-08-28 02:00:00+00:00,49141.51,49141.52,48851.18,48939.9,889.78975,2021-08-28 02:59:59.999000+00:00,43584124.9049958,43701,457.5984,22413788.4809038,0
2021-08-28 03:00:00+00:00,48939.9,49039.98,48844.35,48852.99,853.53741,2021-08-28 03:59:59.999000+00:00,41770759.8375217,22459,423.04438,20705270.8742468,0
2021-08-28 04:00:00+00:00,48853.0,49074.81,48848.09,48954.66,812.05894,2021-08-28 04:59:59.999000+00:00,39781667.2289577,20946,433.51977,21236094.1380944,0
2021-08-28 05:00:00+00:00,48954.67,49024.55,48859.88,48867.46,691.63114,2021-08-28 05:59:59.999000+00:00,33852405.8175823,20881,327.54227,16032402.97963,0
2021-08-28 06:00:00+00:00,48867.45,49079.84,48626.49,48998.19,1455.900671,2021-08-28 06:59:59.999000+00:00,71125763.9355381,39640,796.85438,38932183.520858,0
2021-08-28 07:00:00+00:00,48998.2,48998.2,48806.66,48950.0,867.64277,2021-08-28 07:59:59.999000+00:00,42418632.9238851,24758,441.60278,21589494.7325869,0
2021-08-28 08:00:00+00:00,48949.03,49072.07,48910.41,48914.96,916.31011,2021-08-28 08:59:59.999000+00:00,44892715.2630125,68710,484.01071,23712283.946487,0
2021-08-28 09:00:00+00:00,48914.96,49068.35,48879.93,48918.64,865.1066,2021-08-28 09:59:59.999000+00:00,42359764.4996621,26907,449.98139,22035366.2363107,0
2021-08-28 10:00:00+00:00,48918.65,48969.03,48826.0,48830.01,756.92719,2021-08-28 10:59:59.999000+00:00,37015999.0600061,24128,371.87368,18186441.4205913,0
2021-08-28 11:00:00+00:00,48830.0,48884.99,48627.31,48674.72,1449.75219,2021-08-28 11:59:59.999000+00:00,70683651.5084206,34381,797.59768,38888230.1742308,0
2021-08-28 12:00:00+00:00,48670.48,49200.0,48516.0,48866.0,2227.08873,2021-08-28 12:59:59.999000+00:00,108700137.5292277,51409,1318.11137,64358282.5194786,0
2021-08-28 13:00:00+00:00,48866.0,48906.04,48680.0,48732.71,1115.36519,2021-08-28 13:59:59.999000+00:00,54402035.2875189,32911,589.76006,28767421.2398568,0
2021-08-28 14:00:00+00:00,48732.72,48737.01,48346.88,48646.95,1799.37423,2021-08-28 14:59:59.999000+00:00,87344794.4110458,41981,868.50773,42161860.6499979,0
2021-08-28 15:00:00+00:00,48646.96,48811.12,48500.58,48811.12,907.77626,2021-08-28 15:59:59.999000+00:00,44162304.0302373,30708,484.21648,23558314.076233,0
2021-08-28 16:00:00+00:00,48811.12,49172.31,48710.0,48956.39,1596.18907,2021-08-28 16:59:59.999000+00:00,78158509.2448584,43649,838.07607,41039319.7383023,0
2021-08-28 17:00:00+00:00,48956.4,49040.0,48907.44,49011.31,865.81715,2021-08-28 17:59:59.999000+00:00,42403916.9672686,25484,442.71454,21682460.6938359,0
2021-08-28 18:00:00+00:00,49011.3,49094.0,48750.3,48788.99,753.88587,2021-08-28 18:59:59.999000+00:00,36891109.7098268,24151,354.82171,17365656.6917978,0
2021-08-28 19:00:00+00:00,48788.98,48788.98,48500.0,48651.93,1056.90562,2021-08-28 19:59:59.999000+00:00,51391119.1197838,29031,494.1732,24026399.9610566,0
2021-08-28 20:00:00+00:00,48651.94,48729.34,48578.29,48721.41,694.05584,2021-08-28 20:59:59.999000+00:00,33766454.6608148,22173,292.67921,14240292.1060771,0
2021-08-28 21:00:00+00:00,48721.41,48960.0,48671.95,48929.59,773.42527,2021-08-28 21:59:59.999000+00:00,37752380.8636139,41074,395.97476,19328626.0245892,0
2021-08-28 22:00:00+00:00,48929.6,48975.16,48665.02,48686.01,996.07221,2021-08-28 22:59:59.999000+00:00,48637123.4585573,24097,503.43656,24579614.7628602,0
2021-08-28 23:00:00+00:00,48686.0,48895.36,48653.62,48895.35,479.79042,2021-08-28 23:59:59.999000+00:00,23401994.8969619,18680,260.89242,12724715.9721638,0
2021-08-29 00:00:00+00:00,48895.35,49600.0,48727.76,49560.71,3300.564226,2021-08-29 00:59:59.999000+00:00,162415732.3803646,71423,2007.766497,98858985.67852764,0
2021-08-29 01:00:00+00:00,49560.7,49632.27,49269.42,49349.84,1377.337597,2021-08-29 01:59:59.999000+00:00,68107218.48591675,42773,698.887459,34557872.34164652,0
2021-08-29 02:00:00+00:00,49349.84,49389.06,48398.0,48580.08,1863.35354,2021-08-29 02:59:59.999000+00:00,91139340.4899427,56904,881.72307,43133764.3181722,0
2021-08-29 03:00:00+00:00,48580.07,48682.26,48067.53,48227.31,2771.07957,2021-08-29 03:59:59.999000+00:00,134032601.5177339,70335,1171.64128,56677243.5945017,0
2021-08-29 04:00:00+00:00,48223.59,48296.9,47762.54,48141.83,2376.52413,2021-08-29 04:59:59.999000+00:00,114244906.5400446,56846,1084.12849,52121985.014852,0
2021-08-29 05:00:00+00:00,48141.83,48365.0,48080.0,48309.45,946.13114,2021-08-29 05:59:59.999000+00:00,45652493.2908095,28995,439.66608,21214466.4777699,0
2021-08-29 06:00:00+00:00,48309.44,48600.0,48231.08,48415.39,1225.59649,2021-08-29 06:59:59.999000+00:00,59328820.4640512,50659,704.82505,34129687.0485239,0
2021-08-29 07:00:00+00:00,48415.38,48600.0,48355.36,48480.1,938.06725,2021-08-29 07:59:59.999000+00:00,45499920.9542837,77964,415.28637,20143585.3692921,0
2021-08-29 08:00:00+00:00,48480.11,48624.73,48282.02,48492.99,1126.06374,2021-08-29 08:59:59.999000+00:00,54616746.7556696,68652,501.91379,24344144.7540554,0
2021-08-29 09:00:00+00:00,48493.0,48569.99,48295.18,48568.16,1167.12636,2021-08-29 09:59:59.999000+00:00,56551512.8533483,29882,609.29075,29525241.8322937,0
2021-08-29 10:00:00+00:00,48568.17,48650.84,48396.36,48526.67,946.7413,2021-08-29 10:59:59.999000+00:00,45935836.5665899,28711,492.51454,23897066.2820219,0
2021-08-29 11:00:00+00:00,48526.67,48600.0,48140.0,48159.98,1139.4824,2021-08-29 11:59:59.999000+00:00,55134728.4713524,32440,443.15429,21437704.9854707,0
2021-08-29 12:00:00+00:00,48159.98,48437.24,48105.03,48360.71,1164.83074,2021-08-29 12:59:59.999000+00:00,56285012.0247783,32366,574.89994,27780330.3126481,0
2021-08-29 13:00:00+00:00,48360.71,48561.46,48286.48,48313.15,1003.00617,2021-08-29 13:59:59.999000+00:00,48604419.4291417,40616,454.87193,22044748.5110153,0
2021-08-29 14:00:00+00:00,48314.72,48496.43,48200.43,48228.27,975.65995,2021-08-29 14:59:59.999000+00:00,47171764.6018541,63804,452.14769,21863401.8242327,0
2021-08-29 15:00:00+00:00,48228.27,48553.71,48158.18,48474.95,1229.33913,2021-08-29 15:59:59.999000+00:00,59431050.9493657,102264,640.67538,30977604.9358268,0
2021-08-29 16:00:00+00:00,48474.96,48798.9,48329.22,48660.0,1371.46411,2021-08-29 16:59:59.999000+00:00,66544135.3859632,63463,705.33785,34227539.7658883,0
2021-08-29 17:00:00+00:00,48660.0,48780.0,48490.1,48779.35,1121.03735,2021-08-29 17:59:59.999000+00:00,54550342.0289796,31553,511.15569,24867592.7345554,0
2021-08-29 18:00:00+00:00,48779.35,48845.07,48642.87,48747.07,865.8298,2021-08-29 18:59:59.999000+00:00,42190532.967932,24525,521.10537,25392075.2088294,0
2021-08-29 19:00:00+00:00,48747.08,48877.88,48700.0,48799.27,677.89961,2021-08-29 19:59:59.999000+00:00,33071829.0674429,24752,344.3369,16799249.62899,0
2021-08-29 20:00:00+00:00,48799.28,49000.0,48747.17,48884.64,786.0545,2021-08-29 20:59:59.999000+00:00,38415545.8718234,49899,416.26648,20345083.8722385,0
2021-08-29 21:00:00+00:00,48884.65,48946.94,48366.71,48891.95,961.64807,2021-08-29 21:59:59.999000+00:00,46864892.3459185,41494,396.98147,19358634.516776,0
2021-08-29 22:00:00+00:00,48891.95,49385.42,48891.95,49114.69,2128.55101,2021-08-29 22:59:59.999000+00:00,104631604.4859395,72571,1102.75233,54209421.2256435,0
2021-08-29 23:00:00+00:00,49114.68,49261.52,48737.27,48767.83,1188.89529,2021-08-29 23:59:59.999000+00:00,58240428.4311336,30155,585.7144,28691658.4578981,0
2021-08-30 00:00:00+00:00,48767.84,48888.61,48333.0,48400.01,1891.19019,2021-08-30 00:59:59.999000+00:00,91902507.971544,48233,954.3512,46375774.2597074,0
2021-08-30 01:00:00+00:00,48398.8,48700.0,48358.18,48487.27,1033.1432,2021-08-30 01:59:59.999000+00:00,50130493.3585279,31483,545.47212,26467197.3452963,0
2021-08-30 02:00:00+00:00,48484.39,48635.87,48385.57,48391.35,893.93026,2021-08-30 02:59:59.999000+00:00,43365051.7471206,25251,441.60513,21422206.7453156,0
2021-08-30 03:00:00+00:00,48391.35,48451.93,47803.0,47964.04,2200.06003,2021-08-30 03:59:59.999000+00:00,105839698.8522909,52663,928.60386,44670682.6274888,0
2021-08-30 04:00:00+00:00,47964.02,48139.63,47734.0,47869.02,1456.79889,2021-08-30 04:59:59.999000+00:00,69760458.3566193,54438,666.65866,31930156.9934412,0
2021-08-30 05:00:00+00:00,47869.01,48031.56,47755.14,47998.56,1133.13616,2021-08-30 05:59:59.999000+00:00,54321576.8732577,73117,620.08945,29726468.6890603,0
2021-08-30 06:00:00+00:00,47998.56,48082.55,47610.6,47938.73,1561.85176,2021-08-30 06:59:59.999000+00:00,74787283.8048954,40770,741.29307,35502502.1716591,0
2021-08-30 07:00:00+00:00,47938.72,47999.94,47699.08,47930.4,2030.06019,2021-08-30 07:59:59.999000+00:00,97143966.7496852,73067,1128.85892,54003759.9240984,0
2021-08-30 08:00:00+00:00,47933.16,48200.0,47837.55,48079.88,1413.94433,2021-08-30 08:59:59.999000+00:00,67872283.2049466,53603,757.1839,36340243.08159,0
2021-08-30 09:00:00+00:00,48079.87,48123.89,47865.95,47922.1,987.70335,2021-08-30 09:59:59.999000+00:00,47406627.2005419,30005,435.72684,20911868.3384398,0
2021-08-30 10:00:00+00:00,47920.01,48064.18,47800.0,48012.46,950.5022,2021-08-30 10:59:59.999000+00:00,45536050.7582427,33365,435.73951,20878646.8744425,0
2021-08-30 11:00:00+00:00,48012.45,48034.99,47620.05,47902.76,1468.34209,2021-08-30 11:59:59.999000+00:00,70207665.1317866,40118,651.65249,31159146.5672435,0
2021-08-30 12:00:00+00:00,47902.76,47911.22,47506.53,47584.0,2096.80236,2021-08-30 12:59:59.999000+00:00,99881011.4610301,77535,1057.72294,50381681.5894046,0
2021-08-30 13:00:00+00:00,47584.01,47787.83,47370.0,47775.12,2011.77782,2021-08-30 13:59:59.999000+00:00,95747086.6869888,58661,935.23826,44520962.210476,0
2021-08-30 14:00:00+00:00,47775.12,47929.19,47650.0,47686.01,1742.14952,2021-08-30 14:59:59.999000+00:00,83305088.0363397,50459,908.2839,43431850.5047316,0
2021-08-30 15:00:00+00:00,47686.01,48089.3,47657.26,48019.64,1708.49794,2021-08-30 15:59:59.999000+00:00,81883685.9988251,51002,940.79412,45086823.103615,0
2021-08-30 16:00:00+00:00,48012.78,48171.0,47956.63,48167.47,1778.43714,2021-08-30 16:59:59.999000+00:00,85504258.8180823,43465,914.70318,43973527.1755291,0
2021-08-30 17:00:00+00:00,48167.47,48332.99,48054.43,48313.27,1237.10822,2021-08-30 17:59:59.999000+00:00,59560272.0547498,36862,635.6087,30605333.4512145,0
2021-08-30 18:00:00+00:00,48313.28,48507.06,48152.89,48496.98,1489.39656,2021-08-30 18:59:59.999000+00:00,72010631.4121921,43690,757.78705,36641430.6028379,0
2021-08-30 19:00:00+00:00,48496.99,48620.0,48350.0,48619.99,1761.64758,2021-08-30 19:59:59.999000+00:00,85405172.4816094,48257,879.98046,42665986.1391049,0
2021-08-30 20:00:00+00:00,48619.99,48696.87,48525.0,48622.07,1364.47187,2021-08-30 20:59:59.999000+00:00,66327608.9935783,40141,718.87153,34943833.75972,0
2021-08-30 21:00:00+00:00,48622.06,48669.32,48186.0,48391.72,1362.18611,2021-08-30 21:59:59.999000+00:00,65919569.4868734,44184,651.69081,31532535.9870649,0
2021-08-30 22:00:00+00:00,48391.73,48466.58,47539.12,47616.99,2395.80551,2021-08-30 22:59:59.999000+00:00,114705709.0570555,59209,1091.73672,52277743.4006016,0
2021-08-30 23:00:00+00:00,47616.99,47956.0,46853.0,46982.91,4319.40755,2021-08-30 23:59:59.999000+00:00,203820672.4271429,94434,1838.18774,86768203.4794765,0
2021-08-31 00:00:00+00:00,46982.91,47140.79,46700.0,46845.49,2784.7628,2021-08-31 00:59:59.999000+00:00,130528376.9212408,70474,1381.92674,64788203.8667973,0
2021-08-31 01:00:00+00:00,46845.5,47005.09,46745.0,46877.84,1454.93712,2021-08-31 01:59:59.999000+00:00,68223284.1531111,38203,695.94334,32636605.6064232,0
2021-08-31 02:00:00+00:00,46877.84,47050.0,46750.0,47023.07,1488.62058,2021-08-31 02:59:59.999000+00:00,69838960.7843762,34874,755.75134,35450786.2070765,0
2021-08-31 03:00:00+00:00,47023.07,47220.97,46982.95,47150.68,1169.90703,2021-08-31 03:59:59.999000+00:00,55106908.5291445,32203,616.73008,29050694.3633504,0
2021-08-31 04:00:00+00:00,47150.68,47300.0,47010.75,47057.47,1581.37334,2021-08-31 04:59:59.999000+00:00,74619600.2973154,35722,721.03063,34017906.4685004,0
2021-08-31 05:00:00+00:00,47055.47,47234.86,47007.01,47145.01,1566.50491,2021-08-31 05:59:59.999000+00:00,73838474.7556532,32844,804.73965,37931415.3354881,0
2021-08-31 06:00:00+00:00,47145.0,47245.94,46954.33,46999.99,1480.36533,2021-08-31 06:59:59.999000+00:00,69675274.1667514,33524,790.75967,37218677.7000494,0
2021-08-31 07:00:00+00:00,47000.0,47900.0,46823.88,47761.26,4581.18987,2021-08-31 07:59:59.999000+00:00,217376716.7974691,82818,2296.80224,108928305.5009239,0
2021-08-31 08:00:00+00:00,47761.26,47976.0,47633.33,47735.02,2490.58985,2021-08-31 08:59:59.999000+00:00,119023531.3034648,52666,1165.88601,55711827.3040372,0
2021-08-31 09:00:00+00:00,47735.02,47784.32,47340.9,47394.62,2087.76989,2021-08-31 09:59:59.999000+00:00,99231847.429236,46817,1095.3193,52056152.4080624,0
2021-08-31 10:00:00+00:00,47394.63,47709.45,47137.0,47417.58,2168.6388,2021-08-31 10:59:59.999000+00:00,102726157.5634418,51284,1086.45372,51461756.6703358,0
2021-08-31 11:00:00+00:00,47417.59,48072.92,47316.38,47969.51,3133.63246,2021-08-31 11:59:59.999000+00:00,149706701.3178299,73063,1654.96915,79084882.5777757,0
2021-08-31 12:00:00+00:00,47969.51,48150.0,47725.45,47810.0,2171.78307,2021-08-31 12:59:59.999000+00:00,104053980.4224859,73755,1020.45707,48897316.315191,0
2021-08-31 13:00:00+00:00,47810.01,48000.0,47651.8,47873.37,1975.05968,2021-08-31 13:59:59.999000+00:00,94453846.5320742,83428,1029.49332,49237699.5266541,0
2021-08-31 14:00:00+00:00,47873.37,48246.11,47191.7,47254.01,3654.06634,2021-08-31 14:59:59.999000+00:00,174047103.218641,92373,1899.87153,90545534.0085549,0
2021-08-31 15:00:00+00:00,47254.01,47457.14,47180.0,47397.13,2523.36394,2021-08-31 15:59:59.999000+00:00,119422120.7654889,65965,1279.11875,60539902.0469425,0
2021-08-31 16:00:00+00:00,47397.13,47568.85,47273.35,47366.67,2259.6135,2021-08-31 16:59:59.999000+00:00,107102825.4507755,61193,1233.32627,58451266.0937549,0
2021-08-31 17:00:00+00:00,47366.68,47521.45,47001.0,47100.99,1971.16259,2021-08-31 17:59:59.999000+00:00,93106112.9097912,53605,1009.23671,47679521.1460285,0
2021-08-31 18:00:00+00:00,47101.0,47399.99,47024.7,47305.48,1359.71159,2021-08-31 18:59:59.999000+00:00,64153399.4197308,39820,765.8678,36133051.78693,0
2021-08-31 19:00:00+00:00,47305.47,47400.0,47190.72,47300.01,1276.40748,2021-08-31 19:59:59.999000+00:00,60381358.533846,40655,518.21303,24516086.4450916,0
2021-08-31 20:00:00+00:00,47300.0,47322.71,46914.26,46992.6,1375.53834,2021-08-31 20:59:59.999000+00:00,64847747.0099431,79714,631.51347,29776157.8269311,0
2021-08-31 21:00:00+00:00,46992.6,47200.0,46833.0,46911.5,1488.1157,2021-08-31 21:59:59.999000+00:00,69930502.8101263,49508,763.35545,35872018.1398786,0
2021-08-31 22:00:00+00:00,46911.49,47104.96,46744.57,47088.84,1359.88429,2021-08-31 22:59:59.999000+00:00,63772233.5233885,41533,625.90261,29355168.7539087,0
2021-08-31 23:00:00+00:00,47091.36,47345.0,46993.0,47100.89,1242.52887,2021-08-31 23:59:59.999000+00:00,58632506.7669471,34359,583.54447,27537894.5921523,0
2021-09-01 00:00:00+00:00,47100.89,47321.42,46700.0,46754.74,2367.02148,2021-09-01 00:59:59.999000+00:00,111144279.1879436,59985,1106.71447,51977596.564738,0
2021-09-01 01:00:00+00:00,46754.74,46884.36,46512.0,46859.87,2409.8246,2021-09-01 01:59:59.999000+00:00,112487152.7531848,53576,1100.63213,51377809.124345,0
2021-09-01 02:00:00+00:00,46859.86,47091.19,46731.4,46877.9,1376.66819,2021-09-01 02:59:59.999000+00:00,64573157.5372429,32958,660.75613,30996403.946507,0
2021-09-01 03:00:00+00:00,46877.91,47052.89,46688.0,47043.65,975.46531,2021-09-01 03:59:59.999000+00:00,45682571.1110674,27780,492.40338,23063183.57429,0
2021-09-01 04:00:00+00:00,47043.65,47250.01,46969.56,47153.42,1276.31827,2021-09-01 04:59:59.999000+00:00,60152277.6397695,31658,621.40383,29282878.8925598,0
2021-09-01 05:00:00+00:00,47153.43,47473.28,47089.08,47424.31,1922.87634,2021-09-01 05:59:59.999000+00:00,90992458.3223902,45488,906.6567,42903581.1518141,0
2021-09-01 06:00:00+00:00,47424.31,47470.75,47180.0,47306.35,1549.85627,2021-09-01 06:59:59.999000+00:00,73348717.4641558,41193,722.09892,34174448.3770855,0
2021-09-01 07:00:00+00:00,47308.48,47439.0,47090.31,47171.01,1456.29664,2021-09-01 07:59:59.999000+00:00,68814906.8962376,36423,705.04529,33318203.189403,0
2021-09-01 08:00:00+00:00,47171.0,47413.93,47111.25,47347.09,1542.22868,2021-09-01 08:59:59.999000+00:00,72908002.3018411,37182,788.74168,37285720.4379923,0
2021-09-01 09:00:00+00:00,47347.08,47697.96,47313.97,47644.29,2741.60382,2021-09-01 09:59:59.999000+00:00,130343150.6896662,57618,1433.87851,68169499.5334578,0
2021-09-01 10:00:00+00:00,47644.29,47751.38,47504.76,47515.72,1748.17954,2021-09-01 10:59:59.999000+00:00,83309360.9414193,44779,878.82879,41883930.8958332,0
2021-09-01 11:00:00+00:00,47515.73,47770.0,47514.5,47713.31,1580.39633,2021-09-01 11:59:59.999000+00:00,75325512.9604957,38239,788.98384,37606270.2504371,0
2021-09-01 12:00:00+00:00,47713.3,47836.69,47564.4,47707.02,1759.09467,2021-09-01 12:59:59.999000+00:00,83996321.0145653,47060,957.78741,45737254.0818944,0
2021-09-01 13:00:00+00:00,47707.03,47788.0,47308.2,47468.06,1989.16731,2021-09-01 13:59:59.999000+00:00,94569479.1110353,46661,1031.58782,49043019.9230686,0
2021-09-01 14:00:00+00:00,47468.07,47663.4,47252.0,47275.81,1683.37617,2021-09-01 14:59:59.999000+00:00,79894451.8766515,45061,832.70697,39529301.2019631,0
2021-09-01 15:00:00+00:00,47275.81,47512.0,47275.81,47488.49,1346.28569,2021-09-01 15:59:59.999000+00:00,63809099.5588211,38966,750.89949,35589228.3851038,0
2021-09-01 16:00:00+00:00,47488.5,48595.09,47386.66,48473.63,5187.1099,2021-09-01 16:59:59.999000+00:00,249337934.3047086,120480,2772.38964,133321580.4621553,0
2021-09-01 17:00:00+00:00,48473.63,49156.0,48317.54,48730.01,5623.52114,2021-09-01 17:59:59.999000+00:00,274355523.9678865,128118,2738.83737,133524045.8064896,0
2021-09-01 18:00:00+00:00,48730.02,48906.35,48631.74,48659.31,1882.80682,2021-09-01 18:59:59.999000+00:00,91794488.3728228,63636,968.10293,47197849.5917671,0
2021-09-01 19:00:00+00:00,48659.31,48689.73,48000.0,48150.0,3156.15729,2021-09-01 19:59:59.999000+00:00,152492531.126237,91969,1506.41239,72777005.9256949,0
2021-09-01 20:00:00+00:00,48147.25,48336.51,48096.68,48252.07,1383.35079,2021-09-01 20:59:59.999000+00:00,66739743.4480516,58630,710.58703,34283682.5564636,0
2021-09-01 21:00:00+00:00,48252.08,48515.71,48234.31,48430.98,1649.46892,2021-09-01 21:59:59.999000+00:00,79780257.548317,43733,907.69033,43897363.696109,0
2021-09-01 22:00:00+00:00,48430.99,48758.31,48261.38,48407.38,1690.31798,2021-09-01 22:59:59.999000+00:00,82055967.1145627,49308,863.01369,41899951.9747789,0
2021-09-01 23:00:00+00:00,48407.37,48873.89,48392.02,48810.52,1607.26313,2021-09-01 23:59:59.999000+00:00,78167100.1667788,39883,856.2099,41640745.5054359,0
2021-09-02 00:00:00+00:00,48810.51,48978.0,48584.06,48785.18,2109.68665,2021-09-02 00:59:59.999000+00:00,103005443.2762556,52944,1038.82511,50719706.3652939,0
2021-09-02 01:00:00+00:00,48785.17,49800.0,48667.44,49708.13,4553.077869,2021-09-02 01:59:59.999000+00:00,224653032.93550768,122180,2584.523835,127477487.36333989,0
2021-09-02 02:00:00+00:00,49708.12,49870.0,49565.8,49570.44,2701.19378,2021-09-02 02:59:59.999000+00:00,134263527.59881055,66234,1354.891903,67350227.73170912,0
2021-09-02 03:00:00+00:00,49570.43,49683.19,49551.0,49561.24,1664.28886,2021-09-02 03:59:59.999000+00:00,82565735.7129148,67218,822.34312,40796703.7847848,0
2021-09-02 04:00:00+00:00,49557.88,49622.01,49303.48,49382.57,1849.76636,2021-09-02 04:59:59.999000+00:00,91464805.1757697,85837,852.49273,42145907.9101276,0
2021-09-02 05:00:00+00:00,49382.56,49696.98,49353.0,49449.07,1536.18267,2021-09-02 05:59:59.999000+00:00,76098456.8909883,53597,754.24609,37365830.78395,0
2021-09-02 06:00:00+00:00,49449.07,50000.0,49414.81,49953.92,3128.832673,2021-09-02 06:59:59.999000+00:00,155745004.5288891,70498,1917.64109,95493915.07849292,0
2021-09-02 07:00:00+00:00,49953.92,50450.0,49640.15,49846.27,5748.060027,2021-09-02 07:59:59.999000+00:00,287807709.8390376,145753,3171.517357,158846123.5760429,0
2021-09-02 08:00:00+00:00,49846.27,50199.0,49736.84,50089.32,2233.40327,2021-09-02 08:59:59.999000+00:00,111660813.1829147,50815,1151.17435,57554910.0188015,0
2021-09-02 09:00:00+00:00,50089.31,50121.0,49658.99,49819.3,2738.39482,2021-09-02 09:59:59.999000+00:00,136473671.1004807,68861,1381.65248,68840915.3828831,0
2021-09-02 10:00:00+00:00,49819.31,50079.99,49715.02,50026.06,1896.7218,2021-09-02 10:59:59.999000+00:00,94655301.1320745,42082,1059.78885,52885817.2232664,0
2021-09-02 11:00:00+00:00,50026.06,50151.24,49810.0,50072.61,1754.78233,2021-09-02 11:59:59.999000+00:00,87723140.1777468,41530,930.20879,46506625.5157334,0
2021-09-02 12:00:00+00:00,50072.61,50200.36,49850.0,50010.0,2137.02809,2021-09-02 12:59:59.999000+00:00,106906331.2877713,75647,1090.84853,54565611.2414011,0
2021-09-02 13:00:00+00:00,50010.01,50180.0,49945.61,50108.44,1700.94537,2021-09-02 13:59:59.999000+00:00,85174347.5200821,45822,866.67935,43403594.3930733,0
2021-09-02 14:00:00+00:00,50108.44,50450.13,49400.0,49529.96,5436.90651,2021-09-02 14:59:59.999000+00:00,271383211.148216,128459,2737.35913,136802655.2625987,0
2021-09-02 15:00:00+00:00,49529.96,49750.0,49244.35,49540.7,2699.78266,2021-09-02 15:59:59.999000+00:00,133824945.5821758,101090,1367.38405,67791980.6687986,0
2021-09-02 16:00:00+00:00,49540.7,49744.83,49403.0,49594.61,1627.402,2021-09-02 16:59:59.999000+00:00,80710474.3446506,93640,864.70884,42884771.4715305,0
2021-09-02 17:00:00+00:00,49594.6,49608.46,49270.0,49520.95,1703.06191,2021-09-02 17:59:59.999000+00:00,84228526.507046,43060,776.43127,38398946.7790931,0
2021-09-02 18:00:00+00:00,49520.96,49578.7,49186.0,49371.96,1665.169889,2021-09-02 18:59:59.999000+00:00,82149962.1360784,38355,867.9946,42822867.6016246,0
2021-09-02 19:00:00+00:00,49373.25,49440.34,49238.78,49340.05,838.16992,2021-09-02 19:59:59.999000+00:00,41370369.4459085,26320,430.64846,21255201.5520351,0
2021-09-02 20:00:00+00:00,49340.06,49653.0,49272.15,49541.88,1156.97513,2021-09-02 20:59:59.999000+00:00,57275741.0774028,33341,592.85734,29347620.0991458,0
2021-09-02 21:00:00+00:00,49541.89,49841.41,49510.28,49808.43,1222.3764,2021-09-02 21:59:59.999000+00:00,60682083.0620565,37488,662.70095,32901389.8863644,0
2021-09-02 22:00:00+00:00,49808.42,49816.59,49609.0,49683.25,1020.83908,2021-09-02 22:59:59.999000+00:00,50749679.9013688,26573,482.91522,24008013.8672902,0
2021-09-02 23:00:00+00:00,49683.25,49693.75,49224.92,49246.64,1287.72247,2021-09-02 23:59:59.999000+00:00,63620001.1105422,32505,591.97378,29245238.6623002,0
2021-09-03 00:00:00+00:00,49246.63,49375.0,48500.0,48570.37,3279.79311,2021-09-03 00:59:59.999000+00:00,160328257.959444,87436,1269.36436,62060555.2616242,0
2021-09-03 01:00:00+00:00,48570.38,48703.44,48316.84,48547.09,2469.16497,2021-09-03 01:59:59.999000+00:00,119852170.8128974,57284,1112.61028,54008705.3677643,0
2021-09-03 02:00:00+00:00,48547.09,49096.74,48502.0,48970.01,2009.43038,2021-09-03 02:59:59.999000+00:00,98050849.95304,47615,985.75266,48119267.0569722,0
2021-09-03 03:00:00+00:00,48970.01,49500.0,48920.18,49476.83,1578.45326,2021-09-03 03:59:59.999000+00:00,77606504.1433241,42196,819.64121,40304006.9588279,0
2021-09-03 04:00:00+00:00,49476.83,49755.0,49375.22,49707.18,2091.02938,2021-09-03 04:59:59.999000+00:00,103604130.5287047,44406,1181.71813,58554078.0420958,0
2021-09-03 05:00:00+00:00,49707.19,49718.4,49368.22,49455.08,1902.46376,2021-09-03 05:59:59.999000+00:00,94272042.7515137,39500,893.08853,44255233.1685766,0
2021-09-03 06:00:00+00:00,49455.08,49599.79,49311.11,49394.89,1228.32965,2021-09-03 06:59:59.999000+00:00,60760220.5350209,34818,609.42406,30144858.4404806,0
2021-09-03 07:00:00+00:00,49396.31,49595.43,49215.81,49305.11,1447.16296,2021-09-03 07:59:59.999000+00:00,71450134.3656809,38459,762.40082,37639988.5591352,0
2021-09-03 08:00:00+00:00,49305.1,50047.53,49255.57,49986.9,2215.71856,2021-09-03 08:59:59.999000+00:00,110028453.6955737,62851,1255.0399,62344554.4912179,0
2021-09-03 09:00:00+00:00,49986.9,50147.83,49794.58,50100.04,3287.57253,2021-09-03 09:59:59.999000+00:00,164335653.5613794,75717,1746.66361,87322496.6585576,0
2021-09-03 10:00:00+00:00,50100.04,50485.0,49600.0,49856.66,4990.629246,2021-09-03 10:59:59.999000+00:00,250175794.8525526,139537,2613.082068,131044489.33744512,0
2021-09-03 11:00:00+00:00,49853.2,50242.25,49515.54,50168.54,3053.65508,2021-09-03 11:59:59.999000+00:00,152289912.6789359,87485,1681.10826,83834691.1257733,0
2021-09-03 12:00:00+00:00,50168.55,50877.75,49888.24,50645.85,6570.290099,2021-09-03 12:59:59.999000+00:00,331757920.8827709,140594,3782.00559,191001392.91959307,0
2021-09-03 13:00:00+00:00,50645.85,50940.91,50547.59,50713.2,3140.910734,2021-09-03 13:59:59.999000+00:00,159463202.64596596,72910,1478.502756,75068406.44279261,0
2021-09-03 14:00:00+00:00,50713.19,51000.0,50205.0,50691.73,4677.386368,2021-09-03 14:59:59.999000+00:00,237099229.2731578,96127,2348.665489,119121335.15399893,0
2021-09-03 15:00:00+00:00,50691.74,50833.47,50540.0,50550.44,2389.17569,2021-09-03 15:59:59.999000+00:00,121118738.8258207,75247,1043.18525,52887763.7580745,0
2021-09-03 16:00:00+00:00,50550.45,50720.0,50461.0,50483.84,1730.29927,2021-09-03 16:59:59.999000+00:00,87498355.4361359,113480,805.95142,40756682.1792535,0
2021-09-03 17:00:00+00:00,50483.85,50595.0,50312.0,50396.59,2009.0427,2021-09-03 17:59:59.999000+00:00,101445946.1826029,74092,981.27767,49548551.5439462,0
2021-09-03 18:00:00+00:00,50396.59,50567.26,50210.67,50458.79,1732.21988,2021-09-03 18:59:59.999000+00:00,87248992.7696525,41131,957.79629,48247986.6750308,0
2021-09-03 19:00:00+00:00,50458.79,50541.66,50264.85,50528.49,919.14947,2021-09-03 19:59:59.999000+00:00,46328750.6973727,28870,447.59982,22559883.6325348,0
2021-09-03 20:00:00+00:00,50528.5,50534.32,50028.0,50132.74,1311.0328,2021-09-03 20:59:59.999000+00:00,65831152.320121,49352,593.44021,29796443.6004257,0
2021-09-03 21:00:00+00:00,50131.43,50249.7,50032.27,50239.89,1033.94485,2021-09-03 21:59:59.999000+00:00,51858448.8435095,66806,557.26934,27950983.0621081,0
2021-09-03 22:00:00+00:00,50239.89,50248.22,49600.0,49693.78,2092.54931,2021-09-03 22:59:59.999000+00:00,104278944.0701281,58177,858.10909,42762786.9379924,0
2021-09-03 23:00:00+00:00,49693.78,50041.58,49570.0,49999.14,1866.2401,2021-09-03 23:59:59.999000+00:00,92890670.2864324,71073,841.74657,41902993.0204117,0
2021-09-04 00:00:00+00:00,49998.0,50142.85,49683.85,49918.54,2059.90764,2021-09-04 00:59:59.999000+00:00,102873880.1358317,71560,976.80018,48781890.6261497,0
2021-09-04 01:00:00+00:00,49918.54,49918.54,49575.83,49688.72,1591.6266,2021-09-04 01:59:59.999000+00:00,79181170.6500221,49297,723.40528,35989799.3966274,0
2021-09-04 02:00:00+00:00,49688.73,50127.24,49600.0,50126.29,1530.66074,2021-09-04 02:59:59.999000+00:00,76302432.554955,51013,776.23374,38694703.3291255,0
2021-09-04 03:00:00+00:00,50126.29,50350.47,50016.21,50277.43,1712.9539,2021-09-04 03:59:59.999000+00:00,85924551.9469924,83537,847.08934,42498031.7633145,0
2021-09-04 04:00:00+00:00,50282.19,50463.08,50201.0,50330.0,1104.0288,2021-09-04 04:59:59.999000+00:00,55591304.9980468,30558,512.84066,25823317.7943144,0
2021-09-04 05:00:00+00:00,50330.0,50366.45,50156.63,50282.82,1136.0309,2021-09-04 05:59:59.999000+00:00,57093549.259157,52141,578.05983,29051413.2851155,0
2021-09-04 06:00:00+00:00,50282.83,50349.0,50180.01,50323.03,820.74268,2021-09-04 06:59:59.999000+00:00,41255739.2615121,27093,401.91178,20202719.7164152,0
2021-09-04 07:00:00+00:00,50323.03,50447.28,50109.04,50187.29,972.34255,2021-09-04 07:59:59.999000+00:00,48847938.3789838,31097,456.72505,22947111.4982398,0
2021-09-04 08:00:00+00:00,50187.3,50220.0,49899.19,50092.26,1615.00857,2021-09-04 08:59:59.999000+00:00,80870665.5055877,40550,717.12944,35915343.077329,0
2021-09-04 09:00:00+00:00,50092.27,50447.6,50026.8,50417.77,1476.13173,2021-09-04 09:59:59.999000+00:00,74243950.9127625,48537,756.45111,38051777.4843139,0
2021-09-04 10:00:00+00:00,50417.76,50535.69,49776.17,49789.59,2264.57079,2021-09-04 10:59:59.999000+00:00,113667596.2265467,77978,994.92994,49972210.1454222,0
2021-09-04 11:00:00+00:00,49789.6,50075.62,49690.0,49902.94,1686.49473,2021-09-04 11:59:59.999000+00:00,84107329.6380369,49168,812.09668,40507543.6215057,0
2021-09-04 12:00:00+00:00,49902.94,50317.05,49889.42,50234.12,1458.92442,2021-09-04 12:59:59.999000+00:00,73128209.281823,42768,764.69171,38327593.0586899,0
2021-09-04 13:00:00+00:00,50234.11,50286.98,50057.29,50186.84,1163.10977,2021-09-04 13:59:59.999000+00:00,58388480.9459968,40476,571.06539,28669533.3466619,0
2021-09-04 14:00:00+00:00,50186.83,50200.77,49828.0,49971.62,1578.313,2021-09-04 14:59:59.999000+00:00,78863981.8275603,44177,752.35117,37590678.2018149,0
2021-09-04 15:00:00+00:00,49971.62,50131.46,49750.0,49873.53,1414.53242,2021-09-04 15:59:59.999000+00:00,70645242.4379441,41818,654.87988,32708581.4671689,0
2021-09-04 16:00:00+00:00,49873.52,50043.49,49710.24,49814.48,1460.22614,2021-09-04 16:59:59.999000+00:00,72826359.0198832,40055,714.8365,35651807.4826748,0
2021-09-04 17:00:00+00:00,49814.48,49966.68,49370.0,49954.83,2856.32334,2021-09-04 17:59:59.999000+00:00,141796772.739906,72690,1310.50237,65063773.8304905,0
2021-09-04 18:00:00+00:00,49954.84,50025.0,49844.25,49879.01,1450.72215,2021-09-04 18:59:59.999000+00:00,72437793.3068481,75329,703.35644,35118897.0570841,0
2021-09-04 19:00:00+00:00,49879.02,49988.66,49624.12,49974.82,1333.59578,2021-09-04 19:59:59.999000+00:00,66416257.5022108,35869,691.90525,34455848.2813812,0
2021-09-04 20:00:00+00:00,49974.83,50230.18,49952.84,50156.65,1301.18976,2021-09-04 20:59:59.999000+00:00,65196321.6455307,49618,726.75567,36417123.740986,0
2021-09-04 21:00:00+00:00,50156.65,50232.28,50068.35,50210.24,679.25103,2021-09-04 21:59:59.999000+00:00,34073653.2662594,39148,319.4982,16027704.799411,0
2021-09-04 22:00:00+00:00,50210.23,50262.95,49823.08,49867.18,909.40324,2021-09-04 22:59:59.999000+00:00,45521065.5818278,50751,421.73268,21112422.7977011,0
2021-09-04 23:00:00+00:00,49867.17,50031.11,49724.22,49915.64,1088.56891,2021-09-04 23:59:59.999000+00:00,54272889.4200338,80602,554.45556,27645647.9333389,0
2021-09-05 00:00:00+00:00,49917.54,50240.0,49777.0,50164.99,1738.20967,2021-09-05 00:59:59.999000+00:00,86938916.4251838,46791,848.6281,42449925.0083189,0
2021-09-05 01:00:00+00:00,50164.99,50193.39,49903.96,50099.34,1018.99401,2021-09-05 01:59:59.999000+00:00,50986432.6851678,53076,482.82656,24158415.9929316,0
2021-09-05 02:00:00+00:00,50099.33,50299.31,50050.79,50090.0,1147.34354,2021-09-05 02:59:59.999000+00:00,57553227.5994069,30465,588.82055,29536465.2008686,0
2021-09-05 03:00:00+00:00,50090.0,50128.58,49657.14,49663.21,1509.95853,2021-09-05 03:59:59.999000+00:00,75229914.0848892,33675,679.35118,33850956.1927616,0
2021-09-05 04:00:00+00:00,49663.22,49890.36,49640.0,49834.99,772.324,2021-09-05 04:59:59.999000+00:00,38436313.2981672,25465,417.42647,20771219.8561092,0
2021-09-05 05:00:00+00:00,49835.0,49854.99,49590.0,49688.8,985.78315,2021-09-05 05:59:59.999000+00:00,48999533.2031749,26901,422.86517,21021364.9678938,0
2021-09-05 06:00:00+00:00,49688.79,49894.96,49450.0,49854.57,1323.67431,2021-09-05 06:59:59.999000+00:00,65727843.3978855,56338,618.12465,30707068.0561509,0
2021-09-05 07:00:00+00:00,49854.57,50040.01,49786.23,49857.14,953.0023,2021-09-05 07:59:59.999000+00:00,47582115.2343677,68075,509.54375,25441540.7877341,0
2021-09-05 08:00:00+00:00,49857.14,50164.79,49810.0,50146.66,1237.71883,2021-09-05 08:59:59.999000+00:00,61912516.7262648,35719,714.85341,35760059.0047826,0
2021-09-05 09:00:00+00:00,50146.66,50221.16,50024.56,50125.19,1410.89569,2021-09-05 09:59:59.999000+00:00,70736657.366626,64737,767.36401,38475619.0402734,0
2021-09-05 10:00:00+00:00,50125.19,50246.84,49929.45,49999.98,1513.38191,2021-09-05 10:59:59.999000+00:00,75841680.438096,62804,788.47171,39512050.3560576,0
2021-09-05 11:00:00+00:00,49999.97,50390.01,49864.53,50198.78,1950.70024,2021-09-05 11:59:59.999000+00:00,97766805.5980108,67157,1067.75764,53509322.178849,0
2021-09-05 12:00:00+00:00,50198.78,50252.62,50014.21,50110.1,1157.99327,2021-09-05 12:59:59.999000+00:00,58066988.1588101,58056,567.4167,28451944.7761579,0
2021-09-05 13:00:00+00:00,50110.11,50251.26,50045.02,50171.68,1135.00886,2021-09-05 13:59:59.999000+00:00,56917556.0751439,59370,590.28159,29599806.1963733,0
2021-09-05 14:00:00+00:00,50171.68,50494.11,50130.77,50239.99,2533.74343,2021-09-05 14:59:59.999000+00:00,127567996.2503515,62321,1336.65826,67304753.3612808,0
2021-09-05 15:00:00+00:00,50240.0,50379.3,50071.33,50214.95,1803.66077,2021-09-05 15:59:59.999000+00:00,90609410.152902,69088,905.95931,45520175.4255639,0
2021-09-05 16:00:00+00:00,50214.95,50412.0,50120.0,50367.59,1452.99004,2021-09-05 16:59:59.999000+00:00,73042083.848931,48146,742.71631,37338693.6485029,0
2021-09-05 17:00:00+00:00,50367.6,50500.0,50266.49,50299.69,1587.06661,2021-09-05 17:59:59.999000+00:00,79927313.5536928,45788,867.45138,43692595.1650749,0
2021-09-05 18:00:00+00:00,50299.7,50430.0,50236.49,50355.0,1031.38834,2021-09-05 18:59:59.999000+00:00,51912119.1,35810,479.57207,24138000.6959505,0
2021-09-05 19:00:00+00:00,50355.01,50875.08,50355.0,50684.56,2532.79532,2021-09-05 19:59:59.999000+00:00,128404524.4234251,73797,1424.45593,72196068.8755006,0
2021-09-05 20:00:00+00:00,50684.56,51684.85,50636.1,51636.29,3976.497529,2021-09-05 20:59:59.999000+00:00,203421130.30010456,145763,2566.264511,131295894.13462852,0
2021-09-05 21:00:00+00:00,51636.28,51828.0,51452.21,51700.0,3255.824067,2021-09-05 21:59:59.999000+00:00,168068211.24929973,142178,1832.660142,94603426.85090268,0
2021-09-05 22:00:00+00:00,51699.99,51900.0,51568.96,51821.99,2463.583237,2021-09-05 22:59:59.999000+00:00,127412468.72207896,64417,1381.221811,71441144.4239149,0
2021-09-05 23:00:00+00:00,51821.99,51854.36,51576.74,51756.88,2052.29822,2021-09-05 23:59:59.999000+00:00,106150267.9526789,41723,956.54465,49463396.4890815,0
2021-09-06 00:00:00+00:00,51756.88,51885.36,51456.0,51741.29,2862.49852,2021-09-06 00:59:59.999000+00:00,148107860.8297911,54887,1161.98765,60121114.3899249,0
2021-09-06 01:00:00+00:00,51741.28,51943.28,51630.09,51807.96,2273.345341,2021-09-06 01:59:59.999000+00:00,117764534.91757955,92481,1021.820081,52926522.82333084,0
2021-09-06 02:00:00+00:00,51807.96,51857.99,51625.87,51667.38,1229.83598,2021-09-06 02:59:59.999000+00:00,63635436.3759593,44675,560.69005,29013812.8427484,0
2021-09-06 03:00:00+00:00,51667.37,51740.71,51447.89,51595.29,1491.67489,2021-09-06 03:59:59.999000+00:00,77009009.469216,72263,667.59722,34464548.7688715,0
2021-09-06 04:00:00+00:00,51595.29,51718.92,51550.0,51687.1,1044.39654,2021-09-06 04:59:59.999000+00:00,53959486.4781886,58621,481.55169,24878929.672884,0
2021-09-06 05:00:00+00:00,51687.1,51772.98,51615.64,51759.99,1000.93062,2021-09-06 05:59:59.999000+00:00,51769390.2602756,32456,509.15566,26333455.861584,0
2021-09-06 06:00:00+00:00,51759.99,51890.9,51722.9,51845.08,2105.78972,2021-09-06 06:59:59.999000+00:00,109065064.6379746,42636,1118.34095,57921110.3587977,0
2021-09-06 07:00:00+00:00,51845.08,51994.37,51671.81,51796.19,2143.708676,2021-09-06 07:59:59.999000+00:00,111038736.84358858,87006,1119.382276,57984794.84534288,0
2021-09-06 08:00:00+00:00,51796.18,51808.85,51608.89,51671.38,1707.58463,2021-09-06 08:59:59.999000+00:00,88285727.0435139,40029,839.15919,43385134.1594481,0
2021-09-06 09:00:00+00:00,51671.37,51869.95,51629.39,51814.52,1814.04565,2021-09-06 09:59:59.999000+00:00,93902004.866588,60513,853.79015,44191793.6789434,0
2021-09-06 10:00:00+00:00,51814.52,51839.77,51701.67,51794.02,1700.83604,2021-09-06 10:59:59.999000+00:00,88051195.1488638,43947,838.25169,43397231.9496577,0
2021-09-06 11:00:00+00:00,51794.02,52188.8,51282.05,51400.67,5039.343992,2021-09-06 11:59:59.999000+00:00,260434941.03007767,119299,2533.693135,131033712.73298682,0
2021-09-06 12:00:00+00:00,51400.68,51541.63,50969.33,51368.83,4151.59667,2021-09-06 12:59:59.999000+00:00,212831212.3885884,136028,2030.73641,104128033.180071,0
2021-09-06 13:00:00+00:00,51368.83,51513.71,51104.57,51476.83,1978.17401,2021-09-06 13:59:59.999000+00:00,101540345.5059057,73450,1020.11065,52370750.8345397,0
2021-09-06 14:00:00+00:00,51476.83,51721.94,51433.0,51702.39,2247.95,2021-09-06 14:59:59.999000+00:00,116041257.3765616,114112,1266.22902,65362742.0756555,0
2021-09-06 15:00:00+00:00,51702.4,51721.94,51555.0,51604.45,1763.03002,2021-09-06 15:59:59.999000+00:00,91044438.9416656,60446,858.73688,44346036.2573162,0
2021-09-06 16:00:00+00:00,51604.45,51744.83,51478.63,51550.38,1610.90628,2021-09-06 16:59:59.999000+00:00,83111438.6432798,68045,870.17095,44901107.0346594,0
2021-09-06 17:00:00+00:00,51550.39,51700.0,51523.27,51672.98,1150.35003,2021-09-06 17:59:59.999000+00:00,59405736.3914338,49556,649.37746,33536154.4456084,0
2021-09-06 18:00:00+00:00,51672.99,51870.47,51600.19,51833.37,1213.57951,2021-09-06 18:59:59.999000+00:00,62767475.1911308,62680,634.79518,32835864.819251,0
2021-09-06 19:00:00+00:00,51833.38,52032.74,51700.0,51715.39,2029.27864,2021-09-06 19:59:59.999000+00:00,105276045.120026,74848,998.79107,51825155.3378719,0
2021-09-06 20:00:00+00:00,51715.4,51970.0,51625.98,51921.78,1461.52605,2021-09-06 20:59:59.999000+00:00,75725737.2276007,43398,704.35409,36501317.9382939,0
2021-09-06 21:00:00+00:00,51921.78,52142.85,51833.31,52098.99,1571.36922,2021-09-06 21:59:59.999000+00:00,81721093.8814686,45558,960.67467,49971219.2417873,0
2021-09-06 22:00:00+00:00,52098.99,52626.52,52072.11,52591.21,3639.868477,2021-09-06 22:59:59.999000+00:00,190734851.70194727,109727,1912.408314,100196961.04106653,0
2021-09-06 23:00:00+00:00,52591.22,52780.0,52334.76,52663.9,2018.047575,2021-09-06 23:59:59.999000+00:00,106067962.78565258,91354,1008.548089,53015899.25730578,0
2021-09-07 00:00:00+00:00,52666.2,52766.94,52336.1,52500.01,2483.18539,2021-09-07 00:59:59.999000+00:00,130472704.4531564,59541,1224.35864,64333178.8516948,0
2021-09-07 01:00:00+00:00,52500.01,52697.52,52433.71,52489.55,1819.47212,2021-09-07 01:59:59.999000+00:00,95611370.7166333,41571,754.59025,39654148.5042572,0
2021-09-07 02:00:00+00:00,52489.55,52840.0,52489.55,52698.0,2079.204723,2021-09-07 02:59:59.999000+00:00,109519396.7599732,86963,1217.314943,64129414.60765071,0
2021-09-07 03:00:00+00:00,52698.01,52920.0,52615.43,52654.16,1936.885036,2021-09-07 03:59:59.999000+00:00,102170242.43224536,90413,897.835935,47369198.76473924,0
2021-09-07 04:00:00+00:00,52654.16,52689.56,52501.0,52520.0,1520.94207,2021-09-07 04:59:59.999000+00:00,80017151.7813335,38030,722.69545,38022914.8706054,0
2021-09-07 05:00:00+00:00,52519.99,52731.0,52392.27,52665.01,1966.68601,2021-09-07 05:59:59.999000+00:00,103339851.520053,51345,908.83743,47758245.7298667,0
2021-09-07 06:00:00+00:00,52665.01,52682.7,52329.43,52334.71,1922.36591,2021-09-07 06:59:59.999000+00:00,100987490.0278717,56757,870.22942,45715061.1556561,0
2021-09-07 07:00:00+00:00,52334.71,52470.0,52061.42,52344.08,2775.53628,2021-09-07 07:59:59.999000+00:00,145104644.1793305,76580,1346.5965,70408727.3267521,0
2021-09-07 08:00:00+00:00,52344.08,52366.46,51069.0,51192.7,7755.30271,2021-09-07 08:59:59.999000+00:00,400164884.146556,168331,3470.08995,179016009.705537,0
2021-09-07 09:00:00+00:00,51192.7,51463.4,50402.0,50860.5,6998.79171,2021-09-07 09:59:59.999000+00:00,356789463.334688,187939,3510.61124,178963605.1467075,0
2021-09-07 10:00:00+00:00,50860.5,51245.31,50803.32,51130.22,3744.70898,2021-09-07 10:59:59.999000+00:00,191084482.7900966,163062,2031.02483,103642555.8837096,0
2021-09-07 11:00:00+00:00,51130.22,51202.0,50912.01,50941.48,2566.77222,2021-09-07 11:59:59.999000+00:00,131069502.2507884,79574,1274.37548,65086920.0417402,0
2021-09-07 12:00:00+00:00,50943.75,51124.91,50660.22,50984.89,3225.01112,2021-09-07 12:59:59.999000+00:00,164132508.0592652,92489,1675.87494,85288872.3991274,0
2021-09-07 13:00:00+00:00,50985.27,51080.0,50559.13,50590.54,2582.63062,2021-09-07 13:59:59.999000+00:00,131421588.400593,82306,1226.53922,62424344.9560777,0
2021-09-07 14:00:00+00:00,50590.55,50789.0,47300.0,47374.1,15798.199276,2021-09-07 14:59:59.999000+00:00,783162527.6159549,393906,7430.36644,369060902.2097942,0
2021-09-07 15:00:00+00:00,47300.0,48915.62,42843.05,46656.07,29942.698524,2021-09-07 15:59:59.999000+00:00,1389399968.547776,716399,12851.069518,597266719.7446256,0
2021-09-07 16:00:00+00:00,46656.07,47544.93,46294.33,47425.0,9031.54319,2021-09-07 16:59:59.999000+00:00,424675395.05579233,226396,4548.17413,213843539.76260152,0
2021-09-07 17:00:00+00:00,47424.99,47539.38,46569.62,46606.44,5333.60966,2021-09-07 17:59:59.999000+00:00,250903066.4518022,154430,2446.50802,115100835.7455741,0
2021-09-07 18:00:00+00:00,46606.44,47350.0,45901.57,46922.02,6073.41925,2021-09-07 18:59:59.999000+00:00,283503369.62658954,167292,2935.56091,137098981.1111063,0
2021-09-07 19:00:00+00:00,46922.02,47240.04,46515.68,46694.59,2513.80486,2021-09-07 19:59:59.999000+00:00,117936708.871138,83161,1220.24093,57254878.7201597,0
2021-09-07 20:00:00+00:00,46691.58,47140.54,46271.05,46795.28,3610.40023,2021-09-07 20:59:59.999000+00:00,168689553.7488011,93550,1789.01857,83571683.0006761,0
2021-09-07 21:00:00+00:00,46795.28,46949.33,46080.01,46550.0,2456.28094,2021-09-07 21:59:59.999000+00:00,114068019.8256789,79614,1202.50883,55867391.1269428,0
2021-09-07 22:00:00+00:00,46549.99,47000.0,46306.29,46777.03,2254.48208,2021-09-07 22:59:59.999000+00:00,105394488.8717791,67181,1185.01793,55381557.7373534,0
2021-09-07 23:00:00+00:00,46777.03,47186.3,46447.56,46863.73,2656.86981,2021-09-07 23:59:59.999000+00:00,124487393.4025466,64881,1196.16247,56008886.9357704,0
2021-09-08 00:00:00+00:00,46868.57,47110.0,46412.98,47035.99,2796.57153,2021-09-08 00:59:59.999000+00:00,130908008.940467,67638,1334.92204,62497108.9134664,0
2021-09-08 01:00:00+00:00,47030.55,47197.72,46701.63,47186.29,1541.42796,2021-09-08 01:59:59.999000+00:00,72343277.8787307,51200,767.90446,36038106.9377862,0
2021-09-08 02:00:00+00:00,47186.28,47340.99,47047.07,47055.5,1871.49263,2021-09-08 02:59:59.999000+00:00,88306802.4444864,58380,927.07873,43744206.2966134,0
2021-09-08 03:00:00+00:00,47055.49,47124.76,46234.29,46450.41,2694.82131,2021-09-08 03:59:59.999000+00:00,125491797.9289791,64713,1378.42317,64174837.9924046,0
2021-09-08 04:00:00+00:00,46450.4,46825.5,46292.59,46432.12,1725.45336,2021-09-08 04:59:59.999000+00:00,80442490.5885411,51656,868.6479,40502045.3338538,0
2021-09-08 05:00:00+00:00,46432.11,46697.49,45958.18,46074.84,2384.95767,2021-09-08 05:59:59.999000+00:00,110544103.0918384,63739,1091.41744,50609419.8335085,0
2021-09-08 06:00:00+00:00,46074.41,46386.0,45007.0,45150.01,6670.89016,2021-09-08 06:59:59.999000+00:00,304108568.4208044,150789,3401.14293,155113540.0622575,0
2021-09-08 07:00:00+00:00,45150.01,45550.0,45025.04,45080.3,3900.7673,2021-09-08 07:59:59.999000+00:00,176830199.9663901,111513,1908.07761,86502737.0993641,0
2021-09-08 08:00:00+00:00,45075.72,46033.62,44412.02,45983.62,6435.75004,2021-09-08 08:59:59.999000+00:00,290756320.505299,155623,3073.11092,138981593.6715847,0
2021-09-08 09:00:00+00:00,45983.61,46375.42,45727.0,46260.13,3159.86559,2021-09-08 09:59:59.999000+00:00,145450808.3862597,82908,1531.77488,70527945.045618,0
2021-09-08 10:00:00+00:00,46260.13,46594.01,45800.0,46463.7,2750.3231,2021-09-08 10:59:59.999000+00:00,126970848.2554666,73112,1302.56837,60144317.5998115,0
2021-09-08 11:00:00+00:00,46463.69,46780.0,46340.0,46394.09,2719.5083,2021-09-08 11:59:59.999000+00:00,126519370.7869404,73145,1343.67839,62517898.2202202,0
2021-09-08 12:00:00+00:00,46394.82,46700.0,46114.66,46254.25,2508.91836,2021-09-08 12:59:59.999000+00:00,116616279.1397497,69422,1227.66452,57068568.8504768,0
2021-09-08 13:00:00+00:00,46254.26,46900.0,45583.0,46315.68,3562.60497,2021-09-08 13:59:59.999000+00:00,164926925.3685204,111895,1769.07183,81921845.5595372,0
2021-09-08 14:00:00+00:00,46315.67,46374.1,45648.53,45821.2,2703.6565,2021-09-08 14:59:59.999000+00:00,124422742.8134322,73630,1374.72096,63252188.8217195,0
2021-09-08 15:00:00+00:00,45821.2,46461.42,45760.02,46087.35,2490.9493,2021-09-08 15:59:59.999000+00:00,114802556.7871564,70569,1227.1151,56550153.647567,0
2021-09-08 16:00:00+00:00,46082.9,46530.0,45860.01,46423.64,2404.10067,2021-09-08 16:59:59.999000+00:00,111196760.4619283,70841,1226.68286,56741384.0701751,0
2021-09-08 17:00:00+00:00,46425.97,46434.52,45991.28,46200.19,1731.17296,2021-09-08 17:59:59.999000+00:00,80001237.2932002,55141,812.12057,37522159.7573461,0
2021-09-08 18:00:00+00:00,46200.2,46496.7,46090.0,46496.7,1493.18177,2021-09-08 18:59:59.999000+00:00,69130168.7144128,54132,761.76065,35270419.0566522,0
2021-09-08 19:00:00+00:00,46496.7,46500.0,46250.0,46436.32,1627.93671,2021-09-08 19:59:59.999000+00:00,75489145.5013065,50649,782.59794,36285204.1113513,0
2021-09-08 20:00:00+00:00,46436.31,46440.85,45827.9,46041.34,1778.29831,2021-09-08 20:59:59.999000+00:00,81878241.4439515,55417,837.25093,38543963.0513041,0
2021-09-08 21:00:00+00:00,46041.35,46277.35,45920.99,46042.17,1418.82979,2021-09-08 21:59:59.999000+00:00,65454893.7883684,65728,665.8467,30721425.0138608,0
2021-09-08 22:00:00+00:00,46042.16,46779.0,45968.83,46596.71,2521.35854,2021-09-08 22:59:59.999000+00:00,117345177.8675739,61114,1252.72009,58288311.0692122,0
2021-09-08 23:00:00+00:00,46596.71,46678.31,45960.0,46048.31,2176.47837,2021-09-08 23:59:59.999000+00:00,100669067.5651573,53147,930.44861,43025228.2521823,0
2021-09-09 00:00:00+00:00,46048.31,46374.23,45858.36,46339.63,2940.09539,2021-09-09 00:59:59.999000+00:00,135516317.9708609,66992,1413.71452,65172232.6568391,0
2021-09-09 01:00:00+00:00,46339.62,46349.02,45892.03,46097.58,1717.61954,2021-09-09 01:59:59.999000+00:00,79147674.4465064,44734,759.872,35014221.8637403,0
2021-09-09 02:00:00+00:00,46099.7,46265.26,45701.0,45739.96,1938.23166,2021-09-09 02:59:59.999000+00:00,89129804.7762014,53278,845.4168,38884937.5286421,0
2021-09-09 03:00:00+00:00,45739.97,46087.3,45513.08,46001.11,2009.47151,2021-09-09 03:59:59.999000+00:00,92217527.9908982,53908,1009.8299,46345290.6944522,0
2021-09-09 04:00:00+00:00,46001.16,46320.1,45922.53,46165.24,1617.96589,2021-09-09 04:59:59.999000+00:00,74664373.9991381,47611,843.80265,38941488.6981694,0
2021-09-09 05:00:00+00:00,46165.23,46338.41,46008.29,46304.44,1457.20474,2021-09-09 05:59:59.999000+00:00,67338342.9667116,46639,663.70041,30671178.1496527,0
2021-09-09 06:00:00+00:00,46304.45,46358.4,46030.82,46146.44,1364.3252,2021-09-09 06:59:59.999000+00:00,63013154.0774753,45011,646.20613,29847761.8618529,0
2021-09-09 07:00:00+00:00,46146.44,46313.82,45883.42,46275.0,1712.27781,2021-09-09 07:59:59.999000+00:00,78987720.9646156,49322,789.25858,36416894.393515,0
2021-09-09 08:00:00+00:00,46275.01,46560.0,46159.01,46272.06,2696.73561,2021-09-09 08:59:59.999000+00:00,125074850.853205,72048,1230.75442,57087310.1459579,0
2021-09-09 09:00:00+00:00,46272.07,46394.4,46111.11,46160.88,1716.49456,2021-09-09 09:59:59.999000+00:00,79437967.2345505,47941,778.22138,36015323.8574517,0
2021-09-09 10:00:00+00:00,46160.88,46183.09,45888.38,46153.01,2457.00693,2021-09-09 10:59:59.999000+00:00,113150919.1839282,62158,1172.07771,53981629.3079963,0
2021-09-09 11:00:00+00:00,46153.0,46414.14,46070.8,46293.15,1675.07936,2021-09-09 11:59:59.999000+00:00,77549696.8915265,45607,741.84775,34340585.5257831,0
2021-09-09 12:00:00+00:00,46293.15,46850.0,45599.0,46670.7,5376.08108,2021-09-09 12:59:59.999000+00:00,248274324.9042546,122392,2663.34556,123084250.0470184,0
2021-09-09 13:00:00+00:00,46670.71,47240.68,46654.03,46875.98,5060.29301,2021-09-09 13:59:59.999000+00:00,237915219.14719152,110157,2463.5515,115812932.2136176,0
2021-09-09 14:00:00+00:00,46875.97,47180.0,46872.8,46931.78,2239.01602,2021-09-09 14:59:59.999000+00:00,105296107.125649,59393,1010.54755,47519434.6356786,0
2021-09-09 15:00:00+00:00,46931.78,47044.31,46690.04,47001.65,1846.13244,2021-09-09 15:59:59.999000+00:00,86568789.4792811,82923,817.47873,38334315.690234,0
2021-09-09 16:00:00+00:00,47001.65,47399.97,46844.62,47202.76,2173.08872,2021-09-09 16:59:59.999000+00:00,102317807.3936017,110059,1100.0184,51804955.2998737,0
2021-09-09 17:00:00+00:00,47202.76,47263.37,46751.07,46766.32,1907.06244,2021-09-09 17:59:59.999000+00:00,89630288.3562228,72803,869.83373,40877196.3572924,0
2021-09-09 18:00:00+00:00,46766.31,46828.05,46460.87,46632.42,2270.31125,2021-09-09 18:59:59.999000+00:00,105909438.5449752,64919,1086.37996,50678955.8714781,0
2021-09-09 19:00:00+00:00,46632.41,46719.99,46487.66,46574.75,1420.22597,2021-09-09 19:59:59.999000+00:00,66180121.2969183,71086,712.14591,33186228.2255167,0
2021-09-09 20:00:00+00:00,46567.2,46646.56,46051.21,46252.36,2000.79739,2021-09-09 20:59:59.999000+00:00,92685097.6366431,98881,1014.15036,46976613.573021,0
2021-09-09 21:00:00+00:00,46252.35,46486.66,46206.77,46484.22,1094.06588,2021-09-09 21:59:59.999000+00:00,50738101.3061019,69994,582.92631,27032029.9846584,0
2021-09-09 22:00:00+00:00,46484.21,46567.73,46266.71,46512.15,1029.25193,2021-09-09 22:59:59.999000+00:00,47773912.4493122,35801,513.47935,23836310.0743578,0
2021-09-09 23:00:00+00:00,46512.15,46643.47,46285.96,46395.14,932.82569,2021-09-09 23:59:59.999000+00:00,43345424.5224721,33929,454.82842,21132614.2525322,0
2021-09-10 00:00:00+00:00,46395.14,46699.15,46262.01,46577.3,1433.34239,2021-09-10 00:59:59.999000+00:00,66616291.1687857,66235,750.91405,34897659.0136257,0
2021-09-10 01:00:00+00:00,46577.3,47033.0,46562.97,46894.74,2056.43472,2021-09-10 01:59:59.999000+00:00,96242523.0024707,65444,1045.68618,48939701.3919277,0
2021-09-10 02:00:00+00:00,46898.23,46980.0,46665.07,46677.56,1144.337,2021-09-10 02:59:59.999000+00:00,53584322.3222175,77938,581.24489,27220472.9290792,0
2021-09-10 03:00:00+00:00,46677.57,46727.66,46475.71,46719.71,1055.53128,2021-09-10 03:59:59.999000+00:00,49200661.3908382,44708,514.55723,23986780.8722228,0
2021-09-10 04:00:00+00:00,46719.71,46817.99,46546.72,46564.66,806.78298,2021-09-10 04:59:59.999000+00:00,37690041.1116314,30337,422.92344,19757666.4844424,0
2021-09-10 05:00:00+00:00,46564.66,46768.12,46314.64,46694.96,1533.31161,2021-09-10 05:59:59.999000+00:00,71310793.3082209,41548,717.6254,33379597.1381985,0
2021-09-10 06:00:00+00:00,46694.96,46715.54,46365.51,46391.95,1027.956,2021-09-10 06:59:59.999000+00:00,47821839.9965715,33981,463.89977,21581932.6556705,0
2021-09-10 07:00:00+00:00,46391.95,46484.97,45900.0,46160.55,2601.14459,2021-09-10 07:59:59.999000+00:00,120133394.2126131,100455,1213.93164,56071726.0536981,0
2021-09-10 08:00:00+00:00,46160.55,46359.0,45623.44,46000.0,2991.6152,2021-09-10 08:59:59.999000+00:00,137701183.3112251,83892,1339.23491,61650945.0311679,0
2021-09-10 09:00:00+00:00,46000.0,46338.53,45732.88,46219.36,2227.21855,2021-09-10 09:59:59.999000+00:00,102622203.8651773,88392,1119.40472,51577691.3228067,0
2021-09-10 10:00:00+00:00,46219.36,46381.98,46100.0,46243.29,1512.92309,2021-09-10 10:59:59.999000+00:00,69952371.272635,47286,830.11369,38383730.8043683,0
2021-09-10 11:00:00+00:00,46243.3,46390.0,45956.78,46331.86,1462.12139,2021-09-10 11:59:59.999000+00:00,67504901.7632269,44527,727.06857,33571931.0645472,0
2021-09-10 12:00:00+00:00,46331.85,46494.99,45840.32,45914.88,1707.61911,2021-09-10 12:59:59.999000+00:00,78773239.3880423,53874,823.47255,37999171.2394833,0
2021-09-10 13:00:00+00:00,45914.87,46232.47,45600.0,45845.35,2833.08928,2021-09-10 13:59:59.999000+00:00,129898205.2716336,74390,1571.53132,72055321.5764906,0
2021-09-10 14:00:00+00:00,45845.35,46106.75,44888.0,45152.79,6430.65169,2021-09-10 14:59:59.999000+00:00,291993126.8093932,180068,3223.26918,146400733.2146314,0
2021-09-10 15:00:00+00:00,45145.83,45623.17,44738.9,45420.86,3640.59075,2021-09-10 15:59:59.999000+00:00,164528907.0460382,101944,1950.54194,88168299.4831355,0
2021-09-10 16:00:00+00:00,45420.86,45542.44,45308.0,45473.4,1603.04294,2021-09-10 16:59:59.999000+00:00,72831264.7988744,52499,769.5366,34963559.3870025,0
2021-09-10 17:00:00+00:00,45473.41,45720.0,45380.0,45711.08,1398.77156,2021-09-10 17:59:59.999000+00:00,63739650.3886472,51304,713.93373,32533184.1079158,0
2021-09-10 18:00:00+00:00,45711.09,45819.93,45617.1,45708.78,1675.24583,2021-09-10 18:59:59.999000+00:00,76562864.0135254,46550,830.85815,37972294.5557756,0
2021-09-10 19:00:00+00:00,45708.79,45739.98,45461.86,45649.78,1048.51126,2021-09-10 19:59:59.999000+00:00,47824797.0093124,35856,527.15457,24043469.8676863,0
2021-09-10 20:00:00+00:00,45649.78,45831.0,45045.0,45066.83,1965.39859,2021-09-10 20:59:59.999000+00:00,89219037.2436646,49287,1014.32543,46037216.1520921,0
2021-09-10 21:00:00+00:00,45066.83,45266.92,44132.29,44592.91,2734.84489,2021-09-10 21:59:59.999000+00:00,122276009.5627802,86409,1246.02179,55716718.9293296,0
2021-09-10 22:00:00+00:00,44592.91,44881.75,44334.79,44471.77,2429.47581,2021-09-10 22:59:59.999000+00:00,108475263.2122307,63253,1070.68289,47795028.9644271,0
2021-09-10 23:00:00+00:00,44471.77,44877.36,44244.96,44850.91,1728.30567,2021-09-10 23:59:59.999000+00:00,77195734.5697611,49764,890.66535,39785901.6395186,0
2021-09-11 00:00:00+00:00,44842.2,45247.0,44722.22,45221.27,2020.80537,2021-09-11 00:59:59.999000+00:00,90974426.8151312,58434,1075.54167,48414163.4598534,0
2021-09-11 01:00:00+00:00,45221.28,45498.27,45174.99,45338.66,1308.8386,2021-09-11 01:59:59.999000+00:00,59369642.9641352,39699,616.38913,27959122.3314965,0
2021-09-11 02:00:00+00:00,45338.65,45451.85,45139.25,45280.71,1146.99593,2021-09-11 02:59:59.999000+00:00,51964100.3145567,35860,571.9019,25908195.1715479,0
2021-09-11 03:00:00+00:00,45280.7,45313.41,44870.29,45191.88,1174.29166,2021-09-11 03:59:59.999000+00:00,52934873.7566628,37919,605.36955,27284525.1672292,0
2021-09-11 04:00:00+00:00,45191.89,45469.85,45136.48,45303.43,846.36828,2021-09-11 04:59:59.999000+00:00,38337373.854177,31219,442.23947,20031435.9103916,0
2021-09-11 05:00:00+00:00,45302.2,45365.49,45001.01,45341.33,930.38344,2021-09-11 05:59:59.999000+00:00,42032900.7365163,32512,472.26547,21337032.8268935,0
2021-09-11 06:00:00+00:00,45341.33,45443.81,45164.98,45268.23,843.83892,2021-09-11 06:59:59.999000+00:00,38222534.3652112,30615,415.57353,18823910.6951289,0
2021-09-11 07:00:00+00:00,45268.24,45315.58,44765.52,45043.97,2418.08784,2021-09-11 07:59:59.999000+00:00,108705837.2994599,49308,1444.57735,64924793.1689272,0
2021-09-11 08:00:00+00:00,45043.97,45188.93,44835.29,45126.98,1098.03146,2021-09-11 08:59:59.999000+00:00,49425927.5069095,34347,591.91369,26646387.8754255,0
2021-09-11 09:00:00+00:00,45125.43,45488.56,44947.03,45475.74,1309.74648,2021-09-11 09:59:59.999000+00:00,59219241.0173599,41620,650.14681,29406634.8494226,0
2021-09-11 10:00:00+00:00,45475.74,45727.49,45414.33,45668.0,1709.67009,2021-09-11 10:59:59.999000+00:00,77949037.9333786,50097,853.3632,38906965.0273869,0
2021-09-11 11:00:00+00:00,45668.0,45689.2,45363.22,45555.04,1213.98867,2021-09-11 11:59:59.999000+00:00,55329940.924803,37327,490.24926,22348369.7027204,0
2021-09-11 12:00:00+00:00,45555.68,45796.93,45444.44,45569.28,1458.29244,2021-09-11 12:59:59.999000+00:00,66536994.5199126,46991,755.83081,34488847.5503824,0
2021-09-11 13:00:00+00:00,45569.27,45645.87,45379.64,45620.44,1178.92634,2021-09-11 13:59:59.999000+00:00,53674203.321761,60455,572.73259,26077304.5044278,0
2021-09-11 14:00:00+00:00,45618.6,45768.0,45527.38,45675.13,1363.69122,2021-09-11 14:59:59.999000+00:00,62267847.3112382,65765,630.70203,28797622.579262,0
2021-09-11 15:00:00+00:00,45675.14,45698.3,45494.6,45573.99,1046.19519,2021-09-11 15:59:59.999000+00:00,47678851.7709069,57888,461.37968,21026040.3967867,0
2021-09-11 16:00:00+00:00,45573.99,45987.93,45405.5,45853.71,1817.41954,2021-09-11 16:59:59.999000+00:00,83082431.4902474,62456,808.30216,36969887.0203282,0
2021-09-11 17:00:00+00:00,45853.71,45888.33,45609.0,45626.3,972.89628,2021-09-11 17:59:59.999000+00:00,44509099.0296644,34841,413.44067,18914427.8863351,0
2021-09-11 18:00:00+00:00,45626.55,45668.82,45468.8,45647.33,853.10149,2021-09-11 18:59:59.999000+00:00,38887748.739659,31098,430.18701,19611481.2148133,0
2021-09-11 19:00:00+00:00,45647.34,45707.91,45300.0,45357.06,1076.14067,2021-09-11 19:59:59.999000+00:00,48925496.9238405,37928,416.95773,18962000.9769552,0
2021-09-11 20:00:00+00:00,45360.57,45426.63,45150.0,45300.21,1436.43481,2021-09-11 20:59:59.999000+00:00,65023541.9343804,37450,586.16497,26539041.3632621,0
2021-09-11 21:00:00+00:00,45300.22,45450.0,45267.65,45380.0,718.64351,2021-09-11 21:59:59.999000+00:00,32600769.5041703,30710,373.69763,16953692.3251147,0
2021-09-11 22:00:00+00:00,45380.0,45382.47,45006.0,45088.95,1305.78746,2021-09-11 22:59:59.999000+00:00,58990622.6558857,35379,539.28529,24365019.484037,0
2021-09-11 23:00:00+00:00,45088.94,45221.84,44974.79,45173.69,1191.83241,2021-09-11 23:59:59.999000+00:00,53727319.322749,80972,586.131,26426168.0742404,0
2021-09-12 00:00:00+00:00,45173.68,45297.28,44769.5,44953.98,1785.16782,2021-09-12 00:59:59.999000+00:00,80320699.1060728,61030,718.57277,32347198.7207917,0
2021-09-12 01:00:00+00:00,44953.99,45014.79,44742.06,44949.97,1075.13326,2021-09-12 01:59:59.999000+00:00,48216673.2338369,29205,453.95915,20362605.4085541,0
2021-09-12 02:00:00+00:00,44949.98,45319.39,44907.09,45304.4,898.99359,2021-09-12 02:59:59.999000+00:00,40589825.6070557,29210,438.03634,19774837.4834419,0
2021-09-12 03:00:00+00:00,45304.4,45343.6,45198.93,45316.28,876.424,2021-09-12 03:59:59.999000+00:00,39675345.669485,24054,369.609,16732662.77126,0
2021-09-12 04:00:00+00:00,45316.27,45500.0,45222.17,45334.11,898.48597,2021-09-12 04:59:59.999000+00:00,40762093.5410411,28858,453.29708,20567626.379761,0
2021-09-12 05:00:00+00:00,45334.1,45492.71,45236.0,45365.05,770.52946,2021-09-12 05:59:59.999000+00:00,34978132.7881405,23459,383.64508,17414941.9513921,0
2021-09-12 06:00:00+00:00,45365.06,45438.58,45112.93,45150.33,764.18124,2021-09-12 06:59:59.999000+00:00,34592319.6670461,25150,314.23138,14224295.7899906,0
2021-09-12 07:00:00+00:00,45150.34,45383.77,45044.0,45357.02,1089.4532,2021-09-12 07:59:59.999000+00:00,49235804.7152891,33203,511.93879,23136524.1445019,0
2021-09-12 08:00:00+00:00,45357.03,46155.0,45301.1,46119.31,2901.42296,2021-09-12 08:59:59.999000+00:00,133033839.3531534,84234,1584.48378,72643351.9397602,0
2021-09-12 09:00:00+00:00,46123.91,46200.0,45834.96,45857.81,1502.08613,2021-09-12 09:59:59.999000+00:00,69141199.9379018,77880,703.95351,32409009.0388712,0
2021-09-12 10:00:00+00:00,45857.81,45984.97,45730.27,45944.77,1320.89394,2021-09-12 10:59:59.999000+00:00,60593243.354698,44735,753.55504,34570064.2424792,0
2021-09-12 11:00:00+00:00,45944.76,46085.91,45864.82,46085.9,1012.29549,2021-09-12 11:59:59.999000+00:00,46531280.5836057,44198,521.94846,23992366.759867,0
2021-09-12 12:00:00+00:00,46085.91,46161.51,45950.0,45995.06,1236.36987,2021-09-12 12:59:59.999000+00:00,56944847.7085507,49426,554.24119,25528433.3483349,0
2021-09-12 13:00:00+00:00,45995.05,46270.56,45738.0,45924.35,1601.88772,2021-09-12 13:59:59.999000+00:00,73678193.7290194,57731,760.4278,34975177.2873298,0
2021-09-12 14:00:00+00:00,45924.35,46019.07,45841.7,45870.32,1158.7334,2021-09-12 14:59:59.999000+00:00,53233485.7105584,54545,564.37949,25929545.4523024,0
2021-09-12 15:00:00+00:00,45870.31,45970.0,45744.24,45886.99,1092.17534,2021-09-12 15:59:59.999000+00:00,50119059.1726821,62762,542.05729,24875252.1538616,0
2021-09-12 16:00:00+00:00,45890.61,46146.89,45840.0,45881.19,1585.53145,2021-09-12 16:59:59.999000+00:00,72892278.9147183,42750,843.35094,38773899.2771573,0
2021-09-12 17:00:00+00:00,45881.19,45978.21,45839.72,45930.95,715.14846,2021-09-12 17:59:59.999000+00:00,32832133.4207987,31306,343.00207,15747225.4802788,0
2021-09-12 18:00:00+00:00,45930.94,45995.45,45802.89,45896.63,820.09333,2021-09-12 18:59:59.999000+00:00,37619922.8513652,31345,401.52745,18418498.4191772,0
2021-09-12 19:00:00+00:00,45896.64,45964.03,45761.01,45902.87,664.34431,2021-09-12 19:59:59.999000+00:00,30479121.9077297,26933,321.14779,14734487.7937582,0
2021-09-12 20:00:00+00:00,45902.87,46200.0,45000.68,45091.83,3229.03746,2021-09-12 20:59:59.999000+00:00,146868685.4562071,105690,1422.84777,64732593.0217214,0
2021-09-12 21:00:00+00:00,45089.99,45294.74,44900.0,45287.41,1793.73284,2021-09-12 21:59:59.999000+00:00,80860745.0843464,85942,1024.73441,46205074.8203559,0
2021-09-12 22:00:00+00:00,45287.4,45786.78,45264.8,45786.78,1341.53367,2021-09-12 22:59:59.999000+00:00,60977084.105091,58348,729.37026,33157617.9970202,0
2021-09-12 23:00:00+00:00,45786.78,46460.0,45786.78,46025.24,1960.62561,2021-09-12 23:59:59.999000+00:00,90604904.6015882,67814,1021.1342,47182723.076897,0
2021-09-13 00:00:00+00:00,46025.23,46285.71,45932.2,46046.28,1324.85241,2021-09-13 00:59:59.999000+00:00,61082377.9016006,44734,675.49144,31142325.4947822,0
2021-09-13 01:00:00+00:00,46046.28,46100.0,45101.78,45177.19,2071.07142,2021-09-13 01:59:59.999000+00:00,94083069.7078333,58800,972.67836,44170144.2199717,0
2021-09-13 02:00:00+00:00,45177.19,45273.5,44817.41,44960.37,2346.18701,2021-09-13 02:59:59.999000+00:00,105678389.308347,63585,1067.75511,48102520.892614,0
2021-09-13 03:00:00+00:00,44960.37,45134.35,44555.0,44617.79,1979.42115,2021-09-13 03:59:59.999000+00:00,88843186.8279813,70590,916.5981,41149960.7186082,0
2021-09-13 04:00:00+00:00,44614.68,44765.0,44480.0,44711.0,3001.01527,2021-09-13 04:59:59.999000+00:00,133957699.8838769,104187,1349.51474,60239652.1406663,0
2021-09-13 05:00:00+00:00,44711.0,44974.19,44315.0,44745.14,3231.29934,2021-09-13 05:59:59.999000+00:00,144297752.1464825,76314,1472.70668,65756590.5354751,0
2021-09-13 06:00:00+00:00,44745.14,44906.68,44594.74,44813.5,1743.29632,2021-09-13 06:59:59.999000+00:00,78001032.7977217,41326,764.25014,34201474.5202121,0
2021-09-13 07:00:00+00:00,44813.5,44893.1,44174.0,44470.63,3013.59918,2021-09-13 07:59:59.999000+00:00,133943856.7558889,79256,1404.79023,62426297.7906499,0
2021-09-13 08:00:00+00:00,44470.62,44561.53,44164.2,44395.0,2301.39591,2021-09-13 08:59:59.999000+00:00,102082839.3536671,62123,1091.55528,48419121.9312835,0
2021-09-13 09:00:00+00:00,44395.0,44654.87,44344.67,44509.87,1640.31493,2021-09-13 09:59:59.999000+00:00,72963726.6813716,44690,803.41914,35737867.5775621,0
2021-09-13 10:00:00+00:00,44509.87,44770.93,44468.58,44691.66,1253.01462,2021-09-13 10:59:59.999000+00:00,55906080.3927864,38709,630.36242,28125832.308898,0
2021-09-13 11:00:00+00:00,44691.66,44915.0,44170.01,44859.24,2698.2446,2021-09-13 11:59:59.999000+00:00,120381869.5962677,62413,1276.92216,56989795.4712827,0
2021-09-13 12:00:00+00:00,44859.24,45006.0,44500.0,44629.42,2336.49838,2021-09-13 12:59:59.999000+00:00,104645205.7311456,53980,1074.41157,48125044.7697728,0
2021-09-13 13:00:00+00:00,44629.42,46880.0,44565.86,46140.01,8396.49203,2021-09-13 13:59:59.999000+00:00,385343590.3127436,188824,4417.14101,202739787.6414598,0
2021-09-13 14:00:00+00:00,46140.01,46249.37,43370.0,43933.32,13849.29924,2021-09-13 14:59:59.999000+00:00,613553474.6508828,301219,6958.66874,308296207.2950414,0
2021-09-13 15:00:00+00:00,43933.32,44533.33,43858.0,44361.31,3028.82899,2021-09-13 15:59:59.999000+00:00,133940380.0803047,73629,1464.15211,64759579.6346416,0
2021-09-13 16:00:00+00:00,44361.97,44454.91,44167.01,44434.98,1704.12084,2021-09-13 16:59:59.999000+00:00,75487301.9913337,49727,854.88824,37870591.4135382,0
2021-09-13 17:00:00+00:00,44434.97,44561.52,44310.01,44461.74,1345.86706,2021-09-13 17:59:59.999000+00:00,59823806.7594544,38630,653.92533,29067525.3567781,0
2021-09-13 18:00:00+00:00,44461.74,44740.45,44304.48,44705.37,1370.57903,2021-09-13 18:59:59.999000+00:00,61085932.0434832,42678,700.20474,31202968.9341235,0
2021-09-13 19:00:00+00:00,44707.85,44813.55,44605.2,44741.66,1251.2415,2021-09-13 19:59:59.999000+00:00,55944810.5253394,34361,605.5718,27078181.2084064,0
2021-09-13 20:00:00+00:00,44741.66,45260.0,44738.34,45168.52,1508.1351,2021-09-13 20:59:59.999000+00:00,67751555.2180902,42586,819.16634,36814215.773108,0
2021-09-13 21:00:00+00:00,45174.25,45500.0,44910.93,45100.89,1645.11076,2021-09-13 21:59:59.999000+00:00,74305411.2801951,52525,866.09962,39114423.0257963,0
2021-09-13 22:00:00+00:00,45100.88,45222.22,44931.71,45055.36,1202.60166,2021-09-13 22:59:59.999000+00:00,54189257.3026402,46939,576.09272,25959495.2575273,0
2021-09-13 23:00:00+00:00,45055.36,45131.0,44784.03,44940.73,1186.66381,2021-09-13 23:59:59.999000+00:00,53375511.0121962,31687,624.6937,28097354.8676689,0
2021-09-14 00:00:00+00:00,44940.72,45300.0,44594.44,45168.69,1879.67913,2021-09-14 00:59:59.999000+00:00,84548548.9712903,54111,930.94649,41865595.7194854,0
2021-09-14 01:00:00+00:00,45168.7,45363.93,45088.7,45132.78,960.62656,2021-09-14 01:59:59.999000+00:00,43426784.6832708,30623,436.21861,19722826.2628103,0
2021-09-14 02:00:00+00:00,45132.82,45185.45,44976.84,45024.31,1059.00326,2021-09-14 02:59:59.999000+00:00,47717248.819202,29041,456.1246,20552433.4259315,0
2021-09-14 03:00:00+00:00,45024.3,45289.46,45010.0,45186.85,978.27645,2021-09-14 03:59:59.999000+00:00,44180062.015953,28532,458.87113,20722067.9505498,0
2021-09-14 04:00:00+00:00,45186.85,45320.0,45059.61,45083.6,965.00333,2021-09-14 04:59:59.999000+00:00,43641686.5219109,30105,462.03099,20894222.4828143,0
2021-09-14 05:00:00+00:00,45083.6,45256.04,45050.1,45237.46,822.08206,2021-09-14 05:59:59.999000+00:00,37121765.7318541,27599,390.11902,17616809.212449,0
2021-09-14 06:00:00+00:00,45237.47,45712.76,45148.56,45603.52,2069.03178,2021-09-14 06:59:59.999000+00:00,93847314.9432274,54043,1087.94016,49350873.965019,0
2021-09-14 07:00:00+00:00,45603.53,45881.6,45603.52,45720.02,2060.69194,2021-09-14 07:59:59.999000+00:00,94240777.5695779,52090,1022.42817,46760453.9110669,0
2021-09-14 08:00:00+00:00,45720.03,46048.49,45678.01,45961.72,2022.26617,2021-09-14 08:59:59.999000+00:00,92750667.7617648,51166,1035.49234,47494267.9632579,0
2021-09-14 09:00:00+00:00,45961.71,46178.43,45729.52,45836.71,1806.28721,2021-09-14 09:59:59.999000+00:00,82965837.1082467,47887,858.85279,39451265.4215189,0
2021-09-14 10:00:00+00:00,45836.71,46074.83,45800.22,46027.93,1164.21955,2021-09-14 10:59:59.999000+00:00,53447964.0756657,35677,587.17801,26957583.1377047,0
2021-09-14 11:00:00+00:00,46027.93,46141.78,45860.02,45973.8,1098.51827,2021-09-14 11:59:59.999000+00:00,50507382.1308753,33750,477.41701,21950549.3788926,0
2021-09-14 12:00:00+00:00,45973.79,46600.0,45756.16,46532.99,3811.73676,2021-09-14 12:59:59.999000+00:00,176331854.6315892,87752,1971.15105,91207894.0428149,0
2021-09-14 13:00:00+00:00,46533.0,46750.0,46319.24,46419.24,3593.125,2021-09-14 13:59:59.999000+00:00,167281217.1982091,85845,1710.66568,79640216.572067,0
2021-09-14 14:00:00+00:00,46419.34,46577.19,46052.15,46564.5,2480.95186,2021-09-14 14:59:59.999000+00:00,114927131.7553496,65618,1103.33205,51121339.7604151,0
2021-09-14 15:00:00+00:00,46564.49,46950.0,46557.12,46754.42,4154.16837,2021-09-14 15:59:59.999000+00:00,194287646.68943512,95855,2176.40894,101793922.8674272,0
2021-09-14 16:00:00+00:00,46754.43,46888.88,46512.95,46587.81,1704.08873,2021-09-14 16:59:59.999000+00:00,79580057.5024066,61844,807.93536,37728375.6957165,0
2021-09-14 17:00:00+00:00,46587.81,46793.71,46444.44,46739.74,1506.05693,2021-09-14 17:59:59.999000+00:00,70207183.7703475,41167,777.49805,36251108.0148032,0
2021-09-14 18:00:00+00:00,46739.75,46739.75,46331.01,46507.9,2023.5627,2021-09-14 18:59:59.999000+00:00,94097072.5766991,51001,908.31939,42239257.4466551,0
2021-09-14 19:00:00+00:00,46507.9,46650.01,46431.08,46474.89,1175.74932,2021-09-14 19:59:59.999000+00:00,54691861.71358,39761,585.13583,27218110.7823181,0
2021-09-14 20:00:00+00:00,46474.89,46964.9,46455.66,46792.97,1877.40266,2021-09-14 20:59:59.999000+00:00,87705234.0646351,43080,896.67373,41891406.4325642,0
2021-09-14 21:00:00+00:00,46793.49,46839.47,46376.99,46628.94,1218.38997,2021-09-14 21:59:59.999000+00:00,56801714.9412121,49166,598.6094,27907250.9156165,0
2021-09-14 22:00:00+00:00,46628.95,47249.45,46574.13,47182.69,2985.36966,2021-09-14 22:59:59.999000+00:00,140250215.7852746,69954,1739.47979,81728603.916382,0
2021-09-14 23:00:00+00:00,47182.68,47250.0,46883.52,47111.52,1439.56332,2021-09-14 23:59:59.999000+00:00,67702288.1003428,44591,703.6379,33090112.4406383,0
2021-09-15 00:00:00+00:00,47103.28,47369.17,46938.22,47155.08,2756.95471,2021-09-15 00:59:59.999000+00:00,129992501.5904023,67474,1425.48134,67213796.2743473,0
2021-09-15 01:00:00+00:00,47155.09,47470.0,46978.29,47050.73,1763.78321,2021-09-15 01:59:59.999000+00:00,83273715.5867909,53014,830.57759,39220886.9036322,0
2021-09-15 02:00:00+00:00,47050.73,47213.62,46972.58,47175.98,1006.94011,2021-09-15 02:59:59.999000+00:00,47422053.041656,36974,471.18495,22190976.6735273,0
2021-09-15 03:00:00+00:00,47175.99,47200.0,46950.0,47075.48,1384.2843,2021-09-15 03:59:59.999000+00:00,65192621.0082872,56099,711.84782,33521780.5300642,0
2021-09-15 04:00:00+00:00,47075.47,47124.95,46831.78,46867.71,1200.20386,2021-09-15 04:59:59.999000+00:00,56430389.5609704,31821,529.29556,24888369.7344852,0
2021-09-15 05:00:00+00:00,46867.71,47099.98,46788.0,46893.37,1331.6738,2021-09-15 05:59:59.999000+00:00,62522682.1468147,34351,524.49476,24624278.6271761,0
2021-09-15 06:00:00+00:00,46893.37,47031.87,46682.32,46914.99,1461.93556,2021-09-15 06:59:59.999000+00:00,68527767.3018515,41640,730.1451,34226285.6797671,0
2021-09-15 07:00:00+00:00,46915.0,47221.54,46862.4,47172.84,1213.53468,2021-09-15 07:59:59.999000+00:00,57128641.953655,39780,608.3104,28637821.7319456,0
2021-09-15 08:00:00+00:00,47172.84,47317.7,47013.0,47055.86,1801.71497,2021-09-15 08:59:59.999000+00:00,85022916.1293519,44542,807.41944,38103954.2367697,0
2021-09-15 09:00:00+00:00,47055.87,47289.14,47043.07,47124.38,1522.40075,2021-09-15 09:59:59.999000+00:00,71760158.3312946,37269,805.51885,37970948.3589524,0
2021-09-15 10:00:00+00:00,47124.39,47699.0,47114.76,47605.35,2974.98479,2021-09-15 10:59:59.999000+00:00,141213081.0085549,73214,1699.88422,80665703.1646113,0
2021-09-15 11:00:00+00:00,47605.34,47653.99,47331.53,47560.74,2010.30367,2021-09-15 11:59:59.999000+00:00,95488159.2055535,46603,896.64337,42591475.7415775,0
2021-09-15 12:00:00+00:00,47560.74,47664.98,47282.79,47397.8,1983.88842,2021-09-15 12:59:59.999000+00:00,94253276.8240586,46570,866.88787,41185358.6492203,0
2021-09-15 13:00:00+00:00,47397.79,47839.0,47333.16,47730.61,2156.53268,2021-09-15 13:59:59.999000+00:00,102711474.47887,59085,1123.59348,53514598.7982227,0
2021-09-15 14:00:00+00:00,47730.61,47895.0,47621.69,47860.32,2152.18152,2021-09-15 14:59:59.999000+00:00,102827804.5907875,56289,993.53527,47466859.463663,0
2021-09-15 15:00:00+00:00,47860.31,48370.31,47807.81,48288.0,4579.0204,2021-09-15 15:59:59.999000+00:00,220230346.7580385,106987,2265.92908,108986036.3611743,0
2021-09-15 16:00:00+00:00,48287.99,48429.87,48050.0,48056.51,2397.11462,2021-09-15 16:59:59.999000+00:00,115684244.7294777,62802,1028.8103,49652358.4703386,0
2021-09-15 17:00:00+00:00,48056.5,48257.44,47951.01,47980.67,1628.47755,2021-09-15 17:59:59.999000+00:00,78378397.6163789,44549,695.71858,33485166.9465453,0
2021-09-15 18:00:00+00:00,47982.53,48072.65,47835.36,48029.34,1675.36196,2021-09-15 18:59:59.999000+00:00,80362406.8552055,48052,829.79972,39806379.6639631,0
2021-09-15 19:00:00+00:00,48027.85,48144.0,47943.08,48075.44,1155.41557,2021-09-15 19:59:59.999000+00:00,55504791.6315299,34217,584.0225,28054708.6695191,0
2021-09-15 20:00:00+00:00,48075.44,48178.98,47900.0,47918.92,1123.22219,2021-09-15 20:59:59.999000+00:00,53953304.9895171,39650,458.5148,22025443.4416185,0
2021-09-15 21:00:00+00:00,47918.92,48250.01,47910.97,48167.62,1229.93654,2021-09-15 21:59:59.999000+00:00,59191921.7962137,39557,637.05587,30656465.1351853,0
2021-09-15 22:00:00+00:00,48167.61,48299.99,47983.31,48278.39,741.63953,2021-09-15 22:59:59.999000+00:00,35684935.7231201,30153,354.82663,17074627.1688763,0
2021-09-15 23:00:00+00:00,48278.38,48500.0,48009.48,48121.41,1953.20635,2021-09-15 23:59:59.999000+00:00,94238805.9855813,45358,1024.03785,49434033.3222287,0
2021-09-16 00:00:00+00:00,48121.4,48192.06,47841.5,47893.46,1520.96433,2021-09-16 00:59:59.999000+00:00,73003260.8598591,45785,680.12518,32649737.0472638,0
2021-09-16 01:00:00+00:00,47893.46,48077.51,47830.07,47970.16,1121.45363,2021-09-16 01:59:59.999000+00:00,53792646.816931,34244,545.29743,26156994.0537922,0
2021-09-16 02:00:00+00:00,47970.16,48088.0,47712.01,47915.97,1144.01038,2021-09-16 02:59:59.999000+00:00,54829858.2710332,37209,542.59709,26007273.5293214,0
2021-09-16 03:00:00+00:00,47915.98,47941.05,47337.58,47615.08,2620.73891,2021-09-16 03:59:59.999000+00:00,124602534.6148178,61207,1246.53872,59266120.9680401,0
2021-09-16 04:00:00+00:00,47615.07,48557.0,47583.11,48286.99,3264.2682,2021-09-16 04:59:59.999000+00:00,157267249.5089745,72683,1739.72827,83797272.0961125,0
2021-09-16 05:00:00+00:00,48287.0,48374.08,48176.29,48261.89,1252.58257,2021-09-16 05:59:59.999000+00:00,60491795.039602,41137,668.52458,32285971.7786267,0
2021-09-16 06:00:00+00:00,48261.9,48444.0,48251.67,48356.7,1312.63612,2021-09-16 06:59:59.999000+00:00,63454364.30994,34376,681.62821,32950006.3814785,0
2021-09-16 07:00:00+00:00,48356.69,48500.0,48327.54,48343.52,1446.83962,2021-09-16 07:59:59.999000+00:00,70020582.2508456,36759,739.57437,35793485.5257324,0
2021-09-16 08:00:00+00:00,48343.52,48356.01,48014.61,48083.19,1722.81029,2021-09-16 08:59:59.999000+00:00,82995864.9878477,46114,771.93401,37187893.9205885,0
2021-09-16 09:00:00+00:00,48083.19,48276.41,47839.24,47905.98,1401.33115,2021-09-16 09:59:59.999000+00:00,67372643.9903104,40956,615.55169,29599525.7257218,0
2021-09-16 10:00:00+00:00,47905.98,48050.0,47623.0,47822.45,1787.64108,2021-09-16 10:59:59.999000+00:00,85558500.3024946,50141,840.56539,40231532.752965,0
2021-09-16 11:00:00+00:00,47822.44,48045.77,47734.55,47895.01,1315.09326,2021-09-16 11:59:59.999000+00:00,63017313.5969884,42752,573.17159,27465694.0542747,0
2021-09-16 12:00:00+00:00,47895.01,48165.0,47743.52,48037.0,1834.05284,2021-09-16 12:59:59.999000+00:00,87990739.0385587,51584,909.21387,43621370.5451,0
2021-09-16 13:00:00+00:00,48037.0,48097.03,47449.05,47454.55,2462.5924,2021-09-16 13:59:59.999000+00:00,117519494.5363204,70073,1149.37633,54852890.8349949,0
2021-09-16 14:00:00+00:00,47458.7,47715.0,47211.35,47588.84,2860.47749,2021-09-16 14:59:59.999000+00:00,135841377.2460865,81970,1431.0453,67961040.3916885,0
2021-09-16 15:00:00+00:00,47588.83,48226.38,47416.7,48020.24,2544.78022,2021-09-16 15:59:59.999000+00:00,121854428.9598952,71082,1266.98158,60668614.1551658,0
2021-09-16 16:00:00+00:00,48020.24,48166.66,47916.39,47950.0,1481.51756,2021-09-16 16:59:59.999000+00:00,71163170.6808355,50123,683.53311,32834280.0470631,0
2021-09-16 17:00:00+00:00,47950.01,48030.0,47368.08,47397.43,1692.51891,2021-09-16 17:59:59.999000+00:00,80728697.0582247,50748,807.75391,38531725.9274081,0
2021-09-16 18:00:00+00:00,47397.43,47655.99,47269.0,47655.99,1714.56294,2021-09-16 18:59:59.999000+00:00,81393333.4950164,45483,901.87579,42813812.5352243,0
2021-09-16 19:00:00+00:00,47655.99,47736.0,47420.36,47430.01,953.34472,2021-09-16 19:59:59.999000+00:00,45420015.4207828,39305,471.31343,22456933.4314817,0
2021-09-16 20:00:00+00:00,47430.0,47537.25,47021.1,47146.62,2233.71703,2021-09-16 20:59:59.999000+00:00,105598022.7183402,62264,1079.60609,51045182.2912445,0
2021-09-16 21:00:00+00:00,47146.62,47690.11,47085.57,47669.5,1373.06268,2021-09-16 21:59:59.999000+00:00,65136533.5473047,45839,701.57446,33279873.5156874,0
2021-09-16 22:00:00+00:00,47669.51,47774.89,47524.92,47638.42,793.48497,2021-09-16 22:59:59.999000+00:00,37803828.0672695,32525,394.40225,18789914.1818443,0
2021-09-16 23:00:00+00:00,47638.41,47942.41,47575.15,47737.82,870.60765,2021-09-16 23:59:59.999000+00:00,41590977.5924389,31770,465.87886,22255837.1210815,0
2021-09-17 00:00:00+00:00,47737.81,47880.0,47499.04,47499.99,1128.42949,2021-09-17 00:59:59.999000+00:00,53814379.0351754,40965,538.73521,25694693.8905751,0
2021-09-17 01:00:00+00:00,47499.99,48094.26,47450.44,48028.01,1699.25141,2021-09-17 01:59:59.999000+00:00,81343225.0333804,43382,894.96902,42841676.2511792,0
2021-09-17 02:00:00+00:00,48028.02,48076.43,47728.0,47744.27,830.23343,2021-09-17 02:59:59.999000+00:00,39736245.3247769,30835,385.79292,18466135.0097059,0
2021-09-17 03:00:00+00:00,47744.27,48069.99,47715.35,47899.83,833.45848,2021-09-17 03:59:59.999000+00:00,39924577.8981348,33444,428.79291,20543380.3652502,0
2021-09-17 04:00:00+00:00,47899.83,48132.82,47741.66,48071.87,1227.25857,2021-09-17 04:59:59.999000+00:00,58817106.8798573,41719,644.43775,30890328.6120546,0
2021-09-17 05:00:00+00:00,48071.14,48150.0,47940.12,48044.84,977.93692,2021-09-17 05:59:59.999000+00:00,46982433.3138397,43179,508.67504,24438597.4814095,0
2021-09-17 06:00:00+00:00,48040.18,48099.62,47809.84,48057.62,1238.99406,2021-09-17 06:59:59.999000+00:00,59366146.2833493,39768,549.95551,26353057.7445503,0
2021-09-17 07:00:00+00:00,48057.62,48130.0,47652.51,47719.73,1271.02212,2021-09-17 07:59:59.999000+00:00,60896929.7748564,41326,635.96908,30469360.1189463,0
2021-09-17 08:00:00+00:00,47719.73,47986.78,47644.36,47915.56,1242.01098,2021-09-17 08:59:59.999000+00:00,59450581.1881446,44290,571.01735,27330944.425458,0
2021-09-17 09:00:00+00:00,47915.57,47989.2,47700.0,47720.99,1332.28594,2021-09-17 09:59:59.999000+00:00,63713308.6690278,46909,549.39978,26271546.0712013,0
2021-09-17 10:00:00+00:00,47721.0,47782.24,47324.87,47454.4,2501.99607,2021-09-17 10:59:59.999000+00:00,118956224.995396,71873,1111.90257,52867923.353309,0
2021-09-17 11:00:00+00:00,47454.4,47789.87,47278.9,47403.56,2191.91984,2021-09-17 11:59:59.999000+00:00,104106629.2649498,59795,1111.86323,52820463.1615113,0
2021-09-17 12:00:00+00:00,47403.56,47529.35,47222.13,47464.92,2007.36635,2021-09-17 12:59:59.999000+00:00,95091125.961888,59945,1120.47327,53073712.9315302,0
2021-09-17 13:00:00+00:00,47464.92,47464.92,47126.1,47240.34,1559.09207,2021-09-17 13:59:59.999000+00:00,73784194.3598194,41645,671.73042,31789247.9346476,0
2021-09-17 14:00:00+00:00,47240.33,47563.98,47214.93,47489.37,1224.17552,2021-09-17 14:59:59.999000+00:00,58043818.3379987,37799,608.50143,28852234.1010111,0
2021-09-17 15:00:00+00:00,47489.36,47656.35,47425.85,47527.52,1086.55515,2021-09-17 15:59:59.999000+00:00,51629635.1859087,32682,494.77931,23511387.308263,0
2021-09-17 16:00:00+00:00,47527.52,47730.0,47353.69,47619.14,1270.69643,2021-09-17 16:59:59.999000+00:00,60441519.0396055,38226,619.13511,29449299.9712982,0
2021-09-17 17:00:00+00:00,47619.15,47672.41,47213.0,47247.38,860.83124,2021-09-17 17:59:59.999000+00:00,40842765.8059287,29744,373.48215,17722243.7016108,0
2021-09-17 18:00:00+00:00,47247.39,47333.05,46750.47,47195.51,3086.01308,2021-09-17 18:59:59.999000+00:00,145044661.5332353,70923,1474.09947,69274512.339828,0
2021-09-17 19:00:00+00:00,47195.5,47543.0,47073.26,47501.68,1108.52147,2021-09-17 19:59:59.999000+00:00,52410172.0104403,33334,528.17625,24970791.8559529,0
2021-09-17 20:00:00+00:00,47501.68,47578.94,46966.0,46970.96,1201.16662,2021-09-17 20:59:59.999000+00:00,56775767.8960446,33944,486.34719,22982404.5216093,0
2021-09-17 21:00:00+00:00,46970.96,47285.13,46699.56,47269.29,2007.09286,2021-09-17 21:59:59.999000+00:00,94361218.269583,48515,1106.50395,52035883.9036014,0
2021-09-17 22:00:00+00:00,47269.28,47440.01,46913.51,46968.29,1671.59204,2021-09-17 22:59:59.999000+00:00,78975990.1965832,39829,750.11816,35421860.4007676,0
2021-09-17 23:00:00+00:00,46968.29,47312.24,46889.05,47299.98,904.02762,2021-09-17 23:59:59.999000+00:00,42613393.1549139,29897,434.60454,20491758.9580769,0
2021-09-18 00:00:00+00:00,47299.98,47382.23,47035.56,47382.22,1082.09573,2021-09-18 00:59:59.999000+00:00,51086737.3639332,36021,528.8041,24968729.5242856,0
2021-09-18 01:00:00+00:00,47382.23,47688.0,47329.41,47597.33,1404.37615,2021-09-18 01:59:59.999000+00:00,66747636.8716111,33322,710.3364,33759911.6540663,0
2021-09-18 02:00:00+00:00,47597.34,47689.89,47529.69,47651.48,858.96048,2021-09-18 02:59:59.999000+00:00,40902175.5278168,27058,400.94699,19092473.6148384,0
2021-09-18 03:00:00+00:00,47651.47,47987.49,47651.47,47924.57,1218.81551,2021-09-18 03:59:59.999000+00:00,58275795.3708921,40600,667.08057,31894230.2614655,0
2021-09-18 04:00:00+00:00,47924.57,48339.0,47919.91,48329.3,2144.82043,2021-09-18 04:59:59.999000+00:00,103242878.865699,63161,1166.79837,56162902.4088677,0
2021-09-18 05:00:00+00:00,48329.3,48843.2,48283.27,48678.99,3815.55849,2021-09-18 05:59:59.999000+00:00,185239303.60682887,88485,2068.53794,100413813.92861,0
2021-09-18 06:00:00+00:00,48682.03,48767.33,48496.45,48590.87,1735.05071,2021-09-18 06:59:59.999000+00:00,84408499.6787168,53250,855.61084,41624913.044887,0
2021-09-18 07:00:00+00:00,48590.87,48730.0,48502.68,48622.01,1153.89895,2021-09-18 07:59:59.999000+00:00,56099482.2400648,39486,549.83833,26732232.6470072,0
2021-09-18 08:00:00+00:00,48622.01,48765.43,48571.27,48656.62,1291.43336,2021-09-18 08:59:59.999000+00:00,62853011.6023701,37301,600.77397,29238926.7900347,0
2021-09-18 09:00:00+00:00,48656.62,48824.54,48505.0,48613.88,1097.90343,2021-09-18 09:59:59.999000+00:00,53408849.5924114,35956,553.58743,26934028.9709966,0
2021-09-18 10:00:00+00:00,48613.88,48697.13,48547.52,48582.57,798.09742,2021-09-18 10:59:59.999000+00:00,38802093.4395118,29513,378.32967,18394932.26204,0
2021-09-18 11:00:00+00:00,48582.56,48645.94,48315.0,48367.16,1160.26272,2021-09-18 11:59:59.999000+00:00,56294826.4277175,37652,501.53488,24338622.5041685,0
2021-09-18 12:00:00+00:00,48367.16,48680.0,48249.88,48360.0,1490.40704,2021-09-18 12:59:59.999000+00:00,72225833.5779302,41120,769.97467,37311106.1252754,0
2021-09-18 13:00:00+00:00,48360.0,48544.63,48313.74,48447.0,852.53513,2021-09-18 13:59:59.999000+00:00,41286436.8103911,34968,414.99658,20097004.1533081,0
2021-09-18 14:00:00+00:00,48447.01,48520.01,48368.15,48474.0,958.66503,2021-09-18 14:59:59.999000+00:00,46452028.0638675,30200,512.3547,24824575.4279031,0
2021-09-18 15:00:00+00:00,48474.0,48540.0,48249.16,48414.99,920.00541,2021-09-18 15:59:59.999000+00:00,44549439.717783,33080,428.27023,20739809.0361594,0
2021-09-18 16:00:00+00:00,48414.99,48518.99,48155.1,48198.37,1210.98047,2021-09-18 16:59:59.999000+00:00,58496268.0250344,37835,491.84177,23757241.9290758,0
2021-09-18 17:00:00+00:00,48198.36,48371.82,48093.28,48333.02,1025.41957,2021-09-18 17:59:59.999000+00:00,49443574.0597442,35056,586.6397,28286479.0611926,0
2021-09-18 18:00:00+00:00,48333.02,48421.57,48222.27,48296.05,989.68411,2021-09-18 18:59:59.999000+00:00,47819400.652963,42425,438.3505,21179790.9693143,0
2021-09-18 19:00:00+00:00,48296.05,48296.06,48062.63,48266.0,939.02752,2021-09-18 19:59:59.999000+00:00,45235784.276836,35835,460.6605,22191844.0611257,0
2021-09-18 20:00:00+00:00,48266.0,48269.71,47800.51,47974.02,1841.21529,2021-09-18 20:59:59.999000+00:00,88291234.4613448,55675,809.93982,38827270.5947155,0
2021-09-18 21:00:00+00:00,47974.02,48100.0,47859.59,47874.92,764.28992,2021-09-18 21:59:59.999000+00:00,36691404.5228572,39237,349.96874,16801028.5818945,0
2021-09-18 22:00:00+00:00,47874.91,48084.18,47830.08,48038.33,768.10756,2021-09-18 22:59:59.999000+00:00,36855039.579968,33308,337.01653,16169490.0250798,0
2021-09-18 23:00:00+00:00,48038.34,48369.37,47950.56,48292.74,1384.85995,2021-09-18 23:59:59.999000+00:00,66753893.6151296,35802,637.71164,30734898.5231955,0
2021-09-19 00:00:00+00:00,48292.75,48372.83,47899.99,47932.01,1421.87334,2021-09-19 00:59:59.999000+00:00,68413601.9187862,37396,607.74882,29225504.9561295,0
2021-09-19 01:00:00+00:00,47932.0,47932.01,47591.83,47872.86,1564.36719,2021-09-19 01:59:59.999000+00:00,74741873.1418404,49310,677.07499,32354798.5623781,0
2021-09-19 02:00:00+00:00,47872.86,48015.25,47763.86,48007.06,723.33675,2021-09-19 02:59:59.999000+00:00,34652568.283458,22932,350.29451,16780467.4884716,0
2021-09-19 03:00:00+00:00,48007.06,48040.0,47780.81,47844.88,461.40938,2021-09-19 03:59:59.999000+00:00,22097691.997265,20133,226.2801,10837705.4291202,0
2021-09-19 04:00:00+00:00,47844.88,48035.99,47763.85,47846.11,704.28412,2021-09-19 04:59:59.999000+00:00,33705612.5542664,21219,377.22438,18052696.3845268,0
2021-09-19 05:00:00+00:00,47846.12,48024.64,47763.87,48003.63,618.49292,2021-09-19 05:59:59.999000+00:00,29630910.1696967,21676,337.23334,16155359.0974553,0
2021-09-19 06:00:00+00:00,48003.63,48140.02,47880.72,48129.12,937.49293,2021-09-19 06:59:59.999000+00:00,45027395.5237846,27184,491.72146,23615630.9534891,0
2021-09-19 07:00:00+00:00,48129.12,48218.97,47924.97,48157.7,857.30717,2021-09-19 07:59:59.999000+00:00,41237350.4090868,28303,389.96786,18757672.0360036,0
2021-09-19 08:00:00+00:00,48157.7,48315.78,48131.46,48259.7,1067.3304,2021-09-19 08:59:59.999000+00:00,51486740.1431099,32770,436.41862,21053427.6585247,0
2021-09-19 09:00:00+00:00,48259.71,48333.0,48070.0,48117.19,913.4217,2021-09-19 09:59:59.999000+00:00,44016779.5132783,36111,387.31527,18665222.6099259,0
2021-09-19 10:00:00+00:00,48117.19,48175.77,48050.0,48061.89,860.5299,2021-09-19 10:59:59.999000+00:00,41394302.2191036,36325,457.02897,21983870.4368691,0
2021-09-19 11:00:00+00:00,48061.89,48076.57,47180.32,47327.73,3154.71562,2021-09-19 11:59:59.999000+00:00,150108831.6354122,77077,1445.08051,68756878.1759243,0
2021-09-19 12:00:00+00:00,47327.73,47442.5,47069.01,47274.52,2390.44326,2021-09-19 12:59:59.999000+00:00,112977024.1133757,63082,1249.89843,59079796.2651783,0
2021-09-19 13:00:00+00:00,47274.53,47392.72,47200.76,47325.46,1001.93651,2021-09-19 13:59:59.999000+00:00,47405115.3350186,31704,482.92897,22849977.3962353,0
2021-09-19 14:00:00+00:00,47322.11,47710.0,47258.88,47580.0,1938.27768,2021-09-19 14:59:59.999000+00:00,92075999.9874317,41277,1062.73571,50481487.8714027,0
2021-09-19 15:00:00+00:00,47580.0,47770.0,47525.0,47646.72,1015.77642,2021-09-19 15:59:59.999000+00:00,48423592.8500698,38350,471.09483,22459071.2057097,0
2021-09-19 16:00:00+00:00,47646.71,47726.27,47487.74,47544.91,1432.68303,2021-09-19 16:59:59.999000+00:00,68203344.5939822,46174,742.17993,35324079.3347204,0
2021-09-19 17:00:00+00:00,47544.91,47655.0,47287.91,47359.99,1412.08283,2021-09-19 17:59:59.999000+00:00,66997310.5687894,41404,775.99236,36805435.5167732,0
2021-09-19 18:00:00+00:00,47359.99,47785.0,47291.66,47659.39,1325.6426,2021-09-19 18:59:59.999000+00:00,63061428.9909422,33366,602.03185,28642094.5791711,0
2021-09-19 19:00:00+00:00,47659.4,47749.99,47339.27,47376.72,1208.46321,2021-09-19 19:59:59.999000+00:00,57487599.8144524,33540,551.93167,26257883.8386457,0
2021-09-19 20:00:00+00:00,47376.72,47607.79,47260.0,47594.67,889.28657,2021-09-19 20:59:59.999000+00:00,42179807.2470413,28934,469.67356,22274671.0375396,0
2021-09-19 21:00:00+00:00,47594.66,47666.01,47354.39,47457.0,636.00827,2021-09-19 21:59:59.999000+00:00,30218692.3308908,25672,322.85982,15337682.2860272,0
2021-09-19 22:00:00+00:00,47457.0,47607.8,46829.18,47042.94,2371.33725,2021-09-19 22:59:59.999000+00:00,111729062.6805775,72396,972.51547,45819388.583543,0
2021-09-19 23:00:00+00:00,47042.93,47369.59,46973.18,47241.75,940.74444,2021-09-19 23:59:59.999000+00:00,44370243.4715465,43450,459.56836,21678932.3684184,0
2021-09-20 00:00:00+00:00,47241.75,47347.25,46750.43,46977.98,2097.38272,2021-09-20 00:59:59.999000+00:00,98542353.0542087,53212,878.33287,41278780.4760683,0
2021-09-20 01:00:00+00:00,46978.86,47312.93,46909.01,47220.79,926.74728,2021-09-20 01:59:59.999000+00:00,43676793.0147229,35042,531.82293,25070360.5330527,0
2021-09-20 02:00:00+00:00,47220.79,47261.51,45811.0,45938.37,4464.63656,2021-09-20 02:59:59.999000+00:00,206831424.2614182,110667,1921.72059,89000897.3140334,0
2021-09-20 03:00:00+00:00,45946.06,46076.72,45100.0,45542.76,4195.07186,2021-09-20 03:59:59.999000+00:00,191235409.26064047,102152,1860.02605,84761328.7245339,0
2021-09-20 04:00:00+00:00,45542.75,45776.14,45338.36,45650.45,2093.18334,2021-09-20 04:59:59.999000+00:00,95383032.8443507,50263,983.82494,44830734.6584766,0
2021-09-20 05:00:00+00:00,45650.44,45836.85,45606.77,45724.73,1236.74827,2021-09-20 05:59:59.999000+00:00,56565530.8596768,36498,627.53095,28702296.9896167,0
2021-09-20 06:00:00+00:00,45724.73,45796.97,45444.44,45638.93,1410.74569,2021-09-20 06:59:59.999000+00:00,64329891.4206824,40024,663.48173,30250348.875618,0
2021-09-20 07:00:00+00:00,45638.93,45799.78,44444.0,44824.89,4838.73453,2021-09-20 07:59:59.999000+00:00,217881999.7249772,106099,2059.0948,92742381.6571969,0
2021-09-20 08:00:00+00:00,44830.01,45156.33,44662.14,45046.55,2150.57833,2021-09-20 08:59:59.999000+00:00,96712421.9196547,57373,1178.51052,52997179.3615648,0
2021-09-20 09:00:00+00:00,45049.85,45189.82,44753.18,44844.02,1448.83769,2021-09-20 09:59:59.999000+00:00,65166086.4290365,40517,670.00356,30138391.4152592,0
2021-09-20 10:00:00+00:00,44844.01,45295.0,44265.9,44585.33,4593.60886,2021-09-20 10:59:59.999000+00:00,205557994.4090536,95372,2110.44897,94458766.1951064,0
2021-09-20 11:00:00+00:00,44585.32,44625.78,43240.33,43739.75,7054.62277,2021-09-20 11:59:59.999000+00:00,310074280.4099679,171521,2991.94353,131562889.3366349,0
2021-09-20 12:00:00+00:00,43734.0,44050.0,42500.0,43532.0,10019.731623,2021-09-20 12:59:59.999000+00:00,432974681.405522,213857,4470.224231,193286767.6067112,0
2021-09-20 13:00:00+00:00,43532.0,44135.0,43135.68,44054.65,5676.44713,2021-09-20 13:59:59.999000+00:00,248046161.81221047,119741,2589.93079,113214301.8725446,0
2021-09-20 14:00:00+00:00,44054.64,44134.47,43693.97,43807.99,3381.93623,2021-09-20 14:59:59.999000+00:00,148540081.6770427,70302,1550.44546,68097421.5453441,0
2021-09-20 15:00:00+00:00,43807.99,44013.15,43435.0,43844.88,2996.49925,2021-09-20 15:59:59.999000+00:00,131236008.3109312,69389,1400.87134,61368945.0706009,0
2021-09-20 16:00:00+00:00,43844.88,44100.0,43557.87,43850.46,2392.2137,2021-09-20 16:59:59.999000+00:00,104975452.0356708,57366,1179.97958,51777334.8784841,0
2021-09-20 17:00:00+00:00,43850.45,44250.0,43726.83,44044.12,1405.25093,2021-09-20 17:59:59.999000+00:00,61793823.7467591,41735,632.07708,27795286.4268921,0
2021-09-20 18:00:00+00:00,44044.11,44120.91,43224.0,43406.62,2697.84792,2021-09-20 18:59:59.999000+00:00,117573812.2989035,62738,1395.50935,60803903.1067755,0
2021-09-20 19:00:00+00:00,43406.61,43951.82,42888.0,43850.25,4181.61756,2021-09-20 19:59:59.999000+00:00,181434071.74935833,93324,2179.22505,94582465.4381692,0
2021-09-20 20:00:00+00:00,43850.26,43968.67,43215.0,43540.38,1786.54856,2021-09-20 20:59:59.999000+00:00,77942555.2299671,48739,855.53815,37327425.9478334,0
2021-09-20 21:00:00+00:00,43545.85,43913.83,43426.62,43516.86,1184.12489,2021-09-20 21:59:59.999000+00:00,51721933.9799845,38105,579.83167,25330588.4297441,0
2021-09-20 22:00:00+00:00,43516.87,43940.0,43043.16,43343.03,2070.26607,2021-09-20 22:59:59.999000+00:00,90093112.9397087,49576,1012.50534,44067652.8684219,0
2021-09-20 23:00:00+00:00,43343.02,43640.0,42551.11,43015.62,3700.14268,2021-09-20 23:59:59.999000+00:00,158850361.5056224,78619,1785.48347,76661299.8373442,0
2021-09-21 00:00:00+00:00,43016.64,43038.18,40200.0,41666.69,12146.723174,2021-09-21 00:59:59.999000+00:00,503810394.1580124,251877,4823.557298,200210721.13916796,0
2021-09-21 01:00:00+00:00,41666.68,42824.0,41554.09,42762.58,3673.961279,2021-09-21 01:59:59.999000+00:00,155176784.16741037,86164,1913.404749,80839383.46754678,0
2021-09-21 02:00:00+00:00,42762.57,43111.0,42516.06,42900.0,2838.8869,2021-09-21 02:59:59.999000+00:00,121512219.4730498,58232,1310.00766,56075921.8588003,0
2021-09-21 03:00:00+00:00,42900.01,42971.14,42574.53,42683.01,1706.176,2021-09-21 03:59:59.999000+00:00,72995504.069835,46907,704.76941,30149394.0954622,0
2021-09-21 04:00:00+00:00,42683.02,42890.76,42306.9,42433.08,2188.4508,2021-09-21 04:59:59.999000+00:00,93028959.2522774,47719,905.07605,38465143.1171414,0
2021-09-21 05:00:00+00:00,42433.09,42750.28,42172.24,42564.99,1894.67936,2021-09-21 05:59:59.999000+00:00,80364772.7345188,44531,892.56446,37858356.1187808,0
2021-09-21 06:00:00+00:00,42565.0,43076.99,42556.03,42894.7,2010.90361,2021-09-21 06:59:59.999000+00:00,86089294.8136207,51012,986.01331,42210149.5130085,0
2021-09-21 07:00:00+00:00,42894.71,43340.0,42750.0,43301.07,2199.16055,2021-09-21 07:59:59.999000+00:00,94666683.5231488,47285,1056.63946,45492456.4537273,0
2021-09-21 08:00:00+00:00,43301.08,43477.99,43050.0,43266.17,2293.86024,2021-09-21 08:59:59.999000+00:00,99192461.5263866,60853,1020.50619,44135755.6421068,0
2021-09-21 09:00:00+00:00,43266.18,43425.92,43063.19,43149.96,1681.02726,2021-09-21 09:59:59.999000+00:00,72649531.14701,44831,750.97277,32458506.4195121,0
2021-09-21 10:00:00+00:00,43149.96,43639.0,43065.68,43446.17,1880.18072,2021-09-21 10:59:59.999000+00:00,81489285.6889007,43575,1023.88379,44381484.4218245,0
2021-09-21 11:00:00+00:00,43446.17,43562.95,43229.41,43288.97,1467.9509,2021-09-21 11:59:59.999000+00:00,63703406.6207793,38666,690.19494,29952298.5889706,0
2021-09-21 12:00:00+00:00,43288.97,43550.0,43071.64,43116.0,2304.15423,2021-09-21 12:59:59.999000+00:00,99702829.2195052,55976,1067.57402,46196349.7804311,0
2021-09-21 13:00:00+00:00,43121.13,43331.23,42793.0,43131.0,2573.59888,2021-09-21 13:59:59.999000+00:00,110876281.4540474,51381,1338.53787,57666023.8368584,0
2021-09-21 14:00:00+00:00,43131.0,43169.51,42146.13,42429.75,3812.87554,2021-09-21 14:59:59.999000+00:00,162482684.1752479,72449,1686.99001,71874535.3128172,0
2021-09-21 15:00:00+00:00,42429.75,43315.0,42317.0,43072.81,2531.17527,2021-09-21 15:59:59.999000+00:00,108442982.1418129,52770,1247.05208,53442520.6702189,0
2021-09-21 16:00:00+00:00,43072.81,43295.66,42360.46,42446.3,2542.15884,2021-09-21 16:59:59.999000+00:00,108812318.9058522,55690,1232.61219,52760540.976405,0
2021-09-21 17:00:00+00:00,42446.3,42595.0,41502.0,41691.42,4137.70624,2021-09-21 17:59:59.999000+00:00,173836796.1891562,91373,1878.11721,78894840.4049972,0
2021-09-21 18:00:00+00:00,41691.43,42831.7,41628.0,42196.41,4595.4894,2021-09-21 18:59:59.999000+00:00,194362712.92939433,80332,2316.33086,98002786.9791941,0
2021-09-21 19:00:00+00:00,42196.41,42484.47,41705.13,42013.63,2603.0242,2021-09-21 19:59:59.999000+00:00,109564157.9756864,62902,1293.22472,54448595.110271,0
2021-09-21 20:00:00+00:00,42010.81,42331.87,40738.63,40960.32,5540.16874,2021-09-21 20:59:59.999000+00:00,229060135.8043906,124716,2482.70377,102764486.2963337,0
2021-09-21 21:00:00+00:00,40960.32,41963.44,39600.0,41379.1,8654.395002,2021-09-21 21:59:59.999000+00:00,352301292.46892124,197832,3811.060443,155421754.16851056,0
2021-09-21 22:00:00+00:00,41379.11,41650.6,40451.23,40508.13,4254.7308,2021-09-21 22:59:59.999000+00:00,174949751.0611987,75129,2006.32514,82504439.8836217,0
2021-09-21 23:00:00+00:00,40520.0,41061.75,40216.2,40734.38,5002.64255,2021-09-21 23:59:59.999000+00:00,202926547.1901924,78519,2504.62516,101593884.2481751,0
2021-09-22 00:00:00+00:00,40734.09,41487.66,40565.39,41017.29,4446.77901,2021-09-22 00:59:59.999000+00:00,182112828.9097156,79649,2256.49581,92405342.2081277,0
2021-09-22 01:00:00+00:00,41019.67,42360.0,40806.68,42199.99,4958.0543,2021-09-22 01:59:59.999000+00:00,207612404.29378128,89951,2391.18462,100086452.8147534,0
2021-09-22 02:00:00+00:00,42200.0,42288.04,41891.69,42030.0,1919.53728,2021-09-22 02:59:59.999000+00:00,80742429.0422702,39381,864.33139,36354333.7695051,0
2021-09-22 03:00:00+00:00,42028.42,42420.75,42000.0,42052.09,2202.56208,2021-09-22 03:59:59.999000+00:00,92932266.3539524,38588,1060.11397,44736282.3112104,0
2021-09-22 04:00:00+00:00,42055.55,42215.97,41820.01,41890.0,1755.65155,2021-09-22 04:59:59.999000+00:00,73751047.267399,33812,792.88348,33309975.1219939,0
2021-09-22 05:00:00+00:00,41890.01,42220.0,41840.0,42018.73,1460.1174,2021-09-22 05:59:59.999000+00:00,61370232.5997405,33362,747.62279,31426986.4085341,0
2021-09-22 06:00:00+00:00,42018.7,42369.99,41860.03,42326.66,1778.00888,2021-09-22 06:59:59.999000+00:00,74966900.258429,46130,922.64364,38901702.6225152,0
2021-09-22 07:00:00+00:00,42326.65,42749.4,42129.19,42540.0,2663.9722,2021-09-22 07:59:59.999000+00:00,113075582.6524872,58025,1274.27597,54098523.2658477,0
2021-09-22 08:00:00+00:00,42541.23,42618.55,42229.51,42289.81,1752.80119,2021-09-22 08:59:59.999000+00:00,74322038.7000235,40759,847.18217,35924465.2124039,0
2021-09-22 09:00:00+00:00,42289.81,42448.7,42117.23,42389.81,1703.54293,2021-09-22 09:59:59.999000+00:00,72029420.6066575,42916,820.65727,34700805.4030029,0
2021-09-22 10:00:00+00:00,42389.82,42499.99,41952.0,42153.04,1707.04543,2021-09-22 10:59:59.999000+00:00,72041664.4832135,47677,824.968,34813020.2473022,0
2021-09-22 11:00:00+00:00,42153.04,42205.0,41841.46,41928.32,1725.75383,2021-09-22 11:59:59.999000+00:00,72476302.8120065,46836,774.41998,32521472.613677,0
2021-09-22 12:00:00+00:00,41928.31,42240.06,41874.65,42184.75,1345.73738,2021-09-22 12:59:59.999000+00:00,56606521.7153127,31053,733.03496,30834122.9712398,0
2021-09-22 13:00:00+00:00,42184.75,42675.46,42064.28,42372.29,2335.13542,2021-09-22 13:59:59.999000+00:00,98914932.3729528,51328,1168.5179,49503783.7437634,0
2021-09-22 14:00:00+00:00,42372.3,42596.37,42271.36,42317.02,2718.29928,2021-09-22 14:59:59.999000+00:00,115376518.1604906,53240,1607.62526,68240149.8126419,0
2021-09-22 15:00:00+00:00,42317.02,43296.0,42317.02,43222.96,4369.41647,2021-09-22 15:59:59.999000+00:00,187327442.18358633,94399,2352.78673,100901484.6532979,0
2021-09-22 16:00:00+00:00,43222.96,43465.0,43072.0,43339.0,3071.95599,2021-09-22 16:59:59.999000+00:00,132934305.9537124,74028,1489.46137,64463241.0203399,0
2021-09-22 17:00:00+00:00,43339.0,43402.05,42922.18,43128.92,2290.92703,2021-09-22 17:59:59.999000+00:00,98858023.5830455,62294,1005.49547,43395541.0380868,0
2021-09-22 18:00:00+00:00,43128.91,44000.55,42931.02,43134.05,6091.13954,2021-09-22 18:59:59.999000+00:00,265787891.7788322,128130,3196.87059,139513595.3289456,0
2021-09-22 19:00:00+00:00,43134.06,43565.57,42855.01,43384.9,2250.75982,2021-09-22 19:59:59.999000+00:00,97461973.7447807,59699,1092.45826,47304950.8175496,0
2021-09-22 20:00:00+00:00,43384.93,43540.68,43164.32,43423.01,1620.94847,2021-09-22 20:59:59.999000+00:00,70287858.5106575,40438,803.09241,34828613.2735731,0
2021-09-22 21:00:00+00:00,43423.01,43643.89,43006.0,43247.3,1747.91962,2021-09-22 21:59:59.999000+00:00,75889942.220878,46035,988.88316,42964596.2825252,0
2021-09-22 22:00:00+00:00,43247.3,43567.0,43185.69,43509.39,1221.7067,2021-09-22 22:59:59.999000+00:00,53011141.5138693,34386,613.0765,26600633.6462746,0
2021-09-22 23:00:00+00:00,43515.9,43673.42,43460.01,43543.61,1211.28362,2021-09-22 23:59:59.999000+00:00,52749802.1898017,31895,693.4249,30197008.6032297,0
2021-09-23 00:00:00+00:00,43546.37,43853.69,43111.42,43184.37,2506.68904,2021-09-23 00:59:59.999000+00:00,108825863.663807,60089,1209.49053,52499960.7055732,0
2021-09-23 01:00:00+00:00,43184.37,43679.99,43069.09,43627.41,1578.96124,2021-09-23 01:59:59.999000+00:00,68457603.3004679,47138,824.12521,35719418.3139644,0
2021-09-23 02:00:00+00:00,43627.41,43800.8,43484.95,43704.43,1377.0012,2021-09-23 02:59:59.999000+00:00,60101567.3720829,43345,696.68995,30409990.8323841,0
2021-09-23 03:00:00+00:00,43701.7,44191.42,43617.45,44074.57,2278.76371,2021-09-23 03:59:59.999000+00:00,100196752.1451615,59352,1242.30093,54633690.6092267,0
2021-09-23 04:00:00+00:00,44074.58,44296.0,44019.49,44036.52,1585.67681,2021-09-23 04:59:59.999000+00:00,69980074.3272142,38676,782.81504,34548707.3012268,0
2021-09-23 05:00:00+00:00,44036.51,44127.27,43685.8,43891.23,1525.80102,2021-09-23 05:59:59.999000+00:00,66991921.9289048,40266,732.98675,32188426.4181773,0
2021-09-23 06:00:00+00:00,43891.24,44386.6,43710.0,44300.32,1636.15605,2021-09-23 06:59:59.999000+00:00,72022607.4945662,42547,901.98498,39721979.2557052,0
2021-09-23 07:00:00+00:00,44300.31,44331.83,43962.0,44229.99,1614.78872,2021-09-23 07:59:59.999000+00:00,71258995.2688554,51831,736.73708,32510152.0735152,0
2021-09-23 08:00:00+00:00,44229.99,44297.25,43823.78,43859.73,1805.8684,2021-09-23 08:59:59.999000+00:00,79553354.9901119,40907,907.4447,39979417.8076697,0
2021-09-23 09:00:00+00:00,43859.69,44200.0,43788.43,43985.09,1553.19072,2021-09-23 09:59:59.999000+00:00,68341311.4465797,37180,809.03359,35595501.0916417,0
2021-09-23 10:00:00+00:00,43985.09,44150.0,43440.73,43770.59,3035.50177,2021-09-23 10:59:59.999000+00:00,132758236.3902881,67166,1479.80347,64739320.7204551,0
2021-09-23 11:00:00+00:00,43770.59,43813.56,43361.0,43648.15,1758.20158,2021-09-23 11:59:59.999000+00:00,76665955.3856492,46219,806.61891,35163725.2144296,0
2021-09-23 12:00:00+00:00,43648.15,43933.85,43394.0,43509.0,2107.70139,2021-09-23 12:59:59.999000+00:00,91921293.2387418,52921,1069.16239,46640987.4185972,0
2021-09-23 13:00:00+00:00,43509.01,44169.05,43420.01,44022.7,2627.78947,2021-09-23 13:59:59.999000+00:00,115236535.5987844,64505,1246.04642,54631939.3454086,0
2021-09-23 14:00:00+00:00,44022.7,44258.11,43931.74,44133.0,2419.22215,2021-09-23 14:59:59.999000+00:00,106656836.6363135,59782,1306.48829,57603351.9451026,0
2021-09-23 15:00:00+00:00,44133.01,44198.4,43672.96,43747.63,1976.52862,2021-09-23 15:59:59.999000+00:00,86828711.9611212,52307,972.90734,42742411.959909,0
2021-09-23 16:00:00+00:00,43747.63,43896.44,43602.0,43789.24,1404.50489,2021-09-23 16:59:59.999000+00:00,61470214.0535684,44742,717.07821,31388447.3780835,0
2021-09-23 17:00:00+00:00,43789.23,44936.77,43789.23,44817.3,5297.87423,2021-09-23 17:59:59.999000+00:00,235834018.5479709,106484,2902.51401,129157177.2069945,0
2021-09-23 18:00:00+00:00,44817.3,44915.66,44462.91,44735.46,2652.40949,2021-09-23 18:59:59.999000+00:00,118494567.9163548,55878,1241.17703,55440221.1673373,0
2021-09-23 19:00:00+00:00,44735.47,44851.07,44563.58,44767.57,1576.24724,2021-09-23 19:59:59.999000+00:00,70512678.2161399,34976,792.16045,35435514.6915512,0
2021-09-23 20:00:00+00:00,44767.56,44820.99,44468.13,44680.01,1706.00704,2021-09-23 20:59:59.999000+00:00,76127577.3682346,38831,790.67874,35272808.7012042,0
2021-09-23 21:00:00+00:00,44680.01,44736.3,44550.01,44665.62,1004.00176,2021-09-23 21:59:59.999000+00:00,44826618.2684239,31555,509.22985,22735544.7680459,0
2021-09-23 22:00:00+00:00,44665.63,44978.0,44358.0,44786.35,2075.30126,2021-09-23 22:59:59.999000+00:00,92713788.4612448,44337,1034.26482,46216261.1079818,0
2021-09-23 23:00:00+00:00,44786.36,44879.05,44588.84,44865.26,1595.38875,2021-09-23 23:59:59.999000+00:00,71434221.5015021,35072,791.26496,35429543.5307723,0
2021-09-24 00:00:00+00:00,44865.26,44978.53,44607.78,44649.99,1996.93737,2021-09-24 00:59:59.999000+00:00,89461023.6360172,53692,860.93766,38570478.4522392,0
2021-09-24 01:00:00+00:00,44649.98,44802.6,44369.75,44460.58,1666.95715,2021-09-24 01:59:59.999000+00:00,74389594.1473953,39360,842.86003,37614469.8543183,0
2021-09-24 02:00:00+00:00,44460.58,44563.1,44298.83,44444.43,1745.42243,2021-09-24 02:59:59.999000+00:00,77522102.6126267,45082,890.7433,39562086.4218233,0
2021-09-24 03:00:00+00:00,44444.44,44559.99,44205.0,44283.03,1602.33517,2021-09-24 03:59:59.999000+00:00,71165210.6558618,39099,716.60643,31835134.9089695,0
2021-09-24 04:00:00+00:00,44283.04,44385.38,44000.0,44261.63,1702.46067,2021-09-24 04:59:59.999000+00:00,75279192.9499082,45731,801.61658,35449532.6682136,0
2021-09-24 05:00:00+00:00,44261.63,44280.78,43889.64,44210.52,2079.6877,2021-09-24 05:59:59.999000+00:00,91653731.7494121,52406,997.36022,43958514.6233222,0
2021-09-24 06:00:00+00:00,44210.52,44449.46,44100.02,44118.14,1635.82631,2021-09-24 06:59:59.999000+00:00,72470709.2920531,40224,761.18594,33733519.6153029,0
2021-09-24 07:00:00+00:00,44118.14,45200.0,44113.48,44818.46,4666.485312,2021-09-24 07:59:59.999000+00:00,208902389.50930545,96886,2556.808672,114471931.63847972,0
2021-09-24 08:00:00+00:00,44818.46,45075.0,44412.0,44517.29,2680.28768,2021-09-24 08:59:59.999000+00:00,120229513.145677,50807,1228.49071,55103045.4885213,0
2021-09-24 09:00:00+00:00,44517.28,44528.95,42331.24,42350.81,13215.49351,2021-09-24 09:59:59.999000+00:00,570593826.2994545,245112,6865.60311,296363551.24204606,0
2021-09-24 10:00:00+00:00,42350.81,42694.98,41927.22,42142.54,6810.27215,2021-09-24 10:59:59.999000+00:00,288114633.4420066,151419,3535.92573,149644209.4626165,0
2021-09-24 11:00:00+00:00,42142.55,42299.0,40675.0,41527.5,10394.32534,2021-09-24 11:59:59.999000+00:00,430556315.68595,219324,5063.44563,209799244.4724326,0
2021-09-24 12:00:00+00:00,41527.5,41628.7,40976.86,41182.76,4851.84789,2021-09-24 12:59:59.999000+00:00,200434347.9782284,89781,2125.73662,87834490.2884076,0
2021-09-24 13:00:00+00:00,41182.76,42000.0,40843.82,41830.86,6174.48473,2021-09-24 13:59:59.999000+00:00,255933642.92690688,106844,2972.74266,123242279.7851782,0
2021-09-24 14:00:00+00:00,41830.86,42679.93,41761.09,42448.12,6562.07666,2021-09-24 14:59:59.999000+00:00,277658288.1034242,107739,3492.90485,147854951.8854778,0
2021-09-24 15:00:00+00:00,42448.11,42478.49,41617.3,41944.01,3051.09705,2021-09-24 15:59:59.999000+00:00,128264049.5759102,67084,1509.31371,63458403.6676468,0
2021-09-24 16:00:00+00:00,41944.0,42370.01,41833.91,42188.51,2141.50967,2021-09-24 16:59:59.999000+00:00,90158070.4261977,56707,1098.19129,46236106.4968342,0
2021-09-24 17:00:00+00:00,42188.51,42188.52,41742.01,41992.56,1621.77862,2021-09-24 17:59:59.999000+00:00,68038930.4834061,51675,751.2831,31525063.2264472,0
2021-09-24 18:00:00+00:00,41992.55,42321.0,41927.25,42152.07,1157.46802,2021-09-24 18:59:59.999000+00:00,48781053.1703742,38179,578.07024,24361236.4675596,0
2021-09-24 19:00:00+00:00,42152.07,42533.47,42135.26,42371.43,1734.95117,2021-09-24 19:59:59.999000+00:00,73410444.2095603,43034,878.84324,37183605.3870511,0
2021-09-24 20:00:00+00:00,42371.43,42979.0,42303.78,42934.52,1975.55596,2021-09-24 20:59:59.999000+00:00,84380465.2736447,52884,1043.41891,44570903.4859443,0
2021-09-24 21:00:00+00:00,42934.52,43200.0,42774.29,42911.69,1868.48411,2021-09-24 21:59:59.999000+00:00,80336933.7823925,49794,1010.74825,43462384.101769,0
2021-09-24 22:00:00+00:00,42911.69,43093.57,42741.07,42993.13,1438.3216,2021-09-24 22:59:59.999000+00:00,61697047.3886698,35906,693.83729,29758010.0960232,0
2021-09-24 23:00:00+00:00,42993.13,43036.86,42477.0,42810.57,1339.36002,2021-09-24 23:59:59.999000+00:00,57286714.6061658,40975,676.10241,28917810.0431572,0
2021-09-25 00:00:00+00:00,42810.58,42950.0,42548.66,42727.89,1637.46591,2021-09-25 00:59:59.999000+00:00,69961468.8371423,44328,817.98914,34947309.7249317,0
2021-09-25 01:00:00+00:00,42727.88,42782.57,42024.54,42392.91,2099.27469,2021-09-25 01:59:59.999000+00:00,88903673.8633779,46847,1011.78808,42838662.9977938,0
2021-09-25 02:00:00+00:00,42392.91,42738.52,42278.4,42336.36,1086.50876,2021-09-25 02:59:59.999000+00:00,46174259.7614173,31394,530.36839,22541165.8683045,0
2021-09-25 03:00:00+00:00,42336.36,42781.62,42326.38,42608.11,1310.03764,2021-09-25 03:59:59.999000+00:00,55792429.127503,31326,642.15241,27352646.1123155,0
2021-09-25 04:00:00+00:00,42608.11,42860.94,42608.11,42693.01,956.30723,2021-09-25 04:59:59.999000+00:00,40897240.8022392,28809,490.77242,20988549.2745788,0
2021-09-25 05:00:00+00:00,42693.0,42842.48,42400.0,42446.13,1160.10839,2021-09-25 05:59:59.999000+00:00,49394631.40406,38698,513.25575,21858585.1013501,0
2021-09-25 06:00:00+00:00,42446.09,42816.74,42435.48,42744.69,793.08542,2021-09-25 06:59:59.999000+00:00,33831984.552241,26413,412.12124,17582410.2828066,0
2021-09-25 07:00:00+00:00,42744.7,42785.4,42206.43,42372.02,1421.88279,2021-09-25 07:59:59.999000+00:00,60341377.8141755,40592,678.23674,28779461.6573638,0
2021-09-25 08:00:00+00:00,42369.52,42803.4,41646.28,42642.91,4019.33239,2021-09-25 08:59:59.999000+00:00,169389976.1701829,92560,1889.82874,79654474.656275,0
2021-09-25 09:00:00+00:00,42642.91,42899.54,42448.09,42649.29,2253.97587,2021-09-25 09:59:59.999000+00:00,96207566.9527885,58355,1149.45389,49062683.520048,0
2021-09-25 10:00:00+00:00,42649.28,42966.84,42600.0,42679.58,1166.62142,2021-09-25 10:59:59.999000+00:00,49926342.4424079,39020,582.73944,24939608.7959042,0
2021-09-25 11:00:00+00:00,42679.58,42683.15,42234.1,42485.03,1576.96053,2021-09-25 11:59:59.999000+00:00,66861138.9789459,38313,720.11076,30533325.7728473,0
2021-09-25 12:00:00+00:00,42485.03,42631.79,42302.56,42344.98,1019.27538,2021-09-25 12:59:59.999000+00:00,43250929.7387455,30422,482.0104,20451060.0257774,0
2021-09-25 13:00:00+00:00,42344.97,42765.21,42243.6,42500.02,1960.69847,2021-09-25 13:59:59.999000+00:00,83444059.9582696,41721,1180.70653,50240320.6166541,0
2021-09-25 14:00:00+00:00,42500.01,42609.99,42156.33,42343.93,1699.29894,2021-09-25 14:59:59.999000+00:00,71958511.1483399,47807,770.91556,32640526.0118883,0
2021-09-25 15:00:00+00:00,42343.94,42765.54,42213.8,42669.96,1820.89947,2021-09-25 15:59:59.999000+00:00,77473937.0476085,51346,977.00606,41571608.5457707,0
2021-09-25 16:00:00+00:00,42669.97,42748.26,42348.39,42629.61,1532.16241,2021-09-25 16:59:59.999000+00:00,65170198.0273089,42322,702.79481,29894814.3574502,0
2021-09-25 17:00:00+00:00,42629.61,42717.08,42513.14,42597.56,1084.32036,2021-09-25 17:59:59.999000+00:00,46225141.2004996,29973,563.86087,24041416.8225129,0
2021-09-25 18:00:00+00:00,42597.37,42813.34,42429.58,42581.83,1192.77454,2021-09-25 18:59:59.999000+00:00,50815625.5003374,34416,623.16983,26557366.4801766,0
2021-09-25 19:00:00+00:00,42581.82,42774.62,42500.0,42665.95,834.71408,2021-09-25 19:59:59.999000+00:00,35616160.08215,28860,436.91498,18643303.7784082,0
2021-09-25 20:00:00+00:00,42665.95,42807.53,42522.11,42645.91,772.64181,2021-09-25 20:59:59.999000+00:00,32957560.3624587,28831,364.21774,15536455.6488607,0
2021-09-25 21:00:00+00:00,42645.9,42720.0,42375.0,42676.06,887.51142,2021-09-25 21:59:59.999000+00:00,37762661.6023276,37022,404.17388,17197367.9828488,0
2021-09-25 22:00:00+00:00,42676.06,42792.49,42574.34,42717.37,752.60809,2021-09-25 22:59:59.999000+00:00,32143792.2262324,29762,342.82984,14641652.4228674,0
2021-09-25 23:00:00+00:00,42717.37,42808.29,42579.01,42670.64,556.10588,2021-09-25 23:59:59.999000+00:00,23738080.6087663,30650,268.312,11453194.9255414,0
2021-09-26 00:00:00+00:00,42670.63,42735.05,42306.77,42575.68,1644.22435,2021-09-26 00:59:59.999000+00:00,69878847.3956995,46996,723.30462,30731166.7949225,0
2021-09-26 01:00:00+00:00,42575.67,42619.39,42117.2,42383.95,1680.28384,2021-09-26 01:59:59.999000+00:00,71218132.7414393,43325,694.2822,29438980.8802731,0
2021-09-26 02:00:00+00:00,42383.94,42426.72,41904.02,42062.5,1835.47761,2021-09-26 02:59:59.999000+00:00,77231702.7346925,44405,939.06811,39504385.6129443,0
2021-09-26 03:00:00+00:00,42062.5,42397.95,41924.2,42212.4,1121.37863,2021-09-26 03:59:59.999000+00:00,47270507.4071591,34119,482.25401,20334282.7988564,0
2021-09-26 04:00:00+00:00,42212.41,42252.15,41855.0,42223.06,1214.38033,2021-09-26 04:59:59.999000+00:00,51074457.1982701,35265,531.47303,22357117.4469819,0
2021-09-26 05:00:00+00:00,42223.05,42302.79,41968.67,42069.04,935.38774,2021-09-26 05:59:59.999000+00:00,39422578.3489868,36413,478.44764,20163901.3620042,0
2021-09-26 06:00:00+00:00,42069.03,42184.06,41930.7,41963.14,1095.52917,2021-09-26 06:59:59.999000+00:00,46067845.9801535,30320,536.85762,22576534.5922698,0
2021-09-26 07:00:00+00:00,41963.13,42060.0,40750.0,41231.34,5678.13805,2021-09-26 07:59:59.999000+00:00,234564175.79690593,119349,2586.29285,106850049.0624511,0
2021-09-26 08:00:00+00:00,41227.07,41691.31,41037.13,41607.53,4167.65681,2021-09-26 08:59:59.999000+00:00,172490226.7673743,89340,2180.57133,90252372.7989546,0
2021-09-26 09:00:00+00:00,41607.53,43746.9,41500.68,43251.33,7240.36882,2021-09-26 09:59:59.999000+00:00,309048649.7153076,156452,3803.87333,162313955.2123907,0
2021-09-26 10:00:00+00:00,43251.33,43489.0,42832.36,43003.37,3214.41047,2021-09-26 10:59:59.999000+00:00,138688008.5034004,81464,1611.06939,69513282.0260803,0
2021-09-26 11:00:00+00:00,43003.37,43322.02,42998.81,43063.57,1573.97506,2021-09-26 11:59:59.999000+00:00,67864959.2587634,47674,827.15799,35667372.0695465,0
2021-09-26 12:00:00+00:00,43063.57,43467.22,43063.57,43262.2,2095.71782,2021-09-26 12:59:59.999000+00:00,90741028.8172258,61211,1065.52934,46133692.8550866,0
2021-09-26 13:00:00+00:00,43262.21,43350.0,43116.57,43217.41,1150.74855,2021-09-26 13:59:59.999000+00:00,49753522.4357381,38535,568.85569,24593852.7279413,0
2021-09-26 14:00:00+00:00,43217.41,43399.99,43091.34,43318.36,1552.8946,2021-09-26 14:59:59.999000+00:00,67151765.0522592,43630,828.93752,35849578.0730228,0
2021-09-26 15:00:00+00:00,43318.37,43426.0,43194.19,43343.73,2037.09767,2021-09-26 15:59:59.999000+00:00,88251592.7487176,64448,1018.01317,44103410.439014,0
2021-09-26 16:00:00+00:00,43343.73,43543.99,43136.36,43214.15,1577.02873,2021-09-26 16:59:59.999000+00:00,68314697.5845839,54148,735.28997,31850894.3390398,0
2021-09-26 17:00:00+00:00,43220.32,43300.57,43078.33,43145.0,2126.38356,2021-09-26 17:59:59.999000+00:00,91844457.1055561,78099,1044.33421,45107788.9231067,0
2021-09-26 18:00:00+00:00,43145.0,43284.0,43136.64,43190.81,564.51304,2021-09-26 18:59:59.999000+00:00,24397019.6495818,24403,285.89006,12355325.5136204,0
2021-09-26 19:00:00+00:00,43190.82,43433.99,43124.26,43252.54,793.46426,2021-09-26 19:59:59.999000+00:00,34330124.1350725,36534,411.18167,17792035.2843846,0
2021-09-26 20:00:00+00:00,43255.32,43699.0,43255.32,43640.1,1555.40901,2021-09-26 20:59:59.999000+00:00,67685465.5675064,51198,889.00588,38682797.9607465,0
2021-09-26 21:00:00+00:00,43640.11,43692.0,43356.51,43563.89,726.91962,2021-09-26 21:59:59.999000+00:00,31610229.2572561,35878,362.84371,15778783.2734784,0
2021-09-26 22:00:00+00:00,43563.9,43950.0,42785.25,42894.49,2138.01453,2021-09-26 22:59:59.999000+00:00,92854196.8394958,63814,1001.17675,43526431.4800687,0
2021-09-26 23:00:00+00:00,42894.5,43253.77,42673.67,43160.9,2160.59538,2021-09-26 23:59:59.999000+00:00,92902888.2386308,57125,1157.03438,49747800.6014006,0
2021-09-27 00:00:00+00:00,43160.9,43968.0,42933.0,43872.24,2273.27497,2021-09-27 00:59:59.999000+00:00,98603866.2803722,56960,1221.99868,53026198.9361,0
2021-09-27 01:00:00+00:00,43872.24,44303.5,43711.0,44271.66,2518.46232,2021-09-27 01:59:59.999000+00:00,110926766.2688021,59954,1355.42474,59704344.3442811,0
2021-09-27 02:00:00+00:00,44273.4,44350.0,43961.99,44174.13,1721.08863,2021-09-27 02:59:59.999000+00:00,75947488.345677,39563,825.22339,36417420.139512,0
2021-09-27 03:00:00+00:00,44174.13,44235.49,43843.12,44038.75,1118.66945,2021-09-27 03:59:59.999000+00:00,49291405.9311708,29723,549.51057,24213579.8278442,0
2021-09-27 04:00:00+00:00,44038.74,44081.49,43900.36,44013.08,935.57468,2021-09-27 04:59:59.999000+00:00,41158030.3653137,26465,456.32055,20075231.9731775,0
2021-09-27 05:00:00+00:00,44013.08,44250.0,43972.18,44085.89,1184.57927,2021-09-27 05:59:59.999000+00:00,52229687.8056083,28727,695.68314,30676613.4636727,0
2021-09-27 06:00:00+00:00,44085.89,44215.55,43678.58,43728.35,1438.86631,2021-09-27 06:59:59.999000+00:00,63317657.4977726,36472,646.09015,28436248.4013244,0
2021-09-27 07:00:00+00:00,43728.35,43932.97,43662.0,43688.03,1483.52341,2021-09-27 07:59:59.999000+00:00,64946020.1531245,36030,689.64387,30191655.755607,0
2021-09-27 08:00:00+00:00,43685.34,43892.32,43662.0,43836.2,1406.32072,2021-09-27 08:59:59.999000+00:00,61594806.3882684,33106,695.76978,30474426.5060664,0
2021-09-27 09:00:00+00:00,43836.21,44129.28,43367.57,43556.97,2359.36117,2021-09-27 09:59:59.999000+00:00,103192048.5661715,54441,1136.11797,49712029.9372655,0
2021-09-27 10:00:00+00:00,43556.97,43958.0,43510.1,43772.19,1387.3551,2021-09-27 10:59:59.999000+00:00,60746113.387313,35870,718.0117,31439765.9620273,0
2021-09-27 11:00:00+00:00,43772.19,43863.85,43550.0,43747.69,1159.52402,2021-09-27 11:59:59.999000+00:00,50658496.7035355,30718,543.4139,23741024.9432408,0
2021-09-27 12:00:00+00:00,43747.68,43831.22,43260.75,43544.33,1958.59412,2021-09-27 12:59:59.999000+00:00,85221706.2929102,47632,954.48689,41533506.9051238,0
2021-09-27 13:00:00+00:00,43544.33,43668.89,43320.59,43508.48,1249.72905,2021-09-27 13:59:59.999000+00:00,54386554.0651379,40066,609.70754,26536063.178313,0
2021-09-27 14:00:00+00:00,43508.48,44089.75,43083.74,43192.38,2722.6678,2021-09-27 14:59:59.999000+00:00,118301408.0732059,74193,1400.91816,60895864.6115115,0
2021-09-27 15:00:00+00:00,43192.39,43336.22,43045.53,43293.26,2166.30867,2021-09-27 15:59:59.999000+00:00,93518513.727382,49669,940.9187,40614599.8910143,0
2021-09-27 16:00:00+00:00,43293.27,43416.42,42850.0,43066.16,2579.55166,2021-09-27 16:59:59.999000+00:00,111338616.5389105,57398,1096.80312,47341648.9018915,0
2021-09-27 17:00:00+00:00,43066.16,43240.01,42923.52,43049.47,1279.17238,2021-09-27 17:59:59.999000+00:00,55106128.7780107,34939,609.29258,26247890.3578757,0
2021-09-27 18:00:00+00:00,43049.46,43213.32,42940.01,43033.61,1087.25516,2021-09-27 18:59:59.999000+00:00,46817582.282686,36155,513.54582,22113672.079302,0
2021-09-27 19:00:00+00:00,43033.61,43193.93,42947.73,43011.82,1096.77028,2021-09-27 19:59:59.999000+00:00,47252210.0797632,32348,491.58426,21179822.0620878,0
2021-09-27 20:00:00+00:00,43011.82,43013.99,42564.32,42675.71,1865.8942,2021-09-27 20:59:59.999000+00:00,79854292.244409,43216,876.25054,37504859.0625826,0
2021-09-27 21:00:00+00:00,42675.7,43160.86,42578.56,43069.98,946.20369,2021-09-27 21:59:59.999000+00:00,40563545.1627763,31803,445.92266,19115971.5624245,0
2021-09-27 22:00:00+00:00,43070.3,43400.0,42983.61,43163.66,1147.60678,2021-09-27 22:59:59.999000+00:00,49537976.3304618,29618,565.61309,24421105.9079229,0
2021-09-27 23:00:00+00:00,43163.67,43234.16,42098.0,42147.35,2690.48999,2021-09-27 23:59:59.999000+00:00,114401378.5346412,56421,1269.60166,53972437.6805396,0
2021-09-28 00:00:00+00:00,42147.35,42434.54,41942.0,42333.0,2023.22425,2021-09-28 00:59:59.999000+00:00,85394284.6236412,46116,881.75449,37223909.0634627,0
2021-09-28 01:00:00+00:00,42333.0,42548.69,42078.63,42459.91,1477.87161,2021-09-28 01:59:59.999000+00:00,62557231.9065953,32650,724.63486,30681142.0130245,0
2021-09-28 02:00:00+00:00,42459.92,42670.17,42242.93,42433.06,1448.1181,2021-09-28 02:59:59.999000+00:00,61506293.0203237,30506,753.83119,32016885.6996745,0
2021-09-28 03:00:00+00:00,42433.05,42703.65,42375.55,42558.4,1186.21322,2021-09-28 03:59:59.999000+00:00,50423020.1578801,35442,603.1055,25640131.2127176,0
2021-09-28 04:00:00+00:00,42558.41,42787.38,42505.0,42635.84,1021.17646,2021-09-28 04:59:59.999000+00:00,43563118.9724555,32950,476.90427,20346719.6309992,0
2021-09-28 05:00:00+00:00,42634.84,42722.3,42347.2,42413.06,1495.18951,2021-09-28 05:59:59.999000+00:00,63517312.6866833,37236,595.11511,25286024.367832,0
2021-09-28 06:00:00+00:00,42413.07,42490.95,41855.99,42214.35,1739.57856,2021-09-28 06:59:59.999000+00:00,73361132.2203928,40094,792.6901,33442862.3834282,0
2021-09-28 07:00:00+00:00,42214.35,42303.34,41650.0,41775.25,2331.77306,2021-09-28 07:59:59.999000+00:00,97669782.6736018,50240,1131.42421,47383632.5280436,0
2021-09-28 08:00:00+00:00,41777.79,42081.74,41514.12,41844.31,3176.93356,2021-09-28 08:59:59.999000+00:00,132759579.9623638,65172,1507.69344,63009574.1492374,0
2021-09-28 09:00:00+00:00,41844.32,42140.0,41656.0,41891.99,1859.57225,2021-09-28 09:59:59.999000+00:00,77987862.2176417,41756,936.9645,39297126.5439033,0
2021-09-28 10:00:00+00:00,41891.99,41947.49,41620.35,41820.67,1459.9939,2021-09-28 10:59:59.999000+00:00,60986456.2772585,35143,690.21833,28831365.4240129,0
2021-09-28 11:00:00+00:00,41820.67,42174.26,41716.56,42101.49,1893.60441,2021-09-28 11:59:59.999000+00:00,79476342.5773342,37580,969.31378,40681227.1386941,0
2021-09-28 12:00:00+00:00,42105.61,42132.35,41754.0,41827.41,1368.09469,2021-09-28 12:59:59.999000+00:00,57432869.366512,37730,555.44389,23316736.425786,0
2021-09-28 13:00:00+00:00,41830.96,42593.69,41792.0,41999.96,3776.34164,2021-09-28 13:59:59.999000+00:00,159288436.8545712,86164,1853.66847,78188977.7116784,0
2021-09-28 14:00:00+00:00,41999.95,41999.95,41278.49,41543.63,3880.28631,2021-09-28 14:59:59.999000+00:00,161266576.1844478,88958,1876.2672,77976882.1364336,0
2021-09-28 15:00:00+00:00,41543.63,41678.98,41317.0,41447.18,1846.12833,2021-09-28 15:59:59.999000+00:00,76607984.80875,46140,963.83261,39998621.6931586,0
2021-09-28 16:00:00+00:00,41447.18,41644.32,41137.77,41262.0,1789.4929,2021-09-28 16:59:59.999000+00:00,74090562.8769123,44276,856.40919,35469103.03901,0
2021-09-28 17:00:00+00:00,41262.0,41458.42,41115.0,41404.41,1695.03513,2021-09-28 17:59:59.999000+00:00,69976136.9089414,43357,804.04438,33194213.8928195,0
2021-09-28 18:00:00+00:00,41404.96,41750.0,41270.5,41578.38,1548.59208,2021-09-28 18:59:59.999000+00:00,64320566.8694113,39697,800.14822,33227209.3800247,0
2021-09-28 19:00:00+00:00,41578.38,41763.97,41380.74,41601.99,1211.85239,2021-09-28 19:59:59.999000+00:00,50418227.8538014,34074,547.37731,22775748.2272223,0
2021-09-28 20:00:00+00:00,41601.8,42017.33,41574.07,41770.75,1492.57336,2021-09-28 20:59:59.999000+00:00,62398804.91564,38347,759.63231,31754306.2695289,0
2021-09-28 21:00:00+00:00,41770.75,41992.99,41762.37,41851.86,702.61768,2021-09-28 21:59:59.999000+00:00,29412559.1437161,25034,339.95632,14231164.9543518,0
2021-09-28 22:00:00+00:00,41851.86,41864.19,41556.96,41574.51,871.2584,2021-09-28 22:59:59.999000+00:00,36344583.782951,25341,403.04155,16813530.8352528,0
2021-09-28 23:00:00+00:00,41574.51,41691.85,40888.0,41026.54,2076.7406,2021-09-28 23:59:59.999000+00:00,85545660.9770318,51386,886.61907,36519777.4921489,0
2021-09-29 00:00:00+00:00,41025.01,41760.0,40753.88,41596.2,2974.71787,2021-09-29 00:59:59.999000+00:00,122605143.8548574,66947,1504.87473,62047777.4868788,0
2021-09-29 01:00:00+00:00,41596.21,41850.3,41334.0,41551.15,1498.89243,2021-09-29 01:59:59.999000+00:00,62364359.5741342,33663,688.93158,28662931.6645936,0
2021-09-29 02:00:00+00:00,41551.15,41897.98,41544.37,41701.8,1333.30085,2021-09-29 02:59:59.999000+00:00,55655633.8785015,30139,657.19844,27431425.1822587,0
2021-09-29 03:00:00+00:00,41701.81,42274.76,41620.0,42199.99,1739.26848,2021-09-29 03:59:59.999000+00:00,72908699.9277791,38861,892.44634,37430368.0700732,0
2021-09-29 04:00:00+00:00,42199.99,42476.26,42136.99,42245.8,1725.1405,2021-09-29 04:59:59.999000+00:00,73009016.2556117,39439,906.4854,38364307.3165839,0
2021-09-29 05:00:00+00:00,42245.79,42300.38,42000.0,42300.38,1069.90024,2021-09-29 05:59:59.999000+00:00,45086529.2202795,28205,562.50455,23706441.6028066,0
2021-09-29 06:00:00+00:00,42300.37,42456.39,42129.62,42450.25,1075.21816,2021-09-29 06:59:59.999000+00:00,45425306.1383482,27801,528.9425,22347356.8649969,0
2021-09-29 09:00:00+00:00,42442.0,42442.02,42000.0,42252.57,1181.42556,2021-09-29 09:59:59.999000+00:00,49874154.1721964,38702,563.33611,23782182.7409473,0
2021-09-29 10:00:00+00:00,42252.57,42500.0,42129.63,42431.93,1558.96585,2021-09-29 10:59:59.999000+00:00,66052247.6123054,47513,810.11085,34329221.3409093,0
2021-09-29 11:00:00+00:00,42431.93,42458.79,42228.1,42399.98,1279.33086,2021-09-29 11:59:59.999000+00:00,54165260.9735496,32402,632.51515,26779642.3834565,0
2021-09-29 12:00:00+00:00,42399.98,42590.0,41856.21,42050.31,2248.58478,2021-09-29 12:59:59.999000+00:00,94945965.393887,53590,1020.12106,43072524.6338323,0
2021-09-29 13:00:00+00:00,42050.31,42190.0,41900.0,42144.48,1813.01897,2021-09-29 13:59:59.999000+00:00,76244893.2102974,42848,916.76295,38558400.9274425,0
2021-09-29 14:00:00+00:00,42144.47,42263.94,42041.7,42219.12,1252.97882,2021-09-29 14:59:59.999000+00:00,52835714.1820512,37772,571.89282,24116479.0187161,0
2021-09-29 15:00:00+00:00,42219.12,42249.99,41619.99,41698.98,2110.32291,2021-09-29 15:59:59.999000+00:00,88450383.7269911,59973,883.13745,37009079.1941707,0
2021-09-29 16:00:00+00:00,41698.97,41824.01,41416.71,41497.31,1909.07145,2021-09-29 16:59:59.999000+00:00,79379461.3288281,51913,941.75689,39158807.0196748,0
2021-09-29 17:00:00+00:00,41497.31,41582.28,41200.01,41219.72,1255.96865,2021-09-29 17:59:59.999000+00:00,52039315.8291793,38587,604.18518,25038293.9871217,0
2021-09-29 18:00:00+00:00,41219.72,41499.99,41052.4,41306.78,1691.00881,2021-09-29 18:59:59.999000+00:00,69792443.0631524,56674,841.2803,34724978.5054735,0
2021-09-29 19:00:00+00:00,41306.78,41509.5,41151.04,41207.86,1051.47418,2021-09-29 19:59:59.999000+00:00,43423051.6824403,31489,524.53513,21661665.0450888,0
2021-09-29 20:00:00+00:00,41207.87,41278.96,40900.0,41128.88,1885.35329,2021-09-29 20:59:59.999000+00:00,77411704.4231855,47400,851.19463,34957267.6023347,0
2021-09-29 21:00:00+00:00,41128.88,41300.0,40956.06,41236.0,953.3713,2021-09-29 21:59:59.999000+00:00,39234082.1541266,29263,513.42865,21129977.921512,0
2021-09-29 22:00:00+00:00,41236.0,41465.0,41071.29,41360.36,1088.02375,2021-09-29 22:59:59.999000+00:00,44907878.1836805,25375,509.04718,21013352.0806221,0
2021-09-29 23:00:00+00:00,41360.36,41580.67,41296.3,41524.28,816.19716,2021-09-29 23:59:59.999000+00:00,33814231.2709939,26353,413.73871,17143862.1975646,0
2021-09-30 00:00:00+00:00,41524.29,42420.37,41410.17,42329.41,2272.04021,2021-09-30 00:59:59.999000+00:00,95288018.4967777,53350,1216.23584,51022005.7282144,0
2021-09-30 01:00:00+00:00,42328.2,43196.96,42250.99,42965.41,3502.7535,2021-09-30 01:59:59.999000+00:00,149974439.6576531,78032,1868.37093,79984511.0361491,0
2021-09-30 02:00:00+00:00,42965.41,43424.19,42910.1,43407.83,2265.12625,2021-09-30 02:59:59.999000+00:00,97638589.7467555,45291,1156.46093,49862442.7664768,0
2021-09-30 03:00:00+00:00,43407.83,43729.68,43135.09,43591.23,2660.90655,2021-09-30 03:59:59.999000+00:00,115449718.8766274,62378,1338.61351,58097676.754948,0
2021-09-30 04:00:00+00:00,43591.24,43830.0,43432.82,43506.61,1898.01313,2021-09-30 04:59:59.999000+00:00,82777499.9283627,53837,887.15396,38692277.4885765,0
2021-09-30 05:00:00+00:00,43506.65,43705.44,43438.72,43516.52,1236.96184,2021-09-30 05:59:59.999000+00:00,53886243.7603162,36944,578.42111,25197582.1954136,0
2021-09-30 06:00:00+00:00,43516.51,43680.0,43362.51,43371.92,1259.8377,2021-09-30 06:59:59.999000+00:00,54873825.3653846,35030,582.01402,25352190.2984752,0
2021-09-30 07:00:00+00:00,43371.92,43449.99,43217.16,43286.88,1501.84278,2021-09-30 07:59:59.999000+00:00,65095375.6495511,46976,686.45902,29753147.6783163,0
2021-09-30 08:00:00+00:00,43286.88,43446.77,42784.83,43062.03,3064.07448,2021-09-30 08:59:59.999000+00:00,131985418.7789475,57765,1437.68878,61957247.5947461,0
2021-09-30 09:00:00+00:00,43062.02,43307.85,42975.36,43147.37,1481.58133,2021-09-30 09:59:59.999000+00:00,63917986.8908072,33032,763.52019,32938506.0994992,0
2021-09-30 10:00:00+00:00,43147.37,43298.36,42697.01,42826.78,1636.09047,2021-09-30 10:59:59.999000+00:00,70423802.4578569,36438,837.29104,36067786.0561851,0
2021-09-30 11:00:00+00:00,42826.78,43127.97,42767.74,43072.29,1204.08343,2021-09-30 11:59:59.999000+00:00,51760621.6653051,36954,642.70535,27628624.3923155,0
2021-09-30 12:00:00+00:00,43072.29,43777.0,43006.78,43419.53,3134.91978,2021-09-30 12:59:59.999000+00:00,136077591.0604937,68650,1797.50586,77996008.9071892,0
2021-09-30 13:00:00+00:00,43419.54,43580.0,43066.17,43081.77,2273.52486,2021-09-30 13:59:59.999000+00:00,98515505.9615422,56704,1121.45308,48593989.7783287,0
2021-09-30 14:00:00+00:00,43081.77,43208.51,42850.0,43118.64,2090.46367,2021-09-30 14:59:59.999000+00:00,89966931.4560448,57410,1001.57733,43110979.5046459,0
2021-09-30 15:00:00+00:00,43118.64,43499.0,42935.66,43149.02,2090.80544,2021-09-30 15:59:59.999000+00:00,90330574.3294315,51861,937.9053,40543194.9101465,0
2021-09-30 16:00:00+00:00,43149.02,43218.0,42819.86,42950.67,1602.24005,2021-09-30 16:59:59.999000+00:00,68881282.364127,44068,692.69764,29781541.1300395,0
2021-09-30 17:00:00+00:00,42950.66,43400.0,42906.69,43333.12,1992.39579,2021-09-30 17:59:59.999000+00:00,86023788.3178969,49827,996.08129,43022170.3160967,0
2021-09-30 18:00:00+00:00,43333.12,44044.23,43261.84,43994.08,3022.35847,2021-09-30 18:59:59.999000+00:00,132125212.8013525,88548,1873.89339,81939683.2311725,0
2021-09-30 19:00:00+00:00,43994.08,44141.37,43525.0,43532.31,1916.14218,2021-09-30 19:59:59.999000+00:00,84034809.0798831,53538,894.41068,39241632.6193723,0
2021-09-30 20:00:00+00:00,43532.32,43772.47,43100.0,43435.08,1425.99797,2021-09-30 20:59:59.999000+00:00,61971596.0360692,55774,658.37999,28613645.5590768,0
2021-09-30 21:00:00+00:00,43436.56,43799.93,43375.1,43754.0,920.78363,2021-09-30 21:59:59.999000+00:00,40120496.4958059,29560,502.6795,21899110.7596843,0
2021-09-30 22:00:00+00:00,43754.0,43915.89,43631.14,43741.7,1044.98789,2021-09-30 22:59:59.999000+00:00,45713001.9390176,39705,458.60834,20063334.5867346,0
2021-09-30 23:00:00+00:00,43741.69,43900.0,43590.0,43824.1,883.29641,2021-09-30 23:59:59.999000+00:00,38653672.4486679,26143,418.81266,18328658.8340308,0
2021-10-01 00:00:00+00:00,43820.01,44059.0,43661.63,43694.48,2001.56071,2021-10-01 00:59:59.999000+00:00,87792530.4545353,46349,896.39059,39324120.9588963,0
2021-10-01 01:00:00+00:00,43696.14,43803.94,43417.61,43742.74,1292.55848,2021-10-01 01:59:59.999000+00:00,56338648.2983654,31943,602.6854,26271825.2226015,0
2021-10-01 02:00:00+00:00,43742.74,43794.89,43283.03,43379.01,1348.70735,2021-10-01 02:59:59.999000+00:00,58684290.1358198,30477,657.72171,28611866.1584282,0
2021-10-01 03:00:00+00:00,43379.0,43680.0,43352.28,43635.79,993.1198,2021-10-01 03:59:59.999000+00:00,43228225.1527623,25845,503.60154,21920039.2351382,0
2021-10-01 04:00:00+00:00,43635.79,43715.71,43456.46,43625.02,982.32555,2021-10-01 04:59:59.999000+00:00,42816443.8216745,24892,572.31929,24951797.0287144,0
2021-10-01 05:00:00+00:00,43625.02,43923.21,43515.61,43850.33,1190.57391,2021-10-01 05:59:59.999000+00:00,52088456.2533044,28257,674.33589,29500563.9945217,0
2021-10-01 06:00:00+00:00,43850.32,44048.56,43729.0,43995.09,1537.37407,2021-10-01 06:59:59.999000+00:00,67516793.9086501,34797,833.47245,36606600.5057342,0
2021-10-01 07:00:00+00:00,43995.1,44836.0,43916.26,44788.42,4789.79567,2021-10-01 07:59:59.999000+00:00,213258855.49439648,104421,2744.06442,122170631.48985,0
2021-10-01 08:00:00+00:00,44788.42,44999.0,44700.0,44945.8,2953.83714,2021-10-01 08:59:59.999000+00:00,132467725.9833202,78275,1496.59164,67123447.2387569,0
2021-10-01 09:00:00+00:00,44945.81,45000.0,44767.29,44906.0,1809.73051,2021-10-01 09:59:59.999000+00:00,81267694.0622051,56723,841.9195,37812501.2115628,0
2021-10-01 10:00:00+00:00,44905.99,47786.7,44829.4,47081.46,12252.88214,2021-10-01 10:59:59.999000+00:00,572013095.1732932,292718,6784.7405,316434344.51576555,0
2021-10-01 11:00:00+00:00,47081.47,47659.32,46957.48,47488.08,4669.20863,2021-10-01 11:59:59.999000+00:00,220975313.93463993,125755,2565.93006,121432561.4428567,0
2021-10-01 12:00:00+00:00,47488.07,47886.11,47170.23,47214.37,5156.10571,2021-10-01 12:59:59.999000+00:00,244916137.3582336,119452,2439.51783,115846255.2426538,0
2021-10-01 13:00:00+00:00,47214.37,47379.99,46957.14,46980.94,2595.13896,2021-10-01 13:59:59.999000+00:00,122493667.1000471,71442,1198.61812,56584911.2700819,0
2021-10-01 14:00:00+00:00,46980.94,47347.53,46763.68,47130.0,3479.2201,2021-10-01 14:59:59.999000+00:00,163679194.6112708,91925,1640.81678,77202624.7990947,0
2021-10-01 15:00:00+00:00,47133.67,47490.71,47039.94,47363.68,3517.29015,2021-10-01 15:59:59.999000+00:00,166340371.7193777,80304,1509.86459,71408915.5302085,0
2021-10-01 16:00:00+00:00,47363.69,47850.0,47232.98,47559.88,2884.13063,2021-10-01 16:59:59.999000+00:00,136929179.6700562,73851,1531.67029,72743211.606984,0
2021-10-01 17:00:00+00:00,47566.0,47700.0,47397.01,47617.29,1433.33933,2021-10-01 17:59:59.999000+00:00,68107302.2304304,43252,761.53793,36187471.8420154,0
2021-10-01 18:00:00+00:00,47617.29,47928.0,47437.86,47724.18,1810.50879,2021-10-01 18:59:59.999000+00:00,86347518.2537903,66769,949.90705,45310382.7891867,0
2021-10-01 19:00:00+00:00,47724.17,48190.0,47705.68,48030.0,2275.13793,2021-10-01 19:59:59.999000+00:00,109043153.4560098,71324,1275.89839,61165563.653879,0
2021-10-01 20:00:00+00:00,48029.99,48183.17,47721.74,48090.42,1733.29267,2021-10-01 20:59:59.999000+00:00,83103242.0983061,62971,825.75488,39598677.1164176,0
2021-10-01 21:00:00+00:00,48090.43,48430.0,48062.59,48344.93,2069.84931,2021-10-01 21:59:59.999000+00:00,99872948.2399312,90740,1054.38022,50870722.2494341,0
2021-10-01 22:00:00+00:00,48344.93,48495.0,47710.01,48001.0,2501.54226,2021-10-01 22:59:59.999000+00:00,120343372.8653351,79466,1267.81447,61008258.071708,0
2021-10-01 23:00:00+00:00,48000.99,48171.37,47910.36,48141.61,967.64512,2021-10-01 23:59:59.999000+00:00,46470726.3167192,39289,527.32967,25324232.1633369,0
2021-10-02 00:00:00+00:00,48141.6,48224.01,47610.76,47817.73,2213.00452,2021-10-02 00:59:59.999000+00:00,105854129.2284462,61863,879.7115,42081962.3855048,0
2021-10-02 01:00:00+00:00,47817.73,48113.68,47692.51,47736.82,1408.80517,2021-10-02 01:59:59.999000+00:00,67439126.0646399,43093,743.3576,35580691.0765539,0
2021-10-02 02:00:00+00:00,47736.81,47880.6,47634.94,47708.51,1130.79157,2021-10-02 02:59:59.999000+00:00,53995571.1548094,30971,677.71201,32363801.9042001,0
2021-10-02 03:00:00+00:00,47708.51,47790.0,47443.98,47520.84,1385.9011,2021-10-02 03:59:59.999000+00:00,65973448.2059009,37423,695.14433,33096876.4098956,0
2021-10-02 04:00:00+00:00,47520.84,47716.9,47430.18,47569.92,1546.20462,2021-10-02 04:59:59.999000+00:00,73529587.0565624,42900,912.23375,43379302.4107226,0
2021-10-02 05:00:00+00:00,47569.92,47853.15,47510.18,47749.32,940.76735,2021-10-02 05:59:59.999000+00:00,44888910.2566464,38149,519.58498,24794948.4651609,0
2021-10-02 06:00:00+00:00,47749.32,47900.0,47662.1,47801.94,907.83577,2021-10-02 06:59:59.999000+00:00,43373678.9323232,33900,438.90324,20969969.6908305,0
2021-10-02 07:00:00+00:00,47801.94,47865.96,47705.04,47725.01,1040.20915,2021-10-02 07:59:59.999000+00:00,49694711.7372229,27235,407.55498,19471616.7206116,0
2021-10-02 08:00:00+00:00,47725.0,47774.84,47516.56,47723.91,975.15432,2021-10-02 08:59:59.999000+00:00,46440740.6045651,32685,452.281,21536703.0078816,0
2021-10-02 09:00:00+00:00,47723.91,47899.01,47666.0,47708.43,822.47467,2021-10-02 09:59:59.999000+00:00,39288427.1551746,29267,383.0267,18297129.352047,0
2021-10-02 10:00:00+00:00,47708.44,47762.29,47530.24,47606.05,749.13263,2021-10-02 10:59:59.999000+00:00,35687958.8599118,24884,356.4853,16984046.8996009,0
2021-10-02 11:00:00+00:00,47606.04,47734.94,47478.44,47683.45,924.61599,2021-10-02 11:59:59.999000+00:00,44003226.8614549,30772,444.06092,21134213.1288225,0
2021-10-02 12:00:00+00:00,47683.46,47785.0,47616.8,47729.23,986.13851,2021-10-02 12:59:59.999000+00:00,47053601.104725,30905,442.64329,21121639.8907949,0
2021-10-02 13:00:00+00:00,47729.24,48336.59,47630.1,47825.16,3093.39776,2021-10-02 13:59:59.999000+00:00,148044514.8565479,73910,1797.23607,86035351.0654976,0
2021-10-02 14:00:00+00:00,47825.17,48123.44,47790.43,48019.26,1840.72216,2021-10-02 14:59:59.999000+00:00,88317037.4038921,61554,924.40292,44351889.1030922,0
2021-10-02 15:00:00+00:00,48019.99,48054.48,47810.0,47828.52,1161.74641,2021-10-02 15:59:59.999000+00:00,55663574.2263015,42146,547.36544,26225846.6011027,0
2021-10-02 16:00:00+00:00,47831.94,48016.21,47650.0,48004.69,1728.70378,2021-10-02 16:59:59.999000+00:00,82706895.3228385,52041,925.18091,44268104.73712,0
2021-10-02 17:00:00+00:00,48004.69,48064.25,47826.19,47879.99,949.95603,2021-10-02 17:59:59.999000+00:00,45526245.9396984,36535,438.99225,21038539.6514656,0
2021-10-02 18:00:00+00:00,47879.99,47928.35,47720.0,47864.02,904.18793,2021-10-02 18:59:59.999000+00:00,43249359.8568472,35625,399.34495,19101330.8423645,0
2021-10-02 19:00:00+00:00,47864.01,48267.0,47864.01,48239.99,1401.69915,2021-10-02 19:59:59.999000+00:00,67451735.1434245,46425,705.79638,33963991.511909,0
2021-10-02 20:00:00+00:00,48240.0,48269.39,47874.98,47996.24,1146.99465,2021-10-02 20:59:59.999000+00:00,55074899.3227979,42467,523.94272,25157342.7406137,0
2021-10-02 21:00:00+00:00,47996.24,48167.58,47988.77,48125.9,571.95336,2021-10-02 21:59:59.999000+00:00,27493176.9703887,39641,258.76669,12439399.8140875,0
2021-10-02 22:00:00+00:00,48125.9,48300.0,48045.16,48049.34,904.85254,2021-10-02 22:59:59.999000+00:00,43582263.7647714,33403,452.32636,21787519.1876599,0
2021-10-02 23:00:00+00:00,48049.33,48184.0,47500.0,47634.9,1773.73217,2021-10-02 23:59:59.999000+00:00,84732060.502554,68322,854.44933,40825392.558663,0
2021-10-03 00:00:00+00:00,47634.89,47808.19,47088.0,47272.06,2272.9527,2021-10-03 00:59:59.999000+00:00,107904189.391093,81063,1088.14971,51665900.161739,0
2021-10-03 01:00:00+00:00,47274.57,47609.88,47223.27,47516.37,1187.82173,2021-10-03 01:59:59.999000+00:00,56283615.4602858,41056,560.82324,26576676.8254088,0
2021-10-03 02:00:00+00:00,47516.38,47769.99,47500.0,47620.36,941.31649,2021-10-03 02:59:59.999000+00:00,44849333.9065467,33707,472.71791,22525661.3331888,0
2021-10-03 03:00:00+00:00,47620.37,47963.0,47534.34,47898.66,826.12062,2021-10-03 03:59:59.999000+00:00,39409900.7848345,29452,415.96678,19844616.3963675,0
2021-10-03 04:00:00+00:00,47894.44,47963.0,47788.34,47890.78,633.7895,2021-10-03 04:59:59.999000+00:00,30334656.2309402,23300,317.28916,15187004.2838199,0
2021-10-03 05:00:00+00:00,47890.78,48100.0,47860.11,47990.14,735.55957,2021-10-03 05:59:59.999000+00:00,35315833.7809746,28818,408.16678,19597373.4164771,0
2021-10-03 06:00:00+00:00,47990.13,48057.0,47896.93,47972.99,617.25174,2021-10-03 06:59:59.999000+00:00,29608213.0366048,33180,276.33061,13255586.5412111,0
2021-10-03 07:00:00+00:00,47970.15,47970.16,47814.0,47895.99,569.31948,2021-10-03 07:59:59.999000+00:00,27261247.084386,28328,251.36396,12035926.341038,0
2021-10-03 08:00:00+00:00,47896.0,47983.38,47798.5,47823.99,838.17079,2021-10-03 08:59:59.999000+00:00,40148139.8116588,28691,362.20316,17349923.0287216,0
2021-10-03 09:00:00+00:00,47823.98,47869.0,47600.0,47830.09,1489.72226,2021-10-03 09:59:59.999000+00:00,71100989.0522929,47395,699.09369,33365552.3833633,0
2021-10-03 10:00:00+00:00,47830.09,47953.2,47730.0,47812.32,625.24084,2021-10-03 10:59:59.999000+00:00,29916774.3350002,25487,302.2498,14462432.794819,0
2021-10-03 11:00:00+00:00,47812.32,48048.0,47778.05,47974.86,972.55548,2021-10-03 11:59:59.999000+00:00,46637893.4482009,31364,526.52952,25250371.9140353,0
2021-10-03 12:00:00+00:00,47974.86,48090.0,47808.14,47964.43,804.97466,2021-10-03 12:59:59.999000+00:00,38615673.829469,28239,387.15597,18574786.9343556,0
2021-10-03 13:00:00+00:00,47964.44,48150.0,47841.0,48052.5,1147.51808,2021-10-03 13:59:59.999000+00:00,55117267.0193937,39471,589.64298,28323573.6783139,0
2021-10-03 14:00:00+00:00,48052.5,48105.6,47892.99,47965.64,997.50451,2021-10-03 14:59:59.999000+00:00,47872047.1426965,37457,501.66887,24077286.1639064,0
2021-10-03 15:00:00+00:00,47965.64,48025.31,47799.18,47879.82,1251.80495,2021-10-03 15:59:59.999000+00:00,59958482.6572437,47087,572.37057,27418342.7314172,0
2021-10-03 16:00:00+00:00,47879.81,48067.69,47821.96,48034.99,937.24598,2021-10-03 16:59:59.999000+00:00,44951175.8393659,40941,500.39885,24000503.4645507,0
2021-10-03 17:00:00+00:00,48034.99,49228.08,47943.09,48910.24,4172.68238,2021-10-03 17:59:59.999000+00:00,202840801.69678968,150604,2624.65506,127641423.8181044,0
2021-10-03 18:00:00+00:00,48910.23,49176.32,48541.33,48822.03,2520.10677,2021-10-03 18:59:59.999000+00:00,123261369.4986675,82098,1228.18533,60075143.3027204,0
2021-10-03 19:00:00+00:00,48822.03,48960.98,48725.0,48774.76,977.20419,2021-10-03 19:59:59.999000+00:00,47752637.1655288,37565,444.7224,21731424.7148533,0
2021-10-03 20:00:00+00:00,48774.76,48837.88,48400.59,48425.02,1312.92032,2021-10-03 20:59:59.999000+00:00,63843395.1913305,48563,548.06746,26658489.4775423,0
2021-10-03 21:00:00+00:00,48425.02,48455.11,47601.89,47758.21,2613.26754,2021-10-03 21:59:59.999000+00:00,125365742.3396854,92999,1222.4604,58670483.0722197,0
2021-10-03 22:00:00+00:00,47758.2,48200.0,47700.0,47984.94,1346.8441,2021-10-03 22:59:59.999000+00:00,64681822.9826639,38469,630.70865,30282402.6120666,0
2021-10-03 23:00:00+00:00,47988.23,48320.0,47874.0,48200.01,1033.16133,2021-10-03 23:59:59.999000+00:00,49733260.5049244,38960,495.89428,23872161.0173093,0
2021-10-04 00:00:00+00:00,48200.01,48280.71,47840.0,47860.89,1593.37284,2021-10-04 00:59:59.999000+00:00,76559657.6180936,47834,728.69865,35007393.2605095,0
2021-10-04 01:00:00+00:00,47860.88,48181.91,47714.27,47810.39,1319.95616,2021-10-04 01:59:59.999000+00:00,63233496.6435605,50462,623.03773,29851014.5614156,0
2021-10-04 02:00:00+00:00,47810.4,47883.91,47581.42,47678.16,1353.73032,2021-10-04 02:59:59.999000+00:00,64612470.1395243,35274,627.4624,29951848.1442913,0
2021-10-04 03:00:00+00:00,47678.16,47798.2,47336.0,47468.79,1617.51466,2021-10-04 03:59:59.999000+00:00,76920833.1814264,45765,692.52856,32945532.3896295,0
2021-10-04 04:00:00+00:00,47468.79,47844.1,47234.21,47751.99,1829.35088,2021-10-04 04:59:59.999000+00:00,86962699.5114372,53052,934.43352,44418811.0849163,0
2021-10-04 05:00:00+00:00,47751.98,47865.51,47716.86,47777.05,780.10633,2021-10-04 05:59:59.999000+00:00,37279179.4506091,26487,390.25943,18649218.0350483,0
2021-10-04 06:00:00+00:00,47777.05,47825.0,47550.77,47710.0,996.35366,2021-10-04 06:59:59.999000+00:00,47507460.1830756,36467,456.82452,21778959.5135022,0
2021-10-04 07:00:00+00:00,47710.0,47860.63,47589.99,47838.54,972.61596,2021-10-04 07:59:59.999000+00:00,46414657.0368589,33380,536.52457,25605368.6732574,0
2021-10-04 08:00:00+00:00,47838.54,47962.51,47471.5,47656.49,1357.93377,2021-10-04 08:59:59.999000+00:00,64756520.4783384,49523,583.2615,27816564.1507734,0
2021-10-04 09:00:00+00:00,47656.49,47759.42,47525.0,47732.22,947.30803,2021-10-04 09:59:59.999000+00:00,45137611.5787308,36709,450.35757,21458893.7002333,0
2021-10-04 10:00:00+00:00,47732.21,47756.1,47486.15,47626.97,982.44873,2021-10-04 10:59:59.999000+00:00,46760754.523958,32402,449.50905,21396498.6758821,0
2021-10-04 11:00:00+00:00,47626.01,47679.36,47352.77,47585.85,1374.40205,2021-10-04 11:59:59.999000+00:00,65339136.6236433,38403,517.7878,24609274.179173,0
2021-10-04 12:00:00+00:00,47585.84,47819.43,47448.39,47707.37,1400.46322,2021-10-04 12:59:59.999000+00:00,66769269.7927821,38219,734.34732,35009006.9802979,0
2021-10-04 13:00:00+00:00,47707.37,48179.58,47667.59,48116.29,2131.43106,2021-10-04 13:59:59.999000+00:00,101986736.8813427,59648,1085.63657,51953339.3039948,0
2021-10-04 14:00:00+00:00,48113.91,48500.0,47250.0,47450.66,3994.96721,2021-10-04 14:59:59.999000+00:00,191436294.819804,109046,1918.49084,91956500.6160536,0
2021-10-04 15:00:00+00:00,47450.66,47799.98,46891.0,47758.23,3265.02528,2021-10-04 15:59:59.999000+00:00,154569765.5842601,102550,1591.48821,75382637.9680889,0
2021-10-04 16:00:00+00:00,47758.22,48930.0,47694.41,48589.99,4379.08934,2021-10-04 16:59:59.999000+00:00,212272458.8881784,134975,2345.58768,113663544.8472882,0
2021-10-04 17:00:00+00:00,48589.99,49500.0,48203.66,49296.44,4587.53271,2021-10-04 17:59:59.999000+00:00,224411934.2274288,145929,2429.02377,118905364.5453294,0
2021-10-04 18:00:00+00:00,49296.43,49536.12,49001.25,49318.0,2584.65065,2021-10-04 18:59:59.999000+00:00,127379049.9183691,76354,1325.27775,65327274.5078249,0
2021-10-04 19:00:00+00:00,49318.0,49454.9,48904.28,49380.0,2564.86883,2021-10-04 19:59:59.999000+00:00,126114191.0826392,68550,1286.8521,63281218.2876209,0
2021-10-04 20:00:00+00:00,49380.0,49498.78,48981.24,49006.15,2193.96498,2021-10-04 20:59:59.999000+00:00,107966985.914201,58766,1018.67912,50144116.9204978,0
2021-10-04 21:00:00+00:00,49006.14,49166.09,48556.09,48931.03,1490.4286,2021-10-04 21:59:59.999000+00:00,72860020.1553713,54980,744.70576,36416998.3577538,0
2021-10-04 22:00:00+00:00,48931.04,49041.24,48688.83,48916.29,1065.63612,2021-10-04 22:59:59.999000+00:00,52067448.1753711,46389,521.18442,25465773.7721966,0
2021-10-04 23:00:00+00:00,48920.79,49451.0,48895.11,49224.94,2013.34233,2021-10-04 23:59:59.999000+00:00,99145728.7173527,56528,1040.53256,51237648.313073,0
2021-10-05 00:00:00+00:00,49224.93,49799.0,49022.4,49531.0,2874.51418,2021-10-05 00:59:59.999000+00:00,142218151.0176825,104962,1441.54568,71343308.1536873,0
2021-10-05 01:00:00+00:00,49531.0,49597.38,49163.68,49243.03,1493.83294,2021-10-05 01:59:59.999000+00:00,73723529.8063189,51163,680.00308,33553319.3957493,0
2021-10-05 02:00:00+00:00,49243.02,49380.84,49050.36,49324.82,1259.79109,2021-10-05 02:59:59.999000+00:00,62011078.5688949,42471,601.32877,29602183.3879708,0
2021-10-05 03:00:00+00:00,49324.82,49497.0,49123.87,49306.68,1236.42328,2021-10-05 03:59:59.999000+00:00,60960046.3094065,40292,559.81061,27601194.4541997,0
2021-10-05 04:00:00+00:00,49306.68,49319.48,49088.0,49168.31,993.35062,2021-10-05 04:59:59.999000+00:00,48875470.2708171,38355,421.15491,20722091.2863849,0
2021-10-05 05:00:00+00:00,49168.3,49412.88,49138.78,49325.0,1090.74161,2021-10-05 05:59:59.999000+00:00,53764177.8497903,32485,570.52635,28121643.1462416,0
2021-10-05 06:00:00+00:00,49325.01,49473.81,49252.07,49295.92,1300.51813,2021-10-05 06:59:59.999000+00:00,64201844.858859,42988,613.81654,30303284.4794554,0
2021-10-05 07:00:00+00:00,49295.93,49664.14,49250.87,49476.51,1605.05323,2021-10-05 07:59:59.999000+00:00,79410020.7266901,40519,854.04061,42244970.258605,0
2021-10-05 08:00:00+00:00,49476.52,50000.0,49376.06,49919.99,2544.68546,2021-10-05 08:59:59.999000+00:00,126539937.9867532,67704,1480.28982,73650313.1206801,0
2021-10-05 09:00:00+00:00,49920.0,50328.0,49584.4,50269.35,3724.60084,2021-10-05 09:59:59.999000+00:00,186203670.56029513,110229,2044.77337,102261370.7276229,0
2021-10-05 10:00:00+00:00,50269.35,50350.0,49839.26,49999.99,2413.65153,2021-10-05 10:59:59.999000+00:00,121033649.763365,71384,1200.59959,60215218.7179453,0
2021-10-05 11:00:00+00:00,49999.99,50145.88,49801.74,49877.06,1611.66993,2021-10-05 11:59:59.999000+00:00,80586134.6146717,48662,752.2874,37625391.8411953,0
2021-10-05 12:00:00+00:00,49877.06,50110.0,49705.0,50000.0,2161.32487,2021-10-05 12:59:59.999000+00:00,107901312.0457522,65459,1079.51575,53903538.6590236,0
2021-10-05 13:00:00+00:00,50000.0,50320.0,49772.63,50207.96,2108.42441,2021-10-05 13:59:59.999000+00:00,105540200.7653646,61687,1040.39799,52081272.2286618,0
2021-10-05 14:00:00+00:00,50207.96,50388.0,49575.94,49841.79,3331.24836,2021-10-05 14:59:59.999000+00:00,166530989.0203074,95418,1580.64485,79030193.7146384,0
2021-10-05 15:00:00+00:00,49841.78,50205.21,49700.0,49793.57,2394.23691,2021-10-05 15:59:59.999000+00:00,119592923.0507923,71823,1174.02317,58652217.8270665,0
2021-10-05 16:00:00+00:00,49793.57,50115.24,49640.36,50103.85,1616.06606,2021-10-05 16:59:59.999000+00:00,80651857.5215519,55924,841.5209,42004118.6904165,0
2021-10-05 17:00:00+00:00,50103.86,50200.0,49950.0,50146.52,1496.73634,2021-10-05 17:59:59.999000+00:00,74983830.4755462,44186,786.03346,39372198.3423804,0
2021-10-05 18:00:00+00:00,50146.51,50777.0,50140.01,50612.44,3172.36075,2021-10-05 18:59:59.999000+00:00,160136982.5013028,111136,1730.32366,87341353.5844991,0
2021-10-05 19:00:00+00:00,50612.45,51388.0,50557.89,51190.11,4096.42422,2021-10-05 19:59:59.999000+00:00,208740678.79207033,127971,2366.60777,120584886.1494385,0
2021-10-05 20:00:00+00:00,51190.11,51773.76,51104.47,51462.29,3445.45109,2021-10-05 20:59:59.999000+00:00,177212447.8005808,122814,1776.08657,91367277.961552,0
2021-10-05 21:00:00+00:00,51461.16,51886.3,51299.06,51718.61,2892.91766,2021-10-05 21:59:59.999000+00:00,149371647.9092267,100228,1579.18172,81576521.0048828,0
2021-10-05 22:00:00+00:00,51718.61,51775.42,51318.24,51349.86,1929.7566,2021-10-05 22:59:59.999000+00:00,99318595.8736857,55491,909.85673,46828700.2573321,0
2021-10-05 23:00:00+00:00,51349.85,51620.37,51343.06,51471.99,1331.88782,2021-10-05 23:59:59.999000+00:00,68592650.9279974,38300,603.04116,31059305.6090995,0
2021-10-06 00:00:00+00:00,51471.99,51539.3,51201.05,51321.61,1874.26782,2021-10-06 00:59:59.999000+00:00,96187857.3131245,62865,922.5311,47344224.0731875,0
2021-10-06 01:00:00+00:00,51322.98,51330.96,50917.73,51278.38,1731.78906,2021-10-06 01:59:59.999000+00:00,88566896.91346,62968,763.37372,39046196.8259718,0
2021-10-06 02:00:00+00:00,51277.3,51591.82,51152.0,51545.56,1546.24844,2021-10-06 02:59:59.999000+00:00,79464481.1963838,41891,771.64163,39658193.5006681,0
2021-10-06 03:00:00+00:00,51545.56,51600.0,51295.32,51513.81,1716.30688,2021-10-06 03:59:59.999000+00:00,88358711.1879374,42256,834.36971,42948745.0150439,0
2021-10-06 04:00:00+00:00,51512.13,51593.52,51236.7,51325.83,1788.57297,2021-10-06 04:59:59.999000+00:00,91926499.6017643,46563,895.09673,45997351.6921411,0
2021-10-06 05:00:00+00:00,51325.82,51828.0,51200.56,51512.37,3845.98164,2021-10-06 05:59:59.999000+00:00,197981653.49348408,70915,1766.83922,90941060.1882719,0
2021-10-06 06:00:00+00:00,51516.11,51736.11,51450.85,51509.98,1795.94549,2021-10-06 06:59:59.999000+00:00,92666125.2917446,47868,864.18403,44588386.2105213,0
2021-10-06 07:00:00+00:00,51509.97,51575.1,51088.0,51449.99,2514.70815,2021-10-06 07:59:59.999000+00:00,129216184.3499035,77450,1222.92034,62828363.5164851,0
2021-10-06 08:00:00+00:00,51450.0,51500.0,50420.0,50693.51,4693.98921,2021-10-06 08:59:59.999000+00:00,238739672.2896978,138101,2080.16339,105771426.8132127,0
2021-10-06 09:00:00+00:00,50695.74,50822.0,50382.41,50700.0,3309.28438,2021-10-06 09:59:59.999000+00:00,167413468.9181949,91671,1645.6296,83259155.4804542,0
2021-10-06 10:00:00+00:00,50700.0,51478.0,50619.1,51160.35,3675.56641,2021-10-06 10:59:59.999000+00:00,187899254.066797,88651,1909.53709,97606528.3886783,0
2021-10-06 11:00:00+00:00,51160.35,51490.0,51091.3,51306.56,2864.51572,2021-10-06 11:59:59.999000+00:00,147033063.9811458,64248,1514.94086,77767841.5899234,0
2021-10-06 12:00:00+00:00,51306.57,52829.0,51259.84,52741.68,7188.98039,2021-10-06 12:59:59.999000+00:00,375179030.39296466,212962,4098.25453,213846344.09208673,0
2021-10-06 13:00:00+00:00,52741.68,55555.0,52610.2,53997.0,13067.382057,2021-10-06 13:59:59.999000+00:00,707863186.6244173,414944,7200.09743,390073669.95347226,0
2021-10-06 14:00:00+00:00,53996.99,54550.0,53750.0,54500.4,4630.4248,2021-10-06 14:59:59.999000+00:00,250689839.8827498,137036,2362.18743,127883804.0017607,0
2021-10-06 15:00:00+00:00,54500.4,55156.97,54250.04,54984.19,4393.70176,2021-10-06 15:59:59.999000+00:00,240389311.4688092,163996,2413.80601,132115610.1981633,0
2021-10-06 16:00:00+00:00,54984.2,55054.87,54446.54,54891.32,3430.49862,2021-10-06 16:59:59.999000+00:00,187730238.0655066,111464,1698.47897,92951484.6822707,0
2021-10-06 17:00:00+00:00,54891.32,54917.9,54517.01,54581.22,2185.69496,2021-10-06 17:59:59.999000+00:00,119495925.1057562,85867,1022.7729,55914200.8215277,0
2021-10-06 18:00:00+00:00,54582.09,55109.67,54446.54,54527.82,2983.47234,2021-10-06 18:59:59.999000+00:00,163446368.1547795,83664,1318.83587,72289666.1111547,0
2021-10-06 19:00:00+00:00,54527.82,55078.01,54483.85,55049.99,2056.35874,2021-10-06 19:59:59.999000+00:00,112786036.7702335,60232,1115.18066,61161976.8661844,0
2021-10-06 20:00:00+00:00,55049.99,55386.86,54812.0,54918.24,2562.02201,2021-10-06 20:59:59.999000+00:00,141234536.1897279,94608,1187.24924,65465373.1402451,0
2021-10-06 21:00:00+00:00,54918.24,55273.83,54880.05,55075.37,1617.26588,2021-10-06 21:59:59.999000+00:00,89090648.5326474,69120,743.0383,40932646.9752287,0
2021-10-06 22:00:00+00:00,55075.38,55280.0,54893.02,55144.72,1516.95819,2021-10-06 22:59:59.999000+00:00,83560728.6149165,53307,756.47193,41667752.5333006,0
2021-10-06 23:00:00+00:00,55144.72,55750.0,55119.08,55315.0,2887.609264,2021-10-06 23:59:59.999000+00:00,160007546.9753761,120479,1556.426827,86266110.9932863,0
2021-10-07 00:00:00+00:00,55315.0,55332.31,54500.0,54794.88,3291.49488,2021-10-07 00:59:59.999000+00:00,180763793.8032294,100017,1560.51762,85676899.8482242,0
2021-10-07 01:00:00+00:00,54794.88,54909.19,54112.0,54787.3,2806.59176,2021-10-07 01:59:59.999000+00:00,152998569.4107297,96776,1378.44882,75158484.8478571,0
2021-10-07 02:00:00+00:00,54787.3,55230.6,54680.92,55075.56,1938.3829,2021-10-07 02:59:59.999000+00:00,106597576.9998155,54888,995.97994,54777322.0096185,0
2021-10-07 03:00:00+00:00,55075.57,55215.67,54730.86,54810.94,1540.73481,2021-10-07 03:59:59.999000+00:00,84662538.9058185,47606,767.82903,42193367.7211893,0
2021-10-07 04:00:00+00:00,54810.93,55237.04,54756.06,55073.2,1450.0039,2021-10-07 04:59:59.999000+00:00,79811351.76496,45760,707.40876,38939904.8910143,0
2021-10-07 05:00:00+00:00,55073.2,55073.21,54545.07,54735.76,2251.12202,2021-10-07 05:59:59.999000+00:00,123167067.8861217,58194,1085.18411,59369325.8725682,0
2021-10-07 06:00:00+00:00,54735.77,54968.06,54375.83,54534.16,1783.00426,2021-10-07 06:59:59.999000+00:00,97431201.8898185,57962,813.47171,44453357.4511479,0
2021-10-07 07:00:00+00:00,54534.16,54793.26,54235.33,54755.92,4163.43136,2021-10-07 07:59:59.999000+00:00,226761136.47693712,94873,2311.39369,125836747.235479,0
2021-10-07 08:00:00+00:00,54755.91,54778.91,54400.0,54538.3,2049.38218,2021-10-07 08:59:59.999000+00:00,111791710.766879,68530,995.48398,54303590.4744753,0
2021-10-07 09:00:00+00:00,54538.31,54547.3,53786.13,54300.57,4189.35726,2021-10-07 09:59:59.999000+00:00,226849483.7121741,112792,2016.20301,109174256.4321778,0
2021-10-07 10:00:00+00:00,54300.57,54432.49,53811.0,53906.62,2498.88588,2021-10-07 10:59:59.999000+00:00,135099616.029698,83994,1164.79267,62975922.1130905,0
2021-10-07 11:00:00+00:00,53906.62,54365.3,53884.44,54305.54,1960.06258,2021-10-07 11:59:59.999000+00:00,106078341.0246473,71308,962.2686,52084600.9233019,0
2021-10-07 12:00:00+00:00,54305.53,54361.99,53630.01,53983.13,2642.0412,2021-10-07 12:59:59.999000+00:00,142711994.7378924,90373,1157.23692,62500493.5387685,0
2021-10-07 13:00:00+00:00,53983.12,54700.0,53782.44,54567.84,2557.02458,2021-10-07 13:59:59.999000+00:00,138748109.7535368,82501,1203.50795,65328131.2708913,0
2021-10-07 14:00:00+00:00,54567.83,54685.98,53357.0,53789.59,4577.48236,2021-10-07 14:59:59.999000+00:00,247313990.042743,129875,1961.36921,105915989.572401,0
2021-10-07 15:00:00+00:00,53789.59,54220.29,53659.11,53899.99,2284.1666,2021-10-07 15:59:59.999000+00:00,123233815.7076779,80108,1150.80007,62087953.1586096,0
2021-10-07 16:00:00+00:00,53902.39,54330.0,53400.0,54154.72,3419.33665,2021-10-07 16:59:59.999000+00:00,184448983.68266073,91420,1730.40966,93334094.9784985,0
2021-10-07 17:00:00+00:00,54154.71,54324.88,54015.72,54165.51,1732.51096,2021-10-07 17:59:59.999000+00:00,93846824.1004925,61630,708.35104,38375480.6782219,0
2021-10-07 18:00:00+00:00,54165.51,54225.97,53829.54,53895.9,1439.99298,2021-10-07 18:59:59.999000+00:00,77763229.7668276,47507,691.42333,37334835.1176099,0
2021-10-07 19:00:00+00:00,53895.9,54161.82,53802.18,53962.76,1244.49099,2021-10-07 19:59:59.999000+00:00,67229504.9001136,43849,571.24451,30866035.9230537,0
2021-10-07 20:00:00+00:00,53962.75,54324.87,53890.0,54167.17,1066.88373,2021-10-07 20:59:59.999000+00:00,57745057.7188385,38094,530.04726,28688404.1535167,0
2021-10-07 21:00:00+00:00,54167.18,54500.0,54036.0,54275.62,1346.45466,2021-10-07 21:59:59.999000+00:00,73154039.5550243,47864,683.14862,37117602.3724087,0
2021-10-07 22:00:00+00:00,54275.61,54640.3,53765.04,53899.39,1795.35129,2021-10-07 22:59:59.999000+00:00,97104267.5000371,61234,928.12941,50210599.1896729,0
2021-10-07 23:00:00+00:00,53895.57,53964.8,53607.27,53785.22,889.18787,2021-10-07 23:59:59.999000+00:00,47830914.9519699,35992,411.24857,22123217.2651902,0
2021-10-08 00:00:00+00:00,53785.22,54235.99,53711.57,54108.0,1319.71058,2021-10-08 00:59:59.999000+00:00,71264674.7618669,43155,683.00199,36883209.5024099,0
2021-10-08 01:00:00+00:00,54108.01,54397.0,54051.1,54297.35,1107.5734,2021-10-08 01:59:59.999000+00:00,60070447.1925122,37661,541.42529,29367797.767806,0
2021-10-08 02:00:00+00:00,54297.35,54429.99,53776.5,53842.0,1547.30709,2021-10-08 02:59:59.999000+00:00,83608849.8985276,47630,716.1206,38700173.3830244,0
2021-10-08 03:00:00+00:00,53842.01,53940.0,53691.02,53815.22,1401.24886,2021-10-08 03:59:59.999000+00:00,75387268.3981489,39458,594.29804,31973546.3367535,0
2021-10-08 04:00:00+00:00,53815.21,53972.94,53766.28,53877.93,1097.26855,2021-10-08 04:59:59.999000+00:00,59118898.8957426,33884,499.04166,26885731.6138344,0
2021-10-08 05:00:00+00:00,53877.92,54174.0,53617.61,54172.95,1644.31622,2021-10-08 05:59:59.999000+00:00,88567724.1309754,48223,721.18215,38858555.1826299,0
2021-10-08 06:00:00+00:00,54172.94,54286.9,53999.99,54110.22,1579.99547,2021-10-08 06:59:59.999000+00:00,85525070.3686942,40816,845.87546,45787246.1443842,0
2021-10-08 07:00:00+00:00,54110.23,54967.97,54000.0,54829.39,3718.09256,2021-10-08 07:59:59.999000+00:00,202760008.55463353,100961,1991.62,108629001.5489395,0
2021-10-08 08:00:00+00:00,54829.38,56100.0,54753.66,55800.01,6855.22152,2021-10-08 08:59:59.999000+00:00,380142801.095792,213166,3643.52763,202102079.7858069,0
2021-10-08 09:00:00+00:00,55800.0,56000.0,55105.0,55234.76,3003.36631,2021-10-08 09:59:59.999000+00:00,166731937.9864601,101862,1522.97041,84572420.4748846,0
2021-10-08 10:00:00+00:00,55234.76,55588.59,55182.16,55485.66,1569.66161,2021-10-08 10:59:59.999000+00:00,86942323.1454135,62947,814.71984,45130144.7468255,0
2021-10-08 11:00:00+00:00,55485.67,55600.0,55138.18,55242.72,1832.22279,2021-10-08 11:59:59.999000+00:00,101502463.9861382,64341,840.15662,46540498.8530475,0
2021-10-08 12:00:00+00:00,55242.71,55300.0,54506.0,54841.01,3244.97667,2021-10-08 12:59:59.999000+00:00,178206837.8709482,109381,1530.10233,84026651.3273718,0
2021-10-08 13:00:00+00:00,54841.0,54936.54,54035.25,54178.99,2812.73748,2021-10-08 13:59:59.999000+00:00,153290225.5378489,100986,1294.20072,70543263.318095,0
2021-10-08 14:00:00+00:00,54179.0,54689.99,54135.01,54570.92,1779.35498,2021-10-08 14:59:59.999000+00:00,96892482.6542297,76765,843.10699,45908386.5546696,0
2021-10-08 15:00:00+00:00,54570.92,54799.99,54024.84,54324.84,1964.66998,2021-10-08 15:59:59.999000+00:00,106814805.4122918,62150,981.23381,53362532.4403424,0
2021-10-08 16:00:00+00:00,54324.83,54520.7,54042.38,54298.45,1372.44648,2021-10-08 16:59:59.999000+00:00,74488830.8767066,45770,689.0115,37398192.544153,0
2021-10-08 17:00:00+00:00,54298.45,54447.92,54136.64,54293.89,901.44016,2021-10-08 17:59:59.999000+00:00,48919857.0085721,36961,429.8897,23328860.549784,0
2021-10-08 18:00:00+00:00,54293.88,54655.59,54233.43,54501.0,1221.64075,2021-10-08 18:59:59.999000+00:00,66590206.1355078,41147,630.63269,34372655.9650608,0
2021-10-08 19:00:00+00:00,54500.99,54700.0,54251.31,54686.48,1146.07007,2021-10-08 19:59:59.999000+00:00,62510222.2163948,39667,543.78251,29661473.9140014,0
2021-10-08 20:00:00+00:00,54686.48,54774.35,53778.0,54001.7,1914.12552,2021-10-08 20:59:59.999000+00:00,103748841.3998621,74876,772.47245,41897807.9952885,0
2021-10-08 21:00:00+00:00,54001.7,54331.69,53878.18,54162.2,1204.61944,2021-10-08 21:59:59.999000+00:00,65151617.67776,53161,599.11136,32398667.8321622,0
2021-10-08 22:00:00+00:00,54162.2,54264.0,54035.28,54060.05,860.6042,2021-10-08 22:59:59.999000+00:00,46595803.7773311,41245,403.64427,21855840.6072648,0
2021-10-08 23:00:00+00:00,54060.05,54136.6,53775.83,53951.43,1061.58716,2021-10-08 23:59:59.999000+00:00,57255426.1117212,32619,512.06532,27615218.4796344,0
2021-10-09 00:00:00+00:00,53955.67,54298.35,53661.67,54264.17,1621.97337,2021-10-09 00:59:59.999000+00:00,87642610.8850443,47895,731.16734,39522333.4150795,0
2021-10-09 01:00:00+00:00,54264.16,54307.71,53849.99,54007.55,1094.61868,2021-10-09 01:59:59.999000+00:00,59140424.5857385,34702,516.67505,27907711.0581869,0
2021-10-09 02:00:00+00:00,54007.55,54197.76,53841.41,54156.38,854.51852,2021-10-09 02:59:59.999000+00:00,46173825.3265141,36972,423.55307,22889395.8480865,0
2021-10-09 03:00:00+00:00,54156.38,54699.0,54110.0,54560.58,1314.06614,2021-10-09 03:59:59.999000+00:00,71581069.2043944,39250,730.86132,39811798.2301546,0
2021-10-09 04:00:00+00:00,54562.58,54730.28,54479.23,54684.62,1006.31654,2021-10-09 04:59:59.999000+00:00,54971025.5707804,28286,485.69839,26531605.1974395,0
2021-10-09 05:00:00+00:00,54684.63,54741.09,54384.27,54597.78,865.60336,2021-10-09 05:59:59.999000+00:00,47191931.4822291,28352,355.69853,19393152.2134577,0
2021-10-09 06:00:00+00:00,54597.78,55100.0,54590.15,54837.89,2003.32793,2021-10-09 06:59:59.999000+00:00,109989419.0711306,59039,1114.03665,61177965.4040812,0
2021-10-09 07:00:00+00:00,54837.9,55050.0,54715.75,54917.55,970.95476,2021-10-09 07:59:59.999000+00:00,53284698.7453932,37886,505.75388,27754296.4708544,0
2021-10-09 08:00:00+00:00,54917.56,55062.11,54523.23,54728.45,1225.19345,2021-10-09 08:59:59.999000+00:00,67120913.206592,39436,635.66625,34833252.6152876,0
2021-10-09 09:00:00+00:00,54728.45,54919.59,54490.55,54907.45,2493.93592,2021-10-09 09:59:59.999000+00:00,136407227.3796153,65365,1252.38393,68503384.8413314,0
2021-10-09 10:00:00+00:00,54907.45,55007.97,54566.31,54888.99,2944.30702,2021-10-09 10:59:59.999000+00:00,161279909.4871473,89133,1436.8093,78706806.125621,0
2021-10-09 11:00:00+00:00,54888.99,55340.3,54779.2,54792.68,4217.11016,2021-10-09 11:59:59.999000+00:00,231931602.5948189,119348,2231.40536,122739213.4043985,0
2021-10-09 12:00:00+00:00,54792.68,55166.44,54792.68,54979.26,3254.56135,2021-10-09 12:59:59.999000+00:00,179058701.5628187,95790,1679.13555,92382090.6294248,0
2021-10-09 13:00:00+00:00,54979.26,55489.0,54926.49,55242.2,3718.19297,2021-10-09 13:59:59.999000+00:00,205107358.9889056,111242,1918.67148,105846222.3429865,0
2021-10-09 14:00:00+00:00,55242.19,55314.2,55045.88,55136.84,3125.4103,2021-10-09 14:59:59.999000+00:00,172404191.9429564,91652,1572.65325,86750385.7201511,0
2021-10-09 15:00:00+00:00,55136.83,55177.05,54867.2,54977.29,2876.45899,2021-10-09 15:59:59.999000+00:00,158322018.778137,82066,1374.187,75640007.5762152,0
2021-10-09 16:00:00+00:00,54977.29,55125.0,54674.07,54801.16,3589.0402,2021-10-09 16:59:59.999000+00:00,197031763.0159162,96204,1723.28672,94612496.5802115,0
2021-10-09 17:00:00+00:00,54801.15,54945.73,54726.19,54914.05,2553.83136,2021-10-09 17:59:59.999000+00:00,140108589.3547679,73400,1282.45733,70358539.2816611,0
2021-10-09 18:00:00+00:00,54914.05,55149.96,54738.66,54900.0,3042.43959,2021-10-09 18:59:59.999000+00:00,166879122.7095548,79194,1507.95448,82714557.5169737,0
2021-10-09 19:00:00+00:00,54897.24,54964.52,54592.21,54656.81,2258.70824,2021-10-09 19:59:59.999000+00:00,123756039.661769,60028,1124.87351,61635408.373208,0
2021-10-09 20:00:00+00:00,54656.81,54669.59,54323.0,54663.83,2883.04813,2021-10-09 20:59:59.999000+00:00,157080670.2189243,82521,1403.19009,76449995.5969009,0
2021-10-09 21:00:00+00:00,54663.83,54863.18,54550.01,54848.94,2349.12749,2021-10-09 21:59:59.999000+00:00,128510315.8299767,73880,1190.25171,65115008.331145,0
2021-10-09 22:00:00+00:00,54848.94,54969.12,54752.71,54896.41,2189.01645,2021-10-09 22:59:59.999000+00:00,120053194.4416555,60888,1102.42073,60460522.2406985,0
2021-10-09 23:00:00+00:00,54896.39,55165.0,54837.99,54949.72,2725.31921,2021-10-09 23:59:59.999000+00:00,149836166.6508123,76954,1387.95657,76308191.1954138,0
2021-10-10 00:00:00+00:00,54949.72,55199.0,54806.95,54905.27,3461.06245,2021-10-10 00:59:59.999000+00:00,190365795.8211625,83476,1703.02955,93670075.3703601,0
2021-10-10 01:00:00+00:00,54905.27,54953.82,54381.12,54382.83,3872.44397,2021-10-10 01:59:59.999000+00:00,211295223.6494985,101781,1879.02356,102524189.5873374,0
2021-10-10 02:00:00+00:00,54382.83,54768.78,54080.0,54633.52,3384.64108,2021-10-10 02:59:59.999000+00:00,184459223.3224084,91062,1644.46721,89638838.9385458,0
2021-10-10 03:00:00+00:00,54633.51,55178.0,54576.55,55049.15,3070.40683,2021-10-10 03:59:59.999000+00:00,168367139.1772794,72894,1549.1691,84956293.0831097,0
2021-10-10 04:00:00+00:00,55049.16,56000.0,54850.0,55873.06,5378.08127,2021-10-10 04:59:59.999000+00:00,297540439.7661855,164065,3056.93603,169176062.3514676,0
2021-10-10 05:00:00+00:00,55873.05,56074.43,55389.17,55651.73,4160.86769,2021-10-10 05:59:59.999000+00:00,231647306.6325726,115938,2182.9324,121548667.1363928,0
2021-10-10 06:00:00+00:00,55651.72,55840.0,55490.01,55607.8,3078.45395,2021-10-10 06:59:59.999000+00:00,171261829.9786465,75483,1543.19945,85851736.9902551,0
2021-10-10 07:00:00+00:00,55607.8,55766.54,55411.86,55668.81,2811.70554,2021-10-10 07:59:59.999000+00:00,156292298.67446,73383,1401.5924,77913675.7958874,0
2021-10-10 08:00:00+00:00,55668.81,55928.0,55518.06,55564.19,3202.01964,2021-10-10 08:59:59.999000+00:00,178334632.0797769,84593,1659.54335,92428782.0097354,0
2021-10-10 09:00:00+00:00,55564.18,55591.2,54790.25,54972.3,5128.21629,2021-10-10 09:59:59.999000+00:00,282571802.0568127,140144,2469.36537,136083158.1546253,0
2021-10-10 10:00:00+00:00,54972.3,55162.0,54680.0,55007.59,3007.1021,2021-10-10 10:59:59.999000+00:00,165422111.4492667,80535,1429.81279,78666265.9937459,0
2021-10-10 11:00:00+00:00,55007.58,55306.81,54800.12,55144.99,3015.39284,2021-10-10 11:59:59.999000+00:00,165949979.4972215,78222,1453.40943,79994351.0539521,0
2021-10-10 12:00:00+00:00,55145.0,55190.11,54722.16,54941.73,2880.49261,2021-10-10 12:59:59.999000+00:00,158296473.2279727,90171,1393.91619,76598005.9415704,0
2021-10-10 13:00:00+00:00,54941.73,55320.4,54638.0,55228.59,3366.05724,2021-10-10 13:59:59.999000+00:00,185379015.4291807,91740,1648.4642,90791743.125649,0
2021-10-10 14:00:00+00:00,55228.59,55461.48,55111.01,55122.13,2786.0108,2021-10-10 14:59:59.999000+00:00,153943233.8577788,87653,1312.45055,72523008.5708332,0
2021-10-10 15:00:00+00:00,55121.86,55551.38,54980.01,55373.01,3593.43429,2021-10-10 15:59:59.999000+00:00,198508450.0222347,90332,1779.27331,98286034.0097746,0
2021-10-10 16:00:00+00:00,55370.28,55482.9,55158.39,55471.07,2902.66825,2021-10-10 16:59:59.999000+00:00,160573421.456892,83823,1445.68013,79977268.2109249,0
2021-10-10 17:00:00+00:00,55471.07,55485.0,55000.0,55339.28,3452.28021,2021-10-10 17:59:59.999000+00:00,190541639.024762,106669,1715.38606,94677306.303324,0
2021-10-10 18:00:00+00:00,55339.28,55393.56,55012.0,55312.65,2626.36046,2021-10-10 18:59:59.999000+00:00,145025447.1215093,72961,1294.98872,71508175.8810196,0
2021-10-10 19:00:00+00:00,55312.65,55523.36,55213.28,55450.25,2817.11329,2021-10-10 19:59:59.999000+00:00,155985854.0624549,71906,1444.25348,79969908.6747747,0
2021-10-10 20:00:00+00:00,55450.25,56561.31,55209.94,55429.8,8277.379648,2021-10-10 20:59:59.999000+00:00,462009576.6556365,249261,4104.257418,229121440.64078808,0
2021-10-10 21:00:00+00:00,55429.8,55442.88,54400.0,54801.07,5993.41711,2021-10-10 21:59:59.999000+00:00,328554825.24018,163664,3167.80853,173613787.4601216,0
2021-10-10 22:00:00+00:00,54801.07,54973.74,54566.02,54913.45,3584.27213,2021-10-10 22:59:59.999000+00:00,196272484.757973,80349,1734.34756,94976476.7458601,0
2021-10-10 23:00:00+00:00,54913.45,54945.24,54333.85,54659.0,3387.95644,2021-10-10 23:59:59.999000+00:00,185360122.4280104,77071,1643.60896,89926994.8122242,0
2021-10-11 00:00:00+00:00,54659.01,55180.0,54415.06,55159.93,3890.61709,2021-10-11 00:59:59.999000+00:00,213173085.5831854,106828,1964.01073,107610015.6088812,0
2021-10-11 01:00:00+00:00,55159.93,55637.67,55066.69,55334.02,3707.49514,2021-10-11 01:59:59.999000+00:00,205404492.6667124,90748,1880.6167,104182456.2498554,0
2021-10-11 02:00:00+00:00,55334.01,55800.0,55278.0,55799.99,1565.43544,2021-10-11 02:59:59.999000+00:00,86850590.1492954,42481,748.73516,41551058.420188,0
2021-10-11 03:00:00+00:00,55799.99,56750.0,55660.0,56507.09,4168.014389,2021-10-11 03:59:59.999000+00:00,234236797.73640192,135726,2171.089145,122056394.13247812,0
2021-10-11 04:00:00+00:00,56505.05,56724.04,56341.87,56460.0,2040.65784,2021-10-11 04:59:59.999000+00:00,115330262.1862834,61111,1102.2999,62291158.5949721,0
2021-10-11 05:00:00+00:00,56460.0,56589.44,56142.85,56528.93,1540.32288,2021-10-11 05:59:59.999000+00:00,86889626.9032317,56242,761.25332,42944289.1128245,0
2021-10-11 06:00:00+00:00,56528.88,56776.51,56464.92,56678.63,1558.434303,2021-10-11 06:59:59.999000+00:00,88235142.09477419,59397,874.314803,49506821.47295018,0
2021-10-11 07:00:00+00:00,56678.63,57049.0,56560.0,56789.76,2911.580226,2021-10-11 07:59:59.999000+00:00,165362919.3176892,111363,1718.785894,97641140.21668652,0
2021-10-11 08:00:00+00:00,56789.76,56879.95,56308.66,56555.0,2224.87461,2021-10-11 08:59:59.999000+00:00,125828561.7452163,70231,1086.93187,61469064.2174205,0
2021-10-11 09:00:00+00:00,56555.0,56748.0,56394.99,56491.79,1291.80252,2021-10-11 09:59:59.999000+00:00,73062829.0550304,40485,666.28432,37681729.8898271,0
2021-10-11 10:00:00+00:00,56491.79,56551.84,56172.04,56177.65,1473.80189,2021-10-11 10:59:59.999000+00:00,83147973.1356569,41812,664.32438,37485823.8575455,0
2021-10-11 11:00:00+00:00,56177.65,56657.14,55862.78,56407.51,2660.96681,2021-10-11 11:59:59.999000+00:00,149625947.9398799,69538,1237.37649,69589506.8292813,0
2021-10-11 12:00:00+00:00,56406.68,56547.0,56092.33,56462.83,1461.27631,2021-10-11 12:59:59.999000+00:00,82378259.1216775,43752,718.60204,40510443.5731737,0
2021-10-11 13:00:00+00:00,56462.83,57429.01,56462.82,57222.78,4727.33454,2021-10-11 13:59:59.999000+00:00,269457490.7478789,146352,2255.60159,128581558.1682507,0
2021-10-11 14:00:00+00:00,57222.79,57678.0,57006.34,57447.99,3453.706196,2021-10-11 14:59:59.999000+00:00,198212869.4450901,108895,1805.384699,103635712.34657176,0
2021-10-11 15:00:00+00:00,57447.99,57597.98,57201.01,57490.18,1520.69251,2021-10-11 15:59:59.999000+00:00,87291102.326733,53867,755.55123,43373162.9524537,0
2021-10-11 16:00:00+00:00,57490.17,57768.36,57232.13,57280.0,2031.69907,2021-10-11 16:59:59.999000+00:00,116699711.63311124,78893,1029.08091,59120181.00246573,0
2021-10-11 17:00:00+00:00,57280.0,57562.73,57168.67,57418.99,1478.00113,2021-10-11 17:59:59.999000+00:00,84820840.3875515,52083,798.89615,45849852.4539776,0
2021-10-11 18:00:00+00:00,57418.99,57572.74,57201.0,57343.26,1439.18253,2021-10-11 18:59:59.999000+00:00,82624360.1135499,44757,706.80945,40586373.4117762,0
2021-10-11 19:00:00+00:00,57343.26,57839.04,57332.15,57488.33,1773.277637,2021-10-11 19:59:59.999000+00:00,102132814.295477,63363,946.984522,54546254.28855613,0
2021-10-11 20:00:00+00:00,57488.33,57506.84,56800.0,57327.03,3094.6733,2021-10-11 20:59:59.999000+00:00,176960961.0141427,85441,1468.76491,83988104.3562984,0
2021-10-11 21:00:00+00:00,57327.03,57400.0,56999.53,57156.54,1268.91227,2021-10-11 21:59:59.999000+00:00,72521965.0618296,57188,622.52141,35582153.9589068,0
2021-10-11 22:00:00+00:00,57156.54,57320.37,57051.6,57170.4,844.91837,2021-10-11 22:59:59.999000+00:00,48320318.6997264,41487,446.54086,25536840.5809352,0
2021-10-11 23:00:00+00:00,57170.4,57500.0,57075.0,57471.35,805.48875,2021-10-11 23:59:59.999000+00:00,46104696.3635234,28369,428.06853,24505747.4207731,0
2021-10-12 00:00:00+00:00,57471.35,57471.35,56588.0,56941.7,2808.22189,2021-10-12 00:59:59.999000+00:00,159802636.0520932,66464,1339.33531,76203534.2352549,0
2021-10-12 01:00:00+00:00,56941.7,57142.52,56723.62,57064.14,987.40411,2021-10-12 01:59:59.999000+00:00,56252257.7572156,31664,514.7731,29326875.5234431,0
2021-10-12 02:00:00+00:00,57064.14,57160.0,56640.68,56770.0,1990.15845,2021-10-12 02:59:59.999000+00:00,113185986.7270388,38074,1038.70484,59055381.5859153,0
2021-10-12 03:00:00+00:00,56769.99,56780.0,56400.0,56711.35,1875.36221,2021-10-12 03:59:59.999000+00:00,106118641.4521104,58471,937.732,53066510.4864534,0
2021-10-12 04:00:00+00:00,56711.36,57050.68,56558.0,56967.06,1062.07003,2021-10-12 04:59:59.999000+00:00,60394254.5410068,41088,539.72675,30694942.5862652,0
2021-10-12 05:00:00+00:00,56967.07,57680.0,56588.05,57410.99,2362.0557,2021-10-12 05:59:59.999000+00:00,135032460.6241034,60088,1310.71772,74958304.0159954,0
2021-10-12 06:00:00+00:00,57411.0,57645.55,57050.0,57200.0,1935.43411,2021-10-12 06:59:59.999000+00:00,111132144.600166,52848,960.32175,55143035.4793859,0
2021-10-12 07:00:00+00:00,57199.99,57450.0,57144.66,57342.79,1212.52804,2021-10-12 07:59:59.999000+00:00,69517007.8259101,41182,571.58526,32772687.1498175,0
2021-10-12 08:00:00+00:00,57342.79,57618.99,57243.99,57463.42,1432.07344,2021-10-12 08:59:59.999000+00:00,82275912.735946,53272,708.98137,40735464.5762152,0
2021-10-12 09:00:00+00:00,57463.42,57508.63,56763.93,56941.61,2151.16034,2021-10-12 09:59:59.999000+00:00,122806373.7759499,60560,1065.12213,60798095.0809699,0
2021-10-12 10:00:00+00:00,56942.66,57250.0,56680.0,57179.0,2297.73371,2021-10-12 10:59:59.999000+00:00,130814116.7953247,62150,1197.88781,68213900.4587115,0
2021-10-12 11:00:00+00:00,57179.0,57383.01,57037.51,57240.14,1212.96981,2021-10-12 11:59:59.999000+00:00,69412902.7302961,50457,629.47898,36022415.163964,0
2021-10-12 12:00:00+00:00,57240.14,57296.92,56777.0,56884.27,1865.47071,2021-10-12 12:59:59.999000+00:00,106267522.2889341,56635,890.74707,50736894.3201582,0
2021-10-12 13:00:00+00:00,56884.27,57450.0,56850.99,56948.69,2998.68677,2021-10-12 13:59:59.999000+00:00,171485993.4628441,84377,1518.65849,86840687.8869207,0
2021-10-12 14:00:00+00:00,56948.7,57140.31,56091.2,56397.9,3871.57772,2021-10-12 14:59:59.999000+00:00,219766629.134752,106508,1842.68769,104660275.81686,0
2021-10-12 15:00:00+00:00,56397.9,56634.18,56010.0,56303.2,2492.93362,2021-10-12 15:59:59.999000+00:00,140509397.8252056,80920,1241.16201,69961268.0212598,0
2021-10-12 16:00:00+00:00,56300.66,56376.74,55745.32,55901.23,3132.71936,2021-10-12 16:59:59.999000+00:00,175525323.4675768,87588,1502.94827,84206961.6187776,0
2021-10-12 17:00:00+00:00,55900.59,56064.91,55523.25,55913.35,2878.07808,2021-10-12 17:59:59.999000+00:00,160540793.8700536,77494,1424.13273,79426799.5716431,0
2021-10-12 18:00:00+00:00,55913.36,56009.7,55556.33,55575.27,1226.85949,2021-10-12 18:59:59.999000+00:00,68411347.6536042,60517,565.91533,31553554.2544149,0
2021-10-12 19:00:00+00:00,55575.28,55889.53,55154.72,55329.78,2006.51582,2021-10-12 19:59:59.999000+00:00,111446716.3343771,64032,897.78639,49892559.6044438,0
2021-10-12 20:00:00+00:00,55329.78,55600.0,53879.0,55361.08,6565.77751,2021-10-12 20:59:59.999000+00:00,360406715.42911446,153514,2845.80647,156358793.1181683,0
2021-10-12 21:00:00+00:00,55361.08,56093.88,55096.42,56074.08,1832.45814,2021-10-12 21:59:59.999000+00:00,101961841.9084374,55375,935.58944,52068840.7162446,0
2021-10-12 22:00:00+00:00,56074.09,56420.0,56030.0,56392.95,1874.68475,2021-10-12 22:59:59.999000+00:00,105395117.7181082,61024,990.5475,55690701.358714,0
2021-10-12 23:00:00+00:00,56392.95,56548.99,55938.6,55996.93,1398.35169,2021-10-12 23:59:59.999000+00:00,78748588.1757812,50110,687.09406,38695759.9191638,0
2021-10-13 00:00:00+00:00,55996.91,56520.0,55825.9,56459.81,1774.29131,2021-10-13 00:59:59.999000+00:00,99743862.7859493,58948,848.93371,47722375.4119148,0
2021-10-13 01:00:00+00:00,56459.82,56599.99,56155.66,56285.19,1342.03129,2021-10-13 01:59:59.999000+00:00,75581247.3607016,48777,723.63858,40754828.6464337,0
2021-10-13 02:00:00+00:00,56285.19,56440.66,56159.09,56422.36,1770.90232,2021-10-13 02:59:59.999000+00:00,99675812.4200845,34395,913.73066,51433146.2318493,0
2021-10-13 03:00:00+00:00,56422.35,56469.99,56235.88,56277.78,1093.54354,2021-10-13 03:59:59.999000+00:00,61598604.0813481,38806,565.35515,31846804.049196,0
2021-10-13 04:00:00+00:00,56277.79,56365.0,56018.45,56078.11,973.69155,2021-10-13 04:59:59.999000+00:00,54738897.7443407,30017,470.0035,26422629.6151762,0
2021-10-13 05:00:00+00:00,56078.12,56225.8,54972.59,55011.85,3747.49169,2021-10-13 05:59:59.999000+00:00,208159157.1591372,88185,1677.13646,93178073.9085533,0
2021-10-13 06:00:00+00:00,55011.72,55519.99,54770.13,55358.28,3088.89514,2021-10-13 06:59:59.999000+00:00,170742736.2519244,80425,1582.55362,87486589.827755,0
2021-10-13 07:00:00+00:00,55358.28,55475.0,54562.34,54612.61,2872.18098,2021-10-13 07:59:59.999000+00:00,157750108.7429196,66915,1518.67908,83399433.7142875,0
2021-10-13 08:00:00+00:00,54612.6,55295.7,54457.0,54616.64,3449.74257,2021-10-13 08:59:59.999000+00:00,189250846.87719953,79913,1670.48651,91663673.9329688,0
2021-10-13 09:00:00+00:00,54616.63,54950.0,54167.19,54890.22,2485.92925,2021-10-13 09:59:59.999000+00:00,135741692.017479,82145,1300.24511,71023418.4533298,0
2021-10-13 10:00:00+00:00,54885.45,55155.67,54400.1,54657.87,1829.27486,2021-10-13 10:59:59.999000+00:00,100283866.6766932,59996,860.00269,47156295.7378536,0
2021-10-13 11:00:00+00:00,54657.87,55231.94,54480.0,55210.79,1902.93656,2021-10-13 11:59:59.999000+00:00,104497301.4796233,58830,975.53246,53573990.7169425,0
2021-10-13 12:00:00+00:00,55210.8,55340.08,54840.87,55056.5,2076.20052,2021-10-13 12:59:59.999000+00:00,114388161.8785747,60215,939.7774,51771471.7717868,0
2021-10-13 13:00:00+00:00,55056.49,55230.29,54800.0,54898.53,1652.97811,2021-10-13 13:59:59.999000+00:00,91012106.6667176,48055,824.43974,45394572.5771328,0
2021-10-13 14:00:00+00:00,54898.53,55900.0,54521.74,55784.15,3820.97663,2021-10-13 14:59:59.999000+00:00,211272597.4985128,97286,1903.04247,105281089.4803318,0
2021-10-13 15:00:00+00:00,55784.15,56440.75,55784.15,56168.85,3076.57082,2021-10-13 15:59:59.999000+00:00,172921539.003635,86654,1496.71277,84122252.1008933,0
2021-10-13 16:00:00+00:00,56168.85,57120.0,56072.75,56941.72,3682.27735,2021-10-13 16:59:59.999000+00:00,208676954.8883212,105554,1799.39386,101922282.3420037,0
2021-10-13 17:00:00+00:00,56941.73,57242.0,56780.0,56891.12,3058.54481,2021-10-13 17:59:59.999000+00:00,174243721.5719475,69697,1445.05971,82335478.5810014,0
2021-10-13 18:00:00+00:00,56891.11,57210.52,56850.0,56976.38,1827.12912,2021-10-13 18:59:59.999000+00:00,104142098.7899725,61877,933.4705,53206549.0890801,0
2021-10-13 19:00:00+00:00,56979.99,57300.0,56948.22,57259.77,1527.74142,2021-10-13 19:59:59.999000+00:00,87206803.4832086,51484,821.16162,46878243.6471442,0
2021-10-13 20:00:00+00:00,57259.77,57500.0,56607.27,56980.25,3760.25648,2021-10-13 20:59:59.999000+00:00,214886642.0432184,103074,2014.73784,115154617.6870881,0
2021-10-13 21:00:00+00:00,56978.8,57720.0,56898.09,57508.69,2245.4277,2021-10-13 21:59:59.999000+00:00,128896373.7332633,105042,1278.01674,73373969.7373319,0
2021-10-13 22:00:00+00:00,57508.69,57777.0,57330.01,57371.19,1517.42248,2021-10-13 22:59:59.999000+00:00,87271392.9162086,53401,740.41575,42581869.6488624,0
2021-10-13 23:00:00+00:00,57371.19,57463.05,57170.76,57367.0,1232.00842,2021-10-13 23:59:59.999000+00:00,70625161.4063225,40798,682.60614,39128668.766723,0
2021-10-14 00:00:00+00:00,57370.83,57740.0,57138.72,57727.76,1814.75659,2021-10-14 00:59:59.999000+00:00,104268317.6570847,45545,959.38616,55132572.4566121,0
2021-10-14 01:00:00+00:00,57727.76,58467.33,57611.0,58300.02,4119.379255,2021-10-14 01:59:59.999000+00:00,239422629.3472612,169903,2361.279203,137228881.97598013,0
2021-10-14 02:00:00+00:00,58300.03,58532.54,58075.13,58210.46,2004.084616,2021-10-14 02:59:59.999000+00:00,116814738.44430853,64158,1084.455616,63216838.41112824,0
2021-10-14 03:00:00+00:00,58210.46,58260.76,58023.64,58065.99,945.0223,2021-10-14 03:59:59.999000+00:00,54936692.9148676,31519,458.17267,26634266.9471326,0
2021-10-14 04:00:00+00:00,58065.99,58169.99,57678.06,57986.55,1726.70219,2021-10-14 04:59:59.999000+00:00,100024903.7659915,52028,867.35961,50246281.4617202,0
2021-10-14 05:00:00+00:00,57986.54,58113.38,57800.0,57965.01,1290.49885,2021-10-14 05:59:59.999000+00:00,74803007.870868,38821,734.90325,42597712.847604,0
2021-10-14 06:00:00+00:00,57965.01,58069.2,57480.76,57673.39,1612.54666,2021-10-14 06:59:59.999000+00:00,93246637.8775946,52746,756.00944,43719936.3537854,0
2021-10-14 07:00:00+00:00,57673.4,57799.31,57333.33,57367.3,1442.49779,2021-10-14 07:59:59.999000+00:00,83092902.8301747,52623,661.25131,38091952.8852938,0
2021-10-14 08:00:00+00:00,57367.3,57697.91,57327.59,57453.23,1356.7939,2021-10-14 08:59:59.999000+00:00,78069782.9993388,45719,625.04768,35968444.7595592,0
2021-10-14 09:00:00+00:00,57453.22,57713.31,57189.0,57414.6,2326.10217,2021-10-14 09:59:59.999000+00:00,133494705.1600704,61924,1202.55133,69011307.5357064,0
2021-10-14 10:00:00+00:00,57414.6,57795.02,57240.85,57660.05,1614.86211,2021-10-14 10:59:59.999000+00:00,92936188.2539325,61195,896.67309,51601184.1643541,0
2021-10-14 11:00:00+00:00,57660.04,58150.0,57552.49,57622.42,2290.50764,2021-10-14 11:59:59.999000+00:00,132489100.3876324,83183,1170.67603,67718762.5367708,0
2021-10-14 12:00:00+00:00,57622.42,57986.2,57397.25,57563.02,2327.94242,2021-10-14 12:59:59.999000+00:00,134204411.8662417,64422,1121.91173,64682946.5435839,0
2021-10-14 13:00:00+00:00,57563.02,57760.0,57300.0,57399.71,1580.52184,2021-10-14 13:59:59.999000+00:00,90896038.0022183,47955,763.35449,43901859.9240922,0
2021-10-14 14:00:00+00:00,57399.72,57628.33,57243.0,57385.55,1768.34616,2021-10-14 14:59:59.999000+00:00,101628498.1645271,62655,892.30132,51287187.2655726,0
2021-10-14 15:00:00+00:00,57385.55,57817.41,56947.59,57331.31,3296.5378,2021-10-14 15:59:59.999000+00:00,189219652.8505536,89254,1559.91474,89571670.531914,0
2021-10-14 16:00:00+00:00,57331.3,57437.67,56964.3,57113.48,2164.37609,2021-10-14 16:59:59.999000+00:00,123803148.8788138,57868,1166.66216,66748997.9783316,0
2021-10-14 17:00:00+00:00,57113.48,57261.9,57069.34,57186.79,774.80906,2021-10-14 17:59:59.999000+00:00,44295013.1739071,31828,397.31782,22713723.2415991,0
2021-10-14 18:00:00+00:00,57186.79,58086.98,56818.05,58029.33,2842.96638,2021-10-14 18:59:59.999000+00:00,163438388.8664092,77730,1506.47585,86674773.7632044,0
2021-10-14 19:00:00+00:00,58029.33,58038.46,56818.05,57833.12,2656.3586,2021-10-14 19:59:59.999000+00:00,152622441.3313968,68907,1264.82093,72680409.7681086,0
2021-10-14 20:00:00+00:00,57833.11,57867.11,57414.09,57427.62,821.4383,2021-10-14 20:59:59.999000+00:00,47281503.4594739,31417,413.76756,23815180.3850635,0
2021-10-14 21:00:00+00:00,57427.63,57740.11,57427.62,57740.1,710.74696,2021-10-14 21:59:59.999000+00:00,40944963.8790262,27273,375.17461,21614903.5244139,0
2021-10-14 22:00:00+00:00,57740.1,57749.98,57468.53,57586.77,626.70584,2021-10-14 22:59:59.999000+00:00,36091102.840542,23961,274.35069,15798993.5593895,0
2021-10-14 23:00:00+00:00,57586.77,57649.99,57207.89,57347.94,938.83326,2021-10-14 23:59:59.999000+00:00,53891020.7690004,29414,426.44769,24479688.0446739,0
2021-10-15 00:00:00+00:00,57347.94,57449.99,56990.0,57050.36,1210.11554,2021-10-15 00:59:59.999000+00:00,69157991.3829315,40108,526.85771,30111094.9569593,0
2021-10-15 01:00:00+00:00,57050.35,57307.86,56850.0,57258.62,1259.0412,2021-10-15 01:59:59.999000+00:00,71888274.1352308,37682,683.88148,39059284.6109735,0
2021-10-15 02:00:00+00:00,57258.62,59333.0,57095.82,59086.91,8281.429722,2021-10-15 02:59:59.999000+00:00,484449692.3230405,236997,4991.546154,291907422.8447188,0
2021-10-15 03:00:00+00:00,59086.91,59453.75,58849.84,59431.71,3854.681059,2021-10-15 03:59:59.999000+00:00,228214281.2217419,91844,1867.421109,110571425.33746752,0
2021-10-15 04:00:00+00:00,59431.7,59700.0,59142.86,59597.64,3965.427539,2021-10-15 04:59:59.999000+00:00,235867715.1882748,108748,2186.340664,130099776.7171798,0
2021-10-15 05:00:00+00:00,59597.64,59998.0,59379.14,59550.01,4157.127111,2021-10-15 05:59:59.999000+00:00,248144744.33226207,121303,2436.682036,145465145.4158475,0
2021-10-15 06:00:00+00:00,59550.0,59720.0,59358.0,59653.15,2324.72597,2021-10-15 06:59:59.999000+00:00,138351308.7854788,81929,1270.26553,75598887.6549124,0
2021-10-15 07:00:00+00:00,59653.15,59689.99,59189.23,59231.5,1854.06326,2021-10-15 07:59:59.999000+00:00,110072936.8219015,53198,1019.85872,60541045.6109413,0
2021-10-15 08:00:00+00:00,59231.5,59426.97,58800.0,58945.34,4013.25429,2021-10-15 08:59:59.999000+00:00,237298758.0317611,124496,1954.07759,115550199.2633659,0
2021-10-15 09:00:00+00:00,58945.35,59374.51,58739.17,59365.0,2353.35548,2021-10-15 09:59:59.999000+00:00,139044807.9092446,78812,1151.98076,68064094.777504,0
2021-10-15 10:00:00+00:00,59364.99,59398.97,58848.95,59290.98,2239.73976,2021-10-15 10:59:59.999000+00:00,132464014.4677572,72527,1139.6709,67407376.1305011,0
2021-10-15 11:00:00+00:00,59290.98,59537.61,59193.35,59527.99,1719.07491,2021-10-15 11:59:59.999000+00:00,102038437.9701597,56262,861.17835,51116843.2581612,0
2021-10-15 12:00:00+00:00,59527.99,59589.15,59187.66,59270.01,2006.76307,2021-10-15 12:59:59.999000+00:00,119220192.6305522,70888,1012.1036,60133455.1243999,0
2021-10-15 13:00:00+00:00,59270.01,60361.5,59223.0,59962.25,4698.580256,2021-10-15 13:59:59.999000+00:00,281492892.3608444,171243,2561.717165,153484522.88647875,0
2021-10-15 14:00:00+00:00,59962.26,60270.0,59620.0,60077.7,3953.41958,2021-10-15 14:59:59.999000+00:00,237140497.13321728,96470,2047.22403,122820792.4946506,0
2021-10-15 15:00:00+00:00,60077.7,60116.2,59617.91,60038.36,2862.2774,2021-10-15 15:59:59.999000+00:00,171454899.6646617,89225,1389.77637,83255493.4341729,0
2021-10-15 16:00:00+00:00,60038.36,61533.0,60001.91,61456.49,7800.019303,2021-10-15 16:59:59.999000+00:00,474105077.8810526,251023,4421.520712,268731015.01863277,0
2021-10-15 17:00:00+00:00,61456.48,61880.0,61054.64,61762.0,4728.859267,2021-10-15 17:59:59.999000+00:00,290862002.5938798,152128,2442.389287,150257883.51381317,0
2021-10-15 18:00:00+00:00,61762.01,61854.34,61521.0,61649.97,2008.76073,2021-10-15 18:59:59.999000+00:00,123900178.2404781,65703,1078.91198,66550924.2629987,0
2021-10-15 19:00:00+00:00,61649.97,61675.21,61225.01,61446.32,2014.14617,2021-10-15 19:59:59.999000+00:00,123659804.5836986,62593,1023.77635,62848759.2100219,0
2021-10-15 20:00:00+00:00,61446.33,62933.0,61140.27,62557.59,7616.538945,2021-10-15 20:59:59.999000+00:00,473256203.9030621,308994,4117.142884,255809591.0972584,0
2021-10-15 21:00:00+00:00,62557.58,62583.65,60797.01,61209.41,3757.59185,2021-10-15 21:59:59.999000+00:00,232142655.9813313,147374,1750.97165,108210475.4490443,0
2021-10-15 22:00:00+00:00,61209.42,61550.12,61205.83,61294.28,1875.22414,2021-10-15 22:59:59.999000+00:00,115073991.3014545,65214,934.12396,57326268.9061389,0
2021-10-15 23:00:00+00:00,61294.27,61805.55,60905.2,61672.42,1958.69147,2021-10-15 23:59:59.999000+00:00,120088009.8827157,64376,1044.25734,64048095.6936605,0
2021-10-16 00:00:00+00:00,61672.42,61771.65,61182.13,61448.92,1960.12427,2021-10-16 00:59:59.999000+00:00,120467342.9621166,56282,911.12654,56000432.2391242,0
2021-10-16 01:00:00+00:00,61448.92,61560.0,61200.0,61393.07,1278.05669,2021-10-16 01:59:59.999000+00:00,78479375.9248716,42219,610.72254,37498962.3840588,0
2021-10-16 02:00:00+00:00,61393.07,61735.94,61120.0,61618.37,1346.24128,2021-10-16 02:59:59.999000+00:00,82667294.8802785,44289,677.91148,41623402.6908948,0
2021-10-16 03:00:00+00:00,61618.38,61742.04,61360.22,61655.99,1004.49667,2021-10-16 03:59:59.999000+00:00,61855633.7605461,50980,446.30031,27486092.5556373,0
2021-10-16 04:00:00+00:00,61655.99,62178.97,61551.31,61747.64,1562.50432,2021-10-16 04:59:59.999000+00:00,96639004.363388,74296,802.82587,49656960.0141934,0
2021-10-16 05:00:00+00:00,61747.64,62378.42,61721.3,62133.82,1607.02426,2021-10-16 05:59:59.999000+00:00,99833909.0654913,64752,825.8465,51300393.6194606,0
2021-10-16 06:00:00+00:00,62133.83,62319.77,61856.0,61856.0,1178.69805,2021-10-16 06:59:59.999000+00:00,73166607.5058809,53509,626.07691,38863995.4886374,0
2021-10-16 07:00:00+00:00,61856.01,61975.29,61562.87,61733.96,1162.85485,2021-10-16 07:59:59.999000+00:00,71854963.9182688,52870,590.60031,36497069.4667615,0
2021-10-16 08:00:00+00:00,61733.96,62062.55,61446.39,61529.95,2428.79926,2021-10-16 08:59:59.999000+00:00,149877129.1291852,83513,1334.0937,82298727.0176587,0
2021-10-16 09:00:00+00:00,61529.94,61650.0,61385.42,61424.73,1850.65794,2021-10-16 09:59:59.999000+00:00,113878258.1914705,56670,962.6362,59239075.1799231,0
2021-10-16 10:00:00+00:00,61424.72,61684.98,61324.79,61536.07,1569.99882,2021-10-16 10:59:59.999000+00:00,96621393.4084065,63293,729.40337,44887594.0486927,0
2021-10-16 11:00:00+00:00,61536.07,61762.63,61430.0,61597.26,1352.99948,2021-10-16 11:59:59.999000+00:00,83361702.2866087,64607,680.32173,41911968.5912436,0
2021-10-16 12:00:00+00:00,61597.26,61605.81,60398.73,60679.14,3799.57016,2021-10-16 12:59:59.999000+00:00,231820637.8546356,126254,1671.052,101958006.3556343,0
2021-10-16 13:00:00+00:00,60679.14,61100.0,60521.0,61017.59,2097.98682,2021-10-16 13:59:59.999000+00:00,127657909.3584881,86132,1043.45924,63491985.4248878,0
2021-10-16 14:00:00+00:00,61017.61,61270.11,60750.0,60887.55,1657.39951,2021-10-16 14:59:59.999000+00:00,101127022.9141044,62249,796.3819,48592285.7365265,0
2021-10-16 15:00:00+00:00,60887.55,61130.0,60642.59,60941.04,1533.33516,2021-10-16 15:59:59.999000+00:00,93414880.2696889,67243,724.6238,44150694.0875779,0
2021-10-16 16:00:00+00:00,60941.04,61048.97,60515.91,60643.17,1110.38913,2021-10-16 16:59:59.999000+00:00,67473380.9101546,47510,482.44011,29317278.8669007,0
2021-10-16 17:00:00+00:00,60643.17,60705.19,60150.0,60593.01,1939.75784,2021-10-16 17:59:59.999000+00:00,117145324.9902102,65946,901.35628,54437906.8574942,0
2021-10-16 18:00:00+00:00,60593.0,61215.64,60512.26,61055.65,1146.72748,2021-10-16 18:59:59.999000+00:00,69790973.3125702,41249,627.46377,38190607.1741929,0
2021-10-16 19:00:00+00:00,61055.65,61085.81,60808.1,60834.34,710.60376,2021-10-16 19:59:59.999000+00:00,43330337.0032381,33296,326.41959,19904433.0586415,0
2021-10-16 20:00:00+00:00,60834.34,61065.77,60545.95,61029.0,981.56451,2021-10-16 20:59:59.999000+00:00,59664130.2248673,38194,473.45936,28778705.6626648,0
2021-10-16 21:00:00+00:00,61027.39,61300.0,60668.19,60670.18,907.34879,2021-10-16 21:59:59.999000+00:00,55338530.9807938,37154,438.8644,26770494.0967904,0
2021-10-16 22:00:00+00:00,60670.18,60938.77,60500.0,60795.35,624.15579,2021-10-16 22:59:59.999000+00:00,37890395.5949331,27351,293.41859,17812473.4840169,0
2021-10-16 23:00:00+00:00,60795.34,61088.6,60701.09,60875.57,656.58612,2021-10-16 23:59:59.999000+00:00,40017919.9987137,20521,309.65834,18866913.5144033,0
2021-10-17 00:00:00+00:00,60875.57,61167.95,60475.76,60916.18,1575.17935,2021-10-17 00:59:59.999000+00:00,95791779.3929757,46769,741.7674,45110309.5653092,0
2021-10-17 01:00:00+00:00,60920.47,61405.94,60866.49,61077.62,1227.881,2021-10-17 01:59:59.999000+00:00,75068978.9289892,35261,661.36819,40435839.7231164,0
2021-10-17 02:00:00+00:00,61077.63,61220.82,60849.56,61100.0,750.95178,2021-10-17 02:59:59.999000+00:00,45822311.1540933,24927,327.73458,19999869.1901835,0
2021-10-17 03:00:00+00:00,61100.0,61363.53,61044.44,61115.85,949.38944,2021-10-17 03:59:59.999000+00:00,58125435.4955067,30311,448.86619,27479654.1248181,0
2021-10-17 04:00:00+00:00,61115.86,61249.93,60883.39,60912.35,1081.45654,2021-10-17 04:59:59.999000+00:00,66046766.9005105,34050,472.85255,28876760.5143664,0
2021-10-17 05:00:00+00:00,60912.36,60973.1,60609.24,60648.87,935.11174,2021-10-17 05:59:59.999000+00:00,56864126.5534373,43680,462.16438,28114630.1070526,0
2021-10-17 06:00:00+00:00,60648.87,60856.27,60543.01,60671.98,947.74773,2021-10-17 06:59:59.999000+00:00,57515163.6346275,36232,475.18622,28838802.6839856,0
2021-10-17 07:00:00+00:00,60671.98,60840.79,60299.33,60329.54,1105.42514,2021-10-17 07:59:59.999000+00:00,67016858.3423289,51550,464.86378,28187864.1630836,0
2021-10-17 08:00:00+00:00,60329.54,60912.48,60322.85,60670.93,1059.5174,2021-10-17 08:59:59.999000+00:00,64253537.3142892,43140,543.29637,32946265.9928747,0
2021-10-17 09:00:00+00:00,60670.92,61240.92,60619.89,61222.81,1279.75006,2021-10-17 09:59:59.999000+00:00,78058023.6710488,46462,647.40208,39492103.5460193,0
2021-10-17 10:00:00+00:00,61222.81,61465.9,60919.36,61133.33,1668.60603,2021-10-17 10:59:59.999000+00:00,102112556.4901359,63711,823.77148,50412810.6841831,0
2021-10-17 11:00:00+00:00,61133.33,61320.33,60935.0,60939.89,1318.49695,2021-10-17 11:59:59.999000+00:00,80603419.4759729,49410,755.18892,46170116.2653223,0
2021-10-17 12:00:00+00:00,60939.9,60982.82,60700.0,60861.23,1366.42611,2021-10-17 12:59:59.999000+00:00,83129482.8871792,52027,797.02836,48495665.7981722,0
2021-10-17 13:00:00+00:00,60861.23,61326.64,60605.34,61017.04,1988.64284,2021-10-17 13:59:59.999000+00:00,121297997.0807078,51945,997.28148,60864812.5535522,0
2021-10-17 14:00:00+00:00,61017.04,61100.0,60756.99,61017.77,782.42974,2021-10-17 14:59:59.999000+00:00,47649048.8545978,34765,407.33606,24806147.1400598,0
2021-10-17 15:00:00+00:00,61017.77,61100.26,60471.97,60764.12,1673.09112,2021-10-17 15:59:59.999000+00:00,101607039.0357181,55901,794.75023,48273700.9542703,0
2021-10-17 16:00:00+00:00,60764.13,61000.0,60659.2,60971.39,1394.94549,2021-10-17 16:59:59.999000+00:00,84870564.6063076,76469,778.82234,47387457.5600192,0
2021-10-17 17:00:00+00:00,60971.39,61080.0,60800.0,61029.65,1016.93691,2021-10-17 17:59:59.999000+00:00,61996221.2569561,41288,522.14996,31833145.3097658,0
2021-10-17 18:00:00+00:00,61029.66,61040.59,60841.52,60976.09,667.96846,2021-10-17 18:59:59.999000+00:00,40709258.5262041,29670,322.80851,19674754.7951711,0
2021-10-17 19:00:00+00:00,60976.08,61000.0,60379.56,60519.48,1576.62668,2021-10-17 19:59:59.999000+00:00,95541670.2048471,60342,666.41181,40390911.09067,0
2021-10-17 20:00:00+00:00,60519.48,60519.49,58963.0,59401.12,6793.13137,2021-10-17 20:59:59.999000+00:00,405025163.07701343,176828,2961.37344,176539065.0691328,0
2021-10-17 21:00:00+00:00,59401.12,60694.44,59300.21,60623.95,2805.49831,2021-10-17 21:59:59.999000+00:00,168375152.3549999,81447,1674.27157,100485215.8012964,0
2021-10-17 22:00:00+00:00,60623.95,61328.35,60623.94,61275.67,2882.82366,2021-10-17 22:59:59.999000+00:00,175877225.3240252,92387,1350.43788,82413364.2802755,0
2021-10-17 23:00:00+00:00,61275.67,61718.39,61166.07,61528.33,2251.20739,2021-10-17 23:59:59.999000+00:00,138338514.2348333,73083,1192.8092,73294737.8565943,0
2021-10-18 00:00:00+00:00,61528.32,62471.53,61406.27,62460.75,3532.33111,2021-10-18 00:59:59.999000+00:00,219332875.80739152,121904,2042.33885,126833866.1507353,0
2021-10-18 01:00:00+00:00,62460.75,62578.91,62000.0,62098.05,2302.18458,2021-10-18 01:59:59.999000+00:00,143595469.6226839,90556,1255.1709,78311714.6366334,0
2021-10-18 02:00:00+00:00,62098.05,62329.34,61942.4,62106.21,1355.00902,2021-10-18 02:59:59.999000+00:00,84211567.75174,57960,664.04869,41270351.7323364,0
2021-10-18 03:00:00+00:00,62106.21,62271.34,61881.0,62123.87,1031.33897,2021-10-18 03:59:59.999000+00:00,64052049.4767552,53721,514.49737,31954000.3769604,0
2021-10-18 04:00:00+00:00,62123.87,62419.99,62000.01,62371.15,1300.28084,2021-10-18 04:59:59.999000+00:00,80835108.6570828,38684,647.82642,40276301.2798767,0
2021-10-18 05:00:00+00:00,62371.16,62533.64,62245.39,62371.08,1477.41613,2021-10-18 05:59:59.999000+00:00,92157681.1045771,43007,771.48473,48125057.554233,0
2021-10-18 06:00:00+00:00,62371.07,62456.49,62124.65,62255.61,1429.79086,2021-10-18 06:59:59.999000+00:00,89122981.8926689,53701,621.25823,38718506.4071508,0
2021-10-18 07:00:00+00:00,62255.62,62695.78,61775.38,61885.42,2542.77046,2021-10-18 07:59:59.999000+00:00,158397790.052815,81617,1333.15694,83091879.0487572,0
2021-10-18 08:00:00+00:00,61885.43,62464.01,61505.0,61807.94,2786.33609,2021-10-18 08:59:59.999000+00:00,172490151.9449308,83324,1371.28664,84888299.799363,0
2021-10-18 09:00:00+00:00,61807.93,62143.6,60579.02,61245.6,3524.0907,2021-10-18 09:59:59.999000+00:00,216739901.3567485,101578,1704.41262,104870574.0500535,0
2021-10-18 10:00:00+00:00,61245.59,61524.2,60627.59,61316.57,3513.82253,2021-10-18 10:59:59.999000+00:00,214626217.2388309,80513,1769.52883,108059933.4970399,0
2021-10-18 11:00:00+00:00,61316.54,61556.35,60700.0,60933.04,2630.03879,2021-10-18 11:59:59.999000+00:00,160798275.7728122,59154,1259.85788,77006253.4001993,0
2021-10-18 12:00:00+00:00,60933.04,61170.66,60270.0,60617.01,2755.32615,2021-10-18 12:59:59.999000+00:00,167470317.8775971,69837,1366.55409,83070951.7224092,0
2021-10-18 13:00:00+00:00,60617.01,61943.1,59844.45,61835.23,5289.70285,2021-10-18 13:59:59.999000+00:00,322659154.9997398,143191,2584.28459,157725917.604694,0
2021-10-18 14:00:00+00:00,61835.22,62213.73,61604.99,62092.4,2802.47134,2021-10-18 14:59:59.999000+00:00,173681749.855383,107380,1333.68738,82659192.541159,0
2021-10-18 15:00:00+00:00,62088.22,62200.0,61700.0,62003.03,1748.43716,2021-10-18 15:59:59.999000+00:00,108268556.1153274,55189,840.02342,52013298.6992537,0
2021-10-18 16:00:00+00:00,62003.04,62377.73,61452.0,61820.77,2563.97342,2021-10-18 16:59:59.999000+00:00,158868139.7380063,79204,1254.20197,77714688.7200853,0
2021-10-18 17:00:00+00:00,61820.78,62093.03,61712.86,61738.07,1327.97457,2021-10-18 17:59:59.999000+00:00,82253531.7412349,39579,585.72782,36281251.3155174,0
2021-10-18 18:00:00+00:00,61738.07,62050.0,61700.0,61850.01,1151.06836,2021-10-18 18:59:59.999000+00:00,71210288.263705,38879,559.0426,34582208.420322,0
2021-10-18 19:00:00+00:00,61850.0,61850.02,61034.05,61434.63,2485.56853,2021-10-18 19:59:59.999000+00:00,152475049.0328589,62073,1264.58811,77563929.2074424,0
2021-10-18 20:00:00+00:00,61434.64,61600.0,61110.0,61344.06,1346.3166,2021-10-18 20:59:59.999000+00:00,82604122.4249096,45296,609.27076,37378280.5029916,0
2021-10-18 21:00:00+00:00,61344.05,61881.78,61106.4,61794.91,1034.4815,2021-10-18 21:59:59.999000+00:00,63679247.4778639,37864,513.01912,31564814.6115511,0
2021-10-18 22:00:00+00:00,61794.9,62099.85,61591.97,62075.0,1037.95583,2021-10-18 22:59:59.999000+00:00,64151242.9110779,50798,567.14573,35054249.8964058,0
2021-10-18 23:00:00+00:00,62075.0,62104.72,61824.26,62009.84,829.76205,2021-10-18 23:59:59.999000+00:00,51409762.3038121,34175,426.6717,26432314.9638716,0
2021-10-19 00:00:00+00:00,62005.6,62337.04,61802.47,61857.74,1410.79159,2021-10-19 00:59:59.999000+00:00,87621219.6889886,41119,688.14214,42742499.0711772,0
2021-10-19 01:00:00+00:00,61857.75,62015.0,61526.62,61826.96,1374.81095,2021-10-19 01:59:59.999000+00:00,85003215.0231733,35707,665.09501,41123699.5864284,0
2021-10-19 02:00:00+00:00,61826.95,61927.0,61678.85,61744.44,733.25333,2021-10-19 02:59:59.999000+00:00,45317873.0866201,24508,349.78197,21618225.2920206,0
2021-10-19 03:00:00+00:00,61744.44,62998.0,61722.46,62588.86,3989.316708,2021-10-19 03:59:59.999000+00:00,249654104.4328194,150034,2294.535159,143552645.34394833,0
2021-10-19 04:00:00+00:00,62588.86,62820.2,62256.37,62429.0,1359.08907,2021-10-19 04:59:59.999000+00:00,85082567.6358194,48896,717.02214,44893582.4801505,0
2021-10-19 05:00:00+00:00,62429.0,62573.24,62301.7,62476.65,1139.51823,2021-10-19 05:59:59.999000+00:00,71136015.7227692,30614,637.28107,39785389.8818983,0
2021-10-19 06:00:00+00:00,62476.66,62509.3,61986.85,62194.72,1624.49653,2021-10-19 06:59:59.999000+00:00,101060386.3720104,45195,765.84342,47645506.9472732,0
2021-10-19 07:00:00+00:00,62194.72,62340.0,61994.52,62297.06,1127.15668,2021-10-19 07:59:59.999000+00:00,70023919.3205592,32397,655.79012,40737666.5560142,0
2021-10-19 08:00:00+00:00,62297.06,62574.42,61743.61,62539.91,1677.8791,2021-10-19 08:59:59.999000+00:00,104156451.3463353,48324,853.58994,52997557.125135,0
2021-10-19 09:00:00+00:00,62539.92,62548.06,61900.0,62139.09,1253.42975,2021-10-19 09:59:59.999000+00:00,77935280.6720203,54890,608.41491,37825155.4731532,0
2021-10-19 10:00:00+00:00,62139.09,62400.0,62043.8,62249.85,1099.51737,2021-10-19 10:59:59.999000+00:00,68398216.0573303,30926,502.94096,31288527.0322348,0
2021-10-19 11:00:00+00:00,62249.86,62337.41,62065.3,62128.39,967.23449,2021-10-19 11:59:59.999000+00:00,60156167.0109957,32050,469.50679,29199939.6059778,0
2021-10-19 12:00:00+00:00,62128.39,62515.0,62000.0,62223.65,1751.80697,2021-10-19 12:59:59.999000+00:00,109043795.4959387,53631,952.66206,59316443.0867714,0
2021-10-19 13:00:00+00:00,62223.65,63278.61,62070.0,62604.41,6361.610176,2021-10-19 13:59:59.999000+00:00,399065928.53359073,186455,3308.04005,207547715.15034848,0
2021-10-19 14:00:00+00:00,62604.41,62686.21,61322.22,62531.22,5253.4485,2021-10-19 14:59:59.999000+00:00,325949057.3661521,131935,2509.74806,155735658.0874385,0
2021-10-19 15:00:00+00:00,62531.22,62800.0,62323.0,62395.99,2113.79897,2021-10-19 15:59:59.999000+00:00,132331000.1055903,73990,1088.96386,68172976.0952459,0
2021-10-19 16:00:00+00:00,62395.99,63180.0,62311.02,63172.17,2134.90857,2021-10-19 16:59:59.999000+00:00,134008658.8268418,70912,1152.97766,72394828.6273992,0
2021-10-19 17:00:00+00:00,63168.99,63480.0,63036.5,63411.27,2945.600151,2021-10-19 17:59:59.999000+00:00,186436076.17151928,112037,1515.565311,95930274.18921766,0
2021-10-19 18:00:00+00:00,63411.26,63628.65,63081.37,63429.96,2636.617569,2021-10-19 18:59:59.999000+00:00,167106721.4641145,85079,1339.169647,84890289.90901457,0
2021-10-19 19:00:00+00:00,63429.97,64299.0,63398.2,64177.15,4507.022256,2021-10-19 19:59:59.999000+00:00,287848707.75191194,159780,2463.879454,157394851.69557798,0
2021-10-19 20:00:00+00:00,64170.58,64343.0,63801.0,64116.96,3084.061241,2021-10-19 20:59:59.999000+00:00,197875159.9224719,100535,1431.052442,91814637.88215472,0
2021-10-19 21:00:00+00:00,64116.96,64192.31,63590.0,64067.7,2006.29465,2021-10-19 21:59:59.999000+00:00,128311786.9413517,75392,915.96342,58584311.5974074,0
2021-10-19 22:00:00+00:00,64067.71,64230.18,63827.99,64080.16,1527.33075,2021-10-19 22:59:59.999000+00:00,97809036.4359591,65796,780.59272,49987572.4293059,0
2021-10-19 23:00:00+00:00,64083.38,64486.0,63995.0,64280.59,1549.114143,2021-10-19 23:59:59.999000+00:00,99532594.88455334,65506,769.987171,49486026.69821602,0
2021-10-20 00:00:00+00:00,64280.59,64375.34,63982.76,64064.98,1194.72577,2021-10-20 00:59:59.999000+00:00,76629269.3548175,38233,552.53687,35439488.8829122,0
2021-10-20 01:00:00+00:00,64064.97,64192.61,63715.66,63822.57,1311.82723,2021-10-20 01:59:59.999000+00:00,83939041.6853733,38993,670.53431,42905941.8331594,0
2021-10-20 02:00:00+00:00,63822.57,63939.45,63699.6,63797.73,854.58013,2021-10-20 02:59:59.999000+00:00,54554295.602277,39722,437.86764,27954099.8491198,0
2021-10-20 03:00:00+00:00,63797.73,64041.96,63793.65,63844.67,1059.93035,2021-10-20 03:59:59.999000+00:00,67743657.976669,44734,534.1306,34137982.2381166,0
2021-10-20 04:00:00+00:00,63844.67,64059.67,63767.24,64041.0,800.77029,2021-10-20 04:59:59.999000+00:00,51176513.8624953,27124,411.68285,26312055.468162,0
2021-10-20 05:00:00+00:00,64041.01,64043.96,63481.4,63779.41,1541.42281,2021-10-20 05:59:59.999000+00:00,98279263.1088836,58395,673.14104,42926202.1860021,0
2021-10-20 06:00:00+00:00,63779.42,64200.69,63695.46,63811.42,1308.62273,2021-10-20 06:59:59.999000+00:00,83631100.3521768,37403,747.12167,47753529.8932018,0
2021-10-20 07:00:00+00:00,63811.42,64099.99,63745.31,63999.97,855.20994,2021-10-20 07:59:59.999000+00:00,54681676.7422678,30420,464.76462,29717703.623622,0
2021-10-20 08:00:00+00:00,63999.98,64250.0,63955.4,64031.44,1409.41153,2021-10-20 08:59:59.999000+00:00,90322838.8091863,41857,680.94299,43648421.1113829,0
2021-10-20 09:00:00+00:00,64031.43,64195.52,63850.0,64015.24,1088.22666,2021-10-20 09:59:59.999000+00:00,69632114.1253201,37748,532.58482,34078623.810554,0
2021-10-20 10:00:00+00:00,64015.24,64050.0,63750.0,63829.99,1924.1728,2021-10-20 10:59:59.999000+00:00,122895553.3771243,42209,1089.09579,69552723.3764805,0
2021-10-20 11:00:00+00:00,63829.99,63930.0,63697.69,63791.1,1166.06561,2021-10-20 11:59:59.999000+00:00,74397023.2722932,46029,600.51704,38315656.0967603,0
2021-10-20 12:00:00+00:00,63788.0,64555.0,63760.0,64374.29,2809.415949,2021-10-20 12:59:59.999000+00:00,180431998.76559687,92879,1597.845868,102640549.3710732,0
2021-10-20 13:00:00+00:00,64374.29,66100.0,64145.51,66040.59,7392.546921,2021-10-20 13:59:59.999000+00:00,482304888.0334402,287129,4551.211813,296933903.28434634,0
2021-10-20 14:00:00+00:00,66040.6,67000.0,65706.07,66686.84,7402.748046,2021-10-20 14:59:59.999000+00:00,491201322.58027375,265142,3908.221195,259363615.6200596,0
2021-10-20 15:00:00+00:00,66686.85,66900.78,66303.99,66875.83,4104.97566,2021-10-20 15:59:59.999000+00:00,273516829.9476089,134968,2255.07599,150258985.1321579,0
2021-10-20 16:00:00+00:00,66875.84,66940.73,66340.01,66449.01,3275.74181,2021-10-20 16:59:59.999000+00:00,218153605.37083352,103319,1757.2998,117032094.7806106,0
2021-10-20 17:00:00+00:00,66449.01,66538.61,66104.32,66363.02,2434.60668,2021-10-20 17:59:59.999000+00:00,161492312.872859,99926,1290.19301,85587583.8592572,0
2021-10-20 18:00:00+00:00,66363.02,66700.0,66323.27,66644.01,1671.16055,2021-10-20 18:59:59.999000+00:00,111226137.3227042,55626,888.39483,59126843.3868076,0
2021-10-20 19:00:00+00:00,66644.0,66700.0,66238.0,66397.59,1722.61368,2021-10-20 19:59:59.999000+00:00,114507604.6843527,56502,952.91376,63345164.1025681,0
2021-10-20 20:00:00+00:00,66397.6,66444.47,65662.95,66002.03,2444.83825,2021-10-20 20:59:59.999000+00:00,161226014.914423,91656,1160.75794,76536440.350686,0
2021-10-20 21:00:00+00:00,65993.78,66064.9,65567.0,65807.5,1289.63837,2021-10-20 21:59:59.999000+00:00,84937790.3020927,61302,658.57635,43378887.1340094,0
2021-10-20 22:00:00+00:00,65807.5,66096.26,65462.0,65903.19,1202.87007,2021-10-20 22:59:59.999000+00:00,79198937.8938756,43770,612.00779,40309663.7325871,0
2021-10-20 23:00:00+00:00,65903.19,66189.81,65854.74,66001.41,1162.81302,2021-10-20 23:59:59.999000+00:00,76799025.4476477,48200,596.57194,39397605.5471961,0
2021-10-21 00:00:00+00:00,66001.4,66033.64,65550.66,65622.05,2209.33413,2021-10-21 00:59:59.999000+00:00,145302318.5067221,62198,1091.56513,71786372.0636077,0
2021-10-21 01:00:00+00:00,65622.04,65700.0,64620.0,64992.18,3433.82749,2021-10-21 01:59:59.999000+00:00,224011212.1311116,108095,1405.74704,91732535.860782,0
2021-10-21 02:00:00+00:00,64992.18,65381.41,64062.82,64940.18,4545.41706,2021-10-21 02:59:59.999000+00:00,294344302.12146527,148184,2173.238,140806911.9979501,0
2021-10-21 03:00:00+00:00,64940.17,65195.0,64432.3,65069.02,2351.07654,2021-10-21 03:59:59.999000+00:00,152215297.3444093,88746,1172.83522,75933303.3414243,0
2021-10-21 04:00:00+00:00,65069.03,65192.04,64612.0,65042.99,1570.10513,2021-10-21 04:59:59.999000+00:00,101955601.2868982,63773,709.14038,46050982.7475873,0
2021-10-21 05:00:00+00:00,65042.99,65162.0,64800.41,64825.71,1325.62674,2021-10-21 05:59:59.999000+00:00,86157334.1758691,43355,643.6048,41833631.6531528,0
2021-10-21 06:00:00+00:00,64825.72,65024.45,64142.01,64679.39,2332.11889,2021-10-21 06:59:59.999000+00:00,150500155.5957484,72137,1061.70201,68519515.9273933,0
2021-10-21 07:00:00+00:00,64677.45,65272.86,64425.19,65100.7,1874.25596,2021-10-21 07:59:59.999000+00:00,121772754.201321,61910,1024.87847,66596194.2055379,0
2021-10-21 08:00:00+00:00,65100.7,66124.17,65064.35,65882.09,3115.90698,2021-10-21 08:59:59.999000+00:00,204586626.3356319,98751,1737.19445,114058868.1876438,0
2021-10-21 09:00:00+00:00,65882.09,66639.74,65865.53,66185.89,2857.0203,2021-10-21 09:59:59.999000+00:00,189505750.10565713,121535,1481.73213,98277733.982674,0
2021-10-21 10:00:00+00:00,66185.89,66236.91,65555.0,65590.99,2581.51189,2021-10-21 10:59:59.999000+00:00,170310665.1232786,85005,1233.98031,81419549.4943179,0
2021-10-21 11:00:00+00:00,65590.98,65975.35,64175.0,64827.9,5674.15993,2021-10-21 11:59:59.999000+00:00,369302270.06670195,173792,2545.16034,165629024.6689627,0
2021-10-21 12:00:00+00:00,64836.51,65220.0,64366.72,65060.14,2938.02513,2021-10-21 12:59:59.999000+00:00,190411165.4200654,101517,1421.09455,92107291.2799714,0
2021-10-21 13:00:00+00:00,65060.15,65599.98,64681.26,64752.24,2238.42203,2021-10-21 13:59:59.999000+00:00,146031488.8043042,71923,1109.85653,72412433.6667168,0
2021-10-21 14:00:00+00:00,64752.25,64900.0,62888.0,63648.66,6666.08438,2021-10-21 14:59:59.999000+00:00,425817170.1018211,188689,2787.17243,178047118.0399434,0
2021-10-21 15:00:00+00:00,63648.65,63888.0,62000.0,62971.2,5869.25241,2021-10-21 15:59:59.999000+00:00,369802580.36106414,176763,2682.78027,169143115.7093606,0
2021-10-21 16:00:00+00:00,62971.2,63645.1,62188.0,62800.52,3443.52518,2021-10-21 16:59:59.999000+00:00,217423476.1200592,101286,1544.48409,97558042.2236836,0
2021-10-21 17:00:00+00:00,62798.49,63342.37,62412.76,62487.0,2118.87474,2021-10-21 17:59:59.999000+00:00,133282791.4154719,67011,947.74678,59619214.0362791,0
2021-10-21 18:00:00+00:00,62486.99,63200.0,62486.99,62737.67,1997.10687,2021-10-21 18:59:59.999000+00:00,125642741.280062,59483,914.80165,57534500.5788771,0
2021-10-21 19:00:00+00:00,62737.67,63500.0,62569.02,62802.07,2324.55814,2021-10-21 19:59:59.999000+00:00,146601655.3944294,64629,1185.138,74730214.2556742,0
2021-10-21 20:00:00+00:00,62801.57,63186.94,62350.0,62665.11,2250.57308,2021-10-21 20:59:59.999000+00:00,141064259.8640208,62723,1019.95284,63939848.6177466,0
2021-10-21 21:00:00+00:00,62665.11,63024.79,62222.22,62747.97,1274.83668,2021-10-21 21:59:59.999000+00:00,79920481.5455695,51527,586.76914,36797066.068297,0
2021-10-21 22:00:00+00:00,62740.76,63109.0,62387.51,62437.56,1572.06944,2021-10-21 22:59:59.999000+00:00,98622599.6948833,48412,705.29545,44261341.4592416,0
2021-10-21 23:00:00+00:00,62442.49,62707.68,62000.0,62193.15,1974.95625,2021-10-21 23:59:59.999000+00:00,123173273.8831901,60221,822.6442,51316163.739069,0
2021-10-22 00:00:00+00:00,62193.15,62900.0,62000.0,62789.22,4458.45612,2021-10-22 00:59:59.999000+00:00,278450427.4688861,84955,2751.49724,171787051.8087647,0
2021-10-22 01:00:00+00:00,62789.22,63062.21,62560.0,62566.89,1612.74362,2021-10-22 01:59:59.999000+00:00,101388333.5481274,47550,743.89935,46764353.1544019,0
2021-10-22 02:00:00+00:00,62566.88,63013.68,62520.0,62840.0,1223.80338,2021-10-22 02:59:59.999000+00:00,76868474.0899617,37044,650.54969,40865092.4301327,0
2021-10-22 03:00:00+00:00,62839.99,63351.02,62823.55,63237.9,1384.71237,2021-10-22 03:59:59.999000+00:00,87450601.4437107,44145,706.64447,44631304.7426186,0
2021-10-22 04:00:00+00:00,63237.9,63303.5,62853.8,63038.0,1091.84314,2021-10-22 04:59:59.999000+00:00,68867710.3357064,36568,506.52423,31951257.8096953,0
2021-10-22 05:00:00+00:00,63038.0,63184.56,62780.0,63013.04,1282.22513,2021-10-22 05:59:59.999000+00:00,80723249.7734727,36406,655.23,41249722.2675633,0
2021-10-22 06:00:00+00:00,63013.04,63209.75,62464.6,62724.0,1558.2186,2021-10-22 06:59:59.999000+00:00,97823265.2847986,48405,687.52965,43170982.3379032,0
2021-10-22 07:00:00+00:00,62723.99,63408.85,62604.36,63371.33,2051.43691,2021-10-22 07:59:59.999000+00:00,129276909.3780073,52117,1035.8078,65285887.7577759,0
2021-10-22 08:00:00+00:00,63371.33,63640.93,63248.42,63569.55,1895.70187,2021-10-22 08:59:59.999000+00:00,120308998.2776295,56320,956.87343,60732005.211312,0
2021-10-22 09:00:00+00:00,63569.56,63732.39,63156.0,63290.28,1710.95079,2021-10-22 09:59:59.999000+00:00,108530227.1679453,49260,724.13186,45929349.8127254,0
2021-10-22 10:00:00+00:00,63290.29,63335.3,62874.71,63186.07,1230.73061,2021-10-22 10:59:59.999000+00:00,77697195.7240317,40779,558.46474,35260322.1322173,0
2021-10-22 11:00:00+00:00,63186.06,63454.72,63166.49,63376.8,1055.64073,2021-10-22 11:59:59.999000+00:00,66866542.6411401,37949,533.15497,33773660.9515868,0
2021-10-22 12:00:00+00:00,63376.81,63652.58,63131.19,63641.97,1276.12486,2021-10-22 12:59:59.999000+00:00,80941974.1368313,50182,655.47522,41580952.9913431,0
2021-10-22 13:00:00+00:00,63641.98,63709.5,62320.0,62415.99,2750.30112,2021-10-22 13:59:59.999000+00:00,173363200.4742368,86590,1222.47064,77079304.6926314,0
2021-10-22 14:00:00+00:00,62416.0,62447.87,61111.0,61571.98,6539.61758,2021-10-22 14:59:59.999000+00:00,403658302.9491255,187817,2931.29422,180931416.3327008,0
2021-10-22 15:00:00+00:00,61571.99,61716.91,60478.1,60690.94,5339.70402,2021-10-22 15:59:59.999000+00:00,325912232.8226312,162731,2441.97235,149094336.9411399,0
2021-10-22 16:00:00+00:00,60690.94,61390.07,60000.0,61154.7,6022.52345,2021-10-22 16:59:59.999000+00:00,366149252.0318461,152864,2963.89753,180335461.07473007,0
2021-10-22 17:00:00+00:00,61154.71,61299.0,60482.01,60576.03,2108.35255,2021-10-22 17:59:59.999000+00:00,128321592.3778223,61706,1020.07167,62088079.1809642,0
2021-10-22 18:00:00+00:00,60576.02,60900.0,60213.63,60638.65,1813.27709,2021-10-22 18:59:59.999000+00:00,109871130.9658087,71873,850.86261,51557178.1912364,0
2021-10-22 19:00:00+00:00,60638.66,61050.01,60335.01,61032.7,1438.11738,2021-10-22 19:59:59.999000+00:00,87225285.9071856,49949,741.72669,44983477.0139628,0
2021-10-22 20:00:00+00:00,61032.71,61240.0,60697.95,60731.48,1667.99385,2021-10-22 20:59:59.999000+00:00,101662346.9113368,50962,893.5087,54449402.266049,0
2021-10-22 21:00:00+00:00,60731.48,60986.89,60129.63,60404.07,1228.49141,2021-10-22 21:59:59.999000+00:00,74419386.1793916,49918,543.20922,32918173.5311198,0
2021-10-22 22:00:00+00:00,60404.07,60825.52,60310.0,60639.15,830.62422,2021-10-22 22:59:59.999000+00:00,50317454.0602022,32030,390.20616,23638382.5008209,0
2021-10-22 23:00:00+00:00,60639.15,60889.59,60614.0,60688.22,547.76806,2021-10-22 23:59:59.999000+00:00,33283650.3615903,27160,275.68874,16750589.0625016,0
2021-10-23 00:00:00+00:00,60688.23,61175.0,60358.0,61172.88,1302.37971,2021-10-23 00:59:59.999000+00:00,79196813.1769342,44630,673.09447,40935415.563038,0
2021-10-23 01:00:00+00:00,61174.99,61239.55,60855.76,61029.13,785.5809,2021-10-23 01:59:59.999000+00:00,47959273.8453847,29216,366.7068,22387291.9952108,0
2021-10-23 02:00:00+00:00,61029.13,61247.55,60977.44,61134.91,762.78964,2021-10-23 02:59:59.999000+00:00,46601685.3178145,29094,362.91013,22172301.8747275,0
2021-10-23 03:00:00+00:00,61134.91,61258.43,61023.73,61236.52,553.38547,2021-10-23 03:59:59.999000+00:00,33838889.3941018,22910,278.50725,17031489.1981502,0
2021-10-23 04:00:00+00:00,61236.52,61567.11,61020.01,61153.51,1417.4558,2021-10-23 04:59:59.999000+00:00,86963216.5989822,40293,744.63179,45684428.8577692,0
2021-10-23 05:00:00+00:00,61153.52,61250.14,60862.06,60990.0,737.70456,2021-10-23 05:59:59.999000+00:00,45015292.8842767,36498,359.5996,21941488.6039995,0
2021-10-23 06:00:00+00:00,60990.0,61097.49,60750.0,61047.63,615.01544,2021-10-23 06:59:59.999000+00:00,37479172.6190976,24989,312.92437,19071896.321104,0
2021-10-23 07:00:00+00:00,61047.63,61099.52,60705.0,60880.0,837.70499,2021-10-23 07:59:59.999000+00:00,50999859.7657579,31442,377.78259,23004104.9400115,0
2021-10-23 08:00:00+00:00,60879.99,61150.0,60879.0,61075.04,713.44072,2021-10-23 08:59:59.999000+00:00,43536206.5393029,37879,369.33789,22538700.4912999,0
2021-10-23 09:00:00+00:00,61085.5,61115.72,60313.0,60667.63,1320.01752,2021-10-23 09:59:59.999000+00:00,80010739.6537261,44168,595.23537,36081325.8326516,0
2021-10-23 10:00:00+00:00,60667.63,60792.24,60075.94,60125.63,1085.01242,2021-10-23 10:59:59.999000+00:00,65553896.5638002,43798,515.9077,31180591.3481148,0
2021-10-23 11:00:00+00:00,60125.62,61688.0,59562.15,61552.23,5167.86717,2021-10-23 11:59:59.999000+00:00,313916883.5787004,132824,2455.2635,149403601.7861095,0
2021-10-23 12:00:00+00:00,61552.24,61747.64,61304.28,61535.31,1444.82638,2021-10-23 12:59:59.999000+00:00,88960090.5079131,47618,732.0008,45072783.5759749,0
2021-10-23 13:00:00+00:00,61535.31,61700.0,61188.35,61322.06,1014.85593,2021-10-23 13:59:59.999000+00:00,62353903.2281471,35161,503.76545,30956140.2604298,0
2021-10-23 14:00:00+00:00,61322.06,61478.08,60963.15,61030.8,1093.66819,2021-10-23 14:59:59.999000+00:00,66926004.5379657,36698,517.3874,31664187.8122288,0
2021-10-23 15:00:00+00:00,61030.8,61550.0,60710.36,61446.87,1762.79948,2021-10-23 15:59:59.999000+00:00,107944004.5338996,68565,875.73819,53642335.2275614,0
2021-10-23 16:00:00+00:00,61449.99,61632.29,60950.01,61138.47,1716.98263,2021-10-23 16:59:59.999000+00:00,105161835.930114,60205,818.89609,50150225.6229497,0
2021-10-23 17:00:00+00:00,61139.31,61362.27,60958.08,61239.01,976.35948,2021-10-23 17:59:59.999000+00:00,59667485.6685666,40675,434.03513,26524363.7417873,0
2021-10-23 18:00:00+00:00,61239.0,61409.56,61100.0,61311.14,732.68158,2021-10-23 18:59:59.999000+00:00,44901914.0527246,30037,355.64265,21796118.9732859,0
2021-10-23 19:00:00+00:00,61311.14,61325.0,60902.0,61008.02,663.60151,2021-10-23 19:59:59.999000+00:00,40508924.2158643,24900,307.93159,18797434.8733071,0
2021-10-23 20:00:00+00:00,61008.02,61125.0,60817.46,61124.0,614.65846,2021-10-23 20:59:59.999000+00:00,37475643.2765405,25188,294.85993,17976329.8971755,0
2021-10-23 21:00:00+00:00,61124.0,61455.27,60918.91,61031.87,727.61836,2021-10-23 21:59:59.999000+00:00,44473477.8969263,29812,351.51683,21489997.0903085,0
2021-10-23 22:00:00+00:00,61031.87,61362.98,60941.41,61018.45,743.57322,2021-10-23 22:59:59.999000+00:00,45478172.9756127,25855,307.88329,18827650.001327,0
2021-10-23 23:00:00+00:00,61018.45,61346.04,60927.53,61286.75,836.95722,2021-10-23 23:59:59.999000+00:00,51198335.4566287,39648,441.01027,26976377.447208,0
2021-10-24 00:00:00+00:00,61286.75,61500.0,61058.85,61084.84,955.39674,2021-10-24 00:59:59.999000+00:00,58540962.7458475,39180,455.30489,27895430.8301945,0
2021-10-24 01:00:00+00:00,61084.84,61157.56,60934.0,60994.7,687.2233,2021-10-24 01:59:59.999000+00:00,41941556.1476487,22994,329.9409,20136409.6209474,0
2021-10-24 02:00:00+00:00,60994.69,61272.98,60820.0,61175.33,794.07406,2021-10-24 02:59:59.999000+00:00,48476058.7476312,26042,430.27693,26268836.065111,0
2021-10-24 03:00:00+00:00,61175.34,61289.9,61093.81,61227.76,435.14976,2021-10-24 03:59:59.999000+00:00,26635882.6636585,30625,225.02647,13774037.9137411,0
2021-10-24 04:00:00+00:00,61227.77,61250.0,60840.08,60994.06,641.87802,2021-10-24 04:59:59.999000+00:00,39161436.3528736,33293,287.31125,17529874.6159557,0
2021-10-24 05:00:00+00:00,60994.06,61142.28,60831.67,60900.0,416.76296,2021-10-24 05:59:59.999000+00:00,25412794.2588574,27242,205.71213,12544788.651628,0
2021-10-24 06:00:00+00:00,60900.01,61115.0,60625.38,60702.86,851.57111,2021-10-24 06:59:59.999000+00:00,51843223.836275,33020,400.07221,24360709.0323093,0
2021-10-24 07:00:00+00:00,60702.87,60942.49,60572.2,60687.82,770.68917,2021-10-24 07:59:59.999000+00:00,46825913.0867837,39517,359.63986,21850236.3723606,0
2021-10-24 08:00:00+00:00,60687.82,60714.19,60434.93,60526.7,1113.41366,2021-10-24 08:59:59.999000+00:00,67434590.8405071,36542,462.43579,28009220.5744355,0
2021-10-24 09:00:00+00:00,60526.69,61273.69,60429.88,60799.7,1479.19566,2021-10-24 09:59:59.999000+00:00,90204907.2488477,57603,752.84532,45903895.226945,0
2021-10-24 10:00:00+00:00,60799.69,61085.0,60731.2,60929.18,581.11727,2021-10-24 10:59:59.999000+00:00,35383782.7906967,27773,295.46345,17988621.5946417,0
2021-10-24 11:00:00+00:00,60929.18,60985.0,60157.14,60281.0,2121.55436,2021-10-24 11:59:59.999000+00:00,128316123.9143846,60806,1038.77026,62832952.9080519,0
2021-10-24 12:00:00+00:00,60281.0,60848.18,59803.61,60390.59,3809.88287,2021-10-24 12:59:59.999000+00:00,229616403.76789752,90153,1891.35676,114045408.2009304,0
2021-10-24 13:00:00+00:00,60389.71,60790.0,60291.83,60523.97,1111.61807,2021-10-24 13:59:59.999000+00:00,67328237.8440098,38229,574.00453,34765383.8060233,0
2021-10-24 14:00:00+00:00,60523.97,60598.6,60025.78,60109.99,965.75124,2021-10-24 14:59:59.999000+00:00,58220583.3724869,33991,447.80608,26999773.1990519,0
2021-10-24 15:00:00+00:00,60110.0,60377.29,59632.47,59859.97,3543.34793,2021-10-24 15:59:59.999000+00:00,212602459.4830386,85784,1802.89793,108189755.0147377,0
2021-10-24 16:00:00+00:00,59859.98,60396.55,59510.63,60361.99,2509.58356,2021-10-24 16:59:59.999000+00:00,150338884.7823647,69628,1230.89703,73758292.3507254,0
2021-10-24 17:00:00+00:00,60361.99,60533.36,60166.66,60315.99,1050.51023,2021-10-24 17:59:59.999000+00:00,63405720.0812008,43507,537.89002,32467831.6332973,0
2021-10-24 18:00:00+00:00,60315.99,60315.99,59775.61,60114.62,1608.23322,2021-10-24 18:59:59.999000+00:00,96466731.1777037,57913,800.25786,48000007.7489856,0
2021-10-24 19:00:00+00:00,60114.62,60745.12,60086.7,60643.09,1494.42611,2021-10-24 19:59:59.999000+00:00,90313212.0834447,43370,858.27623,51869963.6420078,0
2021-10-24 20:00:00+00:00,60643.09,61168.39,60566.65,61166.71,1498.20022,2021-10-24 20:59:59.999000+00:00,91202948.2839431,48141,887.97519,54054128.4449429,0
2021-10-24 21:00:00+00:00,61166.7,61400.0,60783.45,60977.21,1346.12474,2021-10-24 21:59:59.999000+00:00,82241050.5312723,53352,653.54759,39938968.52817,0
2021-10-24 22:00:00+00:00,60977.22,61071.3,60811.58,60917.04,798.0895,2021-10-24 22:59:59.999000+00:00,48655970.3159338,27999,420.43307,25633666.0805913,0
2021-10-24 23:00:00+00:00,60917.03,60971.83,60761.37,60852.22,642.783,2021-10-24 23:59:59.999000+00:00,39125124.5931871,25381,334.02685,20333139.8065535,0
2021-10-25 00:00:00+00:00,60852.22,61828.0,60650.0,61813.4,2060.85128,2021-10-25 00:59:59.999000+00:00,126245138.4954674,61090,1144.68431,70146577.427671,0
2021-10-25 01:00:00+00:00,61813.4,62119.2,61667.9,61737.24,2094.23149,2021-10-25 01:59:59.999000+00:00,129623890.4101008,58410,1063.14613,65826200.5003027,0
2021-10-25 02:00:00+00:00,61737.24,62031.0,61637.31,61954.76,824.5102,2021-10-25 02:59:59.999000+00:00,50938805.8051922,28249,461.18864,28493658.535446,0
2021-10-25 03:00:00+00:00,61954.75,62250.0,61837.95,62084.26,1475.59199,2021-10-25 03:59:59.999000+00:00,91519769.2406062,38863,677.86182,42046278.2528811,0
2021-10-25 04:00:00+00:00,62084.68,62212.63,61828.95,62063.39,1123.26675,2021-10-25 04:59:59.999000+00:00,69643329.516579,32183,580.47677,35989747.9928582,0
2021-10-25 05:00:00+00:00,62063.39,62133.5,61764.45,61836.78,1148.3884,2021-10-25 05:59:59.999000+00:00,71150945.3371179,32356,566.46504,35098595.9691137,0
2021-10-25 06:00:00+00:00,61836.79,62080.0,61800.0,62020.31,1057.96239,2021-10-25 06:59:59.999000+00:00,65555172.1419607,40827,453.17462,28076174.9478004,0
2021-10-25 07:00:00+00:00,62020.31,62900.0,61950.66,62660.65,2605.66816,2021-10-25 07:59:59.999000+00:00,163019840.6186344,83641,1372.21619,85853062.9400785,0
2021-10-25 08:00:00+00:00,62660.65,62981.36,62660.65,62726.03,2419.32386,2021-10-25 08:59:59.999000+00:00,152019603.5814806,70657,1214.04007,76277447.7982835,0
2021-10-25 09:00:00+00:00,62726.04,62875.7,62653.0,62731.79,1133.29306,2021-10-25 09:59:59.999000+00:00,71144088.0925948,38354,571.87457,35902459.5834199,0
2021-10-25 10:00:00+00:00,62731.79,62846.94,62450.91,62777.44,1480.69844,2021-10-25 10:59:59.999000+00:00,92785327.4543924,55318,728.5007,45653207.4828689,0
2021-10-25 11:00:00+00:00,62777.44,63200.0,62688.64,62759.19,1851.4906,2021-10-25 11:59:59.999000+00:00,116516605.02293,59036,937.02732,58986480.537373,0
2021-10-25 12:00:00+00:00,62759.19,63016.63,62667.71,62726.3,1156.94302,2021-10-25 12:59:59.999000+00:00,72700060.1280382,52111,599.787,37693116.2910852,0
2021-10-25 13:00:00+00:00,62726.3,63388.99,62578.64,63233.4,2394.76113,2021-10-25 13:59:59.999000+00:00,150884727.6706376,84802,1213.03621,76451592.8196378,0
2021-10-25 14:00:00+00:00,63233.4,63350.0,62980.0,63337.76,1590.29175,2021-10-25 14:59:59.999000+00:00,100450345.8137301,56796,800.48566,50562241.5108057,0
2021-10-25 15:00:00+00:00,63337.75,63638.0,63157.09,63606.87,2508.68818,2021-10-25 15:59:59.999000+00:00,159079951.5688505,86914,1345.21065,85315651.5990836,0
2021-10-25 16:00:00+00:00,63606.86,63710.63,63393.09,63615.16,1747.80205,2021-10-25 16:59:59.999000+00:00,111077694.2903297,72503,925.17049,58801337.8268524,0
2021-10-25 17:00:00+00:00,63615.15,63670.0,62752.0,63090.44,2282.53925,2021-10-25 17:59:59.999000+00:00,144153806.6369427,73576,1073.39423,67799270.4839353,0
2021-10-25 18:00:00+00:00,63090.44,63177.96,62826.57,63126.75,1189.93762,2021-10-25 18:59:59.999000+00:00,74926742.5943853,42744,564.02566,35516525.0909018,0
2021-10-25 19:00:00+00:00,63126.76,63138.82,62635.72,62688.0,1063.98037,2021-10-25 19:59:59.999000+00:00,66870097.3807278,38574,474.04083,29795555.3067446,0
2021-10-25 20:00:00+00:00,62688.0,62831.58,62530.0,62562.94,1130.3625,2021-10-25 20:59:59.999000+00:00,70849562.3140256,42101,513.05056,32155512.9672988,0
2021-10-25 21:00:00+00:00,62562.94,63329.48,62534.35,62827.02,1197.86363,2021-10-25 21:59:59.999000+00:00,75380838.4196068,43762,652.36326,41043491.4357309,0
2021-10-25 22:00:00+00:00,62827.02,63100.0,62671.42,63014.01,702.22708,2021-10-25 22:59:59.999000+00:00,44151650.193537,49742,348.77647,21928748.8279683,0
2021-10-25 23:00:00+00:00,63014.01,63172.66,62937.86,63078.78,613.16486,2021-10-25 23:59:59.999000+00:00,38651657.3815127,27844,297.25752,18737369.8066771,0
2021-10-26 00:00:00+00:00,63078.78,63293.48,62845.78,63100.0,1197.79587,2021-10-26 00:59:59.999000+00:00,75555989.516021,41616,586.25418,36977991.898489,0
2021-10-26 01:00:00+00:00,63099.99,63100.0,62692.01,62707.01,968.73491,2021-10-26 01:59:59.999000+00:00,60903087.511676,29871,418.09687,26287505.5597379,0
2021-10-26 02:00:00+00:00,62707.0,62911.0,62656.7,62730.43,1049.38664,2021-10-26 02:59:59.999000+00:00,65877409.8526494,31027,511.17947,32091570.3720624,0
2021-10-26 03:00:00+00:00,62730.42,62865.87,62619.42,62758.02,978.53447,2021-10-26 03:59:59.999000+00:00,61365589.961403,34982,519.90463,32603710.0995978,0
2021-10-26 04:00:00+00:00,62758.01,62815.98,62277.1,62459.33,1415.15007,2021-10-26 04:59:59.999000+00:00,88438591.0229826,52116,692.69576,43289889.7165349,0
2021-10-26 05:00:00+00:00,62459.33,62645.97,62329.39,62401.38,901.27001,2021-10-26 05:59:59.999000+00:00,56314158.0674337,48222,502.83448,31421021.8665922,0
2021-10-26 06:00:00+00:00,62401.37,62594.84,62212.0,62369.78,1358.9117,2021-10-26 06:59:59.999000+00:00,84804746.1648964,55493,712.98733,44497705.7686701,0
2021-10-26 07:00:00+00:00,62369.77,62523.17,62184.01,62432.54,1080.6407,2021-10-26 07:59:59.999000+00:00,67364848.1431279,42359,572.71894,35704203.9005045,0
2021-10-26 08:00:00+00:00,62432.54,63110.0,62423.71,62820.3,1790.70968,2021-10-26 08:59:59.999000+00:00,112586679.8445435,60719,837.5547,52656454.8265724,0
2021-10-26 09:00:00+00:00,62820.31,62856.3,62602.0,62666.02,903.92914,2021-10-26 09:59:59.999000+00:00,56696630.1092699,46134,422.72007,26514183.6884434,0
2021-10-26 10:00:00+00:00,62666.01,63014.6,62559.22,62986.93,1081.73762,2021-10-26 10:59:59.999000+00:00,67933846.0062296,39834,549.26093,34498474.0421397,0
2021-10-26 11:00:00+00:00,62986.92,63072.62,62685.01,62739.98,1295.7845,2021-10-26 11:59:59.999000+00:00,81445837.3966451,45268,647.5719,40704128.0291257,0
2021-10-26 12:00:00+00:00,62739.99,62882.99,62286.01,62484.0,1614.48998,2021-10-26 12:59:59.999000+00:00,100971264.4511337,53616,753.40146,47118964.9042662,0
2021-10-26 13:00:00+00:00,62484.01,62574.12,62090.79,62207.82,1407.98676,2021-10-26 13:59:59.999000+00:00,87780937.9543914,51564,632.41489,39432390.2391841,0
2021-10-26 14:00:00+00:00,62206.06,62226.22,61801.0,61926.35,2579.02765,2021-10-26 14:59:59.999000+00:00,159915580.0794109,75050,1179.15869,73116650.8908491,0
2021-10-26 15:00:00+00:00,61926.36,62773.55,61800.0,62514.59,2941.57489,2021-10-26 15:59:59.999000+00:00,183182135.22129792,69633,1518.48792,94622966.5405828,0
2021-10-26 16:00:00+00:00,62514.59,62743.86,61826.08,62072.38,2138.67628,2021-10-26 16:59:59.999000+00:00,133137090.9521353,59025,1026.14488,63890455.1974175,0
2021-10-26 17:00:00+00:00,62073.56,62507.7,62000.4,62459.91,999.22486,2021-10-26 17:59:59.999000+00:00,62245008.3172525,37362,524.49695,32667667.4651522,0
2021-10-26 18:00:00+00:00,62459.91,62600.0,62260.0,62326.59,1475.57001,2021-10-26 18:59:59.999000+00:00,92130881.2211331,44943,688.20029,42969086.9887542,0
2021-10-26 19:00:00+00:00,62326.59,62367.76,61931.69,62000.0,1027.41316,2021-10-26 19:59:59.999000+00:00,63836699.3034515,40055,483.7438,30057959.7603562,0
2021-10-26 20:00:00+00:00,62000.01,62300.27,61851.87,62094.9,1572.88224,2021-10-26 20:59:59.999000+00:00,97653842.0389005,50673,711.50073,44178740.2986192,0
2021-10-26 21:00:00+00:00,62094.89,62105.63,60501.0,60810.59,2762.87189,2021-10-26 21:59:59.999000+00:00,169502805.433364,117438,1045.61699,64188993.3033499,0
2021-10-26 22:00:00+00:00,60810.6,60892.75,59817.55,60292.24,5971.1601,2021-10-26 22:59:59.999000+00:00,360033860.4657623,158584,2348.37642,141636212.3262307,0
2021-10-26 23:00:00+00:00,60292.25,60607.33,60160.63,60328.81,1704.0377,2021-10-26 23:59:59.999000+00:00,102928614.2838343,48876,813.96247,49162885.012764,0
2021-10-27 00:00:00+00:00,60328.81,60784.5,60138.4,60685.25,1810.13348,2021-10-27 00:59:59.999000+00:00,109505894.128388,49498,969.14477,58615812.5609417,0
2021-10-27 01:00:00+00:00,60685.25,60840.0,60463.7,60521.85,1370.58796,2021-10-27 01:59:59.999000+00:00,83195366.3142161,38079,687.29192,41723239.0172587,0
2021-10-27 02:00:00+00:00,60521.84,60642.56,60309.18,60419.68,2271.48664,2021-10-27 02:59:59.999000+00:00,137413035.4872285,47987,1116.39726,67540665.4211959,0
2021-10-27 03:00:00+00:00,60419.68,60838.79,60210.0,60714.34,1228.82484,2021-10-27 03:59:59.999000+00:00,74498781.9362479,40755,620.91077,37652888.272438,0
2021-10-27 04:00:00+00:00,60714.33,61496.0,60522.95,61192.38,3722.44662,2021-10-27 04:59:59.999000+00:00,227105989.39175433,79789,1764.302,107638043.5176151,0
2021-10-27 05:00:00+00:00,61192.38,61399.0,60807.69,60921.77,1694.29235,2021-10-27 05:59:59.999000+00:00,103526057.035769,47617,824.14832,50361883.6035595,0
2021-10-27 06:00:00+00:00,60921.78,60998.57,60631.32,60700.0,2224.04492,2021-10-27 06:59:59.999000+00:00,135252858.4018918,73193,1197.90061,72852697.6889979,0
2021-10-27 07:00:00+00:00,60700.0,60965.55,59908.61,59949.93,3130.05172,2021-10-27 07:59:59.999000+00:00,188784355.8483576,96482,1344.76396,81146727.8646564,0
2021-10-27 08:00:00+00:00,59949.99,59953.94,58000.0,59221.96,11771.60821,2021-10-27 08:59:59.999000+00:00,693037322.5498137,361432,5251.92264,309213521.1109466,0
2021-10-27 09:00:00+00:00,59221.96,59222.26,58601.9,58920.97,3408.83767,2021-10-27 09:59:59.999000+00:00,200758611.4452316,128464,1644.38891,96838154.2981376,0
2021-10-27 10:00:00+00:00,58922.3,59158.89,58344.7,58943.13,3218.78095,2021-10-27 10:59:59.999000+00:00,189146708.5719574,108053,1624.77669,95493790.8254149,0
2021-10-27 11:00:00+00:00,58943.13,59186.13,58526.0,58564.0,1958.99349,2021-10-27 11:59:59.999000+00:00,115288790.2432076,77073,977.38496,57521665.6026082,0
2021-10-27 12:00:00+00:00,58564.0,59091.84,58270.0,59029.03,2793.14905,2021-10-27 12:59:59.999000+00:00,164145413.6168662,81445,1408.27503,82772394.0767716,0
2021-10-27 13:00:00+00:00,59031.5,59324.9,58899.7,59012.57,2007.47528,2021-10-27 13:59:59.999000+00:00,118561400.2554592,67099,941.65676,55613899.8861525,0
2021-10-27 14:00:00+00:00,59012.57,59449.0,58709.08,59162.25,2394.30575,2021-10-27 14:59:59.999000+00:00,141336398.1685565,76513,1207.86049,71301908.2689659,0
2021-10-27 15:00:00+00:00,59162.25,59360.2,58758.0,58819.14,2149.76966,2021-10-27 15:59:59.999000+00:00,126920978.6130049,70722,1048.21312,61886425.5064234,0
2021-10-27 16:00:00+00:00,58819.15,59066.05,58547.38,58867.81,2366.25953,2021-10-27 16:59:59.999000+00:00,139119984.9338741,71883,1166.16249,68564720.8698861,0
2021-10-27 17:00:00+00:00,58864.91,59170.0,58784.44,58886.17,1540.8229,2021-10-27 17:59:59.999000+00:00,90880965.5924287,49946,789.59302,46566882.8231753,0
2021-10-27 18:00:00+00:00,58886.18,59039.0,58693.83,58729.91,1324.0865,2021-10-27 18:59:59.999000+00:00,77953929.8483754,47826,720.1956,42401231.0145192,0
2021-10-27 19:00:00+00:00,58729.91,59148.99,58101.0,59062.32,3554.47265,2021-10-27 19:59:59.999000+00:00,208060772.347173,101545,1634.63093,95726471.3786598,0
2021-10-27 20:00:00+00:00,59062.31,59587.35,58560.0,58871.57,2633.24096,2021-10-27 20:59:59.999000+00:00,155404284.9043396,74678,1302.33676,76871074.4320596,0
2021-10-27 21:00:00+00:00,58871.57,59085.7,58705.35,58745.48,1151.00428,2021-10-27 21:59:59.999000+00:00,67768521.6173109,41764,563.68532,33185669.9948004,0
2021-10-27 22:00:00+00:00,58745.49,58862.94,58480.8,58749.13,1139.42937,2021-10-27 22:59:59.999000+00:00,66852888.3456968,38460,550.07844,32275392.9301375,0
2021-10-27 23:00:00+00:00,58749.14,58906.88,58390.91,58413.44,1260.38538,2021-10-27 23:59:59.999000+00:00,73786883.3752689,42780,627.41045,36729632.5949957,0
2021-10-28 00:00:00+00:00,58413.44,58877.48,58220.77,58250.01,1793.62424,2021-10-28 00:59:59.999000+00:00,104946391.9613346,54314,799.98414,46817498.9847466,0
2021-10-28 01:00:00+00:00,58250.01,58975.78,58075.62,58922.56,1923.06298,2021-10-28 01:59:59.999000+00:00,112708133.9307898,53136,900.99133,52805952.1441549,0
2021-10-28 02:00:00+00:00,58922.57,58927.05,58636.26,58924.63,1085.84637,2021-10-28 02:59:59.999000+00:00,63832621.9128452,38957,514.97565,30273672.1186617,0
2021-10-28 03:00:00+00:00,58924.62,59162.02,58559.03,58839.8,1424.56388,2021-10-28 03:59:59.999000+00:00,83905925.3620088,50211,618.96866,36465721.7691472,0
2021-10-28 04:00:00+00:00,58839.8,59220.31,58685.0,58791.13,1573.04686,2021-10-28 04:59:59.999000+00:00,92758736.2622865,50425,787.88218,46455482.9748389,0
2021-10-28 05:00:00+00:00,58791.14,59142.85,58711.2,59057.89,1861.48072,2021-10-28 05:59:59.999000+00:00,109770180.8982999,57729,932.01359,54961427.6082817,0
2021-10-28 06:00:00+00:00,59057.89,59248.6,58700.0,59037.57,3081.92657,2021-10-28 06:59:59.999000+00:00,181800014.5027949,85351,1539.64441,90831947.3276333,0
2021-10-28 07:00:00+00:00,59037.57,59200.0,58850.0,58993.71,1806.49409,2021-10-28 07:59:59.999000+00:00,106546603.5326135,57900,871.79345,51421063.0460088,0
2021-10-28 08:00:00+00:00,58993.71,60700.0,58988.04,60560.38,4769.20386,2021-10-28 08:59:59.999000+00:00,285661384.8679086,140126,2568.56962,153846443.1423447,0
2021-10-28 09:00:00+00:00,60560.37,61257.82,60387.66,61049.57,3367.05205,2021-10-28 09:59:59.999000+00:00,204443181.6600718,103347,1794.70923,108992523.6873835,0
2021-10-28 10:00:00+00:00,61049.58,61210.0,60826.63,61025.82,1983.99417,2021-10-28 10:59:59.999000+00:00,121068506.2255943,60923,996.45232,60809453.5603569,0
2021-10-28 11:00:00+00:00,61025.83,61098.99,60750.91,60960.61,1661.78319,2021-10-28 11:59:59.999000+00:00,101231227.8357112,51313,811.53294,49438819.3794469,0
2021-10-28 12:00:00+00:00,60960.62,61280.28,60857.0,61095.28,1900.27734,2021-10-28 12:59:59.999000+00:00,116050418.1567288,53140,1127.16891,68836447.3735423,0
2021-10-28 13:00:00+00:00,61095.29,61800.0,60929.0,61590.82,2712.95888,2021-10-28 13:59:59.999000+00:00,166550830.3050201,88336,1479.44935,90830707.4788379,0
2021-10-28 14:00:00+00:00,61590.81,61657.26,61225.05,61542.14,2142.61786,2021-10-28 14:59:59.999000+00:00,131670083.0465433,63348,1028.34845,63197284.192341,0
2021-10-28 15:00:00+00:00,61542.13,61561.56,61051.01,61138.62,1551.18355,2021-10-28 15:59:59.999000+00:00,95119044.5952177,53257,761.83262,46711519.0402433,0
2021-10-28 16:00:00+00:00,61138.61,61323.92,61106.53,61169.03,1268.57569,2021-10-28 16:59:59.999000+00:00,77671077.490102,46470,683.69995,41854893.8836705,0
2021-10-28 17:00:00+00:00,61169.04,61296.52,60813.95,61133.87,2274.32866,2021-10-28 17:59:59.999000+00:00,138838190.6222066,65183,1144.53861,69864902.3029674,0
2021-10-28 18:00:00+00:00,61133.87,61243.22,57820.0,60126.36,7831.14015,2021-10-28 18:59:59.999000+00:00,466356628.10737795,241149,3655.51928,217906579.406753,0
2021-10-28 19:00:00+00:00,60126.36,61478.42,59534.8,61289.13,4484.31858,2021-10-28 19:59:59.999000+00:00,270687236.7829656,123118,2413.22789,145721358.2022062,0
2021-10-28 20:00:00+00:00,61288.87,62499.0,60903.91,61381.93,4628.46148,2021-10-28 20:59:59.999000+00:00,286009451.2409311,160413,2500.52852,154583709.7578428,0
2021-10-28 21:00:00+00:00,61381.93,61399.99,60405.43,60716.57,2027.26268,2021-10-28 21:59:59.999000+00:00,123398401.9628111,82394,911.66869,55494756.8550404,0
2021-10-28 22:00:00+00:00,60716.58,60923.79,60421.0,60506.85,1248.8021,2021-10-28 22:59:59.999000+00:00,75744919.1497066,50943,627.03313,38030881.2733078,0
2021-10-28 23:00:00+00:00,60506.86,60812.06,60333.0,60575.89,2654.34706,2021-10-28 23:59:59.999000+00:00,160860660.6477366,46792,976.90913,59182672.3051558,0
2021-10-29 00:00:00+00:00,60575.9,61480.0,60174.81,61388.0,2480.51447,2021-10-29 00:59:59.999000+00:00,150533410.403105,66068,1303.97468,79161881.6030655,0
2021-10-29 01:00:00+00:00,61388.0,62100.0,61257.52,61395.38,2565.35305,2021-10-29 01:59:59.999000+00:00,158071053.5394699,76551,1308.49665,80636674.9237409,0
2021-10-29 02:00:00+00:00,61394.73,61749.0,61305.04,61587.98,1447.07246,2021-10-29 02:59:59.999000+00:00,89059606.7610165,46042,687.11371,42289602.7588768,0
2021-10-29 03:00:00+00:00,61587.99,61831.82,61523.82,61642.99,1201.35383,2021-10-29 03:59:59.999000+00:00,74054758.2619492,43712,577.17354,35581251.3878506,0
2021-10-29 04:00:00+00:00,61642.98,61698.51,61400.26,61516.73,892.40807,2021-10-29 04:59:59.999000+00:00,54922443.1540308,37359,448.4655,27599647.8274608,0
2021-10-29 05:00:00+00:00,61516.72,61590.0,60692.98,60989.09,1995.36669,2021-10-29 05:59:59.999000+00:00,121906014.2983093,66515,962.22392,58793696.4942268,0
2021-10-29 06:00:00+00:00,60989.09,61426.54,60877.18,61365.31,1558.88303,2021-10-29 06:59:59.999000+00:00,95446008.7037404,48677,742.49015,45450472.2661271,0
2021-10-29 07:00:00+00:00,61365.31,61365.31,60350.44,60569.05,2351.53254,2021-10-29 07:59:59.999000+00:00,142795938.6440367,64231,1237.83682,75169668.312137,0
2021-10-29 08:00:00+00:00,60569.81,60989.48,60420.01,60950.03,2311.2768,2021-10-29 08:59:59.999000+00:00,140384973.9589811,53939,1151.52861,69964124.0493571,0
2021-10-29 09:00:00+00:00,60950.03,61358.28,60785.88,60858.0,1574.84894,2021-10-29 09:59:59.999000+00:00,96063558.1578994,52301,751.12965,45824408.1072466,0
2021-10-29 10:00:00+00:00,60858.01,61052.63,60499.0,61028.66,1314.1618,2021-10-29 10:59:59.999000+00:00,79905500.9959338,51610,629.8266,38314812.4504618,0
2021-10-29 11:00:00+00:00,61028.66,61148.03,60534.04,60940.91,2085.46349,2021-10-29 11:59:59.999000+00:00,126957807.4854442,62323,974.76188,59339305.7781163,0
2021-10-29 12:00:00+00:00,60940.9,61529.6,60703.51,60974.39,2533.29686,2021-10-29 12:59:59.999000+00:00,154800179.3392004,68367,1336.87396,81708773.5033032,0
2021-10-29 13:00:00+00:00,60974.4,61350.0,60699.62,61287.27,2036.90031,2021-10-29 13:59:59.999000+00:00,124356614.8615169,57800,984.46413,60129010.0404698,0
2021-10-29 14:00:00+00:00,61287.27,61342.19,61000.0,61236.64,1714.6712,2021-10-29 14:59:59.999000+00:00,104865409.6774006,58140,900.73594,55087430.9979449,0
2021-10-29 15:00:00+00:00,61236.63,62553.96,61188.2,62299.99,4448.05589,2021-10-29 15:59:59.999000+00:00,276202363.5865193,139287,2570.10386,159575862.5105929,0
2021-10-29 16:00:00+00:00,62299.99,62980.0,62299.99,62605.31,3751.18267,2021-10-29 16:59:59.999000+00:00,235156202.4115398,139325,1906.42808,119524463.0730743,0
2021-10-29 17:00:00+00:00,62601.93,62666.68,62267.34,62401.9,1401.83724,2021-10-29 17:59:59.999000+00:00,87628311.0799873,53939,692.22557,43274033.575195,0
2021-10-29 18:00:00+00:00,62401.89,62483.32,61952.64,62080.68,1430.70885,2021-10-29 18:59:59.999000+00:00,89036481.1184681,55113,688.90587,42880734.3688754,0
2021-10-29 19:00:00+00:00,62089.8,62646.3,61905.55,62545.11,1480.68975,2021-10-29 19:59:59.999000+00:00,92107769.4148425,48977,779.11972,48468221.8316897,0
2021-10-29 20:00:00+00:00,62545.11,62718.87,62274.68,62367.52,1177.50011,2021-10-29 20:59:59.999000+00:00,73508531.38717,38530,611.61602,38181135.3927221,0
2021-10-29 21:00:00+00:00,62367.51,62499.99,62168.75,62347.56,682.0182,2021-10-29 21:59:59.999000+00:00,42529864.8773175,30784,322.11693,20089089.3789327,0
2021-10-29 22:00:00+00:00,62347.56,62465.3,62175.0,62309.5,734.78252,2021-10-29 22:59:59.999000+00:00,45781544.7635491,29466,353.23765,22006727.7321067,0
2021-10-29 23:00:00+00:00,62309.5,62397.98,62037.8,62253.71,804.02537,2021-10-29 23:59:59.999000+00:00,50016640.4281979,28288,342.01937,21274562.6365707,0
2021-10-30 00:00:00+00:00,62253.7,62359.25,61719.78,61915.36,1517.41821,2021-10-30 00:59:59.999000+00:00,94169008.5600831,48315,723.64311,44900144.9239912,0
2021-10-30 01:00:00+00:00,61915.37,62139.11,61812.14,62007.8,1035.3277,2021-10-30 01:59:59.999000+00:00,64193064.6402388,37850,476.15831,29523214.3180398,0
2021-10-30 02:00:00+00:00,62007.79,62045.95,61772.87,61872.96,1041.03956,2021-10-30 02:59:59.999000+00:00,64471314.2188438,43342,459.67576,28465747.6919038,0
2021-10-30 03:00:00+00:00,61872.95,61950.58,61604.98,61679.95,1271.63076,2021-10-30 03:59:59.999000+00:00,78532436.7996945,43107,585.80847,36177083.708611,0
2021-10-30 04:00:00+00:00,61679.95,61914.14,61447.7,61482.01,807.44845,2021-10-30 04:59:59.999000+00:00,49788336.9711141,37490,382.33424,23578856.0088763,0
2021-10-30 05:00:00+00:00,61482.01,61682.82,61272.15,61550.83,1092.19264,2021-10-30 05:59:59.999000+00:00,67224490.0911343,39282,510.27718,31409254.8206535,0
2021-10-30 06:00:00+00:00,61550.82,61890.0,61411.0,61779.81,1094.62998,2021-10-30 06:59:59.999000+00:00,67462159.5582065,32277,560.28299,34528074.9378826,0
2021-10-30 07:00:00+00:00,61779.82,61785.12,61505.31,61597.19,810.35916,2021-10-30 07:59:59.999000+00:00,49965084.7067446,42583,398.27364,24556611.9728634,0
2021-10-30 08:00:00+00:00,61597.19,61700.0,61054.48,61332.9,1510.98711,2021-10-30 08:59:59.999000+00:00,92737045.8603313,47785,630.53451,38698042.5772601,0
2021-10-30 09:00:00+00:00,61332.9,61600.0,61220.0,61417.67,827.81103,2021-10-30 09:59:59.999000+00:00,50846959.3007809,34079,430.32692,26432631.3370621,0
2021-10-30 10:00:00+00:00,61417.67,61890.0,61244.15,61812.97,993.68629,2021-10-30 10:59:59.999000+00:00,61200932.1393757,38054,530.77759,32693656.4897514,0
2021-10-30 11:00:00+00:00,61814.97,61989.99,61520.0,61595.01,1127.33263,2021-10-30 11:59:59.999000+00:00,69567699.3527342,44338,546.315,33713927.9123059,0
2021-10-30 12:00:00+00:00,61595.01,61700.0,61376.47,61633.96,1389.6706,2021-10-30 12:59:59.999000+00:00,85509378.6282747,48907,708.32167,43583138.3976183,0
2021-10-30 13:00:00+00:00,61633.95,62253.0,61305.0,61566.58,2658.58746,2021-10-30 13:59:59.999000+00:00,164058321.5644123,88334,1362.91956,84125093.3684873,0
2021-10-30 14:00:00+00:00,61566.57,61688.27,60673.0,61178.18,3052.51084,2021-10-30 14:59:59.999000+00:00,186554097.98770073,99455,1431.02679,87472916.176487,0
2021-10-30 15:00:00+00:00,61178.19,61447.14,61151.58,61377.19,1426.2342,2021-10-30 15:59:59.999000+00:00,87475417.9855951,63902,777.50719,47687875.8594555,0
2021-10-30 16:00:00+00:00,61377.2,61529.55,61074.51,61256.42,1401.9841,2021-10-30 16:59:59.999000+00:00,85949174.4838019,51869,807.4898,49507913.0833954,0
2021-10-30 17:00:00+00:00,61256.43,61568.14,61111.0,61410.62,1053.9494,2021-10-30 17:59:59.999000+00:00,64637420.2149494,46399,541.94179,33239375.4817969,0
2021-10-30 18:00:00+00:00,61410.63,61580.7,61370.18,61560.91,969.20439,2021-10-30 18:59:59.999000+00:00,59576377.8866673,44117,505.91666,31097662.0961716,0
2021-10-30 19:00:00+00:00,61560.91,61793.0,61459.0,61730.85,901.32828,2021-10-30 19:59:59.999000+00:00,55533414.1140484,36967,453.64797,27952690.6947798,0
2021-10-30 20:00:00+00:00,61730.84,61960.0,61545.05,61642.11,1022.5794,2021-10-30 20:59:59.999000+00:00,63172264.1745706,39389,492.83454,30451468.3123503,0
2021-10-30 21:00:00+00:00,61642.1,61699.8,61426.04,61429.03,912.48687,2021-10-30 21:59:59.999000+00:00,56201886.584631,46364,418.72761,25792625.1619937,0
2021-10-30 22:00:00+00:00,61429.02,61624.0,61175.01,61540.33,1810.10864,2021-10-30 22:59:59.999000+00:00,111110451.4165993,73216,873.48081,53614010.0090737,0
2021-10-30 23:00:00+00:00,61540.32,61900.0,61479.76,61859.19,1749.61796,2021-10-30 23:59:59.999000+00:00,107923523.19753,70327,975.28894,60167088.2725221,0
2021-10-31 00:00:00+00:00,61859.19,62400.15,61859.18,62375.29,2649.54855,2021-10-31 00:59:59.999000+00:00,164847309.2786492,101409,1354.82729,84261545.2424279,0
2021-10-31 01:00:00+00:00,62375.28,62405.3,62114.18,62169.0,1695.15085,2021-10-31 01:59:59.999000+00:00,105581469.2588115,80785,754.41303,46983685.8489897,0
2021-10-31 02:00:00+00:00,62169.0,62290.0,61620.0,61741.01,1686.69741,2021-10-31 02:59:59.999000+00:00,104636598.1325014,77919,825.46817,51220333.8222748,0
2021-10-31 03:00:00+00:00,61741.0,61883.01,61581.96,61697.84,1204.90001,2021-10-31 03:59:59.999000+00:00,74370859.9467625,66814,513.37937,31691215.5940782,0
2021-10-31 04:00:00+00:00,61697.85,61746.28,61400.24,61404.85,1437.43341,2021-10-31 04:59:59.999000+00:00,88517753.6406862,63524,596.93906,36761254.329836,0
2021-10-31 05:00:00+00:00,61404.84,61464.02,61150.15,61273.38,1542.5945,2021-10-31 05:59:59.999000+00:00,94592512.0537933,56336,703.22097,43121598.9020048,0
2021-10-31 06:00:00+00:00,61273.38,61365.93,61065.76,61298.26,1385.71769,2021-10-31 06:59:59.999000+00:00,84850154.8974114,46211,649.31091,39762045.8098304,0
2021-10-31 07:00:00+00:00,61296.21,61410.52,61172.97,61362.61,1192.55103,2021-10-31 07:59:59.999000+00:00,73123856.1929424,66054,627.12257,38453873.151406,0
2021-10-31 08:00:00+00:00,61362.6,61369.36,60525.0,60792.62,2493.83365,2021-10-31 08:59:59.999000+00:00,152020605.2596328,86757,1081.72276,65941054.8013063,0
2021-10-31 09:00:00+00:00,60792.61,60838.83,60552.43,60666.39,1510.57233,2021-10-31 09:59:59.999000+00:00,91663102.5659971,67179,776.1169,47097867.8892986,0
2021-10-31 10:00:00+00:00,60666.39,61087.04,60350.0,60784.09,2347.81385,2021-10-31 10:59:59.999000+00:00,142512394.1080932,94789,1177.13827,71455234.9534536,0
2021-10-31 11:00:00+00:00,60784.1,60902.74,60279.63,60467.81,1917.94023,2021-10-31 11:59:59.999000+00:00,116086912.8666725,66130,890.929,53939168.32004,0
2021-10-31 12:00:00+00:00,60467.81,60800.22,60123.0,60283.88,2481.31958,2021-10-31 12:59:59.999000+00:00,149844350.5712548,73253,1151.88896,69584897.6112222,0
2021-10-31 13:00:00+00:00,60283.87,60611.42,59945.36,60363.2,2693.21759,2021-10-31 13:59:59.999000+00:00,162395620.1185062,98113,1212.76835,73159442.470842,0
2021-10-31 14:00:00+00:00,60363.2,60750.0,60150.0,60435.23,2720.64439,2021-10-31 14:59:59.999000+00:00,164436193.9342376,80905,1678.13377,101441788.2281933,0
2021-10-31 15:00:00+00:00,60435.23,60709.58,60313.57,60460.23,1459.56323,2021-10-31 15:59:59.999000+00:00,88366878.26344,63369,764.02408,46257265.0764754,0
2021-10-31 16:00:00+00:00,60460.23,60700.0,60200.0,60670.07,1378.87896,2021-10-31 16:59:59.999000+00:00,83370381.0844114,57330,726.16122,43908667.07606,0
2021-10-31 17:00:00+00:00,60670.07,60906.79,60490.01,60614.43,1307.1738,2021-10-31 17:59:59.999000+00:00,79350176.0663847,57099,718.938,43643541.5802424,0
2021-10-31 18:00:00+00:00,60614.43,60811.83,60384.11,60705.62,1250.4954,2021-10-31 18:59:59.999000+00:00,75710692.4312085,52096,656.59425,39747345.3064564,0
2021-10-31 19:00:00+00:00,60705.62,60844.22,60598.57,60689.95,824.62936,2021-10-31 19:59:59.999000+00:00,50077121.2843188,40662,424.51884,25781756.6709019,0
2021-10-31 20:00:00+00:00,60689.95,61076.57,60521.33,60922.36,1033.98106,2021-10-31 20:59:59.999000+00:00,62936130.5717849,40294,552.43213,33626874.7549992,0
2021-10-31 21:00:00+00:00,60922.36,61500.0,60865.41,61444.33,1187.14634,2021-10-31 21:59:59.999000+00:00,72694433.9539048,53995,549.75424,33657010.4523421,0
2021-10-31 22:00:00+00:00,61444.34,61579.81,61260.71,61365.72,918.54102,2021-10-31 22:59:59.999000+00:00,56413683.9706856,39492,481.58439,29579029.6651979,0
2021-10-31 23:00:00+00:00,61365.72,61620.06,61170.19,61299.8,947.2937,2021-10-31 23:59:59.999000+00:00,58157286.891403,32902,494.69553,30372568.0613013,0
2021-11-01 00:00:00+00:00,61299.81,61660.27,61115.33,61560.49,1423.33658,2021-11-01 00:59:59.999000+00:00,87460568.5307442,52006,698.2107,42899789.9209092,0
2021-11-01 01:00:00+00:00,61560.49,61735.3,61193.1,61293.26,1204.13616,2021-11-01 01:59:59.999000+00:00,74100505.0451715,41929,534.82922,32915863.3259251,0
2021-11-01 02:00:00+00:00,61293.27,61407.64,60000.0,60547.0,3964.11113,2021-11-01 02:59:59.999000+00:00,239606893.389924,100185,1830.39798,110624249.5138033,0
2021-11-01 03:00:00+00:00,60547.01,60623.0,59700.0,59922.98,2194.08802,2021-11-01 03:59:59.999000+00:00,132042620.4646117,58424,939.22517,56542281.064496,0
2021-11-01 04:00:00+00:00,59915.12,60736.98,59405.0,60501.62,2705.58541,2021-11-01 04:59:59.999000+00:00,162640429.285186,77840,1342.38759,80739813.5521639,0
2021-11-01 05:00:00+00:00,60501.62,60857.94,60442.0,60618.0,1092.61492,2021-11-01 05:59:59.999000+00:00,66277119.642219,40115,578.3293,35080293.93049,0
2021-11-01 06:00:00+00:00,60618.0,60933.95,60284.0,60741.76,1343.1546,2021-11-01 06:59:59.999000+00:00,81452855.8162191,42866,739.13591,44822420.6633162,0
2021-11-01 07:00:00+00:00,60741.76,62298.0,60732.07,62178.31,5061.06921,2021-11-01 07:59:59.999000+00:00,313150033.568086,131883,2895.84465,179123756.7049067,0
2021-11-01 08:00:00+00:00,62176.29,62437.74,61630.18,61902.42,2376.09917,2021-11-01 08:59:59.999000+00:00,147494336.5262089,75167,1236.16743,76746222.3848278,0
2021-11-01 09:00:00+00:00,61902.42,62205.66,61817.12,61950.45,1865.5236,2021-11-01 09:59:59.999000+00:00,115738199.7893368,57571,895.07614,55534138.1514874,0
2021-11-01 10:00:00+00:00,61950.45,62273.27,61885.89,62249.92,1587.99662,2021-11-01 10:59:59.999000+00:00,98538098.0414559,56894,832.87911,51682653.1416655,0
2021-11-01 11:00:00+00:00,62249.92,62436.87,61770.0,61807.99,2059.48952,2021-11-01 11:59:59.999000+00:00,127937845.2118053,67819,997.34051,61962350.550521,0
2021-11-01 12:00:00+00:00,61808.0,62190.0,61600.0,61842.67,2392.39038,2021-11-01 12:59:59.999000+00:00,148106813.8256797,67303,1090.00574,67477728.5134327,0
2021-11-01 13:00:00+00:00,61842.66,62047.85,61700.0,61945.09,1625.65186,2021-11-01 13:59:59.999000+00:00,100582217.9246812,55241,898.74959,55613042.1315936,0
2021-11-01 14:00:00+00:00,61945.09,61997.12,61300.01,61454.25,1770.74721,2021-11-01 14:59:59.999000+00:00,109156685.7268866,63839,756.6528,46657897.2871746,0
2021-11-01 15:00:00+00:00,61454.24,61611.28,61398.14,61550.89,1044.50889,2021-11-01 15:59:59.999000+00:00,64236627.672032,46334,576.84071,35474556.5704852,0
2021-11-01 16:00:00+00:00,61550.88,61571.46,61021.0,61034.83,1530.5438,2021-11-01 16:59:59.999000+00:00,93769637.8276527,70607,655.12564,40135841.8914298,0
2021-11-01 17:00:00+00:00,61034.82,61083.62,60720.0,60765.26,1583.61484,2021-11-01 17:59:59.999000+00:00,96397228.7774688,62702,769.96814,46869274.3490309,0
2021-11-01 18:00:00+00:00,60765.26,60820.0,60511.01,60555.01,1202.06652,2021-11-01 18:59:59.999000+00:00,72891256.7107651,51774,558.32065,33856185.6099408,0
2021-11-01 19:00:00+00:00,60555.01,61462.8,60322.67,61435.98,1867.86874,2021-11-01 19:59:59.999000+00:00,113780062.5963775,72635,930.50116,56696843.5726352,0
2021-11-01 20:00:00+00:00,61435.97,61454.76,60567.02,60686.13,1735.23352,2021-11-01 20:59:59.999000+00:00,105714974.1176023,59809,823.41649,50173546.2533659,0
2021-11-01 21:00:00+00:00,60687.89,60899.29,60411.0,60732.47,1048.5153,2021-11-01 21:59:59.999000+00:00,63566572.4601877,47481,499.11167,30260304.8397958,0
2021-11-01 22:00:00+00:00,60729.92,61181.39,60700.01,61085.9,1008.48167,2021-11-01 22:59:59.999000+00:00,61507856.8352446,40483,533.2365,32521913.0499928,0
2021-11-01 23:00:00+00:00,61085.91,61192.54,60883.03,60911.11,1000.83905,2021-11-01 23:59:59.999000+00:00,61133364.9525844,31729,528.20226,32265823.6038751,0
2021-11-02 00:00:00+00:00,60911.12,61399.0,60624.68,60943.92,2126.42857,2021-11-02 00:59:59.999000+00:00,129726581.8965494,80070,963.30875,58743297.0224361,0
2021-11-02 01:00:00+00:00,60943.91,61566.0,60742.83,61320.0,1700.70912,2021-11-02 01:59:59.999000+00:00,104086995.0193109,58656,850.75228,52086486.3358578,0
2021-11-02 02:00:00+00:00,61320.0,61425.47,60835.5,60909.42,1218.85949,2021-11-02 02:59:59.999000+00:00,74484889.1852444,58999,604.94768,36972236.1667676,0
2021-11-02 03:00:00+00:00,60909.42,61139.0,60770.82,61074.5,753.3371,2021-11-02 03:59:59.999000+00:00,45918957.4939136,31094,383.92073,23400898.657836,0
2021-11-02 04:00:00+00:00,61074.5,61533.0,61053.21,61412.01,1172.02844,2021-11-02 04:59:59.999000+00:00,71915087.0310992,40849,622.8088,38218736.1238275,0
2021-11-02 05:00:00+00:00,61412.01,61788.69,61276.18,61754.24,1427.98836,2021-11-02 05:59:59.999000+00:00,87841646.7635371,47614,824.9639,50734225.8269761,0
2021-11-02 06:00:00+00:00,61754.25,61824.66,61544.88,61769.71,1140.93379,2021-11-02 06:59:59.999000+00:00,70367042.5817767,48998,592.60347,36551899.0349818,0
2021-11-02 07:00:00+00:00,61768.29,61800.0,61485.0,61521.13,1143.07849,2021-11-02 07:59:59.999000+00:00,70462123.5772607,42853,518.241,31945884.9318559,0
2021-11-02 08:00:00+00:00,61521.13,61829.94,61356.45,61565.34,1330.02046,2021-11-02 08:59:59.999000+00:00,81881081.7762208,43570,704.69885,43386727.3063003,0
2021-11-02 09:00:00+00:00,61565.34,63178.0,61494.1,63050.62,5426.17021,2021-11-02 09:59:59.999000+00:00,339127746.978539,188673,3270.41288,204407659.4447186,0
2021-11-02 10:00:00+00:00,63050.63,63597.8,62990.01,63198.93,4313.74934,2021-11-02 10:59:59.999000+00:00,272989348.2719795,161156,2222.37675,140655692.2161229,0
2021-11-02 11:00:00+00:00,63198.94,63350.0,62901.22,62913.3,1606.2274,2021-11-02 11:59:59.999000+00:00,101461301.5614803,65931,766.58904,48428114.7257824,0
2021-11-02 12:00:00+00:00,62913.3,63300.01,62881.46,62998.32,1860.75429,2021-11-02 12:59:59.999000+00:00,117480698.5359291,73688,852.43989,53818034.166804,0
2021-11-02 13:00:00+00:00,62998.31,63474.0,62998.31,63393.54,1479.94749,2021-11-02 13:59:59.999000+00:00,93553184.2436459,74004,836.63258,52885491.172612,0
2021-11-02 14:00:00+00:00,63393.55,63902.0,62998.0,63335.29,2737.85374,2021-11-02 14:59:59.999000+00:00,173627469.7718778,126968,1466.20371,93025891.0929064,0
2021-11-02 15:00:00+00:00,63335.29,64270.0,63312.68,64018.73,4042.11298,2021-11-02 15:59:59.999000+00:00,257923499.6703267,148304,1937.15373,123624721.7668874,0
2021-11-02 16:00:00+00:00,64018.74,64267.36,63600.0,63656.06,2737.21587,2021-11-02 16:59:59.999000+00:00,174834170.6402849,100321,1385.19734,88466361.2989005,0
2021-11-02 17:00:00+00:00,63656.07,63759.97,63402.0,63448.67,1516.11114,2021-11-02 17:59:59.999000+00:00,96388140.6788699,72989,740.76307,47093300.4413289,0
2021-11-02 18:00:00+00:00,63448.66,63514.17,63195.61,63250.01,1532.33896,2021-11-02 18:59:59.999000+00:00,97075248.0014919,64359,726.97265,46054052.6258193,0
2021-11-02 19:00:00+00:00,63250.01,63670.97,63223.88,63576.05,1207.13346,2021-11-02 19:59:59.999000+00:00,76565796.8819056,58629,641.38966,40683465.4618006,0
2021-11-02 20:00:00+00:00,63576.05,63610.0,63040.02,63096.48,1381.64375,2021-11-02 20:59:59.999000+00:00,87313370.8381163,56079,643.58074,40669412.7819918,0
2021-11-02 21:00:00+00:00,63096.47,63187.01,62901.0,62999.95,1258.06293,2021-11-02 21:59:59.999000+00:00,79303531.441003,75352,614.10641,38713397.6112479,0
2021-11-02 22:00:00+00:00,62999.95,63159.0,62901.02,62928.65,1229.63434,2021-11-02 22:59:59.999000+00:00,77469767.0624758,60827,656.75462,41379289.3785325,0
2021-11-02 23:00:00+00:00,62928.65,63242.47,62584.5,63219.99,2025.94438,2021-11-02 23:59:59.999000+00:00,127423358.4978115,78379,1025.32429,64502741.0065769,0
2021-11-03 00:00:00+00:00,63220.57,63500.0,62857.02,63489.02,1623.09128,2021-11-03 00:59:59.999000+00:00,102493624.2034121,69138,800.10648,50525910.2431471,0
2021-11-03 01:00:00+00:00,63489.02,63490.72,62987.63,63129.81,1456.97496,2021-11-03 01:59:59.999000+00:00,92092930.0299708,62834,633.86221,40059512.6210937,0
2021-11-03 02:00:00+00:00,63129.8,63216.93,62722.4,63159.88,1275.47959,2021-11-03 02:59:59.999000+00:00,80310822.9942483,49795,629.49484,39636094.818719,0
2021-11-03 03:00:00+00:00,63159.88,63240.0,62928.88,63210.41,1082.23992,2021-11-03 03:59:59.999000+00:00,68265685.8601631,42366,525.69892,33159987.6398932,0
2021-11-03 04:00:00+00:00,63210.4,63210.4,62728.0,62762.4,1361.8232,2021-11-03 04:59:59.999000+00:00,85704186.5317749,52332,650.06594,40911398.6698673,0
2021-11-03 05:00:00+00:00,62762.4,63198.19,62746.65,63038.04,1365.25921,2021-11-03 05:59:59.999000+00:00,86024079.7729504,48384,673.03884,42405689.9851791,0
2021-11-03 06:00:00+00:00,63038.04,63118.57,62801.57,62815.76,1294.04811,2021-11-03 06:59:59.999000+00:00,81468887.9085519,45457,650.61765,40959782.1993731,0
2021-11-03 07:00:00+00:00,62815.77,63500.0,62770.67,63394.63,1488.91895,2021-11-03 07:59:59.999000+00:00,93878367.2841498,54422,768.90682,48491691.6116379,0
2021-11-03 08:00:00+00:00,63394.62,63399.71,62894.35,62970.23,1408.22986,2021-11-03 08:59:59.999000+00:00,88800877.4726497,53431,651.65744,41088000.0289095,0
2021-11-03 09:00:00+00:00,62970.23,63350.01,62872.94,63284.12,1324.44915,2021-11-03 09:59:59.999000+00:00,83612311.4182711,51759,703.8934,44436261.273408,0
2021-11-03 10:00:00+00:00,63284.12,63399.0,63090.68,63116.8,1282.05837,2021-11-03 10:59:59.999000+00:00,81049418.8481245,54322,602.61652,38093146.2797923,0
2021-11-03 11:00:00+00:00,63116.8,63200.0,62910.21,63108.43,1351.77338,2021-11-03 11:59:59.999000+00:00,85247764.0355407,52618,599.27813,37796870.9281764,0
2021-11-03 12:00:00+00:00,63107.29,63133.99,62226.19,62470.01,3117.32263,2021-11-03 12:59:59.999000+00:00,195243055.249208,110293,1293.86637,81039489.486404,0
2021-11-03 13:00:00+00:00,62470.01,62677.81,61645.0,61821.07,3450.90733,2021-11-03 13:59:59.999000+00:00,214426400.0716756,112206,1563.74039,97185435.2247423,0
2021-11-03 14:00:00+00:00,61821.07,62098.78,61579.57,61961.08,2079.08118,2021-11-03 14:59:59.999000+00:00,128673536.4903639,75326,1070.74114,66270082.5432525,0
2021-11-03 15:00:00+00:00,61961.07,62222.0,61713.62,62190.0,1663.9331,2021-11-03 15:59:59.999000+00:00,103131181.2817216,57499,792.78307,49139658.7862469,0
2021-11-03 16:00:00+00:00,62189.99,62565.23,61969.69,62135.76,1842.94189,2021-11-03 16:59:59.999000+00:00,114761860.4253866,64612,895.93341,55800856.5086737,0
2021-11-03 17:00:00+00:00,62136.52,62669.49,62063.0,62471.0,1464.36901,2021-11-03 17:59:59.999000+00:00,91379927.1830608,51369,813.12368,50731139.0783039,0
2021-11-03 18:00:00+00:00,62471.91,63199.89,60382.76,63149.04,6696.7315,2021-11-03 18:59:59.999000+00:00,414720832.8976054,214675,3109.16272,193021473.9449061,0
2021-11-03 19:00:00+00:00,63149.05,63333.0,62792.93,62800.0,1853.25319,2021-11-03 19:59:59.999000+00:00,116880474.2609951,70154,890.97332,56202287.081671,0
2021-11-03 20:00:00+00:00,62799.99,63032.43,62700.0,62724.0,1421.76546,2021-11-03 20:59:59.999000+00:00,89318552.558455,62814,698.3966,43874764.3792343,0
2021-11-03 21:00:00+00:00,62719.88,63200.0,62714.11,63107.71,1294.17375,2021-11-03 21:59:59.999000+00:00,81478555.4492462,61035,627.89074,39532519.1542173,0
2021-11-03 22:00:00+00:00,63110.55,63182.59,62555.0,62794.49,1221.6087,2021-11-03 22:59:59.999000+00:00,76823306.714468,47057,548.88281,34526695.0095088,0
2021-11-03 23:00:00+00:00,62794.49,63091.88,62767.0,62896.48,915.65677,2021-11-03 23:59:59.999000+00:00,57602861.5243654,38027,467.61633,29417694.1720828,0
2021-11-04 00:00:00+00:00,62896.49,63086.31,62723.52,62829.56,1116.37083,2021-11-04 00:59:59.999000+00:00,70238168.145876,46243,520.18385,32725697.9736013,0
2021-11-04 01:00:00+00:00,62829.56,62845.2,62254.01,62331.96,1713.93066,2021-11-04 01:59:59.999000+00:00,107105848.9331111,55680,830.97498,51926277.5583584,0
2021-11-04 02:00:00+00:00,62331.95,62558.89,62178.0,62541.0,1373.11324,2021-11-04 02:59:59.999000+00:00,85658827.11943,44612,742.44784,46304629.104078,0
2021-11-04 03:00:00+00:00,62540.99,62588.52,62260.0,62420.0,994.67357,2021-11-04 03:59:59.999000+00:00,62095128.1501471,36945,527.91622,32956827.6857152,0
2021-11-04 04:00:00+00:00,62420.0,62826.95,62402.61,62674.95,1077.44702,2021-11-04 04:59:59.999000+00:00,67521766.3118887,37068,611.50797,38319814.6521178,0
2021-11-04 05:00:00+00:00,62674.95,62756.62,62324.98,62376.82,850.97553,2021-11-04 05:59:59.999000+00:00,53198096.1671934,36269,424.72415,26551069.1425945,0
2021-11-04 06:00:00+00:00,62376.82,62645.63,62300.0,62445.41,1333.02033,2021-11-04 06:59:59.999000+00:00,83240336.1243706,44455,697.80915,43569817.2522198,0
2021-11-04 07:00:00+00:00,62445.42,62600.0,61819.51,61853.79,1774.9531,2021-11-04 07:59:59.999000+00:00,110366452.8942983,64446,833.53255,51835099.6916898,0
2021-11-04 08:00:00+00:00,61853.78,62325.75,61565.0,61610.77,2420.53342,2021-11-04 08:59:59.999000+00:00,149750889.4648007,78476,1228.85903,76038925.2359593,0
2021-11-04 09:00:00+00:00,61610.76,61835.7,61245.57,61789.8,1671.61972,2021-11-04 09:59:59.999000+00:00,102858396.7636013,56309,871.98065,53644617.9553922,0
2021-11-04 10:00:00+00:00,61789.81,61962.02,61610.12,61894.81,1185.88732,2021-11-04 10:59:59.999000+00:00,73270507.5611526,41747,596.58235,36863811.0105848,0
2021-11-04 11:00:00+00:00,61894.81,61966.29,61230.66,61447.22,1729.55311,2021-11-04 11:59:59.999000+00:00,106483616.9188201,62325,815.38122,50209692.2283648,0
2021-11-04 12:00:00+00:00,61447.23,61875.43,61313.39,61865.06,1410.78717,2021-11-04 12:59:59.999000+00:00,86889569.4356815,54724,708.404,43637821.4432135,0
2021-11-04 13:00:00+00:00,61865.06,62194.0,61544.29,62092.01,2150.63762,2021-11-04 13:59:59.999000+00:00,133015942.8481571,68410,1096.99942,67852173.1725302,0
2021-11-04 14:00:00+00:00,62092.0,62370.0,61646.52,61757.95,1613.13693,2021-11-04 14:59:59.999000+00:00,100187824.7560467,77501,813.86071,50548066.7736122,0
2021-11-04 15:00:00+00:00,61757.96,61821.19,60775.0,61035.01,3764.06888,2021-11-04 15:59:59.999000+00:00,230165956.0958506,128355,1724.2064,105432567.8336128,0
2021-11-04 16:00:00+00:00,61035.01,61306.6,60819.14,61166.04,2202.93484,2021-11-04 16:59:59.999000+00:00,134540383.8429084,77727,1152.21791,70372603.0523938,0
2021-11-04 17:00:00+00:00,61166.03,61258.12,60738.65,60864.78,1458.37872,2021-11-04 17:59:59.999000+00:00,88963605.0300633,61674,675.17799,41192684.5711297,0
2021-11-04 18:00:00+00:00,60864.78,61376.02,60723.0,60739.25,1537.30877,2021-11-04 18:59:59.999000+00:00,93900153.0911351,62277,737.19255,45024258.6819289,0
2021-11-04 19:00:00+00:00,60732.34,61285.71,60677.01,61249.34,1171.6771,2021-11-04 19:59:59.999000+00:00,71531740.4494921,50436,594.96363,36317027.7505374,0
2021-11-04 20:00:00+00:00,61249.33,61530.27,61062.66,61319.54,992.69993,2021-11-04 20:59:59.999000+00:00,60850565.5461625,45458,516.44398,31661429.7480725,0
2021-11-04 21:00:00+00:00,61319.54,61448.99,61135.55,61347.93,687.28262,2021-11-04 21:59:59.999000+00:00,42152053.1184676,40328,337.16222,20678829.2537805,0
2021-11-04 22:00:00+00:00,61347.94,61380.0,61000.0,61147.0,874.43511,2021-11-04 22:59:59.999000+00:00,53526083.3526347,38941,386.23321,23643249.8296344,0
2021-11-04 23:00:00+00:00,61139.33,61499.98,61083.86,61395.01,825.5076,2021-11-04 23:59:59.999000+00:00,50626114.5832512,35675,398.61837,24444574.7832236,0
2021-11-05 00:00:00+00:00,61395.01,61489.99,60820.0,60873.95,1198.06029,2021-11-05 00:59:59.999000+00:00,73280034.6085372,48764,525.23057,32135018.2816782,0
2021-11-05 01:00:00+00:00,60873.96,61810.51,60846.79,61784.72,1281.0673,2021-11-05 01:59:59.999000+00:00,78629174.764584,46710,711.20968,43663468.8881101,0
2021-11-05 02:00:00+00:00,61784.0,61930.85,61620.45,61624.99,1366.45302,2021-11-05 02:59:59.999000+00:00,84422062.636002,43047,617.37611,38150182.4111297,0
2021-11-05 03:00:00+00:00,61624.99,62332.04,61624.99,62203.8,1556.0719,2021-11-05 03:59:59.999000+00:00,96587269.47507,56029,803.26434,49853035.5674363,0
2021-11-05 04:00:00+00:00,62203.79,62375.0,62064.42,62088.02,1353.54411,2021-11-05 04:59:59.999000+00:00,84152306.9079548,44791,662.26565,41176977.4410358,0
2021-11-05 05:00:00+00:00,62088.02,62195.24,61880.88,62182.04,1057.69504,2021-11-05 05:59:59.999000+00:00,65627336.5369349,37918,553.62482,34355928.4635571,0
2021-11-05 06:00:00+00:00,62182.04,62595.72,62136.47,62177.3,1362.67142,2021-11-05 06:59:59.999000+00:00,85009641.0858065,60589,752.91787,46976239.2669939,0
2021-11-05 07:00:00+00:00,62177.29,62487.94,62101.04,62128.71,923.81444,2021-11-05 07:59:59.999000+00:00,57538709.0999238,44287,450.29487,28043763.8919313,0
2021-11-05 08:00:00+00:00,62128.7,62210.6,61951.27,62189.83,1160.57073,2021-11-05 08:59:59.999000+00:00,72031300.9453024,49933,630.97925,39161877.3639908,0
2021-11-05 09:00:00+00:00,62189.83,62229.45,61511.33,61698.19,1439.16238,2021-11-05 09:59:59.999000+00:00,88976111.0874939,60599,667.95928,41295046.814946,0
2021-11-05 10:00:00+00:00,61698.64,61791.25,61445.55,61570.62,1391.08741,2021-11-05 10:59:59.999000+00:00,85721223.3108753,59770,634.35628,39095017.5172973,0
2021-11-05 11:00:00+00:00,61573.0,61839.95,61191.28,61259.63,1947.15429,2021-11-05 11:59:59.999000+00:00,119694073.6134187,68823,977.71028,60111293.9484125,0
2021-11-05 12:00:00+00:00,61259.63,61553.76,61153.52,61500.01,1668.85961,2021-11-05 12:59:59.999000+00:00,102412739.5992391,55973,847.76625,52028308.7985711,0
2021-11-05 13:00:00+00:00,61500.01,61928.37,61436.68,61773.25,1433.53684,2021-11-05 13:59:59.999000+00:00,88380388.3955169,61717,752.76877,46409177.442381,0
2021-11-05 14:00:00+00:00,61773.25,61850.0,61199.73,61256.39,1411.4934,2021-11-05 14:59:59.999000+00:00,86800488.7463281,60957,651.02854,40035797.0985077,0
2021-11-05 15:00:00+00:00,61256.39,61325.0,60750.0,60782.17,2836.78311,2021-11-05 15:59:59.999000+00:00,172963708.8811887,85579,1254.94139,76515352.6240078,0
2021-11-05 16:00:00+00:00,60782.99,61022.22,60730.0,60890.0,1463.76325,2021-11-05 16:59:59.999000+00:00,89116883.2575462,55967,709.34968,43186287.0178935,0
2021-11-05 17:00:00+00:00,60890.0,61100.0,60773.23,60971.37,1177.52868,2021-11-05 17:59:59.999000+00:00,71726004.0000453,43582,590.89828,35994118.8404874,0
2021-11-05 18:00:00+00:00,60971.37,61431.29,60906.38,61195.59,1162.82872,2021-11-05 18:59:59.999000+00:00,71111620.8594987,57689,637.37544,38979491.7750943,0
2021-11-05 19:00:00+00:00,61195.58,61195.59,60814.78,61090.69,978.91701,2021-11-05 19:59:59.999000+00:00,59742787.5357609,52866,502.86036,30690474.3629268,0
2021-11-05 20:00:00+00:00,61090.69,61095.82,60721.0,60930.26,1164.72516,2021-11-05 20:59:59.999000+00:00,70889810.3189971,45828,631.5989,38443907.7649589,0
2021-11-05 21:00:00+00:00,60930.27,61200.0,60900.0,61076.55,925.89511,2021-11-05 21:59:59.999000+00:00,56553730.4573843,39751,533.28304,32572664.9506404,0
2021-11-05 22:00:00+00:00,61076.54,61324.1,60991.27,61057.71,708.14809,2021-11-05 22:59:59.999000+00:00,43304635.1792998,32047,352.66634,21563395.8644548,0
2021-11-05 23:00:00+00:00,61057.71,61093.49,60800.57,60937.12,634.65618,2021-11-05 23:59:59.999000+00:00,38674330.1676775,29858,317.42895,19343786.2889504,0
2021-11-06 00:00:00+00:00,60940.18,61277.77,60777.0,61171.04,894.41649,2021-11-06 00:59:59.999000+00:00,54605965.502016,40039,473.62271,28920177.720785,0
2021-11-06 01:00:00+00:00,61171.03,61277.77,60950.07,61171.04,990.87215,2021-11-06 01:59:59.999000+00:00,60589835.95683,36477,481.41501,29435917.7409541,0
2021-11-06 02:00:00+00:00,61171.02,61220.89,60865.0,60969.74,796.48682,2021-11-06 02:59:59.999000+00:00,48568923.3755191,32794,392.64657,23941131.0545619,0
2021-11-06 03:00:00+00:00,60969.74,61150.0,60926.87,61109.52,651.32829,2021-11-06 03:59:59.999000+00:00,39756798.5913671,28003,298.93185,18245181.8267002,0
2021-11-06 04:00:00+00:00,61109.51,61280.23,60972.78,61193.63,697.98966,2021-11-06 04:59:59.999000+00:00,42691966.6345106,28650,311.67528,19065537.0001288,0
2021-11-06 05:00:00+00:00,61193.64,61479.0,61193.63,61418.25,852.22532,2021-11-06 05:59:59.999000+00:00,52284927.765777,30910,454.19669,27866303.0042833,0
2021-11-06 06:00:00+00:00,61418.26,61560.49,61147.12,61249.99,935.62005,2021-11-06 06:59:59.999000+00:00,57390268.6204219,32988,480.71161,29491689.7647283,0
2021-11-06 07:00:00+00:00,61250.0,61272.3,60511.01,60790.88,1828.41303,2021-11-06 07:59:59.999000+00:00,111110332.5066948,58345,809.54203,49193433.5327942,0
2021-11-06 08:00:00+00:00,60790.87,61350.0,60720.0,61014.07,1534.7632,2021-11-06 08:59:59.999000+00:00,93769665.0197776,44265,740.6691,45251114.7594086,0
2021-11-06 09:00:00+00:00,61014.07,61160.05,60846.44,60922.15,647.67338,2021-11-06 09:59:59.999000+00:00,39530474.352967,29878,317.14525,19358390.2437646,0
2021-11-06 10:00:00+00:00,60922.16,61007.99,60445.78,60489.56,1909.93066,2021-11-06 10:59:59.999000+00:00,115932485.367593,61020,856.25883,51980994.1469419,0
2021-11-06 11:00:00+00:00,60489.56,60622.14,60081.21,60327.47,2934.1846,2021-11-06 11:59:59.999000+00:00,177050212.2311977,96110,1462.2545,88240435.7189033,0
2021-11-06 12:00:00+00:00,60327.47,60619.75,60050.0,60264.34,1949.13727,2021-11-06 12:59:59.999000+00:00,117585343.9654365,61808,830.8971,50147662.0879115,0
2021-11-06 13:00:00+00:00,60264.34,60680.0,60241.65,60547.5,894.9437,2021-11-06 13:59:59.999000+00:00,54097622.1679043,39087,468.83269,28344175.1789171,0
2021-11-06 14:00:00+00:00,60547.49,60744.66,60316.01,60600.31,1125.68937,2021-11-06 14:59:59.999000+00:00,68139236.1303108,40029,587.42749,35559075.3534284,0
2021-11-06 15:00:00+00:00,60600.31,60756.84,60528.6,60648.59,836.21018,2021-11-06 15:59:59.999000+00:00,50728318.045997,36388,368.57479,22360930.5314477,0
2021-11-06 16:00:00+00:00,60648.58,60839.8,60400.0,60625.06,882.31119,2021-11-06 16:59:59.999000+00:00,53484012.7588927,37281,456.06602,27650186.346496,0
2021-11-06 17:00:00+00:00,60625.06,60876.78,60596.26,60698.46,728.8484,2021-11-06 17:59:59.999000+00:00,44235491.8160138,32908,361.39872,21936083.4463193,0
2021-11-06 18:00:00+00:00,60698.47,60842.82,60670.71,60757.61,576.06926,2021-11-06 18:59:59.999000+00:00,35001366.9939961,28636,285.44224,17344016.4107771,0
2021-11-06 19:00:00+00:00,60757.62,61186.08,60741.25,61175.4,942.00974,2021-11-06 19:59:59.999000+00:00,57412561.9691654,39896,532.79631,32479892.4925368,0
2021-11-06 20:00:00+00:00,61175.41,61417.12,61099.01,61146.27,1195.6942,2021-11-06 20:59:59.999000+00:00,73207465.9384554,46204,668.20048,40915136.9717997,0
2021-11-06 21:00:00+00:00,61146.27,61480.08,61138.89,61386.26,714.98328,2021-11-06 21:59:59.999000+00:00,43867740.4600753,33648,346.00325,21226537.0224164,0
2021-11-06 22:00:00+00:00,61386.25,61489.63,61305.54,61361.41,502.53325,2021-11-06 22:59:59.999000+00:00,30860992.9682109,25656,238.33705,14635680.5820872,0
2021-11-06 23:00:00+00:00,61361.41,61470.93,61281.0,61470.61,568.24059,2021-11-06 23:59:59.999000+00:00,34872934.4145984,24289,288.48204,17704693.5336081,0
2021-11-07 00:00:00+00:00,61470.62,61920.2,61322.78,61920.19,1512.47615,2021-11-07 00:59:59.999000+00:00,93105724.8105424,52395,843.03081,51904439.7484921,0
2021-11-07 01:00:00+00:00,61920.19,62328.06,61782.05,61849.99,2479.14366,2021-11-07 01:59:59.999000+00:00,153915764.2964124,79264,1363.32333,84642095.0928004,0
2021-11-07 02:00:00+00:00,61849.99,62135.49,61743.44,61912.99,871.35812,2021-11-07 02:59:59.999000+00:00,53933790.437218,31959,503.75211,31180778.1243261,0
2021-11-07 03:00:00+00:00,61912.99,62185.12,61904.89,62133.04,634.65489,2021-11-07 03:59:59.999000+00:00,39370042.3869468,25815,335.7146,20824326.0128634,0
2021-11-07 04:00:00+00:00,62133.03,62292.31,62107.98,62182.54,850.9558,2021-11-07 04:59:59.999000+00:00,52926316.4284598,31659,462.39901,28760778.3225984,0
2021-11-07 05:00:00+00:00,62182.54,62193.23,61911.37,61941.28,645.95707,2021-11-07 05:59:59.999000+00:00,40071681.106558,29399,295.63147,18337800.7787878,0
2021-11-07 06:00:00+00:00,61941.29,62070.57,61769.23,61814.88,618.04501,2021-11-07 06:59:59.999000+00:00,38276175.3466114,30236,277.48593,17185452.9309486,0
2021-11-07 07:00:00+00:00,61814.87,61930.0,61700.02,61759.87,629.58305,2021-11-07 07:59:59.999000+00:00,38919400.1980822,28249,315.12231,19480826.4926302,0
2021-11-07 08:00:00+00:00,61759.87,61834.1,61619.0,61685.41,696.05551,2021-11-07 08:59:59.999000+00:00,42947635.693643,32135,331.14529,20432602.5565284,0
2021-11-07 09:00:00+00:00,61685.41,62026.64,61468.48,61970.75,1116.52804,2021-11-07 09:59:59.999000+00:00,68928284.5845403,39211,538.63055,33256651.391563,0
2021-11-07 10:00:00+00:00,61970.75,62350.0,61792.2,61923.83,1494.74578,2021-11-07 10:59:59.999000+00:00,92857662.0590196,57587,761.3518,47302674.7285561,0
2021-11-07 11:00:00+00:00,61923.82,61950.0,61576.35,61911.4,931.58079,2021-11-07 11:59:59.999000+00:00,57538346.4858671,40509,443.43655,27389255.334026,0
2021-11-07 12:00:00+00:00,61911.41,62133.24,61650.0,61768.14,1032.53104,2021-11-07 12:59:59.999000+00:00,63922555.753699,47902,471.63564,29207073.6130277,0
2021-11-07 13:00:00+00:00,61768.15,62137.0,61700.01,61842.94,903.51397,2021-11-07 13:59:59.999000+00:00,55948602.6337224,40446,466.21451,28875733.5269206,0
2021-11-07 14:00:00+00:00,61842.94,62050.0,61777.0,61781.47,817.10017,2021-11-07 14:59:59.999000+00:00,50570859.7767808,44527,396.6301,24549800.4838337,0
2021-11-07 15:00:00+00:00,61781.47,61989.48,61700.77,61938.01,703.13599,2021-11-07 15:59:59.999000+00:00,43494800.0057968,45634,417.05295,25800857.0644037,0
2021-11-07 16:00:00+00:00,61938.0,62268.66,61931.68,62042.04,1391.78727,2021-11-07 16:59:59.999000+00:00,86440592.3962997,51855,825.36055,51262228.5201322,0
2021-11-07 17:00:00+00:00,62042.05,62478.0,62023.99,62445.01,1179.80905,2021-11-07 17:59:59.999000+00:00,73408667.517608,54459,678.9045,42245585.3468171,0
2021-11-07 18:00:00+00:00,62445.01,62499.44,62080.47,62435.84,1188.97648,2021-11-07 18:59:59.999000+00:00,74072560.5426423,54370,617.95968,38502067.0268272,0
2021-11-07 19:00:00+00:00,62435.84,62497.0,62120.68,62265.57,645.76614,2021-11-07 19:59:59.999000+00:00,40258807.7033143,35861,327.06374,20390217.4629974,0
2021-11-07 20:00:00+00:00,62265.57,62800.0,62159.29,62653.99,1312.43258,2021-11-07 20:59:59.999000+00:00,82022228.4766885,58930,749.14898,46827284.3684871,0
2021-11-07 21:00:00+00:00,62654.0,63099.0,62643.86,62834.63,1778.53981,2021-11-07 21:59:59.999000+00:00,111821810.9631656,70889,1036.24789,65157697.2989654,0
2021-11-07 22:00:00+00:00,62834.62,63029.08,62764.02,62824.98,1032.75143,2021-11-07 22:59:59.999000+00:00,64963879.9485347,40353,532.2421,33480521.8528168,0
2021-11-07 23:00:00+00:00,62824.99,63286.35,62742.43,63273.59,1048.2605,2021-11-07 23:59:59.999000+00:00,66028530.6476188,44985,577.61342,36387687.3616054,0
2021-11-08 00:00:00+00:00,63273.58,65040.96,63273.58,64999.68,8026.87592,2021-11-08 00:59:59.999000+00:00,516167136.18631,308077,4316.45222,277621050.3327154,0
2021-11-08 01:00:00+00:00,64999.68,65639.08,64937.32,65077.27,4420.86652,2021-11-08 01:59:59.999000+00:00,288284176.0915594,157540,2401.7103,156634897.1439081,0
2021-11-08 02:00:00+00:00,65077.27,65329.11,65042.75,65078.12,1607.63976,2021-11-08 02:59:59.999000+00:00,104797286.4682958,58342,842.82935,54941241.789618,0
2021-11-08 03:00:00+00:00,65078.11,65235.28,64966.27,65199.99,1563.65354,2021-11-08 03:59:59.999000+00:00,101740549.7973251,63817,792.76687,51581638.0076692,0
2021-11-08 04:00:00+00:00,65200.0,65357.0,65050.77,65168.2,1314.57002,2021-11-08 04:59:59.999000+00:00,85742653.2960611,59570,658.58761,42956738.5796463,0
2021-11-08 05:00:00+00:00,65168.2,65615.41,65093.01,65451.74,1800.5553,2021-11-08 05:59:59.999000+00:00,117725544.6684873,75145,975.12519,63766427.2471307,0
2021-11-08 06:00:00+00:00,65451.73,66150.02,65367.88,65928.8,2816.80962,2021-11-08 06:59:59.999000+00:00,185560588.9703242,142302,1524.02674,100408136.0499902,0
2021-11-08 07:00:00+00:00,65928.81,66342.58,65588.6,65941.89,2348.68744,2021-11-08 07:59:59.999000+00:00,154805942.1241398,108141,1276.50923,84150538.6861026,0
2021-11-08 08:00:00+00:00,65941.88,66287.75,65600.01,66232.0,2786.06095,2021-11-08 08:59:59.999000+00:00,183483182.59232208,95654,1617.54557,106532506.391949,0
2021-11-08 09:00:00+00:00,66232.0,66423.0,65994.25,66069.7,2655.78944,2021-11-08 09:59:59.999000+00:00,175778728.2319388,93576,1421.00036,94057406.1165012,0
2021-11-08 10:00:00+00:00,66069.69,66151.73,65702.43,66021.54,1726.25257,2021-11-08 10:59:59.999000+00:00,113808023.3841668,80870,840.14281,55386190.0681654,0
2021-11-08 11:00:00+00:00,66021.55,66084.32,65750.0,66037.21,1272.55595,2021-11-08 11:59:59.999000+00:00,83854373.3368339,57626,645.91192,42568028.1150341,0
2021-11-08 12:00:00+00:00,66037.21,66160.0,65725.0,65794.58,1325.33341,2021-11-08 12:59:59.999000+00:00,87327381.7496621,61686,606.90412,39992977.1342566,0
2021-11-08 13:00:00+00:00,65794.58,65949.98,65288.0,65377.49,1880.84963,2021-11-08 13:59:59.999000+00:00,123423687.7823525,89237,877.9133,57595230.4854561,0
2021-11-08 14:00:00+00:00,65377.49,65549.0,65122.0,65326.06,1761.00843,2021-11-08 14:59:59.999000+00:00,115119847.7095396,64843,838.2441,54805729.2948809,0
2021-11-08 15:00:00+00:00,65328.01,66524.43,65261.13,66379.41,2498.52297,2021-11-08 15:59:59.999000+00:00,164913223.5188102,106856,1448.68113,95641782.6520425,0
2021-11-08 16:00:00+00:00,66382.01,66538.53,65858.17,65932.46,1938.26098,2021-11-08 16:59:59.999000+00:00,128229532.4364167,85574,940.08351,62197585.6524859,0
2021-11-08 17:00:00+00:00,65932.45,66198.99,65805.11,65969.04,1191.1592,2021-11-08 17:59:59.999000+00:00,78618302.3480729,62431,578.39138,38173980.968737,0
2021-11-08 18:00:00+00:00,65969.05,66000.0,65743.17,65913.0,859.3626,2021-11-08 18:59:59.999000+00:00,56617078.9756073,56314,384.84927,25355340.5432615,0
2021-11-08 19:00:00+00:00,65913.0,66095.19,65821.01,65835.01,1050.32387,2021-11-08 19:59:59.999000+00:00,69272920.6905266,62333,544.39512,35907886.9136687,0
2021-11-08 20:00:00+00:00,65835.01,66168.0,65500.0,66036.89,2084.89237,2021-11-08 20:59:59.999000+00:00,137315811.175062,82841,1041.37064,68596813.5682665,0
2021-11-08 21:00:00+00:00,66036.88,66429.84,65939.85,66121.63,1339.11971,2021-11-08 21:59:59.999000+00:00,88718860.2172693,66586,753.4663,49915395.6410439,0
2021-11-08 22:00:00+00:00,66121.62,66550.0,66064.06,66510.88,1100.79852,2021-11-08 22:59:59.999000+00:00,73013942.5459684,49716,538.70156,35743211.4475813,0
2021-11-08 23:00:00+00:00,66510.87,67789.0,66351.65,67525.83,5072.145834,2021-11-08 23:59:59.999000+00:00,341397396.7472476,260504,3013.577836,202790516.99772984,0
2021-11-09 00:00:00+00:00,67525.82,67732.33,67015.2,67603.3,2403.93267,2021-11-09 00:59:59.999000+00:00,162174807.7803447,104074,1268.28404,85567163.113245,0
2021-11-09 01:00:00+00:00,67603.3,67639.8,67310.28,67508.4,1373.63361,2021-11-09 01:59:59.999000+00:00,92671083.1940544,52685,709.13065,47839229.4932038,0
2021-11-09 02:00:00+00:00,67504.6,67815.0,67271.69,67613.98,1538.298532,2021-11-09 02:59:59.999000+00:00,103903952.83419512,55502,832.27345,56221416.10195722,0
2021-11-09 03:00:00+00:00,67613.98,68524.25,67511.55,68490.0,3397.217666,2021-11-09 03:59:59.999000+00:00,231168472.04898173,152899,1996.222352,135859538.49140495,0
2021-11-09 04:00:00+00:00,68490.0,68520.0,68125.0,68249.32,2307.54228,2021-11-09 04:59:59.999000+00:00,157685720.545497,69833,1022.72814,69859389.5758474,0
2021-11-09 05:00:00+00:00,68249.31,68366.17,67782.18,68097.41,2195.20702,2021-11-09 05:59:59.999000+00:00,149380823.0515398,84778,1090.59258,74209452.3808254,0
2021-11-09 06:00:00+00:00,68097.42,68184.09,67653.89,68018.47,1476.82143,2021-11-09 06:59:59.999000+00:00,100317963.9874469,77087,732.69727,49772896.7541732,0
2021-11-09 07:00:00+00:00,68018.48,68150.0,67627.14,67852.56,1310.20967,2021-11-09 07:59:59.999000+00:00,88965441.5521397,51981,642.60216,43638042.9410403,0
2021-11-09 08:00:00+00:00,67852.56,68108.99,67686.58,68068.24,1168.31768,2021-11-09 08:59:59.999000+00:00,79339651.1222416,56313,586.94427,39861359.8039115,0
2021-11-09 09:00:00+00:00,68068.24,68230.83,67850.0,68219.99,1303.77271,2021-11-09 09:59:59.999000+00:00,88681737.855661,71242,667.61078,45415291.7023406,0
2021-11-09 10:00:00+00:00,68219.98,68238.0,67697.11,67823.45,1467.91115,2021-11-09 10:59:59.999000+00:00,99890765.2064391,67664,688.3662,46854905.7087177,0
2021-11-09 11:00:00+00:00,67823.45,67896.84,67300.0,67594.98,2376.00105,2021-11-09 11:59:59.999000+00:00,160545273.4816402,106567,1284.62886,86787061.6556714,0
2021-11-09 12:00:00+00:00,67594.98,67731.86,67241.9,67550.01,1631.51231,2021-11-09 12:59:59.999000+00:00,110127961.522824,64356,754.60999,50941167.1860743,0
2021-11-09 13:00:00+00:00,67550.01,68116.56,67533.2,68080.37,1466.71215,2021-11-09 13:59:59.999000+00:00,99409334.5527915,71039,767.1014,51997562.1055117,0
2021-11-09 14:00:00+00:00,68080.38,68080.38,67132.45,67333.53,2240.45301,2021-11-09 14:59:59.999000+00:00,151620093.901822,80129,1033.64868,69967919.7449001,0
2021-11-09 15:00:00+00:00,67343.6,67526.98,66610.0,66771.1,5028.03407,2021-11-09 15:59:59.999000+00:00,336842053.6429046,164251,2590.10062,173527067.9185216,0
2021-11-09 16:00:00+00:00,66771.11,67006.61,66422.4,66693.0,2498.45731,2021-11-09 16:59:59.999000+00:00,166658005.6826887,108323,1225.53535,81760325.8864674,0
2021-11-09 17:00:00+00:00,66692.99,66912.31,66222.4,66810.21,1642.42958,2021-11-09 17:59:59.999000+00:00,109376783.5689587,73638,703.23623,46835448.6006962,0
2021-11-09 18:00:00+00:00,66810.22,67238.39,66503.58,66520.37,1265.80085,2021-11-09 18:59:59.999000+00:00,84629881.0262979,64741,618.89876,41386651.4161862,0
2021-11-09 19:00:00+00:00,66520.38,66810.74,66307.23,66800.21,1213.54206,2021-11-09 19:59:59.999000+00:00,80750841.0215829,69048,574.86287,38253018.7575122,0
2021-11-09 20:00:00+00:00,66800.21,67349.0,66653.0,67348.99,1677.13325,2021-11-09 20:59:59.999000+00:00,112458408.8839021,56965,696.50705,46692210.2169011,0
2021-11-09 21:00:00+00:00,67349.0,67800.27,67251.83,67721.0,1596.26353,2021-11-09 21:59:59.999000+00:00,107717487.156358,51938,794.27135,53598748.911779,0
2021-11-09 22:00:00+00:00,67720.99,67738.09,66926.41,67292.72,1110.80358,2021-11-09 22:59:59.999000+00:00,74807624.5903657,52889,511.90851,34470673.1519455,0
2021-11-09 23:00:00+00:00,67292.72,67436.94,66736.23,66947.66,971.3709,2021-11-09 23:59:59.999000+00:00,65202793.8765904,39713,450.47489,30232122.1738088,0
2021-11-10 00:00:00+00:00,66947.67,67378.7,66763.56,66996.82,1831.00518,2021-11-10 00:59:59.999000+00:00,122790706.6682109,56458,806.55204,54086163.3792241,0
2021-11-10 01:00:00+00:00,66996.81,67300.0,66853.27,67018.36,870.28293,2021-11-10 01:59:59.999000+00:00,58388965.0476262,37981,426.90531,28644024.418181,0
2021-11-10 02:00:00+00:00,67018.37,67185.62,66787.7,66815.32,804.25344,2021-11-10 02:59:59.999000+00:00,53875261.2976498,30448,432.61982,28983040.9390166,0
2021-11-10 03:00:00+00:00,66815.32,66815.32,66355.05,66487.23,1715.13347,2021-11-10 03:59:59.999000+00:00,114067076.6194113,59701,811.80042,53986475.4358452,0
2021-11-10 04:00:00+00:00,66487.23,66672.78,66255.55,66641.17,1200.9286,2021-11-10 04:59:59.999000+00:00,79822376.0948565,49081,602.9911,40074829.3456438,0
2021-11-10 05:00:00+00:00,66641.16,66653.54,66286.7,66342.74,919.30055,2021-11-10 05:59:59.999000+00:00,61084599.7642415,34235,383.24897,25468399.8628246,0
2021-11-10 06:00:00+00:00,66342.74,66625.99,66233.0,66518.23,1279.67927,2021-11-10 06:59:59.999000+00:00,85023597.0965462,45518,663.35319,44070426.3690246,0
2021-11-10 07:00:00+00:00,66518.23,66750.11,66299.29,66426.43,1364.88473,2021-11-10 07:59:59.999000+00:00,90817419.2109444,51848,616.14261,40996032.6383767,0
2021-11-10 08:00:00+00:00,66426.42,66857.03,66357.0,66612.15,1250.31052,2021-11-10 08:59:59.999000+00:00,83304142.6346196,49983,665.42549,44332940.3603629,0
2021-11-10 09:00:00+00:00,66612.15,66846.9,66546.94,66684.98,961.98373,2021-11-10 09:59:59.999000+00:00,64149745.8463834,38216,451.35859,30099523.4862438,0
2021-11-10 10:00:00+00:00,66684.98,67099.0,66645.18,66779.7,1238.83615,2021-11-10 10:59:59.999000+00:00,82845354.2228494,47297,628.73518,42036784.5912672,0
2021-11-10 11:00:00+00:00,66779.69,66904.6,66535.01,66546.8,1351.30629,2021-11-10 11:59:59.999000+00:00,90189510.0377895,54608,706.80633,47171898.4508218,0
2021-11-10 12:00:00+00:00,66546.81,66961.32,66250.0,66396.98,1791.08759,2021-11-10 12:59:59.999000+00:00,119242504.7854258,62653,821.94756,54733270.7516777,0
2021-11-10 13:00:00+00:00,66396.98,68000.0,65888.0,67983.45,4830.09625,2021-11-10 13:59:59.999000+00:00,323913338.6216622,158364,2455.30497,164849276.8913645,0
2021-11-10 14:00:00+00:00,67983.45,69000.0,67879.79,68382.69,5399.440776,2021-11-10 14:59:59.999000+00:00,369466086.93585646,224584,3011.731221,206165669.2160236,0
2021-11-10 15:00:00+00:00,68382.7,68500.0,68163.65,68348.63,2227.80843,2021-11-10 15:59:59.999000+00:00,152288640.6858441,82000,1253.17105,85652604.0658501,0
2021-11-10 16:00:00+00:00,68349.42,68775.07,68343.81,68524.69,2798.59629,2021-11-10 16:59:59.999000+00:00,191874137.97184128,100958,1535.64503,105292414.7277849,0
2021-11-10 17:00:00+00:00,68524.7,68775.51,68451.19,68633.69,1866.42621,2021-11-10 17:59:59.999000+00:00,128017274.1090817,80652,799.1397,54810946.2492126,0
2021-11-10 18:00:00+00:00,68635.12,68646.65,67553.99,67792.81,2813.96287,2021-11-10 18:59:59.999000+00:00,191478418.3806455,94169,1421.16367,96714431.2874768,0
2021-11-10 19:00:00+00:00,67790.44,68013.64,66542.85,66650.99,2960.30553,2021-11-10 19:59:59.999000+00:00,199060031.6987183,127841,1372.42414,92286291.5267814,0
2021-11-10 20:00:00+00:00,66650.98,67047.27,64885.98,65840.26,8166.89939,2021-11-10 20:59:59.999000+00:00,540326482.8074051,245290,3283.05893,217400410.5734917,0
2021-11-10 21:00:00+00:00,65840.26,66200.01,62822.9,64251.23,11892.23478,2021-11-10 21:59:59.999000+00:00,769150261.3406483,374311,5398.13432,349593531.35247475,0
2021-11-10 22:00:00+00:00,64251.19,65284.58,63800.0,65126.15,3282.92598,2021-11-10 22:59:59.999000+00:00,212110679.058497,154329,1720.11478,111178199.5490122,0
2021-11-10 23:00:00+00:00,65126.14,65130.65,64255.81,64882.43,2353.81509,2021-11-10 23:59:59.999000+00:00,152289141.8684689,87409,1076.9689,69677592.3094959,0
2021-11-11 00:00:00+00:00,64882.42,65006.31,64157.35,64941.3,3164.68695,2021-11-11 00:59:59.999000+00:00,204362761.8672518,90940,1724.11875,111349532.8891481,0
2021-11-11 01:00:00+00:00,64941.29,65062.79,64278.54,64739.9,2503.32594,2021-11-11 01:59:59.999000+00:00,161832001.3644905,66679,1245.08638,80511962.2087714,0
2021-11-11 02:00:00+00:00,64739.9,64739.91,64100.0,64521.98,1617.16892,2021-11-11 02:59:59.999000+00:00,104116021.2623401,58372,773.67097,49807560.1165543,0
2021-11-11 03:00:00+00:00,64521.98,64896.55,64300.0,64746.18,1965.97349,2021-11-11 03:59:59.999000+00:00,127026338.3120579,58503,959.6845,62019236.5596178,0
2021-11-11 04:00:00+00:00,64746.17,64796.0,64383.46,64608.24,1204.14428,2021-11-11 04:59:59.999000+00:00,77748016.4199609,44333,615.70389,39752969.0847897,0
2021-11-11 05:00:00+00:00,64608.23,64900.0,64550.0,64677.77,1175.0849,2021-11-11 05:59:59.999000+00:00,76036632.6686706,45148,574.72482,37190711.4241868,0
2021-11-11 06:00:00+00:00,64677.76,64988.75,64492.35,64819.72,1231.06109,2021-11-11 06:59:59.999000+00:00,79710822.3940296,56792,604.94291,39173420.3686237,0
2021-11-11 07:00:00+00:00,64819.73,65414.94,64782.57,65228.4,1771.01686,2021-11-11 07:59:59.999000+00:00,115323033.6185958,70728,857.37669,55827768.895729,0
2021-11-11 08:00:00+00:00,65228.41,65450.0,64550.55,65365.58,2947.06776,2021-11-11 08:59:59.999000+00:00,191339738.7771072,84288,1190.81736,77348028.9204022,0
2021-11-11 09:00:00+00:00,65365.58,65600.07,65016.94,65378.0,1754.67775,2021-11-11 09:59:59.999000+00:00,114687210.8565379,61806,824.23185,53877678.8820163,0
2021-11-11 10:00:00+00:00,65378.0,65400.0,65079.8,65242.67,1216.09598,2021-11-11 10:59:59.999000+00:00,79338735.7985405,48103,636.49287,41521278.0313685,0
2021-11-11 11:00:00+00:00,65242.66,65349.57,64939.99,65255.88,1430.19948,2021-11-11 11:59:59.999000+00:00,93194603.3385058,59547,702.05348,45751130.0797426,0
2021-11-11 12:00:00+00:00,65255.87,65342.15,64651.92,64998.06,1798.15304,2021-11-11 12:59:59.999000+00:00,116676562.518658,67982,905.38927,58747068.3846074,0
2021-11-11 13:00:00+00:00,64998.05,65150.0,64630.9,64747.73,1496.94561,2021-11-11 13:59:59.999000+00:00,97073644.0365068,56531,789.99775,51226652.0794107,0
2021-11-11 14:00:00+00:00,64747.72,65474.47,64402.49,65150.19,2455.05708,2021-11-11 14:59:59.999000+00:00,159361488.7445477,79626,1343.52799,87215249.7965436,0
2021-11-11 15:00:00+00:00,65156.67,65350.22,64672.96,64799.6,1751.21762,2021-11-11 15:59:59.999000+00:00,113773971.5608055,56107,873.086,56708507.3466961,0
2021-11-11 16:00:00+00:00,64799.59,65230.41,64715.86,65034.3,1613.37376,2021-11-11 16:59:59.999000+00:00,104780777.9808373,55229,831.70034,54017075.8917189,0
2021-11-11 17:00:00+00:00,65034.29,65249.0,64860.0,64925.32,1243.52611,2021-11-11 17:59:59.999000+00:00,80910434.2855566,44115,648.32174,42190893.9031236,0
2021-11-11 18:00:00+00:00,64925.32,65018.15,64573.99,64746.0,1048.90046,2021-11-11 18:59:59.999000+00:00,67950631.0858389,43189,550.99997,35697973.9541319,0
2021-11-11 19:00:00+00:00,64746.0,65219.59,64722.22,65119.99,794.67449,2021-11-11 19:59:59.999000+00:00,51663882.5397962,37708,409.21172,26602196.8485511,0
2021-11-11 20:00:00+00:00,65119.99,65215.27,64628.39,64796.1,865.27187,2021-11-11 20:59:59.999000+00:00,56224384.5588534,35214,473.27151,30751455.6014289,0
2021-11-11 21:00:00+00:00,64796.1,65091.75,64722.18,65036.07,679.84283,2021-11-11 21:59:59.999000+00:00,44126072.3961803,33790,343.4529,22292580.4719538,0
2021-11-11 22:00:00+00:00,65036.07,65309.13,64863.52,65160.28,774.22644,2021-11-11 22:59:59.999000+00:00,50427046.7254722,39861,397.1498,25869078.4833257,0
2021-11-11 23:00:00+00:00,65160.27,65183.53,64774.04,64774.26,736.28787,2021-11-11 23:59:59.999000+00:00,47852520.4665685,33236,314.50133,20440443.3819595,0
2021-11-12 00:00:00+00:00,64774.25,64946.78,64605.51,64808.14,1250.71711,2021-11-12 00:59:59.999000+00:00,81042808.7575183,54050,560.517,36324223.2107679,0
2021-11-12 01:00:00+00:00,64808.14,65365.97,64052.0,65103.56,2384.12655,2021-11-12 01:59:59.999000+00:00,154306923.0430752,81442,1124.46902,72786440.0294958,0
2021-11-12 02:00:00+00:00,65103.56,65450.7,64920.08,65010.42,1200.26704,2021-11-12 02:59:59.999000+00:00,78229717.2247269,41641,547.72177,35707542.1287889,0
2021-11-12 03:00:00+00:00,65010.42,65061.6,64696.5,64826.63,1149.36438,2021-11-12 03:59:59.999000+00:00,74554971.9172444,45265,556.29496,36077496.0699435,0
2021-11-12 04:00:00+00:00,64826.63,65075.79,64698.52,64978.99,1035.19464,2021-11-12 04:59:59.999000+00:00,67150639.3268655,42009,501.98454,32558400.3345143,0
2021-11-12 05:00:00+00:00,64979.0,65018.54,64664.21,64676.39,712.61516,2021-11-12 05:59:59.999000+00:00,46188451.379826,33548,320.28169,20760261.3707706,0
2021-11-12 06:00:00+00:00,64676.39,64840.44,64444.0,64502.41,898.39786,2021-11-12 06:59:59.999000+00:00,58092954.0075236,43430,414.57693,26809460.989057,0
2021-11-12 07:00:00+00:00,64502.43,64637.15,64202.68,64488.12,1415.95519,2021-11-12 07:59:59.999000+00:00,91200775.2379506,55420,716.89789,46174223.0638789,0
2021-11-12 08:00:00+00:00,64488.11,64957.97,64200.0,64890.64,1650.38641,2021-11-12 08:59:59.999000+00:00,106714132.3589237,52080,917.36854,59296777.2192119,0
2021-11-12 09:00:00+00:00,64890.63,64897.13,63622.28,63801.48,4005.81423,2021-11-12 09:59:59.999000+00:00,256923696.52588552,115501,1723.68954,110598034.0380025,0
2021-11-12 10:00:00+00:00,63801.48,64212.98,63522.28,63651.68,2489.62998,2021-11-12 10:59:59.999000+00:00,158919454.1076452,81279,1239.96312,79142617.757965,0
2021-11-12 11:00:00+00:00,63651.67,64039.05,63501.0,63753.19,1637.27889,2021-11-12 11:59:59.999000+00:00,104388974.2317744,54694,798.36566,50909801.3017473,0
2021-11-12 12:00:00+00:00,63753.19,64199.0,63333.33,63814.04,2203.47537,2021-11-12 12:59:59.999000+00:00,140619814.9532873,72643,1033.90269,65996174.1776089,0
2021-11-12 13:00:00+00:00,63814.03,64071.43,63244.24,63982.09,2044.13416,2021-11-12 13:59:59.999000+00:00,130096269.9718849,72178,1019.46382,64893369.0482402,0
2021-11-12 14:00:00+00:00,63980.26,64200.0,63453.38,63467.18,2802.01504,2021-11-12 14:59:59.999000+00:00,178809078.6747986,66176,1246.40017,79528621.8918094,0
2021-11-12 15:00:00+00:00,63467.18,63568.0,62900.0,63155.94,3315.88975,2021-11-12 15:59:59.999000+00:00,209516801.7011052,96347,1529.66965,96689859.0425426,0
2021-11-12 16:00:00+00:00,63155.95,63361.12,62278.0,63082.75,4881.12046,2021-11-12 16:59:59.999000+00:00,306411957.3108738,135969,2085.89641,130964720.5664144,0
2021-11-12 17:00:00+00:00,63082.75,63614.39,62909.31,63578.0,1940.49034,2021-11-12 17:59:59.999000+00:00,122740937.1901337,62256,889.30055,56262825.6647242,0
2021-11-12 18:00:00+00:00,63578.0,64089.99,63520.79,63872.36,1929.35803,2021-11-12 18:59:59.999000+00:00,123239957.6576639,61368,1038.15872,66308995.735723,0
2021-11-12 19:00:00+00:00,63872.36,63906.01,63539.41,63845.01,951.51556,2021-11-12 19:59:59.999000+00:00,60661549.23124,37496,438.1167,27930181.5147778,0
2021-11-12 20:00:00+00:00,63845.0,64890.0,63833.49,64119.43,1797.41506,2021-11-12 20:59:59.999000+00:00,115290969.0896505,62764,1002.96226,64373526.2307463,0
2021-11-12 21:00:00+00:00,64119.43,64502.79,63948.74,64070.56,1146.10277,2021-11-12 21:59:59.999000+00:00,73604997.247469,42701,563.22421,36173430.6179629,0
2021-11-12 22:00:00+00:00,64070.56,64195.98,63704.8,63914.33,764.18064,2021-11-12 22:59:59.999000+00:00,48895674.1476519,35605,283.31275,18128553.7906047,0
2021-11-12 23:00:00+00:00,63914.34,64367.72,63822.11,64122.23,884.66354,2021-11-12 23:59:59.999000+00:00,56685042.2093228,33287,475.91682,30488343.3434365,0
2021-11-13 00:00:00+00:00,64122.22,64455.0,64115.41,64348.69,846.03331,2021-11-13 00:59:59.999000+00:00,54426307.5097213,33527,401.60785,25835196.0277838,0
2021-11-13 01:00:00+00:00,64348.7,64412.94,63806.82,63846.58,942.5714,2021-11-13 01:59:59.999000+00:00,60445659.9892196,34248,529.66717,33973149.0573549,0
2021-11-13 02:00:00+00:00,63846.57,64017.32,63576.1,63702.78,838.44027,2021-11-13 02:59:59.999000+00:00,53515265.3036858,34632,389.28522,24850040.4370795,0
2021-11-13 03:00:00+00:00,63702.78,63880.0,63600.0,63773.94,659.86764,2021-11-13 03:59:59.999000+00:00,42066279.1557012,27372,326.29657,20802378.1286712,0
2021-11-13 04:00:00+00:00,63773.93,63922.99,63555.0,63704.67,694.29456,2021-11-13 04:59:59.999000+00:00,44254626.4079526,27798,352.90279,22494367.177937,0
2021-11-13 05:00:00+00:00,63704.66,63846.93,63510.0,63597.54,640.36123,2021-11-13 05:59:59.999000+00:00,40766960.9203587,28150,328.48055,20915401.0407915,0
2021-11-13 06:00:00+00:00,63597.54,63866.76,63581.34,63844.16,686.09782,2021-11-13 06:59:59.999000+00:00,43727422.1176337,28241,354.03376,22561560.20592,0
2021-11-13 07:00:00+00:00,63844.16,64123.0,63700.92,64029.99,781.9308,2021-11-13 07:59:59.999000+00:00,49938661.7949359,29327,366.11684,23383060.1512169,0
2021-11-13 08:00:00+00:00,64029.99,64081.5,63738.18,63807.29,655.04407,2021-11-13 08:59:59.999000+00:00,41877894.9752158,29288,289.63105,18515701.15752,0
2021-11-13 09:00:00+00:00,63807.28,63883.53,63360.22,63453.16,1354.30489,2021-11-13 09:59:59.999000+00:00,86159428.7947943,44390,615.85909,39188271.5624444,0
2021-11-13 10:00:00+00:00,63453.17,63737.81,63373.34,63707.03,751.26069,2021-11-13 10:59:59.999000+00:00,47743238.8812148,34462,365.62409,23236801.4200702,0
2021-11-13 11:00:00+00:00,63707.03,63807.91,63502.26,63554.23,688.7827,2021-11-13 11:59:59.999000+00:00,43836095.3490832,32035,327.70111,20857433.3226289,0
2021-11-13 12:00:00+00:00,63554.23,63811.71,63427.86,63530.26,982.02587,2021-11-13 12:59:59.999000+00:00,62419925.7862255,40687,500.52832,31816025.070822,0
2021-11-13 13:00:00+00:00,63530.26,63750.0,63462.0,63594.82,909.36653,2021-11-13 13:59:59.999000+00:00,57803435.2295917,35226,419.26451,26651215.0216365,0
2021-11-13 14:00:00+00:00,63594.83,64843.0,63543.23,64725.78,3121.44962,2021-11-13 14:59:59.999000+00:00,200938379.72230288,97567,1730.08176,111356885.3503584,0
2021-11-13 15:00:00+00:00,64725.77,64790.5,64523.76,64688.99,1030.99168,2021-11-13 15:59:59.999000+00:00,66674652.8964045,43558,470.52131,30426894.5995282,0
2021-11-13 16:00:00+00:00,64689.0,65000.0,64600.0,64616.64,1718.24918,2021-11-13 16:59:59.999000+00:00,111391906.1831448,54819,860.88485,55824991.7064947,0
2021-11-13 17:00:00+00:00,64616.65,64692.16,64500.0,64659.02,728.22041,2021-11-13 17:59:59.999000+00:00,47059082.7754921,36433,353.29474,22830297.2632594,0
2021-11-13 18:00:00+00:00,64659.03,64689.82,63920.0,64134.69,1438.77451,2021-11-13 18:59:59.999000+00:00,92431146.6746789,52404,578.12733,37138818.6989409,0
2021-11-13 19:00:00+00:00,64134.68,64200.0,63829.01,63941.65,781.2445,2021-11-13 19:59:59.999000+00:00,50001053.5644596,36870,396.70008,25389517.1065795,0
2021-11-13 20:00:00+00:00,63941.65,64438.81,63918.89,64359.29,629.17701,2021-11-13 20:59:59.999000+00:00,40372370.224223,32427,324.71175,20835473.556477,0
2021-11-13 21:00:00+00:00,64359.3,64391.43,64113.0,64365.82,580.99379,2021-11-13 21:59:59.999000+00:00,37330792.7545762,33014,297.6479,19123827.8914196,0
2021-11-13 22:00:00+00:00,64365.82,64418.97,64116.0,64275.24,572.08908,2021-11-13 22:59:59.999000+00:00,36789681.1639317,33379,262.05892,16852242.781135,0
2021-11-13 23:00:00+00:00,64275.24,64550.5,64220.7,64380.0,473.40227,2021-11-13 23:59:59.999000+00:00,30471345.4238446,24295,253.02453,16286965.3285174,0
2021-11-14 00:00:00+00:00,64380.01,65320.0,64380.0,64974.06,2003.82749,2021-11-14 00:59:59.999000+00:00,130236030.3783431,70064,1149.56628,74712110.8052563,0
2021-11-14 01:00:00+00:00,64974.05,65079.99,64616.17,64789.04,807.45372,2021-11-14 01:59:59.999000+00:00,52373628.3014871,31145,404.70142,26251406.9447013,0
2021-11-14 02:00:00+00:00,64789.04,64925.07,64611.11,64629.99,639.41547,2021-11-14 02:59:59.999000+00:00,41413977.0749905,26112,278.40607,18031249.7400323,0
2021-11-14 03:00:00+00:00,64629.98,64838.6,64530.61,64637.81,733.63741,2021-11-14 03:59:59.999000+00:00,47451742.719417,30736,306.93121,19852647.8864871,0
2021-11-14 04:00:00+00:00,64637.81,65014.79,64636.79,64748.66,650.54381,2021-11-14 04:59:59.999000+00:00,42156625.5961648,27436,308.65481,20003860.0536799,0
2021-11-14 05:00:00+00:00,64748.65,65046.52,64400.0,64898.4,1038.73314,2021-11-14 05:59:59.999000+00:00,67245890.9203856,33330,515.87927,33420675.8596677,0
2021-11-14 06:00:00+00:00,64898.39,65201.72,64700.0,64800.01,989.53371,2021-11-14 06:59:59.999000+00:00,64254580.4822099,35312,503.02549,32659490.7144064,0
2021-11-14 07:00:00+00:00,64800.01,64887.42,64439.73,64627.58,999.35912,2021-11-14 07:59:59.999000+00:00,64632554.0330413,43500,454.85932,29419360.1584019,0
2021-11-14 08:00:00+00:00,64627.58,64800.0,64056.0,64301.7,1272.25739,2021-11-14 08:59:59.999000+00:00,81906609.937618,48187,618.612,39827664.4195967,0
2021-11-14 09:00:00+00:00,64301.7,64400.15,64100.0,64251.49,813.42171,2021-11-14 09:59:59.999000+00:00,52276589.1420529,30627,394.5117,25357681.001251,0
2021-11-14 10:00:00+00:00,64251.49,64500.0,64186.23,64380.11,762.60173,2021-11-14 10:59:59.999000+00:00,49084592.8584432,29393,324.77489,20902994.6078767,0
2021-11-14 11:00:00+00:00,64380.11,64478.69,64162.48,64445.07,776.88486,2021-11-14 11:59:59.999000+00:00,50010849.7328806,28084,370.99755,23881224.2024669,0
2021-11-14 12:00:00+00:00,64445.07,64758.76,64235.84,64600.52,892.72065,2021-11-14 12:59:59.999000+00:00,57561641.2140899,42694,482.14635,31090505.6937733,0
2021-11-14 13:00:00+00:00,64600.51,64799.0,64499.9,64630.66,856.55006,2021-11-14 13:59:59.999000+00:00,55376574.2286899,36413,411.86836,26630083.4112077,0
2021-11-14 14:00:00+00:00,64630.66,64662.66,64148.27,64354.39,1031.53443,2021-11-14 14:59:59.999000+00:00,66434416.1657087,42115,507.23155,32670357.0799757,0
2021-11-14 15:00:00+00:00,64354.39,64354.39,64000.0,64070.41,924.99579,2021-11-14 15:59:59.999000+00:00,59334104.3873147,39662,416.51034,26718070.3491181,0
2021-11-14 16:00:00+00:00,64070.41,64211.0,63576.27,63705.58,1772.9945,2021-11-14 16:59:59.999000+00:00,113259121.5551507,58929,721.57236,46090939.2649054,0
2021-11-14 17:00:00+00:00,63705.58,64240.0,63601.81,64192.28,1246.64911,2021-11-14 17:59:59.999000+00:00,79583267.0592642,56951,665.96512,42515583.2562484,0
2021-11-14 18:00:00+00:00,64188.62,64422.35,63830.0,64028.34,961.11469,2021-11-14 18:59:59.999000+00:00,61616009.5629306,36670,469.38502,30084647.8159109,0
2021-11-14 19:00:00+00:00,64028.34,64209.07,63872.46,64170.0,895.51018,2021-11-14 19:59:59.999000+00:00,57349136.0442429,32659,440.20973,28189301.8182058,0
2021-11-14 20:00:00+00:00,64169.99,64500.0,64040.47,64221.78,993.10978,2021-11-14 20:59:59.999000+00:00,63806696.5001367,30983,476.57061,30618512.6750705,0
2021-11-14 21:00:00+00:00,64221.78,64500.0,64050.0,64308.59,780.83326,2021-11-14 21:59:59.999000+00:00,50195374.9586745,27996,413.97118,26605254.7411226,0
2021-11-14 22:00:00+00:00,64308.58,64900.0,64284.79,64520.0,1044.8013,2021-11-14 22:59:59.999000+00:00,67489651.3219663,40403,550.72464,35593941.1916028,0
2021-11-14 23:00:00+00:00,64520.01,65550.51,64341.77,65519.1,2816.59016,2021-11-14 23:59:59.999000+00:00,183424117.11856648,71992,1442.75887,93911987.2561665,0
2021-11-15 00:00:00+00:00,65519.11,66200.0,65519.1,65875.17,4092.34168,2021-11-15 00:59:59.999000+00:00,269839147.68312806,119665,2375.32228,156630176.1861351,0
2021-11-15 01:00:00+00:00,65875.18,65948.0,65535.0,65896.22,1606.24838,2021-11-15 01:59:59.999000+00:00,105631177.4165293,44508,785.02132,51621923.9715501,0
2021-11-15 02:00:00+00:00,65896.23,65942.76,65646.61,65677.44,1076.91135,2021-11-15 02:59:59.999000+00:00,70819279.7843451,32249,478.67111,31476456.0360323,0
2021-11-15 03:00:00+00:00,65677.45,65995.0,65600.0,65712.65,950.19905,2021-11-15 03:59:59.999000+00:00,62450040.6646776,34263,476.09757,31295793.001431,0
2021-11-15 04:00:00+00:00,65712.66,66000.0,65698.01,65766.41,1099.06219,2021-11-15 04:59:59.999000+00:00,72303342.4595107,46479,616.50624,40555606.6899373,0
2021-11-15 05:00:00+00:00,65766.41,65913.86,65666.42,65696.49,709.98983,2021-11-15 05:59:59.999000+00:00,46708394.1064398,43429,402.45302,26476887.68478,0
2021-11-15 06:00:00+00:00,65696.5,65834.0,65610.0,65666.01,682.52593,2021-11-15 06:59:59.999000+00:00,44852196.6261006,28834,328.95429,21616068.0268994,0
2021-11-15 07:00:00+00:00,65666.0,65738.04,65475.01,65579.71,814.90438,2021-11-15 07:59:59.999000+00:00,53469563.9726102,42508,362.70073,23798807.7999746,0
2021-11-15 08:00:00+00:00,65579.71,65835.0,65244.47,65735.32,1620.09103,2021-11-15 08:59:59.999000+00:00,106099886.842608,55528,844.86303,55332745.2334226,0
2021-11-15 09:00:00+00:00,65735.33,66401.82,65663.47,65975.13,1884.02134,2021-11-15 09:59:59.999000+00:00,124418582.9033593,68002,969.64328,64035675.2441581,0
2021-11-15 10:00:00+00:00,65975.13,66045.0,65726.92,65921.36,888.26185,2021-11-15 10:59:59.999000+00:00,58522342.2649858,34797,425.76676,28050439.7849107,0
2021-11-15 11:00:00+00:00,65920.0,65948.83,65624.15,65733.06,935.5819,2021-11-15 11:59:59.999000+00:00,61536148.5460776,35481,427.26903,28103245.9956384,0
2021-11-15 12:00:00+00:00,65734.45,65946.63,65537.99,65663.19,1525.18476,2021-11-15 12:59:59.999000+00:00,100245195.9729428,55921,820.32633,53917170.5030603,0
2021-11-15 13:00:00+00:00,65663.19,65760.0,65349.0,65489.09,2098.28965,2021-11-15 13:59:59.999000+00:00,137650932.9907146,53943,1304.80905,85615392.549207,0
2021-11-15 14:00:00+00:00,65489.09,65493.2,64770.0,64851.0,2074.83406,2021-11-15 14:59:59.999000+00:00,135099203.978175,73923,937.56456,61060362.8406233,0
2021-11-15 15:00:00+00:00,64851.0,64899.4,63993.17,64288.16,3983.29447,2021-11-15 15:59:59.999000+00:00,257112137.6573804,116533,1878.16445,121255356.7148479,0
2021-11-15 16:00:00+00:00,64288.16,64444.18,63900.0,64275.7,2423.38125,2021-11-15 16:59:59.999000+00:00,155519591.996176,91363,1226.99535,78755860.6238912,0
2021-11-15 17:00:00+00:00,64273.15,64444.61,64006.34,64036.99,1550.72297,2021-11-15 17:59:59.999000+00:00,99596502.3564441,45207,684.28293,43956777.8900146,0
2021-11-15 18:00:00+00:00,64037.0,64182.25,63624.54,63812.79,1618.35413,2021-11-15 18:59:59.999000+00:00,103426778.9027681,57164,725.28356,46354308.9042457,0
2021-11-15 19:00:00+00:00,63812.79,64320.33,63650.54,64265.9,1389.79013,2021-11-15 19:59:59.999000+00:00,88991105.7730182,49294,782.49247,50110154.007237,0
2021-11-15 20:00:00+00:00,64265.91,64265.91,63766.89,63903.43,1274.25829,2021-11-15 20:59:59.999000+00:00,81510308.2358002,44297,671.7521,42976782.8746011,0
2021-11-15 21:00:00+00:00,63903.43,64012.29,63400.0,63878.3,1504.12178,2021-11-15 21:59:59.999000+00:00,95926409.8722646,55149,644.81215,41137196.82269,0
2021-11-15 22:00:00+00:00,63880.41,64025.48,63411.38,63989.25,1133.77844,2021-11-15 22:59:59.999000+00:00,72237121.8049277,43913,562.34754,35828654.7364924,0
2021-11-15 23:00:00+00:00,63989.24,63998.69,63500.0,63606.74,893.2224,2021-11-15 23:59:59.999000+00:00,56950530.0651438,32759,428.37467,27313751.3138103,0
2021-11-16 00:00:00+00:00,63606.73,63617.31,62462.91,62540.03,4765.151,2021-11-16 00:59:59.999000+00:00,299529608.6437832,147958,1946.85738,122349634.4979171,0
2021-11-16 01:00:00+00:00,62540.02,62636.16,60980.0,62110.1,7766.01382,2021-11-16 01:59:59.999000+00:00,479981161.42541355,215222,3348.3715,207030434.8539792,0
2021-11-16 02:00:00+00:00,62110.09,62206.8,61500.0,61620.62,2064.41123,2021-11-16 02:59:59.999000+00:00,127848354.5772725,66164,931.28799,57667461.9134709,0
2021-11-16 03:00:00+00:00,61620.62,61806.95,60422.2,60907.41,5486.38687,2021-11-16 03:59:59.999000+00:00,334978607.2214663,147334,2680.71162,163807563.6480658,0
2021-11-16 04:00:00+00:00,60907.4,61600.0,60322.2,61211.43,4081.02324,2021-11-16 04:59:59.999000+00:00,248766139.6137969,110804,1933.52734,117926485.5114766,0
2021-11-16 05:00:00+00:00,61205.75,61523.55,60742.92,60927.51,3537.29426,2021-11-16 05:59:59.999000+00:00,215964964.3568224,78740,2000.45658,122092250.2296309,0
2021-11-16 06:00:00+00:00,60927.5,60997.98,60293.06,60830.44,2938.99684,2021-11-16 06:59:59.999000+00:00,178390480.0333162,85451,1419.00531,86144602.2803915,0
2021-11-16 07:00:00+00:00,60830.43,61054.4,60414.08,60805.27,2262.33608,2021-11-16 07:59:59.999000+00:00,137339976.5827711,64288,1070.43966,65000695.3625672,0
2021-11-16 08:00:00+00:00,60804.07,61062.76,60573.51,61000.63,2092.30543,2021-11-16 08:59:59.999000+00:00,127304569.834393,65129,1090.22494,66331745.7768916,0
2021-11-16 09:00:00+00:00,61000.63,61470.41,60200.0,60200.0,4402.28156,2021-11-16 09:59:59.999000+00:00,266459467.1495656,101503,1798.92281,109009699.7165791,0
2021-11-16 10:00:00+00:00,60200.0,60288.19,58574.07,60160.0,11141.19679,2021-11-16 10:59:59.999000+00:00,662472931.8893265,320139,4945.84014,294109173.06072766,0
2021-11-16 11:00:00+00:00,60160.0,60656.95,60011.0,60574.49,3348.41779,2021-11-16 11:59:59.999000+00:00,202155346.8531262,101827,1768.36985,106755191.1770708,0
2021-11-16 12:00:00+00:00,60576.76,60883.05,60020.0,60038.95,2921.50849,2021-11-16 12:59:59.999000+00:00,176808617.216638,100158,1442.31849,87299881.707028,0
2021-11-16 13:00:00+00:00,60038.94,60776.04,60031.95,60534.45,1994.34783,2021-11-16 13:59:59.999000+00:00,120545033.8476295,73462,1044.02399,63103322.0281562,0
2021-11-16 14:00:00+00:00,60534.44,61427.0,60452.09,60903.26,3197.58926,2021-11-16 14:59:59.999000+00:00,194739484.5660773,104142,1612.50175,98215031.8079913,0
2021-11-16 15:00:00+00:00,60902.33,61087.29,60568.95,60669.14,1657.60044,2021-11-16 15:59:59.999000+00:00,100856965.4905286,64097,774.22888,47110929.6022942,0
2021-11-16 16:00:00+00:00,60669.15,60923.18,60350.01,60647.89,1742.61945,2021-11-16 16:59:59.999000+00:00,105669657.5022323,59444,829.38303,50293851.3351879,0
2021-11-16 17:00:00+00:00,60647.89,60784.3,60160.01,60460.0,1421.27444,2021-11-16 17:59:59.999000+00:00,85988230.7117371,52008,613.78401,37147149.8713009,0
2021-11-16 18:00:00+00:00,60460.0,60637.0,59810.0,59900.01,1542.50059,2021-11-16 18:59:59.999000+00:00,92972996.4714377,62956,675.66941,40739497.3649127,0
2021-11-16 19:00:00+00:00,59900.01,60612.19,59728.27,60204.47,1857.01542,2021-11-16 19:59:59.999000+00:00,111688186.5130033,67161,926.21364,55711541.3430781,0
2021-11-16 20:00:00+00:00,60204.47,60292.69,59105.26,59719.92,2721.92255,2021-11-16 20:59:59.999000+00:00,162267200.2409227,93274,1344.74347,80184277.1124924,0
2021-11-16 21:00:00+00:00,59720.76,60914.81,59645.28,60453.49,2281.36693,2021-11-16 21:59:59.999000+00:00,137899496.7378389,74165,1124.49744,67951302.1283286,0
2021-11-16 22:00:00+00:00,60453.5,61199.65,60369.15,60569.46,1166.17851,2021-11-16 22:59:59.999000+00:00,70820855.4156509,57855,599.3542,36421472.9465977,0
2021-11-16 23:00:00+00:00,60568.38,60673.99,60000.0,60058.87,1065.41727,2021-11-16 23:59:59.999000+00:00,64295708.4048977,40400,454.59072,27435958.0935869,0
2021-11-17 00:00:00+00:00,60058.87,60437.68,59450.0,59712.06,2290.4343,2021-11-17 00:59:59.999000+00:00,137130785.3852264,74291,1036.77564,62089029.1596251,0
2021-11-17 01:00:00+00:00,59712.06,60275.44,59230.76,59317.37,2180.24673,2021-11-17 01:59:59.999000+00:00,130382690.0116912,67727,1021.42234,61085626.9190517,0
2021-11-17 02:00:00+00:00,59317.38,59737.62,59082.21,59371.88,2442.80294,2021-11-17 02:59:59.999000+00:00,145141544.2032849,60448,1041.44189,61878667.0720892,0
2021-11-17 03:00:00+00:00,59371.88,59770.0,58553.12,59039.99,3516.9732,2021-11-17 03:59:59.999000+00:00,208028530.831213,94092,1619.15396,95811448.1341091,0
2021-11-17 04:00:00+00:00,59042.0,59495.53,58580.0,59417.21,2120.49328,2021-11-17 04:59:59.999000+00:00,125256887.4162342,66605,1043.42904,61655950.4508454,0
2021-11-17 05:00:00+00:00,59417.22,59820.99,59243.03,59594.03,1384.83102,2021-11-17 05:59:59.999000+00:00,82475180.8403598,46455,647.63294,38569062.8158841,0
2021-11-17 06:00:00+00:00,59594.04,59797.57,59288.16,59607.99,1239.02806,2021-11-17 06:59:59.999000+00:00,73774201.9531446,54731,633.84544,37743327.5438291,0
2021-11-17 07:00:00+00:00,59607.99,60142.85,59350.0,59688.0,1948.05945,2021-11-17 07:59:59.999000+00:00,116409114.836767,58183,1006.57878,60151111.1371027,0
2021-11-17 08:00:00+00:00,59691.9,60023.0,59570.01,59586.18,1749.51744,2021-11-17 08:59:59.999000+00:00,104606309.0280625,45172,860.22474,51430719.7399031,0
2021-11-17 09:00:00+00:00,59586.19,59591.93,58800.0,58926.02,2304.00574,2021-11-17 09:59:59.999000+00:00,136368646.1358828,67223,1013.90596,60024011.8856954,0
2021-11-17 10:00:00+00:00,58926.02,60601.03,58373.0,60508.03,4350.33059,2021-11-17 10:59:59.999000+00:00,258913162.4731854,129533,2287.9893,136341799.2799459,0
2021-11-17 11:00:00+00:00,60514.99,60840.23,60315.04,60762.83,3339.49527,2021-11-17 11:59:59.999000+00:00,202037000.7511078,81533,1704.23235,103112593.1354771,0
2021-11-17 12:00:00+00:00,60762.33,60822.27,60417.64,60455.91,1328.25921,2021-11-17 12:59:59.999000+00:00,80458388.4626368,48355,617.31043,37392126.5846611,0
2021-11-17 13:00:00+00:00,60455.92,60600.0,60001.77,60103.08,1303.42551,2021-11-17 13:59:59.999000+00:00,78604285.8074982,48324,628.27536,37895955.0160435,0
2021-11-17 14:00:00+00:00,60103.12,60458.38,59582.37,59612.55,2071.93023,2021-11-17 14:59:59.999000+00:00,124296508.524767,64788,1013.03343,60780597.031882,0
2021-11-17 15:00:00+00:00,59612.55,59800.0,59334.23,59664.49,1778.56225,2021-11-17 15:59:59.999000+00:00,105930851.466667,63888,877.54954,52267466.2108829,0
2021-11-17 16:00:00+00:00,59664.5,60449.75,59404.75,60388.99,2418.06083,2021-11-17 16:59:59.999000+00:00,144966377.5090299,70307,1242.95406,74516673.6600516,0
2021-11-17 17:00:00+00:00,60389.0,60484.32,59990.0,60236.02,1349.13107,2021-11-17 17:59:59.999000+00:00,81214679.3780068,47830,651.99121,39244469.599486,0
2021-11-17 18:00:00+00:00,60232.98,60642.85,60206.92,60470.65,1398.0545,2021-11-17 18:59:59.999000+00:00,84495414.1269524,48761,683.33639,41300561.8429721,0
2021-11-17 19:00:00+00:00,60470.65,60672.13,60092.86,60212.49,1016.93935,2021-11-17 19:59:59.999000+00:00,61366705.4506212,43678,504.20221,30429426.9216273,0
2021-11-17 20:00:00+00:00,60212.48,60575.08,60021.0,60395.51,1306.43396,2021-11-17 20:59:59.999000+00:00,78784060.5272447,60052,693.96226,41849727.1213786,0
2021-11-17 21:00:00+00:00,60395.51,60405.81,59738.4,60098.62,1437.6212,2021-11-17 21:59:59.999000+00:00,86226663.6188208,53880,719.86773,43176427.9565658,0
2021-11-17 22:00:00+00:00,60098.62,60125.9,59620.66,59969.01,965.38246,2021-11-17 22:59:59.999000+00:00,57811077.5517871,39538,486.23792,29118437.2904917,0
2021-11-17 23:00:00+00:00,59969.02,60494.04,59784.81,60344.87,1049.36632,2021-11-17 23:59:59.999000+00:00,63122988.9102313,35911,509.89083,30672730.4430912,0
2021-11-18 00:00:00+00:00,60344.86,60740.46,60125.17,60490.37,1378.35606,2021-11-18 00:59:59.999000+00:00,83383726.3250387,50277,710.55429,42991205.0586132,0
2021-11-18 01:00:00+00:00,60490.37,60976.0,60076.98,60569.74,2047.90279,2021-11-18 01:59:59.999000+00:00,124031979.0582958,58769,915.12571,55435486.4065416,0
2021-11-18 02:00:00+00:00,60569.73,60802.58,60389.22,60655.42,1320.77286,2021-11-18 02:59:59.999000+00:00,80017055.0255456,40189,640.53117,38803444.2679178,0
2021-11-18 03:00:00+00:00,60655.43,60672.53,59840.0,59840.01,1951.91154,2021-11-18 03:59:59.999000+00:00,117523445.5369819,56775,962.00462,57914934.7721903,0
2021-11-18 04:00:00+00:00,59840.01,60096.12,59631.74,59676.05,2375.13586,2021-11-18 04:59:59.999000+00:00,142123678.5189756,89991,1173.33659,70218947.2088733,0
2021-11-18 05:00:00+00:00,59676.05,59906.85,59550.15,59801.2,1372.17654,2021-11-18 05:59:59.999000+00:00,81950448.4281797,68688,654.73429,39105303.3383659,0
2021-11-18 06:00:00+00:00,59801.19,60035.46,59584.25,59827.82,1384.35141,2021-11-18 06:59:59.999000+00:00,82723186.9174347,55745,702.70464,41993269.80013,0
2021-11-18 07:00:00+00:00,59827.82,59886.33,59500.0,59734.2,1605.6113,2021-11-18 07:59:59.999000+00:00,95814637.3902468,54467,785.20691,46857299.0312945,0
2021-11-18 08:00:00+00:00,59734.21,59840.89,59470.0,59659.74,1114.32964,2021-11-18 08:59:59.999000+00:00,66432034.9696859,44048,522.74202,31167142.9621931,0
2021-11-18 09:00:00+00:00,59659.74,59742.73,58962.77,59274.49,2389.89861,2021-11-18 09:59:59.999000+00:00,141627913.0490396,77303,1101.50795,65292434.4461713,0
2021-11-18 10:00:00+00:00,59274.49,59845.1,58981.18,59789.23,1939.26855,2021-11-18 10:59:59.999000+00:00,115226007.8073557,62596,1114.93401,66252994.3103154,0
2021-11-18 11:00:00+00:00,59789.23,59970.82,59153.05,59213.49,1715.67129,2021-11-18 11:59:59.999000+00:00,102265984.5750959,58358,803.55564,47910638.2459375,0
2021-11-18 12:00:00+00:00,59213.49,59935.0,59001.0,59124.66,2872.57459,2021-11-18 12:59:59.999000+00:00,170416983.2194917,81805,1366.64331,81124186.616952,0
2021-11-18 13:00:00+00:00,59124.67,59764.59,58740.63,59191.62,3233.03958,2021-11-18 13:59:59.999000+00:00,191369581.42562032,88311,1565.65483,92715733.6292547,0
2021-11-18 14:00:00+00:00,59191.64,59292.96,58770.0,58906.65,2055.78248,2021-11-18 14:59:59.999000+00:00,121219456.6773734,68667,1010.83941,59600140.1332996,0
2021-11-18 15:00:00+00:00,58906.26,59486.0,57650.0,58100.04,8415.94766,2021-11-18 15:59:59.999000+00:00,492177202.0855696,227104,3759.86318,220079881.9479228,0
2021-11-18 16:00:00+00:00,58100.05,58486.09,57215.38,57276.9,6057.82475,2021-11-18 16:59:59.999000+00:00,349579357.941749,166822,2883.1772,166438009.4930815,0
2021-11-18 17:00:00+00:00,57276.9,58077.7,56592.06,57540.2,6421.29177,2021-11-18 17:59:59.999000+00:00,368208705.92428094,178828,3015.60098,173014869.9870795,0
2021-11-18 18:00:00+00:00,57540.2,58200.0,57501.0,57996.84,1901.06758,2021-11-18 18:59:59.999000+00:00,109888593.7886571,69079,1033.11999,59720867.2510657,0
2021-11-18 19:00:00+00:00,58004.08,58328.27,57744.0,57928.0,2017.51455,2021-11-18 19:59:59.999000+00:00,117168591.5650653,66037,968.00187,56213537.2345035,0
2021-11-18 20:00:00+00:00,57928.0,58484.94,57600.0,57961.23,2084.56995,2021-11-18 20:59:59.999000+00:00,120986990.4182098,63701,1028.90002,59729194.8527134,0
2021-11-18 21:00:00+00:00,57964.94,58238.09,57400.0,57551.52,1461.34242,2021-11-18 21:59:59.999000+00:00,84493883.6232388,57255,662.43972,38293743.9897123,0
2021-11-18 22:00:00+00:00,57551.52,57651.68,56525.0,56613.3,2477.29513,2021-11-18 22:59:59.999000+00:00,141405725.746018,98841,1122.25474,64077238.0232069,0
2021-11-18 23:00:00+00:00,56613.3,56987.57,56474.26,56891.62,2553.3624,2021-11-18 23:59:59.999000+00:00,144789009.1277025,76763,1238.77198,70252486.7350531,0
2021-11-19 00:00:00+00:00,56891.62,57500.0,56674.0,57486.87,2527.51271,2021-11-19 00:59:59.999000+00:00,144514618.9725672,82277,1220.73608,69797512.4261264,0
2021-11-19 01:00:00+00:00,57486.87,57517.14,56625.8,56694.97,1792.32,2021-11-19 01:59:59.999000+00:00,102206984.7552144,57488,898.46941,51234211.4267019,0
2021-11-19 02:00:00+00:00,56694.96,56943.0,55822.92,56101.79,3899.5785,2021-11-19 02:59:59.999000+00:00,219683277.334625,101272,1811.39859,102087074.3853924,0
2021-11-19 03:00:00+00:00,56106.34,56212.64,55600.0,55900.0,3043.7131,2021-11-19 03:59:59.999000+00:00,170104279.8150358,77561,1459.48023,81572045.4357002,0
2021-11-19 04:00:00+00:00,55900.0,56313.0,55817.79,56251.65,1974.93007,2021-11-19 04:59:59.999000+00:00,110727561.8356761,54912,959.45212,53784093.8626298,0
2021-11-19 05:00:00+00:00,56251.65,56498.0,56017.87,56404.75,1990.26489,2021-11-19 05:59:59.999000+00:00,112032093.2552017,52582,910.89427,51286212.9584661,0
2021-11-19 06:00:00+00:00,56404.75,56460.03,56111.7,56284.49,1557.59046,2021-11-19 06:59:59.999000+00:00,87695546.0440051,50677,685.60095,38598072.0103389,0
2021-11-19 07:00:00+00:00,56284.49,56442.72,55853.7,55987.83,1820.56503,2021-11-19 07:59:59.999000+00:00,102027330.1147284,55730,839.68662,47062669.1323707,0
2021-11-19 08:00:00+00:00,55987.83,57394.28,55986.05,57024.56,3123.02266,2021-11-19 08:59:59.999000+00:00,177769469.3080956,90506,1517.39688,86349168.8755343,0
2021-11-19 09:00:00+00:00,57024.55,57487.2,56945.24,56989.77,2334.65204,2021-11-19 09:59:59.999000+00:00,133469246.5565978,76389,1159.10323,66277422.485035,0
2021-11-19 10:00:00+00:00,56989.78,57043.86,56682.75,56882.76,1801.90676,2021-11-19 10:59:59.999000+00:00,102402425.6564452,58298,873.51988,49640116.8844365,0
2021-11-19 11:00:00+00:00,56882.76,57185.61,56480.59,56989.59,1971.43661,2021-11-19 11:59:59.999000+00:00,111979129.3983196,62038,972.68981,55262689.5820685,0
2021-11-19 12:00:00+00:00,56987.25,57349.07,56838.43,56876.39,2099.04122,2021-11-19 12:59:59.999000+00:00,119957031.5036454,68740,1006.12134,57508976.9550131,0
2021-11-19 13:00:00+00:00,56875.73,57697.3,56700.0,57605.78,3123.84002,2021-11-19 13:59:59.999000+00:00,179244756.9546798,88288,1483.32658,85096008.0918986,0
2021-11-19 14:00:00+00:00,57605.77,58087.0,57525.76,57994.61,3067.96051,2021-11-19 14:59:59.999000+00:00,177327878.837435,96015,1539.49723,89012671.8180953,0
2021-11-19 15:00:00+00:00,57994.61,58173.94,57613.96,57887.98,2542.81595,2021-11-19 15:59:59.999000+00:00,147129715.0967437,78635,1102.25093,63778954.2170821,0
2021-11-19 16:00:00+00:00,57887.96,58229.0,57734.13,58151.12,3102.61286,2021-11-19 16:59:59.999000+00:00,179864122.5158699,81126,1531.60345,88799150.7438602,0
2021-11-19 17:00:00+00:00,58151.13,58320.0,57932.96,57971.77,2126.86775,2021-11-19 17:59:59.999000+00:00,123694749.4189799,71782,1000.13974,58173159.7046167,0
2021-11-19 18:00:00+00:00,57971.77,58078.0,57766.0,57879.47,1426.21909,2021-11-19 18:59:59.999000+00:00,82592858.8680023,50171,660.89816,38269993.3174331,0
2021-11-19 19:00:00+00:00,57879.46,58084.54,57599.57,58033.05,1352.41578,2021-11-19 19:59:59.999000+00:00,78266968.5357208,48234,578.81472,33501152.4715657,0
2021-11-19 20:00:00+00:00,58033.06,58118.37,57680.01,57767.88,1275.4401,2021-11-19 20:59:59.999000+00:00,73831909.6312624,45363,579.48764,33550647.5553326,0
2021-11-19 21:00:00+00:00,57767.87,57943.24,57531.13,57806.94,1111.64168,2021-11-19 21:59:59.999000+00:00,64175621.2106763,39560,467.77952,27007275.9660235,0
2021-11-19 22:00:00+00:00,57806.94,58000.0,57690.02,57813.57,737.61429,2021-11-19 22:59:59.999000+00:00,42669257.8445368,35304,350.97731,20303206.6594283,0
2021-11-19 23:00:00+00:00,57813.57,58120.0,57723.29,58052.24,911.92518,2021-11-19 23:59:59.999000+00:00,52823142.4467101,37511,462.96106,26819271.2715817,0
2021-11-20 00:00:00+00:00,58057.1,58563.33,57932.61,58233.37,1565.89198,2021-11-20 00:59:59.999000+00:00,91301691.0671346,59893,806.94086,47050880.2690667,0
2021-11-20 01:00:00+00:00,58233.37,58864.13,58169.33,58790.94,1653.66013,2021-11-20 01:59:59.999000+00:00,96995577.6100435,54950,885.11436,51905050.3744589,0
2021-11-20 02:00:00+00:00,58790.94,58979.97,58730.0,58784.38,1456.88613,2021-11-20 02:59:59.999000+00:00,85711696.9185959,47433,716.56529,42158190.0052132,0
2021-11-20 03:00:00+00:00,58784.38,58839.76,58431.57,58513.1,1422.9682,2021-11-20 03:59:59.999000+00:00,83418747.3700412,44443,620.13156,36351135.7385717,0
2021-11-20 04:00:00+00:00,58513.1,58596.78,58344.45,58486.71,1040.95912,2021-11-20 04:59:59.999000+00:00,60843058.6550601,36948,491.76733,28743083.6101035,0
2021-11-20 05:00:00+00:00,58486.71,58556.62,58230.0,58400.07,941.6355,2021-11-20 05:59:59.999000+00:00,55017032.5360464,35576,412.89238,24128056.996496,0
2021-11-20 06:00:00+00:00,58400.07,58849.63,58306.48,58635.06,1120.69233,2021-11-20 06:59:59.999000+00:00,65672718.5223367,38864,553.52311,32444159.8534494,0
2021-11-20 07:00:00+00:00,58635.07,58700.0,58350.01,58380.06,872.30752,2021-11-20 07:59:59.999000+00:00,51034035.3484768,35615,361.49513,21150148.9333795,0
2021-11-20 08:00:00+00:00,58380.06,58648.96,58315.75,58461.93,879.5715,2021-11-20 08:59:59.999000+00:00,51428356.3694455,41428,454.19236,26555335.1046512,0
2021-11-20 09:00:00+00:00,58461.93,58650.0,58367.01,58490.19,876.12555,2021-11-20 09:59:59.999000+00:00,51250585.8320721,38532,406.70317,23790522.9242004,0
2021-11-20 10:00:00+00:00,58490.18,58800.0,58350.0,58479.5,1099.28571,2021-11-20 10:59:59.999000+00:00,64351880.5574507,41418,558.89797,32724096.5335497,0
2021-11-20 11:00:00+00:00,58479.49,58674.55,58354.12,58625.67,1037.80448,2021-11-20 11:59:59.999000+00:00,60748241.0996473,40370,459.9959,26928423.0881177,0
2021-11-20 12:00:00+00:00,58625.67,58834.98,58460.0,58562.1,1073.55279,2021-11-20 12:59:59.999000+00:00,62942915.8840194,46244,531.26753,31150560.5298464,0
2021-11-20 13:00:00+00:00,58562.09,58678.0,58373.0,58467.96,946.67832,2021-11-20 13:59:59.999000+00:00,55387584.6091989,39514,414.41693,24247033.9910451,0
2021-11-20 14:00:00+00:00,58467.96,58698.0,58317.9,58340.41,1090.59659,2021-11-20 14:59:59.999000+00:00,63759711.5637894,46222,502.83752,29402675.1462023,0
2021-11-20 15:00:00+00:00,58337.69,58403.0,57483.42,57588.37,3368.42458,2021-11-20 15:59:59.999000+00:00,194839422.2104783,98907,1616.96004,93508674.8448973,0
2021-11-20 16:00:00+00:00,57588.38,57870.5,57353.0,57771.68,1724.66219,2021-11-20 16:59:59.999000+00:00,99405982.0285597,58277,873.88846,50365696.7342977,0
2021-11-20 17:00:00+00:00,57771.68,57942.64,57600.0,57914.49,1143.87602,2021-11-20 17:59:59.999000+00:00,66058547.872058,45818,599.06129,34598821.0743602,0
2021-11-20 18:00:00+00:00,57914.5,59625.0,57813.49,59411.47,4627.29226,2021-11-20 18:59:59.999000+00:00,273301466.80479074,132302,2611.79699,154255781.1666021,0
2021-11-20 19:00:00+00:00,59411.47,59496.89,59207.37,59430.04,1482.20753,2021-11-20 19:59:59.999000+00:00,87964999.0899289,56361,679.63813,40337147.5021739,0
2021-11-20 20:00:00+00:00,59430.04,59538.18,59308.09,59408.03,1135.46499,2021-11-20 20:59:59.999000+00:00,67455253.5344408,40691,483.87577,28746610.3833342,0
2021-11-20 21:00:00+00:00,59408.02,59650.0,59357.21,59592.71,1007.5917,2021-11-20 21:59:59.999000+00:00,59963374.7613038,38975,509.2933,30309486.0523584,0
2021-11-20 22:00:00+00:00,59592.71,59729.68,59504.95,59683.58,968.35346,2021-11-20 22:59:59.999000+00:00,57744824.3672938,42021,472.19892,28157612.2855386,0
2021-11-20 23:00:00+00:00,59683.58,59845.0,59480.86,59707.51,1275.10152,2021-11-20 23:59:59.999000+00:00,76121126.5448647,39388,658.82657,39330970.9337791,0
2021-11-21 00:00:00+00:00,59707.52,59770.78,59276.77,59352.22,1276.16333,2021-11-21 00:59:59.999000+00:00,75963732.4343779,43690,563.00046,33514832.6006127,0
2021-11-21 01:00:00+00:00,59352.22,59461.82,59237.75,59327.87,876.21392,2021-11-21 01:59:59.999000+00:00,51992903.2976357,37876,386.35024,22927228.3033058,0
2021-11-21 02:00:00+00:00,59327.86,59349.99,58688.93,59040.09,1592.01567,2021-11-21 02:59:59.999000+00:00,93991911.6464629,55112,697.03407,41152458.8151196,0
2021-11-21 03:00:00+00:00,59034.94,59183.59,58500.0,58674.67,1396.08199,2021-11-21 03:59:59.999000+00:00,82183814.6358385,44820,680.30536,40065232.832221,0
2021-11-21 04:00:00+00:00,58674.67,58958.87,58562.3,58600.01,949.48141,2021-11-21 04:59:59.999000+00:00,55771167.2900911,37550,445.44257,26164476.5144891,0
2021-11-21 05:00:00+00:00,58600.0,59017.58,58555.0,59017.58,889.82855,2021-11-21 05:59:59.999000+00:00,52303822.0530804,34768,441.52463,25952063.9889481,0
2021-11-21 06:00:00+00:00,59017.58,59238.32,58830.0,59203.41,1207.66245,2021-11-21 06:59:59.999000+00:00,71251373.3830851,41340,609.36221,35954407.4072489,0
2021-11-21 07:00:00+00:00,59203.41,59214.61,58949.47,58982.74,929.46751,2021-11-21 07:59:59.999000+00:00,54896324.6762448,39590,405.76719,23965012.8475646,0
2021-11-21 08:00:00+00:00,58982.74,59102.23,58604.52,58731.45,1246.16774,2021-11-21 08:59:59.999000+00:00,73378897.1151599,57108,554.14711,32640379.8594853,0
2021-11-21 09:00:00+00:00,58731.46,58954.99,58693.08,58902.48,1147.03559,2021-11-21 09:59:59.999000+00:00,67484225.4098633,51806,549.30874,32317581.5185401,0
2021-11-21 10:00:00+00:00,58906.68,58970.53,58486.65,58811.02,1240.11388,2021-11-21 10:59:59.999000+00:00,72856500.212222,53904,565.80337,33244490.5280952,0
2021-11-21 11:00:00+00:00,58811.03,59409.61,58550.0,58692.91,1802.29164,2021-11-21 11:59:59.999000+00:00,106223594.3389239,63656,905.78762,53412637.8527036,0
2021-11-21 12:00:00+00:00,58692.91,59288.61,58657.22,59058.0,1546.87839,2021-11-21 12:59:59.999000+00:00,91357436.9186556,54636,770.61224,45512713.9110814,0
2021-11-21 13:00:00+00:00,59057.99,59083.45,58796.64,58833.25,1259.49142,2021-11-21 13:59:59.999000+00:00,74241188.2321482,51866,556.88067,32826583.4593802,0
2021-11-21 14:00:00+00:00,58833.26,59040.71,58690.43,58895.0,1371.53812,2021-11-21 14:59:59.999000+00:00,80702411.6055511,55348,640.02567,37659718.2679534,0
2021-11-21 15:00:00+00:00,58895.0,59294.88,58800.0,59199.26,1336.37745,2021-11-21 15:59:59.999000+00:00,78932557.5120397,58406,647.16996,38226043.7838533,0
2021-11-21 16:00:00+00:00,59199.26,59983.11,59122.38,59857.69,2871.0975,2021-11-21 16:59:59.999000+00:00,170879899.5945529,80076,1300.57368,77383856.7062591,0
2021-11-21 17:00:00+00:00,59857.68,60029.76,59403.91,59469.6,1875.76459,2021-11-21 17:59:59.999000+00:00,112003651.5930447,67460,918.08981,54831675.0217888,0
2021-11-21 18:00:00+00:00,59469.59,59543.92,59270.0,59436.01,1294.14742,2021-11-21 18:59:59.999000+00:00,76913792.0943982,54107,672.97489,39988034.2275651,0
2021-11-21 19:00:00+00:00,59436.02,59576.93,59212.5,59314.13,1066.41137,2021-11-21 19:59:59.999000+00:00,63312857.8499829,47111,494.18268,29345262.8579026,0
2021-11-21 20:00:00+00:00,59314.12,59696.69,59256.99,59585.0,1025.2967,2021-11-21 20:59:59.999000+00:00,60931135.6483925,50632,491.81709,29229844.5838839,0
2021-11-21 21:00:00+00:00,59587.98,59652.93,59347.63,59472.09,860.88515,2021-11-21 21:59:59.999000+00:00,51211821.0285492,52214,397.19158,23628624.4190771,0
2021-11-21 22:00:00+00:00,59472.1,59515.04,58901.01,59110.33,1120.65451,2021-11-21 22:59:59.999000+00:00,66379250.3651017,58498,428.63268,25392706.8914852,0
2021-11-21 23:00:00+00:00,59110.33,59262.61,58500.0,58622.02,1721.16155,2021-11-21 23:59:59.999000+00:00,101413885.5813063,57645,827.13857,48748288.5082703,0
2021-11-22 00:00:00+00:00,58617.7,58757.14,57963.03,58118.54,3112.00775,2021-11-22 00:59:59.999000+00:00,181317286.044905,86728,1494.4631,87090983.8763985,0
2021-11-22 01:00:00+00:00,58118.54,58244.99,57600.0,58032.61,2069.24922,2021-11-22 01:59:59.999000+00:00,119936192.0181561,73003,941.41063,54579134.3050925,0
2021-11-22 02:00:00+00:00,58032.6,58108.9,57305.0,57683.97,2300.15463,2021-11-22 02:59:59.999000+00:00,132664447.1770613,73765,1028.75216,59330550.1562621,0
2021-11-22 03:00:00+00:00,57683.97,57803.23,56959.07,57383.39,2715.11092,2021-11-22 03:59:59.999000+00:00,155758320.2416422,73027,1441.83628,82652394.9885713,0
2021-11-22 04:00:00+00:00,57383.4,57527.76,57018.82,57047.46,1517.92417,2021-11-22 04:59:59.999000+00:00,86973760.5113227,52183,693.03126,39712966.7829409,0
2021-11-22 05:00:00+00:00,57050.66,57457.43,56766.58,57455.19,1977.2645,2021-11-22 05:59:59.999000+00:00,112935831.2608742,63128,985.40861,56288131.6873284,0
2021-11-22 06:00:00+00:00,57455.19,57473.3,57055.0,57307.63,1355.71506,2021-11-22 06:59:59.999000+00:00,77648033.7516296,48474,616.60626,35319368.5272618,0
2021-11-22 07:00:00+00:00,57307.63,57780.0,57250.34,57259.54,1437.64078,2021-11-22 07:59:59.999000+00:00,82678083.6252882,53812,733.87848,42208439.2931924,0
2021-11-22 08:00:00+00:00,57259.54,57577.43,57236.52,57341.46,1129.83564,2021-11-22 08:59:59.999000+00:00,64857704.2255013,45087,508.31953,29178378.9629381,0
2021-11-22 09:00:00+00:00,57341.47,57830.99,57130.26,57131.02,1297.46769,2021-11-22 09:59:59.999000+00:00,74574184.6593471,48765,621.83071,35743515.6950936,0
2021-11-22 10:00:00+00:00,57131.02,57396.65,56952.35,57362.38,1186.51836,2021-11-22 10:59:59.999000+00:00,67893963.5701106,48830,580.73668,33232230.6925242,0
2021-11-22 11:00:00+00:00,57362.38,57540.66,57141.71,57180.51,1054.67692,2021-11-22 11:59:59.999000+00:00,60530653.4995002,44194,503.65745,28909426.9694236,0
2021-11-22 12:00:00+00:00,57180.52,58063.84,57050.0,57159.42,2584.89032,2021-11-22 12:59:59.999000+00:00,148487820.7851787,77972,1258.75934,72346403.768312,0
2021-11-22 13:00:00+00:00,57159.42,59444.0,56580.01,58853.92,6278.57949,2021-11-22 13:59:59.999000+00:00,365638354.6129592,166196,3364.67858,196037084.4217209,0
2021-11-22 14:00:00+00:00,58853.92,59023.98,58130.0,58244.41,2517.35914,2021-11-22 14:59:59.999000+00:00,147288862.3771296,71663,1120.51495,65575238.5371976,0
2021-11-22 15:00:00+00:00,58247.28,58457.76,57937.03,58194.79,1818.42684,2021-11-22 15:59:59.999000+00:00,105834483.5394658,52913,809.89234,47135853.0099262,0
2021-11-22 16:00:00+00:00,58194.78,58250.0,57620.0,57716.56,1961.24426,2021-11-22 16:59:59.999000+00:00,113559703.8655317,61594,888.32558,51433518.3160955,0
2021-11-22 17:00:00+00:00,57716.56,57776.88,57288.48,57439.62,1520.69259,2021-11-22 17:59:59.999000+00:00,87416416.8309989,51312,722.60816,41538041.4601043,0
2021-11-22 18:00:00+00:00,57439.62,57439.62,56404.66,56440.81,2684.62461,2021-11-22 18:59:59.999000+00:00,152723649.3327497,80794,1110.68609,63205750.5009584,0
2021-11-22 19:00:00+00:00,56440.81,57082.99,55800.0,55993.03,4075.77189,2021-11-22 19:59:59.999000+00:00,229645769.5295278,118876,1909.52752,107629458.293768,0
2021-11-22 20:00:00+00:00,55993.04,56354.65,55680.0,55850.59,2289.42998,2021-11-22 20:59:59.999000+00:00,128325892.3856378,72098,1057.70481,59297919.9871191,0
2021-11-22 21:00:00+00:00,55850.6,56430.66,55610.0,56240.0,2324.39614,2021-11-22 21:59:59.999000+00:00,130053498.1794864,72420,1201.43417,67228266.366612,0
2021-11-22 22:00:00+00:00,56240.01,56711.96,56080.0,56700.02,1315.86097,2021-11-22 22:59:59.999000+00:00,74214483.8434396,48962,654.90396,36939464.5018296,0
2021-11-22 23:00:00+00:00,56700.02,56700.02,56218.06,56247.18,1199.4786,2021-11-22 23:59:59.999000+00:00,67664938.2702129,38972,586.01495,33056041.1109936,0
2021-11-23 00:00:00+00:00,56243.83,56833.74,55971.97,56596.01,1852.75142,2021-11-23 00:59:59.999000+00:00,104555457.2236725,63673,898.76794,50727288.8367777,0
2021-11-23 01:00:00+00:00,56596.0,56989.17,56437.65,56870.87,2076.08424,2021-11-23 01:59:59.999000+00:00,117801507.2558549,54785,1050.43179,59614281.6540953,0
2021-11-23 02:00:00+00:00,56870.87,57001.73,56641.09,56921.71,1968.20676,2021-11-23 02:59:59.999000+00:00,111837195.1666467,50257,904.73539,51402658.8768097,0
2021-11-23 03:00:00+00:00,56921.7,57258.56,56800.0,56947.82,1460.37818,2021-11-23 03:59:59.999000+00:00,83314060.4043114,45344,772.05993,44044144.6490752,0
2021-11-23 04:00:00+00:00,56947.82,57037.06,56773.99,56792.04,1057.82978,2021-11-23 04:59:59.999000+00:00,60235120.7202494,33446,528.98533,30121385.3882651,0
2021-11-23 05:00:00+00:00,56792.03,56866.53,56358.41,56556.02,1815.08993,2021-11-23 05:59:59.999000+00:00,102696606.7061108,52135,913.29393,51669251.585063,0
2021-11-23 06:00:00+00:00,56556.03,56666.13,56204.0,56392.17,1420.15845,2021-11-23 06:59:59.999000+00:00,80114097.2355605,46383,780.7009,44037744.5928133,0
2021-11-23 07:00:00+00:00,56392.17,56412.18,55809.45,56006.74,3212.05963,2021-11-23 07:59:59.999000+00:00,180047381.1260023,70663,1827.83802,102449011.1936896,0
2021-11-23 08:00:00+00:00,56006.74,56416.84,55691.0,56274.3,2408.41195,2021-11-23 08:59:59.999000+00:00,134871139.9601227,68210,1314.40146,73610439.473409,0
2021-11-23 09:00:00+00:00,56274.29,57345.0,55317.0,56622.78,5247.22278,2021-11-23 09:59:59.999000+00:00,296113353.0373549,140541,2576.64936,145541315.006191,0
2021-11-23 10:00:00+00:00,56622.77,58009.99,56249.2,56335.53,4891.81813,2021-11-23 10:59:59.999000+00:00,279490183.4763323,129377,2333.98063,133282167.7915823,0
2021-11-23 11:00:00+00:00,56341.08,56575.63,55944.06,56149.51,1842.51936,2021-11-23 11:59:59.999000+00:00,103609579.2844533,65487,850.79785,47843670.5631919,0
2021-11-23 12:00:00+00:00,56147.19,56447.36,56093.55,56313.84,1430.6086,2021-11-23 12:59:59.999000+00:00,80483806.3999246,55953,705.3174,39679482.8069589,0
2021-11-23 13:00:00+00:00,56314.66,56937.3,56301.37,56789.71,1929.83376,2021-11-23 13:59:59.999000+00:00,109443816.2431658,65871,999.3892,56672157.3332718,0
2021-11-23 14:00:00+00:00,56794.64,57688.0,56595.44,57677.51,3227.24275,2021-11-23 14:59:59.999000+00:00,184117868.3388168,91109,1746.02828,99637664.4144117,0
2021-11-23 15:00:00+00:00,57677.52,57749.5,56827.37,56883.07,2527.61612,2021-11-23 15:59:59.999000+00:00,144787470.7608741,90391,1193.48923,68369295.6260055,0
2021-11-23 16:00:00+00:00,56883.07,57589.0,56883.06,57458.78,2387.00028,2021-11-23 16:59:59.999000+00:00,136723052.3909606,81135,1262.87804,72337653.0042972,0
2021-11-23 17:00:00+00:00,57458.79,57725.0,57217.0,57245.04,1895.056,2021-11-23 17:59:59.999000+00:00,108868250.7407282,71515,1003.13161,57635275.5297893,0
2021-11-23 18:00:00+00:00,57245.03,57580.1,57110.0,57421.01,1211.34748,2021-11-23 18:59:59.999000+00:00,69377676.0103392,58597,590.8975,33844337.0814253,0
2021-11-23 19:00:00+00:00,57421.0,57854.39,57224.13,57778.2,1611.78212,2021-11-23 19:59:59.999000+00:00,92671879.3438216,59306,809.61556,46548816.0568742,0
2021-11-23 20:00:00+00:00,57778.21,57850.01,57380.49,57831.77,1573.18627,2021-11-23 20:59:59.999000+00:00,90595027.9194178,55762,739.52953,42591223.3533304,0
2021-11-23 21:00:00+00:00,57831.77,57849.97,57511.1,57676.06,1027.12397,2021-11-23 21:59:59.999000+00:00,59198925.819987,42942,471.39613,27167088.4955172,0
2021-11-23 22:00:00+00:00,57676.05,57720.0,57411.36,57561.23,988.51183,2021-11-23 22:59:59.999000+00:00,56960624.9960938,42342,511.94029,29501285.9641066,0
2021-11-23 23:00:00+00:00,57561.23,57735.0,57445.14,57541.27,856.01038,2021-11-23 23:59:59.999000+00:00,49296592.9277177,35621,431.39473,24843829.3899096,0
2021-11-24 00:00:00+00:00,57541.26,57735.0,57438.63,57493.89,1156.36576,2021-11-24 00:59:59.999000+00:00,66594343.1698015,41700,528.27546,30426133.7157835,0
2021-11-24 01:00:00+00:00,57493.9,57559.01,57000.19,57038.74,1820.40285,2021-11-24 01:59:59.999000+00:00,104274752.1246124,52895,916.10836,52478275.8197063,0
2021-11-24 02:00:00+00:00,57040.17,57121.2,56136.0,56258.79,2185.23773,2021-11-24 02:59:59.999000+00:00,123544781.1810219,78113,1025.2732,57963994.5988655,0
2021-11-24 03:00:00+00:00,56258.78,56468.05,56217.47,56399.99,1204.80887,2021-11-24 03:59:59.999000+00:00,67902722.7978148,50048,616.19775,34729445.3972885,0
2021-11-24 04:00:00+00:00,56399.99,56766.48,56332.33,56560.02,1118.27504,2021-11-24 04:59:59.999000+00:00,63219851.0052677,51616,533.08222,30138127.4079301,0
2021-11-24 05:00:00+00:00,56560.01,56790.76,56483.12,56596.36,1112.2309,2021-11-24 05:59:59.999000+00:00,62983234.8966426,47013,484.13884,27415826.5470189,0
2021-11-24 06:00:00+00:00,56596.36,56797.02,56214.85,56607.0,1505.3257,2021-11-24 06:59:59.999000+00:00,85017182.3425038,64720,751.75322,42464340.5806792,0
2021-11-24 07:00:00+00:00,56607.0,56702.47,56389.0,56497.47,1238.54469,2021-11-24 07:59:59.999000+00:00,70016179.1967313,46706,573.9463,32443992.5240869,0
2021-11-24 08:00:00+00:00,56497.46,57560.0,56389.0,56849.02,2582.79378,2021-11-24 08:59:59.999000+00:00,146911455.5338562,79441,1483.01807,84402637.3495374,0
2021-11-24 09:00:00+00:00,56849.01,56996.47,56649.93,56682.55,1314.82999,2021-11-24 09:59:59.999000+00:00,74736276.8500562,52245,625.54864,35559646.5988803,0
2021-11-24 10:00:00+00:00,56682.55,56895.64,56408.46,56427.82,1540.59845,2021-11-24 10:59:59.999000+00:00,87240655.8838145,59734,747.88884,42352275.3636895,0
2021-11-24 11:00:00+00:00,56427.82,56759.45,56311.0,56613.63,1169.48957,2021-11-24 11:59:59.999000+00:00,66144074.3049364,49381,578.03338,32694492.6323445,0
2021-11-24 12:00:00+00:00,56613.64,56740.78,56398.87,56436.02,1485.18527,2021-11-24 12:59:59.999000+00:00,83953269.1181444,55355,688.21695,38903754.4344066,0
2021-11-24 13:00:00+00:00,56436.02,56859.48,56004.59,56025.8,2699.32042,2021-11-24 13:59:59.999000+00:00,152190659.2510418,80711,1318.47847,74351793.8784113,0
2021-11-24 14:00:00+00:00,56025.8,56350.0,55837.0,56134.95,2888.60209,2021-11-24 14:59:59.999000+00:00,161952641.1903654,89487,1387.31883,77797282.2999434,0
2021-11-24 15:00:00+00:00,56134.95,57166.23,56072.66,56727.53,3011.10236,2021-11-24 15:59:59.999000+00:00,170316310.4351886,83042,1469.187,83120141.0426141,0
2021-11-24 16:00:00+00:00,56727.53,56866.75,56552.22,56608.82,1590.9396,2021-11-24 16:59:59.999000+00:00,90201407.2159362,60821,772.37215,43791646.0480618,0
2021-11-24 17:00:00+00:00,56608.81,56776.42,56477.01,56546.03,1196.56829,2021-11-24 17:59:59.999000+00:00,67733784.7157316,53780,565.76944,32029025.3230207,0
2021-11-24 18:00:00+00:00,56546.04,57116.46,56512.81,56799.99,1622.16497,2021-11-24 18:59:59.999000+00:00,92186368.9238754,56870,851.92197,48409449.6013039,0
2021-11-24 19:00:00+00:00,56799.98,56893.0,56571.42,56825.13,1199.71656,2021-11-24 19:59:59.999000+00:00,68077838.1500998,50143,596.25798,33836578.5608675,0
2021-11-24 20:00:00+00:00,56825.13,57429.0,56722.0,57388.78,1998.99184,2021-11-24 20:59:59.999000+00:00,114055875.002785,71028,1049.01501,59852516.4828225,0
2021-11-24 21:00:00+00:00,57388.78,57476.03,57180.0,57308.82,1518.79604,2021-11-24 21:59:59.999000+00:00,87090163.2683729,53704,793.94616,45528249.6607368,0
2021-11-24 22:00:00+00:00,57308.82,57450.0,56833.0,56989.83,1226.49314,2021-11-24 22:59:59.999000+00:00,70086324.878868,56429,588.93465,33652357.7786013,0
2021-11-24 23:00:00+00:00,56989.84,57233.99,56957.65,57138.29,1225.26573,2021-11-24 23:59:59.999000+00:00,69944092.8930996,48009,680.4137,38842392.0328683,0
2021-11-25 00:00:00+00:00,57138.29,58270.0,57108.74,58008.06,3694.0173,2021-11-25 00:59:59.999000+00:00,213359151.8611529,108383,2235.47957,129165774.8633704,0
2021-11-25 01:00:00+00:00,58008.06,58270.0,57600.0,57740.4,1881.15163,2021-11-25 01:59:59.999000+00:00,109016432.4822602,59335,816.02564,47295026.5146694,0
2021-11-25 02:00:00+00:00,57740.39,57987.97,57372.15,57717.22,1445.6886,2021-11-25 02:59:59.999000+00:00,83326705.0007188,48255,718.9352,41452506.5140947,0
2021-11-25 03:00:00+00:00,57717.22,57800.0,57504.76,57749.99,928.82042,2021-11-25 03:59:59.999000+00:00,53579928.9953014,41251,425.43266,24543492.7293829,0
2021-11-25 04:00:00+00:00,57749.99,57825.0,57157.89,57237.75,1525.55781,2021-11-25 04:59:59.999000+00:00,87605127.9595794,52515,704.74692,40469232.5251785,0
2021-11-25 05:00:00+00:00,57237.75,57290.9,57000.0,57106.01,1318.25906,2021-11-25 05:59:59.999000+00:00,75320816.4686764,48926,592.48502,33852154.2718059,0
2021-11-25 06:00:00+00:00,57105.48,57350.0,57078.66,57249.4,1375.57486,2021-11-25 06:59:59.999000+00:00,78721160.0196765,47565,653.70155,37409585.5747532,0
2021-11-25 07:00:00+00:00,57249.39,57705.47,57242.45,57648.89,1250.26029,2021-11-25 07:59:59.999000+00:00,71897659.384397,54531,594.19769,34171684.7871651,0
2021-11-25 08:00:00+00:00,57648.9,57925.4,57562.0,57568.07,1393.10366,2021-11-25 08:59:59.999000+00:00,80422392.4718207,62500,652.06392,37640526.3932595,0
2021-11-25 09:00:00+00:00,57568.07,57800.0,57329.75,57760.0,1480.25271,2021-11-25 09:59:59.999000+00:00,85158805.1156165,61373,702.31515,40406241.5483912,0
2021-11-25 10:00:00+00:00,57760.01,58482.66,57720.09,57987.51,3306.92273,2021-11-25 10:59:59.999000+00:00,192216091.56212753,114592,1781.71555,103570541.8869215,0
2021-11-25 11:00:00+00:00,57987.5,58094.63,57818.11,58009.99,1985.69666,2021-11-25 11:59:59.999000+00:00,115031414.886431,63369,984.60313,57039111.5220126,0
2021-11-25 12:00:00+00:00,58009.99,58712.0,57900.16,58654.91,2702.16511,2021-11-25 12:59:59.999000+00:00,157713868.0242541,89471,1507.38783,87982038.3399565,0
2021-11-25 13:00:00+00:00,58654.92,58879.99,58414.3,58548.62,2683.36358,2021-11-25 13:59:59.999000+00:00,157322651.5466233,87163,1343.71836,78781994.8448755,0
2021-11-25 14:00:00+00:00,58548.62,58775.47,58456.9,58712.1,1593.39424,2021-11-25 14:59:59.999000+00:00,93335823.7251209,64906,759.68296,44503834.3502178,0
2021-11-25 15:00:00+00:00,58712.11,59137.76,58578.07,59048.5,2230.11041,2021-11-25 15:59:59.999000+00:00,131204783.0705316,90134,1166.33767,68632281.6610981,0
2021-11-25 16:00:00+00:00,59048.5,59390.0,58832.36,58985.85,2964.02603,2021-11-25 16:59:59.999000+00:00,175273918.3231633,118908,1450.08522,85750805.5136566,0
2021-11-25 17:00:00+00:00,58985.86,59268.28,58974.88,59157.42,1703.30427,2021-11-25 17:59:59.999000+00:00,100706852.054395,79604,839.54603,49637640.8655428,0
2021-11-25 18:00:00+00:00,59157.43,59244.24,58999.03,59116.69,1021.82175,2021-11-25 18:59:59.999000+00:00,60412620.742423,55179,469.65237,27763957.7003004,0
2021-11-25 19:00:00+00:00,59116.7,59265.12,58667.01,58853.83,1423.34848,2021-11-25 19:59:59.999000+00:00,83850209.990528,59796,710.98155,41878300.3142808,0
2021-11-25 20:00:00+00:00,58853.84,59088.69,58806.53,58864.05,1196.70072,2021-11-25 20:59:59.999000+00:00,70538809.1418199,51287,516.77007,30457430.0815692,0
2021-11-25 21:00:00+00:00,58864.05,59050.03,58702.96,58809.31,932.08404,2021-11-25 21:59:59.999000+00:00,54864099.2712065,52593,422.75092,24887103.1589427,0
2021-11-25 22:00:00+00:00,58809.31,58900.01,58519.54,58874.34,917.85548,2021-11-25 22:59:59.999000+00:00,53918143.258436,46689,418.60477,24593358.0335745,0
2021-11-25 23:00:00+00:00,58874.33,59398.9,58778.59,58960.36,1200.03538,2021-11-25 23:59:59.999000+00:00,70861392.3443332,45941,645.58422,38138267.7350749,0
2021-11-26 00:00:00+00:00,58960.37,59150.0,58645.56,58698.42,1514.24122,2021-11-26 00:59:59.999000+00:00,89207335.1207793,57140,710.60273,41854097.9537092,0
2021-11-26 01:00:00+00:00,58694.35,58886.74,58582.28,58597.1,1376.0873,2021-11-26 01:59:59.999000+00:00,80785819.8705646,48661,710.51532,41710285.3754126,0
2021-11-26 02:00:00+00:00,58597.11,58636.82,58141.93,58188.05,1610.32964,2021-11-26 02:59:59.999000+00:00,94076833.9695324,60221,740.41456,43258226.4174275,0
2021-11-26 03:00:00+00:00,58188.05,58215.85,57857.0,57900.91,2223.90693,2021-11-26 03:59:59.999000+00:00,129134032.2258677,65964,1102.58469,64022179.4841967,0
2021-11-26 04:00:00+00:00,57900.9,58013.39,57669.39,57819.58,1548.95546,2021-11-26 04:59:59.999000+00:00,89579306.2570837,57711,738.04147,42685822.1739243,0
2021-11-26 05:00:00+00:00,57819.58,57860.85,57478.62,57839.05,1301.79382,2021-11-26 05:59:59.999000+00:00,75081152.9384611,54487,574.7773,33159590.539441,0
2021-11-26 06:00:00+00:00,57839.05,57920.75,57429.74,57586.52,1107.43218,2021-11-26 06:59:59.999000+00:00,63889830.2475161,50351,545.01124,31444838.2787404,0
2021-11-26 07:00:00+00:00,57586.53,57652.07,56636.57,56957.86,3040.29803,2021-11-26 07:59:59.999000+00:00,173634613.4334583,97528,1403.2189,80137349.5720277,0
2021-11-26 08:00:00+00:00,56966.32,56966.32,54350.0,55210.9,13418.6549,2021-11-26 08:59:59.999000+00:00,745265912.0241545,366733,5883.82371,327181991.3461376,0
2021-11-26 09:00:00+00:00,55210.9,55472.54,54580.01,54874.23,5013.20061,2021-11-26 09:59:59.999000+00:00,276089235.3712203,157344,2369.04886,130496794.105919,0
2021-11-26 10:00:00+00:00,54874.24,54904.0,54304.6,54393.79,4185.29175,2021-11-26 10:59:59.999000+00:00,228621626.5659044,114419,2076.87305,113458722.8272979,0
2021-11-26 11:00:00+00:00,54393.79,54826.8,53680.45,53719.3,5594.04115,2021-11-26 11:59:59.999000+00:00,303157662.2457078,166057,2662.85277,144406365.2094047,0
2021-11-26 12:00:00+00:00,53719.31,54371.77,53500.0,54299.98,4962.65077,2021-11-26 12:59:59.999000+00:00,267636025.62120473,146551,2522.55766,136061120.3452182,0
2021-11-26 13:00:00+00:00,54299.99,54641.71,53960.29,54595.12,2735.58695,2021-11-26 13:59:59.999000+00:00,148427309.5895708,103941,1395.07751,75709643.9586266,0
2021-11-26 14:00:00+00:00,54596.7,54878.38,54288.47,54644.69,3187.71462,2021-11-26 14:59:59.999000+00:00,174081395.6008714,100832,1616.95786,88286817.4949899,0
2021-11-26 15:00:00+00:00,54644.68,54644.69,54212.0,54341.55,1902.39676,2021-11-26 15:59:59.999000+00:00,103525043.5385582,70959,916.00019,49848369.9869862,0
2021-11-26 16:00:00+00:00,54341.54,54567.95,54019.16,54275.13,1943.23159,2021-11-26 16:59:59.999000+00:00,105515692.4516453,70777,903.92945,49085465.9549208,0
2021-11-26 17:00:00+00:00,54274.0,54648.93,54150.0,54212.92,1524.94501,2021-11-26 17:59:59.999000+00:00,82901727.7522071,55357,778.51721,42320688.1525101,0
2021-11-26 18:00:00+00:00,54212.92,54337.07,53927.44,54081.76,1505.6253,2021-11-26 18:59:59.999000+00:00,81504875.8553638,54426,732.56689,39660185.8681777,0
2021-11-26 19:00:00+00:00,54081.76,54446.82,54000.0,54326.76,1140.28048,2021-11-26 19:59:59.999000+00:00,61853184.0333008,41090,528.06863,28646363.2364033,0
2021-11-26 20:00:00+00:00,54326.77,54584.74,54209.86,54515.7,988.35147,2021-11-26 20:59:59.999000+00:00,53722199.1750665,41076,482.52426,26230522.1219654,0
2021-11-26 21:00:00+00:00,54515.7,54568.99,53959.99,53973.04,1161.71683,2021-11-26 21:59:59.999000+00:00,63058856.2780147,46413,494.83849,26871559.0034334,0
2021-11-26 22:00:00+00:00,53973.04,54398.99,53800.0,54062.75,1200.55026,2021-11-26 22:59:59.999000+00:00,64952359.7679955,51004,576.96938,31214870.6404466,0
2021-11-26 23:00:00+00:00,54062.76,54203.76,53521.0,53726.53,1740.58763,2021-11-26 23:59:59.999000+00:00,93651830.4955175,59142,821.69777,44223009.8195795,0
2021-11-27 00:00:00+00:00,53723.72,54641.99,53610.0,54082.72,1882.51474,2021-11-27 00:59:59.999000+00:00,101925272.8335749,69005,931.5861,50440406.5407746,0
2021-11-27 01:00:00+00:00,54082.72,54340.21,53901.0,54146.25,1568.3346,2021-11-27 01:59:59.999000+00:00,84917139.778482,55733,797.32932,43174770.3726922,0
2021-11-27 02:00:00+00:00,54146.25,54512.17,54113.0,54374.25,1251.1652,2021-11-27 02:59:59.999000+00:00,67958014.0681309,46578,613.91162,33345604.93105,0
2021-11-27 03:00:00+00:00,54374.25,54608.22,54262.83,54347.07,1581.79161,2021-11-27 03:59:59.999000+00:00,86125692.600239,44548,635.35286,34592356.4833453,0
2021-11-27 04:00:00+00:00,54347.06,54613.84,54261.76,54476.58,1269.76452,2021-11-27 04:59:59.999000+00:00,69143205.7380901,41850,610.42472,33242247.3317852,0
2021-11-27 05:00:00+00:00,54476.58,54540.02,54250.0,54250.01,848.28401,2021-11-27 05:59:59.999000+00:00,46149273.8292849,37866,367.05694,19972844.074727,0
2021-11-27 06:00:00+00:00,54250.01,54479.69,54200.0,54235.55,913.17755,2021-11-27 06:59:59.999000+00:00,49613964.4863269,43816,438.25088,23811752.5738377,0
2021-11-27 07:00:00+00:00,54235.55,54462.08,54208.78,54394.56,836.07262,2021-11-27 07:59:59.999000+00:00,45423269.1404167,37340,401.5238,21815750.7848803,0
2021-11-27 08:00:00+00:00,54394.55,55280.0,54394.55,55055.65,2506.45456,2021-11-27 08:59:59.999000+00:00,137749407.1496143,77842,1274.73192,70041121.0651261,0
2021-11-27 09:00:00+00:00,55055.64,55169.86,54582.55,54585.65,1353.56659,2021-11-27 09:59:59.999000+00:00,74353326.7425958,51215,571.226,31373099.4322428,0
2021-11-27 10:00:00+00:00,54585.65,54917.15,54300.0,54725.62,1196.79012,2021-11-27 10:59:59.999000+00:00,65340491.1090422,47860,558.04069,30466691.1363335,0
2021-11-27 11:00:00+00:00,54725.62,54984.34,54524.0,54605.73,1012.59435,2021-11-27 11:59:59.999000+00:00,55428172.486208,43628,490.97035,26874905.9882984,0
2021-11-27 12:00:00+00:00,54605.73,54832.14,54500.0,54725.73,802.60931,2021-11-27 12:59:59.999000+00:00,43867872.6048702,40324,397.72164,21739036.4852502,0
2021-11-27 13:00:00+00:00,54725.73,55207.54,54659.78,54979.92,1256.63115,2021-11-27 13:59:59.999000+00:00,69103687.3229962,50906,598.20655,32894050.0577175,0
2021-11-27 14:00:00+00:00,54979.92,55223.0,54685.1,54718.45,1168.25558,2021-11-27 14:59:59.999000+00:00,64223392.2930561,45375,595.89259,32761861.2822651,0
2021-11-27 15:00:00+00:00,54718.46,55009.81,54612.74,54898.22,830.29361,2021-11-27 15:59:59.999000+00:00,45519281.8809368,41117,412.54207,22617529.4702599,0
2021-11-27 16:00:00+00:00,54898.23,55224.44,54802.2,54902.02,1308.09152,2021-11-27 16:59:59.999000+00:00,72003139.6631351,49308,728.8047,40123497.8125597,0
2021-11-27 17:00:00+00:00,54902.02,55123.01,54812.01,54900.66,1447.66435,2021-11-27 17:59:59.999000+00:00,79569964.7743831,43893,877.63571,48240532.41601,0
2021-11-27 18:00:00+00:00,54900.66,55045.61,54651.0,54976.9,1240.52654,2021-11-27 18:59:59.999000+00:00,68002765.5189776,42678,700.71785,38406143.7097898,0
2021-11-27 19:00:00+00:00,54976.9,54999.0,54832.01,54935.91,571.96144,2021-11-27 19:59:59.999000+00:00,31415983.7794171,30408,260.2938,14297313.6973653,0
2021-11-27 20:00:00+00:00,54935.91,55065.0,54134.59,54254.59,1706.93376,2021-11-27 20:59:59.999000+00:00,93063477.2318095,53452,759.08793,41412342.8866329,0
2021-11-27 21:00:00+00:00,54254.59,54677.0,54011.01,54571.62,1515.40471,2021-11-27 21:59:59.999000+00:00,82158112.9452125,47176,640.9306,34769338.7114685,0
2021-11-27 22:00:00+00:00,54571.62,54961.38,54504.24,54835.45,759.0484,2021-11-27 22:59:59.999000+00:00,41552008.5836885,34973,356.13206,19494192.1754776,0
2021-11-27 23:00:00+00:00,54835.44,54895.05,54360.79,54721.03,889.06873,2021-11-27 23:59:59.999000+00:00,48566206.9312433,33254,444.56731,24284151.4949593,0
2021-11-28 00:00:00+00:00,54716.47,54821.0,54268.77,54660.03,1468.12328,2021-11-28 00:59:59.999000+00:00,80183883.7917666,43899,759.45462,41478959.200698,0
2021-11-28 01:00:00+00:00,54660.03,54724.99,54097.5,54220.21,1685.46794,2021-11-28 01:59:59.999000+00:00,91614759.8025706,50270,737.45755,40082883.8549864,0
2021-11-28 02:00:00+00:00,54220.21,54379.31,53666.6,54357.95,2696.78471,2021-11-28 02:59:59.999000+00:00,145790674.5691302,82821,1352.39727,73117864.7857864,0
2021-11-28 03:00:00+00:00,54357.95,54433.49,54020.06,54137.31,1194.16491,2021-11-28 03:59:59.999000+00:00,64774201.1021095,41353,575.38185,31205908.1413124,0
2021-11-28 04:00:00+00:00,54137.31,54207.72,53923.04,54049.56,1094.45882,2021-11-28 04:59:59.999000+00:00,59167367.667539,41358,580.86669,31398760.5550713,0
2021-11-28 05:00:00+00:00,54047.46,54387.15,53970.58,54377.42,870.19017,2021-11-28 05:59:59.999000+00:00,47184602.5805247,34867,434.99457,23586093.6314451,0
2021-11-28 06:00:00+00:00,54377.42,54590.48,54173.81,54475.96,787.06509,2021-11-28 06:59:59.999000+00:00,42814209.323844,33780,418.35525,22755691.4053758,0
2021-11-28 07:00:00+00:00,54475.97,54636.65,54396.33,54515.61,985.20489,2021-11-28 07:59:59.999000+00:00,53687364.4492534,36026,513.13672,27966152.5349631,0
2021-11-28 08:00:00+00:00,54515.6,54682.9,54231.92,54396.2,823.84063,2021-11-28 08:59:59.999000+00:00,44822246.9429761,32618,394.4851,21467242.1911959,0
2021-11-28 09:00:00+00:00,54393.87,54475.0,54130.72,54335.8,765.6928,2021-11-28 09:59:59.999000+00:00,41561148.7253275,34612,378.61095,20551479.9780118,0
2021-11-28 10:00:00+00:00,54335.8,54933.8,54184.6,54718.15,1028.53328,2021-11-28 10:59:59.999000+00:00,56099779.9258877,41646,542.55061,29588417.6491937,0
2021-11-28 11:00:00+00:00,54718.15,54875.0,54425.27,54493.09,1030.39011,2021-11-28 11:59:59.999000+00:00,56272647.5967826,36299,506.80191,27684078.2577313,0
2021-11-28 12:00:00+00:00,54493.1,54635.52,54263.16,54356.62,909.92581,2021-11-28 12:59:59.999000+00:00,49524166.6822908,42879,460.66418,25072961.0733497,0
2021-11-28 13:00:00+00:00,54356.62,54396.33,54203.13,54274.2,777.65959,2021-11-28 13:59:59.999000+00:00,42215169.2576631,37518,373.67441,20285471.2956551,0
2021-11-28 14:00:00+00:00,54274.2,54555.0,54029.99,54365.0,1130.33676,2021-11-28 14:59:59.999000+00:00,61372885.0760562,42454,513.15818,27881567.6360948,0
2021-11-28 15:00:00+00:00,54365.0,54450.0,54169.84,54296.14,753.76788,2021-11-28 15:59:59.999000+00:00,40934287.8670724,34197,363.73079,19753808.5291938,0
2021-11-28 16:00:00+00:00,54296.14,54373.0,53942.01,54188.43,1277.09931,2021-11-28 16:59:59.999000+00:00,69125108.861143,51495,636.01494,34423072.7638755,0
2021-11-28 17:00:00+00:00,54188.43,54287.25,53800.0,53896.37,1358.34476,2021-11-28 17:59:59.999000+00:00,73338193.7693046,56374,588.86792,31799983.5634641,0
2021-11-28 18:00:00+00:00,53896.36,54186.17,53256.64,54108.99,2958.1331,2021-11-28 18:59:59.999000+00:00,158995079.3963325,90424,1473.57777,79236207.415309,0
2021-11-28 19:00:00+00:00,54108.99,54967.5,54044.98,54617.85,2249.22593,2021-11-28 19:59:59.999000+00:00,122771631.5984028,63291,1173.0516,64014078.5916778,0
2021-11-28 20:00:00+00:00,54617.85,55149.99,54617.84,54918.51,1304.77195,2021-11-28 20:59:59.999000+00:00,71598414.4484287,45765,746.24155,40948287.903667,0
2021-11-28 21:00:00+00:00,54918.51,56390.0,54863.01,56273.23,3117.97195,2021-11-28 21:59:59.999000+00:00,173664856.2552476,94884,1822.67182,101500257.2442776,0
2021-11-28 22:00:00+00:00,56273.23,56729.72,56023.01,56029.82,2427.7725,2021-11-28 22:59:59.999000+00:00,136925605.7228238,86653,1214.8261,68524696.120017,0
2021-11-28 23:00:00+00:00,56029.81,57445.05,56000.0,57274.88,3468.78753,2021-11-28 23:59:59.999000+00:00,197760088.1203575,97925,1959.7275,111749292.2724116,0
2021-11-29 00:00:00+00:00,57274.89,58000.15,57136.56,57765.73,3073.53448,2021-11-29 00:59:59.999000+00:00,176976329.6107537,92755,1579.20674,90923654.505696,0
2021-11-29 01:00:00+00:00,57765.73,58242.09,57501.99,57639.76,2729.83473,2021-11-29 01:59:59.999000+00:00,157733986.7057153,80510,1411.72786,81579162.205944,0
2021-11-29 02:00:00+00:00,57643.14,57715.42,57269.72,57309.25,1769.14605,2021-11-29 02:59:59.999000+00:00,101764637.8033753,60233,832.80233,47904900.9994983,0
2021-11-29 03:00:00+00:00,57309.26,57426.95,57176.0,57359.02,1648.17893,2021-11-29 03:59:59.999000+00:00,94468428.8528072,50675,856.76286,49106122.9025751,0
2021-11-29 04:00:00+00:00,57359.02,57642.93,57232.0,57249.58,1358.97577,2021-11-29 04:59:59.999000+00:00,78030794.9126273,40955,668.78889,38405512.2125893,0
2021-11-29 05:00:00+00:00,57249.58,57384.99,57200.0,57325.75,801.75118,2021-11-29 05:59:59.999000+00:00,45923126.5246301,36158,389.36542,22302271.8431251,0
2021-11-29 06:00:00+00:00,57325.76,57500.63,57309.65,57426.91,1002.852,2021-11-29 06:59:59.999000+00:00,57574342.9771325,40984,516.66817,29661806.3829371,0
2021-11-29 07:00:00+00:00,57426.92,57688.0,57390.0,57515.13,1047.26743,2021-11-29 07:59:59.999000+00:00,60268727.5496619,45437,565.01608,32517688.6679162,0
2021-11-29 08:00:00+00:00,57512.17,57642.85,57167.14,57250.09,1016.75223,2021-11-29 08:59:59.999000+00:00,58311432.187274,42445,471.05412,27019265.1227203,0
2021-11-29 09:00:00+00:00,57250.09,57400.0,56666.67,56871.48,1680.13956,2021-11-29 09:59:59.999000+00:00,95816149.3578056,60148,756.20705,43113091.8614875,0
2021-11-29 10:00:00+00:00,56871.48,57387.87,56800.0,57170.5,1569.1619,2021-11-29 10:59:59.999000+00:00,89543065.4650964,52226,861.68589,49167809.8481938,0
2021-11-29 11:00:00+00:00,57170.49,57300.0,56861.82,56883.29,1116.22353,2021-11-29 11:59:59.999000+00:00,63723134.4785412,41768,473.42771,27030161.7844235,0
2021-11-29 12:00:00+00:00,56883.29,57100.0,56850.0,56900.01,1089.55474,2021-11-29 12:59:59.999000+00:00,62065821.3181279,36638,509.81798,29041282.7576513,0
2021-11-29 13:00:00+00:00,56900.01,57500.0,56860.0,57293.88,2107.54097,2021-11-29 13:59:59.999000+00:00,120579822.021612,66749,1073.97416,61464457.7636258,0
2021-11-29 14:00:00+00:00,57293.87,57430.0,56931.92,57031.09,1233.61584,2021-11-29 14:59:59.999000+00:00,70488620.8253636,47980,556.08594,31786918.9481936,0
2021-11-29 15:00:00+00:00,57031.09,57140.0,56799.21,57125.93,1264.98031,2021-11-29 15:59:59.999000+00:00,72046187.4791597,46701,607.97481,34635351.6948859,0
2021-11-29 16:00:00+00:00,57125.93,57492.32,57000.01,57467.8,1508.57424,2021-11-29 16:59:59.999000+00:00,86317654.1554856,52635,793.65382,45415809.7102761,0
2021-11-29 17:00:00+00:00,57467.79,58776.98,57407.26,58621.72,5092.74673,2021-11-29 17:59:59.999000+00:00,296936798.7649062,133408,2170.24215,126507910.0608198,0
2021-11-29 18:00:00+00:00,58621.73,58865.97,58479.79,58633.12,1676.96101,2021-11-29 18:59:59.999000+00:00,98345873.7980836,58002,901.86967,52899355.5445278,0
2021-11-29 19:00:00+00:00,58633.12,58654.55,57777.14,57880.67,2189.10131,2021-11-29 19:59:59.999000+00:00,127392422.7636582,67616,1028.02889,59801237.7305489,0
2021-11-29 20:00:00+00:00,57880.67,58249.99,57703.57,58038.63,1210.67577,2021-11-29 20:59:59.999000+00:00,70219973.0643989,43703,615.0662,35672221.2866715,0
2021-11-29 21:00:00+00:00,58034.21,58400.0,57987.82,58247.18,1430.54047,2021-11-29 21:59:59.999000+00:00,83292619.7166617,46921,618.01561,35984089.1169795,0
2021-11-29 22:00:00+00:00,58247.17,58353.01,58020.25,58048.28,1303.51091,2021-11-29 22:59:59.999000+00:00,75860631.8871301,62571,638.43524,37152628.3592011,0
2021-11-29 23:00:00+00:00,58048.27,58099.64,57667.0,57776.25,1203.66,2021-11-29 23:59:59.999000+00:00,69690765.8935351,42407,624.37279,36148273.2417641,0
2021-11-30 00:00:00+00:00,57776.25,57964.18,57515.38,57707.38,1404.65505,2021-11-30 00:59:59.999000+00:00,81068795.445012,51512,708.93079,40916302.5479099,0
2021-11-30 01:00:00+00:00,57707.38,57775.7,57036.54,57260.06,2307.00578,2021-11-30 01:59:59.999000+00:00,132259997.603918,66416,1104.05329,63289953.6421783,0
2021-11-30 02:00:00+00:00,57260.05,57512.41,57215.13,57357.85,1058.06476,2021-11-30 02:59:59.999000+00:00,60705427.3658702,35866,477.86472,27418461.9122507,0
2021-11-30 03:00:00+00:00,57357.86,57414.11,56770.01,57092.92,1577.44633,2021-11-30 03:59:59.999000+00:00,90033474.8687964,54487,734.97145,41953924.4836765,0
2021-11-30 04:00:00+00:00,57092.91,57277.33,56983.97,57205.0,928.50736,2021-11-30 04:59:59.999000+00:00,53049715.1454172,37265,450.93599,25765119.8185087,0
2021-11-30 05:00:00+00:00,57205.0,57282.11,56280.37,56286.07,1646.18148,2021-11-30 05:59:59.999000+00:00,93417224.7041765,59247,736.39683,41802483.0640027,0
2021-11-30 06:00:00+00:00,56297.88,56561.36,55875.55,56534.19,2129.37603,2021-11-30 06:59:59.999000+00:00,119718235.0381024,68054,1023.25987,57535298.379803,0
2021-11-30 07:00:00+00:00,56534.2,56767.78,56212.12,56510.08,1453.39744,2021-11-30 07:59:59.999000+00:00,82142833.9041116,51304,593.84362,33565878.3713072,0
2021-11-30 08:00:00+00:00,56510.08,57386.58,56236.54,56762.0,2150.46777,2021-11-30 08:59:59.999000+00:00,122053174.7694943,67634,1027.60089,58352681.1608488,0
2021-11-30 09:00:00+00:00,56762.0,57001.77,56260.0,56729.15,1429.42164,2021-11-30 09:59:59.999000+00:00,80946906.9790554,56167,635.69733,36010779.9889212,0
2021-11-30 10:00:00+00:00,56729.15,57224.13,56561.44,57141.94,1468.39214,2021-11-30 10:59:59.999000+00:00,83543218.5320991,47019,754.53313,42932505.7249308,0
2021-11-30 11:00:00+00:00,57141.94,57713.91,56904.61,57602.45,2371.43591,2021-11-30 11:59:59.999000+00:00,136087051.8391059,74425,1103.04399,63292145.0900588,0
2021-11-30 12:00:00+00:00,57602.45,58314.2,57596.74,57819.22,2886.71124,2021-11-30 12:59:59.999000+00:00,167455958.2535227,90365,1531.54671,88834928.231206,0
2021-11-30 13:00:00+00:00,57819.22,58349.87,57613.79,58316.91,2358.88823,2021-11-30 13:59:59.999000+00:00,136985876.4093391,71767,1232.70319,71590078.5578421,0
2021-11-30 14:00:00+00:00,58316.91,58545.41,58039.61,58397.74,2915.21447,2021-11-30 14:59:59.999000+00:00,169917266.8543277,79548,1443.4083,84152424.8349107,0
2021-11-30 15:00:00+00:00,58397.74,59176.99,57102.05,57238.84,5729.92201,2021-11-30 15:59:59.999000+00:00,335297928.6203323,170372,2933.30319,171759168.7229758,0
2021-11-30 16:00:00+00:00,57233.8,57749.99,56506.72,56777.38,5851.47177,2021-11-30 16:59:59.999000+00:00,334177328.855293,151392,2715.50556,155127683.6095712,0
2021-11-30 17:00:00+00:00,56777.38,57598.22,56500.0,57370.94,1892.02116,2021-11-30 17:59:59.999000+00:00,107875867.5734791,67534,948.83598,54106477.9475528,0
2021-11-30 18:00:00+00:00,57370.95,58380.41,57197.06,58319.92,1763.41739,2021-11-30 18:59:59.999000+00:00,101792086.177057,65751,920.77731,53146722.2907107,0
2021-11-30 19:00:00+00:00,58319.92,58334.0,57381.62,57629.99,1454.49978,2021-11-30 19:59:59.999000+00:00,84053246.1206843,55562,685.316,39591295.8652879,0
2021-11-30 20:00:00+00:00,57629.99,57754.63,57193.17,57400.41,1104.11329,2021-11-30 20:59:59.999000+00:00,63429680.3062542,44314,498.46546,28639099.9824303,0
2021-11-30 21:00:00+00:00,57400.41,57786.08,56850.0,57097.79,1452.77571,2021-11-30 21:59:59.999000+00:00,83171410.8927589,47424,715.08115,40953426.6830944,0
2021-11-30 22:00:00+00:00,57097.8,57534.54,57000.78,57267.91,723.32185,2021-11-30 22:59:59.999000+00:00,41431240.2891742,34411,369.45531,21164547.8860684,0
2021-11-30 23:00:00+00:00,57267.9,57424.23,56762.39,56950.56,1104.34335,2021-11-30 23:59:59.999000+00:00,63030126.4745234,39636,522.27281,29819033.4595811,0
2021-12-01 00:00:00+00:00,56950.56,57686.12,56630.0,57577.07,1693.73069,2021-12-01 00:59:59.999000+00:00,97020123.3622997,55827,888.92002,50916209.6176384,0
2021-12-01 01:00:00+00:00,57577.07,57577.08,56920.0,56994.58,1421.09313,2021-12-01 01:59:59.999000+00:00,81238888.3800842,42248,663.40719,37924732.8861664,0
2021-12-01 02:00:00+00:00,56990.52,57362.68,56800.0,57261.52,1374.00141,2021-12-01 02:59:59.999000+00:00,78353882.3464764,44466,652.58322,37210499.646606,0
2021-12-01 03:00:00+00:00,57261.51,57390.0,57001.0,57362.01,1450.97727,2021-12-01 03:59:59.999000+00:00,82996628.8118849,47331,756.09762,43254443.2784076,0
2021-12-01 04:00:00+00:00,57362.04,57415.16,56977.59,57054.36,1196.44262,2021-12-01 04:59:59.999000+00:00,68403909.8894572,42398,537.68725,30748992.3518771,0
2021-12-01 05:00:00+00:00,57054.35,57130.76,56725.0,56782.01,1092.52965,2021-12-01 05:59:59.999000+00:00,62160376.0390214,45410,496.65498,28259316.2962422,0
2021-12-01 06:00:00+00:00,56782.0,57098.93,56666.66,56933.02,984.42796,2021-12-01 06:59:59.999000+00:00,56016291.3369232,41525,485.42385,27625175.1949991,0
2021-12-01 07:00:00+00:00,56933.02,57300.0,56819.0,57163.87,1602.92155,2021-12-01 07:59:59.999000+00:00,91540891.6424682,47601,866.32386,49470150.0659057,0
2021-12-01 08:00:00+00:00,57163.87,57850.0,56800.0,56901.64,2926.22235,2021-12-01 08:59:59.999000+00:00,167647317.5321337,85999,1475.00124,84494740.9943764,0
2021-12-01 09:00:00+00:00,56907.34,57182.99,56717.22,57099.39,1670.94948,2021-12-01 09:59:59.999000+00:00,95195162.0803117,52464,842.66539,48004306.2245293,0
2021-12-01 10:00:00+00:00,57099.38,57176.52,56821.63,56963.48,1504.19776,2021-12-01 10:59:59.999000+00:00,85784100.3066521,49041,622.07473,35479560.7444721,0
2021-12-01 11:00:00+00:00,56963.49,57223.01,56758.87,57157.93,1693.80067,2021-12-01 11:59:59.999000+00:00,96425965.738121,56347,791.43482,45057778.9936305,0
2021-12-01 12:00:00+00:00,57160.66,57384.75,57000.0,57100.2,1270.35169,2021-12-01 12:59:59.999000+00:00,72640232.8831076,48691,642.7138,36753109.5000265,0
2021-12-01 13:00:00+00:00,57100.2,57925.0,57038.64,57646.5,2362.16573,2021-12-01 13:59:59.999000+00:00,135877897.4867542,76958,1211.77124,69689528.4580646,0
2021-12-01 14:00:00+00:00,57646.49,58743.4,57639.62,58536.42,4327.73583,2021-12-01 14:59:59.999000+00:00,252243869.90606448,113685,2100.87513,122420739.1479724,0
2021-12-01 15:00:00+00:00,58536.41,58819.45,58275.03,58614.49,2819.95517,2021-12-01 15:59:59.999000+00:00,165086843.249795,81436,1360.2155,79628352.2534261,0
2021-12-01 16:00:00+00:00,58614.49,59053.55,58400.0,58430.46,2823.23899,2021-12-01 16:59:59.999000+00:00,165945276.9331808,85130,1354.05798,79601798.7422115,0
2021-12-01 17:00:00+00:00,58430.45,58587.13,57958.02,57994.96,1727.5404,2021-12-01 17:59:59.999000+00:00,100780467.9125673,65465,744.15151,43415942.7649948,0
2021-12-01 18:00:00+00:00,57994.97,58107.0,57400.0,57461.32,2227.49797,2021-12-01 18:59:59.999000+00:00,128586890.4546798,74238,1041.14112,60113625.2826837,0
2021-12-01 19:00:00+00:00,57461.32,57693.0,57000.89,57427.9,2195.92568,2021-12-01 19:59:59.999000+00:00,125914104.1398839,65700,1149.65911,65935492.8574015,0
2021-12-01 20:00:00+00:00,57427.91,57459.36,56618.72,56788.54,2491.72332,2021-12-01 20:59:59.999000+00:00,141985962.9565867,71647,986.26573,56216842.348714,0
2021-12-01 21:00:00+00:00,56788.54,57030.14,56458.01,56987.82,2077.66375,2021-12-01 21:59:59.999000+00:00,117822020.8685553,66395,894.62581,50741220.4474288,0
2021-12-01 22:00:00+00:00,56987.82,57140.06,56633.32,57057.38,1171.0012,2021-12-01 22:59:59.999000+00:00,66681458.1745252,47558,545.53659,31060716.6045509,0
2021-12-01 23:00:00+00:00,57057.39,57244.11,56977.7,57184.07,850.54229,2021-12-01 23:59:59.999000+00:00,48580151.6442084,34741,392.00694,22391130.2065271,0
2021-12-02 00:00:00+00:00,57184.07,57195.67,56686.0,57009.29,1637.92321,2021-12-02 00:59:59.999000+00:00,93303399.9948377,51068,804.50687,45829980.1116995,0
2021-12-02 01:00:00+00:00,57009.3,57375.47,56780.0,57201.41,1307.32909,2021-12-02 01:59:59.999000+00:00,74650414.9205285,44675,654.4192,37369797.2907034,0
2021-12-02 02:00:00+00:00,57201.4,57221.73,56821.65,56950.36,1361.92224,2021-12-02 02:59:59.999000+00:00,77611593.2201918,43928,640.38017,36492518.0173769,0
2021-12-02 03:00:00+00:00,56954.34,56954.34,55777.77,56300.12,4289.531,2021-12-02 03:59:59.999000+00:00,241058987.021167,111302,1881.90168,105747957.1659286,0
2021-12-02 04:00:00+00:00,56300.12,56666.0,56219.58,56475.01,1376.15536,2021-12-02 04:59:59.999000+00:00,77728279.7328625,45420,643.12815,36324034.6126557,0
2021-12-02 05:00:00+00:00,56475.0,56976.25,56465.08,56907.99,1483.14396,2021-12-02 05:59:59.999000+00:00,84248507.0961622,45871,760.17518,43181004.4768777,0
2021-12-02 06:00:00+00:00,56907.99,56908.0,56341.3,56653.05,1376.65045,2021-12-02 06:59:59.999000+00:00,77927894.4984643,43554,670.83868,37967698.2426823,0
2021-12-02 07:00:00+00:00,56653.05,56961.43,56592.34,56810.43,1021.63219,2021-12-02 07:59:59.999000+00:00,58024294.9001387,37003,554.61994,31499239.7774156,0
2021-12-02 08:00:00+00:00,56810.42,57175.65,56738.92,56944.94,1422.86646,2021-12-02 08:59:59.999000+00:00,81043080.0069031,47537,748.57447,42636961.8407896,0
2021-12-02 09:00:00+00:00,56944.93,57088.3,56567.97,56683.64,1432.37223,2021-12-02 09:59:59.999000+00:00,81332451.7962087,43831,741.79416,42116174.8006999,0
2021-12-02 10:00:00+00:00,56683.64,56788.0,56420.83,56553.26,940.37011,2021-12-02 10:59:59.999000+00:00,53202395.9258574,38407,460.41775,26048141.9407351,0
2021-12-02 11:00:00+00:00,56547.88,56638.07,56038.15,56314.2,1961.97943,2021-12-02 11:59:59.999000+00:00,110510810.586883,59810,1008.46682,56816037.4295578,0
2021-12-02 12:00:00+00:00,56309.51,56590.02,56012.82,56521.12,1431.97974,2021-12-02 12:59:59.999000+00:00,80632509.4691186,51797,711.69277,40072058.7606839,0
2021-12-02 13:00:00+00:00,56521.13,56629.04,56062.0,56450.65,1485.36138,2021-12-02 13:59:59.999000+00:00,83682010.4745961,61282,730.30491,41144988.653885,0
2021-12-02 14:00:00+00:00,56450.66,57188.32,56306.0,57097.76,2053.82858,2021-12-02 14:59:59.999000+00:00,116599667.9563002,69104,1044.46758,59301515.8719327,0
2021-12-02 15:00:00+00:00,57097.77,57367.67,56105.59,56520.81,2509.35757,2021-12-02 15:59:59.999000+00:00,142194042.2687587,87317,1168.42798,66206452.6644612,0
2021-12-02 16:00:00+00:00,56516.95,56719.02,56001.0,56329.0,2264.38213,2021-12-02 16:59:59.999000+00:00,127516675.534853,80675,1149.97925,64784667.6097571,0
2021-12-02 17:00:00+00:00,56329.0,56668.0,56265.0,56576.78,1470.92783,2021-12-02 17:59:59.999000+00:00,83106224.9856532,67424,749.01957,42318270.842252,0
2021-12-02 18:00:00+00:00,56576.77,56737.99,56133.07,56719.45,1309.16626,2021-12-02 18:59:59.999000+00:00,73871838.6196579,57368,621.86434,35089601.7811932,0
2021-12-02 19:00:00+00:00,56719.46,56945.52,56501.41,56616.28,1369.1762,2021-12-02 19:59:59.999000+00:00,77696741.9936056,53453,647.56295,36746345.506997,0
2021-12-02 20:00:00+00:00,56616.27,57221.0,56540.0,57028.13,1528.94011,2021-12-02 20:59:59.999000+00:00,87065624.2721372,52235,731.77192,41672049.0292286,0
2021-12-02 21:00:00+00:00,57028.12,57034.2,56772.16,56858.71,811.28852,2021-12-02 21:59:59.999000+00:00,46155891.4918764,35135,408.20755,23222815.3982663,0
2021-12-02 22:00:00+00:00,56858.7,56918.35,56601.0,56841.7,699.4926,2021-12-02 22:59:59.999000+00:00,39704380.5710432,38559,355.57583,20183263.680921,0
2021-12-02 23:00:00+00:00,56841.7,56917.3,56365.0,56480.34,1028.28311,2021-12-02 23:59:59.999000+00:00,58242384.7695045,41135,487.37746,27595319.0434271,0
2021-12-03 00:00:00+00:00,56484.26,56772.24,56419.09,56513.44,847.92592,2021-12-03 00:59:59.999000+00:00,47961754.2404417,38950,419.37439,23721880.3718598,0
2021-12-03 01:00:00+00:00,56513.44,56727.18,56354.68,56494.53,1051.81425,2021-12-03 01:59:59.999000+00:00,59455722.1169016,38521,463.83994,26223271.3414592,0
2021-12-03 02:00:00+00:00,56494.53,56576.52,56050.81,56257.75,1394.465,2021-12-03 02:59:59.999000+00:00,78527966.936788,47525,615.38987,34662690.918522,0
2021-12-03 03:00:00+00:00,56257.74,56528.81,56089.0,56323.01,1113.47353,2021-12-03 03:59:59.999000+00:00,62692560.1967279,40282,544.25859,30645586.6319146,0
2021-12-03 04:00:00+00:00,56318.89,56700.0,56229.98,56587.4,1318.86346,2021-12-03 04:59:59.999000+00:00,74522010.5462171,42570,622.49812,35183726.0724188,0
2021-12-03 05:00:00+00:00,56587.4,57045.44,56407.0,56725.86,1601.70588,2021-12-03 05:59:59.999000+00:00,90847351.8198687,51298,907.87384,51501268.1399644,0
2021-12-03 06:00:00+00:00,56725.86,56967.17,56664.71,56847.26,1231.23571,2021-12-03 06:59:59.999000+00:00,69930742.7311949,44635,622.98259,35384169.2019242,0
2021-12-03 07:00:00+00:00,56847.27,56971.05,56616.97,56733.69,1048.6481,2021-12-03 07:59:59.999000+00:00,59551497.014077,38877,513.04266,29134685.4128918,0
2021-12-03 08:00:00+00:00,56733.7,56808.87,56454.47,56581.05,1091.51342,2021-12-03 08:59:59.999000+00:00,61788873.337391,42858,556.20168,31488080.0236429,0
2021-12-03 09:00:00+00:00,56581.05,56849.58,56426.35,56815.6,993.93002,2021-12-03 09:59:59.999000+00:00,56244986.7812966,37613,495.49589,28034659.4448805,0
2021-12-03 10:00:00+00:00,56815.6,57330.0,56664.27,56826.79,2310.33268,2021-12-03 10:59:59.999000+00:00,131649542.6411588,72709,1181.80819,67347577.7697047,0
2021-12-03 11:00:00+00:00,56826.8,57155.7,56800.0,56959.77,1353.2559,2021-12-03 11:59:59.999000+00:00,77096186.3168075,54409,670.66555,38207270.5954083,0
2021-12-03 12:00:00+00:00,56959.77,57187.63,56747.36,56789.77,1454.34552,2021-12-03 12:59:59.999000+00:00,82826793.3877752,58137,706.32526,40226812.4978859,0
2021-12-03 13:00:00+00:00,56789.76,57600.0,56731.09,56863.2,2579.64507,2021-12-03 13:59:59.999000+00:00,147287110.6416699,91642,1359.6081,77652904.8313501,0
2021-12-03 14:00:00+00:00,56863.2,56944.52,56162.03,56239.08,2381.18845,2021-12-03 14:59:59.999000+00:00,134675768.2843548,84272,1012.91947,57320061.4569277,0
2021-12-03 15:00:00+00:00,56239.08,56351.17,55722.0,55975.32,3168.36913,2021-12-03 15:59:59.999000+00:00,177678077.585214,102770,1450.93989,81388308.2426266,0
2021-12-03 16:00:00+00:00,55975.33,55975.33,54853.21,55000.0,5694.93316,2021-12-03 16:59:59.999000+00:00,315241501.6544718,169529,2423.28573,134127194.5712405,0
2021-12-03 17:00:00+00:00,54997.17,55084.27,54600.0,54982.31,2899.04525,2021-12-03 17:59:59.999000+00:00,159152002.6706751,96656,1469.13705,80664264.6237865,0
2021-12-03 18:00:00+00:00,54982.31,55151.94,54451.11,54881.62,2043.24565,2021-12-03 18:59:59.999000+00:00,112137117.7747281,72933,958.68998,52636227.6829252,0
2021-12-03 19:00:00+00:00,54881.63,54910.0,53750.0,53838.65,3887.71959,2021-12-03 19:59:59.999000+00:00,210726004.599546,120599,1726.17321,93595233.5531494,0
2021-12-03 20:00:00+00:00,53838.66,54251.0,51680.0,53454.0,13628.1541,2021-12-03 20:59:59.999000+00:00,723317072.4825537,303617,5823.74895,309270616.1818199,0
2021-12-03 21:00:00+00:00,53453.99,54045.42,53333.33,53610.01,2836.73847,2021-12-03 21:59:59.999000+00:00,152504285.9594149,91636,1376.05139,73982150.8876661,0
2021-12-03 22:00:00+00:00,53610.0,53738.2,53029.98,53409.48,1927.67043,2021-12-03 22:59:59.999000+00:00,103064450.2320257,75676,842.56556,45051975.3242228,0
2021-12-03 23:00:00+00:00,53409.48,53833.82,53310.55,53601.05,1069.47158,2021-12-03 23:59:59.999000+00:00,57319125.995551,47349,524.38161,28105940.3796713,0
2021-12-04 00:00:00+00:00,53601.05,53859.1,53000.0,53041.32,1888.59161,2021-12-04 00:59:59.999000+00:00,100894913.3964994,70665,915.44538,48911022.17712,0
2021-12-04 01:00:00+00:00,53041.33,53200.0,52555.0,52982.51,2021.53188,2021-12-04 01:59:59.999000+00:00,106902955.42255,74928,953.44191,50429265.89269,0
2021-12-04 02:00:00+00:00,52982.5,53120.01,52711.51,53112.4,1295.4639,2021-12-04 02:59:59.999000+00:00,68604762.2941072,54196,677.88935,35906444.9689503,0
2021-12-04 03:00:00+00:00,53112.4,53122.86,52000.0,52000.0,2076.11805,2021-12-04 03:59:59.999000+00:00,108968466.3776024,76887,848.74287,44561903.8928524,0
2021-12-04 04:00:00+00:00,52000.01,52606.98,49188.0,50256.61,8188.973908,2021-12-04 04:59:59.999000+00:00,417101370.4320666,218735,3338.65723,170200338.0903506,0
2021-12-04 05:00:00+00:00,50256.61,50537.85,42000.3,47538.03,31612.36861,2021-12-04 05:59:59.999000+00:00,1490566345.4414842,735971,14518.52515,684967400.3142277,0
2021-12-04 06:00:00+00:00,47538.02,48016.9,46779.07,47482.79,11101.96249,2021-12-04 06:59:59.999000+00:00,526797240.11797327,314500,5037.69465,239072479.0850477,0
2021-12-04 07:00:00+00:00,47482.79,47585.5,46550.0,47242.74,6916.65333,2021-12-04 07:59:59.999000+00:00,325709409.883871,209805,3263.47148,153699600.2001631,0
2021-12-04 08:00:00+00:00,47242.75,47918.05,46958.83,47500.58,5176.13873,2021-12-04 08:59:59.999000+00:00,245786714.41009447,152318,2589.24032,122850743.0055167,0
2021-12-04 09:00:00+00:00,47500.58,47691.97,47283.06,47475.49,3847.61208,2021-12-04 09:59:59.999000+00:00,182545631.6109848,120583,1734.49017,82292432.2647744,0
2021-12-04 10:00:00+00:00,47475.49,47585.65,46784.43,47370.52,4862.55738,2021-12-04 10:59:59.999000+00:00,229785079.2628756,144541,1953.04555,92286467.2264032,0
2021-12-04 11:00:00+00:00,47370.51,47394.34,46131.71,46489.67,4155.69845,2021-12-04 11:59:59.999000+00:00,194100409.81916353,141014,1877.86736,87678702.0701414,0
2021-12-04 12:00:00+00:00,46489.66,47582.71,46489.66,47053.32,3197.57348,2021-12-04 12:59:59.999000+00:00,150736786.2570156,111490,1582.06937,74580595.258928,0
2021-12-04 13:00:00+00:00,47053.32,47444.44,46694.26,47387.01,2899.21294,2021-12-04 13:59:59.999000+00:00,136767599.2372839,93684,1479.44117,69826315.5237548,0
2021-12-04 14:00:00+00:00,47387.01,47872.47,47251.02,47828.29,3265.95713,2021-12-04 14:59:59.999000+00:00,155256858.7504228,107526,1560.42878,74184463.1328588,0
2021-12-04 15:00:00+00:00,47828.28,48573.78,47752.4,48203.73,4313.45686,2021-12-04 15:59:59.999000+00:00,207930392.55358592,139721,2095.75235,101028345.7250518,0
2021-12-04 16:00:00+00:00,48203.74,48480.51,47742.09,47842.97,2980.03624,2021-12-04 16:59:59.999000+00:00,143455370.8293046,100639,1322.51651,63670509.5536147,0
2021-12-04 17:00:00+00:00,47842.98,48388.0,47779.71,48241.05,1840.32245,2021-12-04 17:59:59.999000+00:00,88369787.3556985,70786,779.63408,37438310.3711282,0
2021-12-04 18:00:00+00:00,48241.04,48877.0,48154.71,48866.12,2315.71546,2021-12-04 18:59:59.999000+00:00,112397645.951223,78949,1047.85193,50856900.3993166,0
2021-12-04 19:00:00+00:00,48866.13,49444.0,48628.25,49250.0,2716.54868,2021-12-04 19:59:59.999000+00:00,133532324.1687769,86161,1430.80595,70348347.8500159,0
2021-12-04 20:00:00+00:00,49249.99,49480.0,48939.38,49251.94,2552.19552,2021-12-04 20:59:59.999000+00:00,125693760.5947563,78512,1334.23463,65685492.6527434,0
2021-12-04 21:00:00+00:00,49256.25,49358.24,48447.5,48705.09,1935.92908,2021-12-04 21:59:59.999000+00:00,94569682.7455696,70387,944.54183,46138785.2660737,0
2021-12-04 22:00:00+00:00,48705.09,49299.22,48603.87,49207.84,1309.76231,2021-12-04 22:59:59.999000+00:00,64045201.3467061,52422,716.04612,35015167.9991895,0
2021-12-04 23:00:00+00:00,49207.85,49487.76,48809.99,49152.47,1732.99318,2021-12-04 23:59:59.999000+00:00,85193353.7189159,58351,874.71824,43002524.575339,0
2021-12-05 00:00:00+00:00,49152.46,49699.0,48315.41,48941.95,3965.68202,2021-12-05 00:59:59.999000+00:00,194423210.61903793,103353,2182.88763,107055453.8001779,0
2021-12-05 01:00:00+00:00,48944.69,49253.94,48641.19,49017.79,1546.53036,2021-12-05 01:59:59.999000+00:00,75693907.7843033,50171,823.37613,40302375.0953666,0
2021-12-05 02:00:00+00:00,49017.8,49111.0,48791.53,49056.98,1297.9506,2021-12-05 02:59:59.999000+00:00,63522038.0187575,45004,642.73079,31454315.0098676,0
2021-12-05 03:00:00+00:00,49056.97,49375.0,48843.81,49170.79,1473.77201,2021-12-05 03:59:59.999000+00:00,72439365.8887006,52854,761.66875,37434549.7635374,0
2021-12-05 04:00:00+00:00,49170.78,49259.12,48831.61,48948.98,984.83228,2021-12-05 04:59:59.999000+00:00,48273652.4235662,41525,498.08252,24415063.7144196,0
2021-12-05 05:00:00+00:00,48948.98,49447.88,48857.99,49424.0,1040.55992,2021-12-05 05:59:59.999000+00:00,51194272.1861927,44172,524.55137,25803949.2402758,0
2021-12-05 06:00:00+00:00,49424.0,49598.51,49234.77,49464.64,1856.45015,2021-12-05 06:59:59.999000+00:00,91704687.9655624,53795,1064.34284,52569048.0377948,0
2021-12-05 07:00:00+00:00,49464.63,49666.94,49229.44,49289.18,1834.47398,2021-12-05 07:59:59.999000+00:00,90769085.2344231,51663,860.2554,42557960.8371754,0
2021-12-05 08:00:00+00:00,49289.17,49573.23,49143.12,49474.55,1461.07943,2021-12-05 08:59:59.999000+00:00,72138120.4940264,46423,712.76779,35185973.5583054,0
2021-12-05 09:00:00+00:00,49474.55,49474.55,48700.0,48990.84,1976.01031,2021-12-05 09:59:59.999000+00:00,96920869.6008316,62523,954.3136,46807271.8969624,0
2021-12-05 10:00:00+00:00,48990.83,49416.38,48838.0,49233.73,1205.28758,2021-12-05 10:59:59.999000+00:00,59270449.1945269,45982,612.61576,30124818.2639212,0
2021-12-05 11:00:00+00:00,49233.73,49397.3,48972.64,49242.58,1231.66606,2021-12-05 11:59:59.999000+00:00,60643790.1797687,48918,613.66031,30221748.8284394,0
2021-12-05 12:00:00+00:00,49236.24,49699.05,49065.07,49382.34,2038.50363,2021-12-05 12:59:59.999000+00:00,100800110.3652946,62525,959.28668,47436939.1206903,0
2021-12-05 13:00:00+00:00,49382.34,49434.99,49135.01,49297.52,1540.13793,2021-12-05 13:59:59.999000+00:00,75901933.3696361,48344,672.56036,33139491.7414107,0
2021-12-05 14:00:00+00:00,49297.52,49347.48,48800.0,48926.21,2492.24568,2021-12-05 14:59:59.999000+00:00,122135806.2181446,82185,1165.27821,57102879.5904059,0
2021-12-05 15:00:00+00:00,48926.21,49133.0,47727.21,47951.57,5477.45332,2021-12-05 15:59:59.999000+00:00,264377860.8446623,144097,2541.49214,122661007.1066099,0
2021-12-05 16:00:00+00:00,47951.57,48800.0,47894.84,48479.81,3640.86487,2021-12-05 16:59:59.999000+00:00,176208433.5834824,95081,1805.94823,87378186.7194972,0
2021-12-05 17:00:00+00:00,48488.09,49320.08,48368.96,49262.21,2418.98344,2021-12-05 17:59:59.999000+00:00,118416914.6005013,64500,1228.7443,60170614.8592457,0
2021-12-05 18:00:00+00:00,49262.21,49351.29,49065.04,49089.18,1121.97362,2021-12-05 18:59:59.999000+00:00,55212646.1219717,34185,518.92967,25539467.3282236,0
2021-12-05 19:00:00+00:00,49089.19,49129.56,48279.05,48902.45,1593.65064,2021-12-05 19:59:59.999000+00:00,77516241.6316691,47199,759.99865,36962670.0206201,0
2021-12-05 20:00:00+00:00,48902.44,49027.01,48531.59,48814.66,1040.89658,2021-12-05 20:59:59.999000+00:00,50837050.6826835,34057,489.25283,23896411.421011,0
2021-12-05 21:00:00+00:00,48814.67,49225.38,48498.45,49158.83,1655.54592,2021-12-05 21:59:59.999000+00:00,81000081.5859883,40154,692.54328,33867081.6819559,0
2021-12-05 22:00:00+00:00,49158.84,49225.2,48773.03,49214.1,1203.29932,2021-12-05 22:59:59.999000+00:00,59017431.3207843,30978,520.45238,25530649.7939842,0
2021-12-05 23:00:00+00:00,49214.1,49546.69,49000.14,49396.33,1482.97047,2021-12-05 23:59:59.999000+00:00,73068145.9293962,42151,815.16362,40167831.1610782,0
2021-12-06 00:00:00+00:00,49396.32,49438.18,48400.0,48743.61,2057.42448,2021-12-06 00:59:59.999000+00:00,100408203.5877947,82269,972.5486,47444824.2055235,0
2021-12-06 01:00:00+00:00,48743.61,48992.98,48273.58,48804.19,2305.0046,2021-12-06 01:59:59.999000+00:00,112096271.4961168,63204,1189.36072,57847042.7298029,0
2021-12-06 02:00:00+00:00,48804.2,49150.0,48722.56,48862.09,1423.96728,2021-12-06 02:59:59.999000+00:00,69639791.1442762,47696,702.57829,34359742.8398156,0
2021-12-06 03:00:00+00:00,48862.09,49187.88,48810.73,49018.47,1358.07646,2021-12-06 03:59:59.999000+00:00,66530172.3909062,44255,673.06124,32973582.6180538,0
2021-12-06 04:00:00+00:00,49018.46,49258.44,48955.0,48979.66,1113.13657,2021-12-06 04:59:59.999000+00:00,54665703.7290132,40296,514.57664,25272745.7222403,0
2021-12-06 05:00:00+00:00,48979.66,49084.61,48678.54,48678.54,998.37176,2021-12-06 05:59:59.999000+00:00,48812285.8700729,38691,420.53284,20564327.8013242,0
2021-12-06 06:00:00+00:00,48678.55,48754.56,48035.01,48168.04,1708.61083,2021-12-06 06:59:59.999000+00:00,82792191.7634799,57719,774.63067,37533184.944037,0
2021-12-06 07:00:00+00:00,48166.51,48433.0,47731.0,48412.66,2701.85588,2021-12-06 07:59:59.999000+00:00,129954664.4694679,83023,1291.77206,62132503.1605071,0
2021-12-06 08:00:00+00:00,48412.66,49409.79,47828.48,48157.0,4798.68537,2021-12-06 08:59:59.999000+00:00,232866134.616199,125279,2392.5804,116149727.7609213,0
2021-12-06 09:00:00+00:00,48160.15,48327.4,47100.0,47428.17,4152.07642,2021-12-06 09:59:59.999000+00:00,197756978.37702367,109729,1936.88332,92231463.2460337,0
2021-12-06 10:00:00+00:00,47428.18,47890.0,47287.35,47483.23,3143.89888,2021-12-06 10:59:59.999000+00:00,149577508.9220103,82756,1649.65034,78495255.6075757,0
2021-12-06 11:00:00+00:00,47483.23,48712.79,47200.1,48577.78,5775.33945,2021-12-06 11:59:59.999000+00:00,276738719.3096975,122496,3089.65481,148169409.9277922,0
2021-12-06 12:00:00+00:00,48577.78,48810.0,48301.27,48465.49,2400.09294,2021-12-06 12:59:59.999000+00:00,116585097.4893363,75258,1127.59343,54782546.6839046,0
2021-12-06 13:00:00+00:00,48465.49,48699.0,48022.39,48312.0,1955.07209,2021-12-06 13:59:59.999000+00:00,94545610.1503976,59055,778.54993,37650984.3539753,0
2021-12-06 14:00:00+00:00,48312.0,48563.19,47822.39,48198.01,2357.3062,2021-12-06 14:59:59.999000+00:00,113539745.0346852,67105,1121.21951,54016016.3588353,0
2021-12-06 15:00:00+00:00,48198.01,48967.98,48005.24,48942.68,2910.35366,2021-12-06 15:59:59.999000+00:00,141495580.8366543,82009,1475.1845,71707428.0754483,0
2021-12-06 16:00:00+00:00,48942.67,49188.39,48653.05,49129.72,2772.97669,2021-12-06 16:59:59.999000+00:00,135743710.1574865,87838,1372.77478,67212502.5758062,0
2021-12-06 17:00:00+00:00,49130.62,49256.36,48872.99,48961.23,1961.85694,2021-12-06 17:59:59.999000+00:00,96278909.8385143,62124,853.80968,41905582.4542643,0
2021-12-06 18:00:00+00:00,48961.23,49232.0,48780.0,49174.27,1736.74302,2021-12-06 18:59:59.999000+00:00,85081175.7523772,49184,806.81875,39519482.663972,0
2021-12-06 19:00:00+00:00,49174.26,49366.0,49060.85,49103.0,1440.35674,2021-12-06 19:59:59.999000+00:00,70921551.9649802,47600,686.09304,33788598.7005286,0
2021-12-06 20:00:00+00:00,49103.0,49227.9,48760.0,48834.1,1057.56578,2021-12-06 20:59:59.999000+00:00,51878112.5535408,44702,481.66465,23627280.7608751,0
2021-12-06 21:00:00+00:00,48834.34,50669.24,48800.68,50059.22,3881.4827,2021-12-06 21:59:59.999000+00:00,193081022.7147433,110540,2289.061,113890590.1283856,0
2021-12-06 22:00:00+00:00,50059.22,50891.11,50047.01,50739.91,2886.39192,2021-12-06 22:59:59.999000+00:00,145922750.659654,102066,1424.06513,71981347.9824452,0
2021-12-06 23:00:00+00:00,50746.48,50857.63,50267.0,50441.92,1674.56909,2021-12-06 23:59:59.999000+00:00,84617026.3511084,57062,795.6832,40208505.5830259,0
2021-12-07 00:00:00+00:00,50441.91,50750.0,50332.62,50634.58,1533.73366,2021-12-07 00:59:59.999000+00:00,77561952.9256039,51526,790.76126,39991670.5968795,0
2021-12-07 01:00:00+00:00,50634.59,51430.0,50337.01,50615.67,2622.47355,2021-12-07 01:59:59.999000+00:00,133229743.1094975,78042,1341.19942,68176927.1020913,0
2021-12-07 02:00:00+00:00,50615.67,50855.09,50500.79,50635.25,1161.74003,2021-12-07 02:59:59.999000+00:00,58891307.5169798,43162,526.03089,26666199.3068732,0
2021-12-07 03:00:00+00:00,50635.25,51206.32,50588.37,50945.03,1266.95497,2021-12-07 03:59:59.999000+00:00,64409441.3235791,40179,672.74705,34211133.1489141,0
2021-12-07 04:00:00+00:00,50945.02,51188.0,50797.86,50914.61,1490.99037,2021-12-07 04:59:59.999000+00:00,76042471.1686392,43656,654.1029,33356502.8332682,0
2021-12-07 05:00:00+00:00,50914.61,51200.0,50821.2,50872.92,1016.79911,2021-12-07 05:59:59.999000+00:00,51838895.4267532,35313,493.67342,25169072.7491581,0
2021-12-07 06:00:00+00:00,50872.92,51200.0,50865.61,51148.2,992.81175,2021-12-07 06:59:59.999000+00:00,50683958.5779128,35745,534.01663,27263608.7883043,0
2021-12-07 07:00:00+00:00,51148.2,51335.16,50811.44,50907.27,1301.08953,2021-12-07 07:59:59.999000+00:00,66400303.7935368,44281,586.76023,29953638.9190089,0
2021-12-07 08:00:00+00:00,50907.27,51256.0,50810.03,51203.11,1426.27045,2021-12-07 08:59:59.999000+00:00,72855392.5337481,46772,613.80665,31353502.8761331,0
2021-12-07 09:00:00+00:00,51203.11,51500.0,51001.41,51260.17,2058.93551,2021-12-07 09:59:59.999000+00:00,105602015.4915698,57544,1016.43052,52144947.883819,0
2021-12-07 10:00:00+00:00,51260.16,51383.91,51109.0,51309.09,1230.51656,2021-12-07 10:59:59.999000+00:00,63028021.7872393,40659,565.98574,28991257.6625247,0
2021-12-07 11:00:00+00:00,51309.1,51500.0,51250.0,51456.2,1269.78585,2021-12-07 11:59:59.999000+00:00,65212572.9147846,41924,648.9316,33328829.8113671,0
2021-12-07 12:00:00+00:00,51456.21,51542.0,50611.04,50912.07,3083.94084,2021-12-07 12:59:59.999000+00:00,157229383.2486869,87767,1501.26694,76558668.5147247,0
2021-12-07 13:00:00+00:00,50911.41,51080.0,50811.11,50912.54,1537.93905,2021-12-07 13:59:59.999000+00:00,78348895.1479734,45470,757.9356,38615394.5143271,0
2021-12-07 14:00:00+00:00,50912.54,51500.0,50821.87,51463.66,1628.27167,2021-12-07 14:59:59.999000+00:00,83303244.8611034,54713,797.28423,40791211.254632,0
2021-12-07 15:00:00+00:00,51463.67,51936.33,51345.55,51734.15,2768.30368,2021-12-07 15:59:59.999000+00:00,142981488.1182738,84193,1378.97404,71231568.938587,0
2021-12-07 16:00:00+00:00,51734.15,51866.88,51071.0,51358.51,2173.12358,2021-12-07 16:59:59.999000+00:00,111818042.0537325,62460,1054.09742,54230108.2431176,0
2021-12-07 17:00:00+00:00,51353.22,51372.76,50850.0,50999.97,1427.28582,2021-12-07 17:59:59.999000+00:00,72952113.4870153,46402,671.4897,34324850.1865285,0
2021-12-07 18:00:00+00:00,50999.97,51200.0,50900.0,50921.61,1096.36955,2021-12-07 18:59:59.999000+00:00,55931369.4414312,37411,570.21581,29089084.3643295,0
2021-12-07 19:00:00+00:00,50921.61,51204.77,50666.0,50884.48,1312.9336,2021-12-07 19:59:59.999000+00:00,66878677.4804219,42388,643.22168,32769030.6336015,0
2021-12-07 20:00:00+00:00,50884.49,51006.2,50150.0,50441.59,2194.52091,2021-12-07 20:59:59.999000+00:00,110735915.9207137,64930,1057.92782,53377265.7575748,0
2021-12-07 21:00:00+00:00,50441.59,50856.46,50358.99,50489.92,1468.15088,2021-12-07 21:59:59.999000+00:00,74336821.7819529,43601,708.88179,35890255.6075413,0
2021-12-07 22:00:00+00:00,50489.93,50626.43,50039.74,50245.25,1362.13177,2021-12-07 22:59:59.999000+00:00,68495216.2719584,51991,668.67998,33629240.9382891,0
2021-12-07 23:00:00+00:00,50245.25,50710.99,50141.6,50588.95,828.39608,2021-12-07 23:59:59.999000+00:00,41806255.8255583,32221,424.68967,21437096.9943911,0
2021-12-08 00:00:00+00:00,50588.95,50744.17,50319.49,50722.23,1065.20082,2021-12-08 00:59:59.999000+00:00,53839398.7658543,39697,497.34769,25135828.0588509,0
2021-12-08 01:00:00+00:00,50721.91,50795.45,50342.07,50424.32,1465.02332,2021-12-08 01:59:59.999000+00:00,74104785.4634225,37467,621.95418,31455883.1038463,0
2021-12-08 02:00:00+00:00,50424.32,50696.76,50300.58,50332.01,732.70459,2021-12-08 02:59:59.999000+00:00,37017073.7805865,29541,359.46242,18161424.7635822,0
2021-12-08 03:00:00+00:00,50332.01,50469.65,50100.0,50110.91,1078.31216,2021-12-08 03:59:59.999000+00:00,54254988.5855198,41347,546.43528,27492172.0306361,0
2021-12-08 04:00:00+00:00,50110.9,50413.56,50077.0,50236.03,1067.879,2021-12-08 04:59:59.999000+00:00,53636266.8160094,42239,542.44728,27244460.2151263,0
2021-12-08 05:00:00+00:00,50236.03,50555.0,50122.85,50404.9,761.36708,2021-12-08 05:59:59.999000+00:00,38361562.8967191,28075,392.8591,19793282.0512801,0
2021-12-08 06:00:00+00:00,50404.89,50700.0,50392.21,50613.15,851.68711,2021-12-08 06:59:59.999000+00:00,43089564.9083361,31854,429.88134,21747768.3458271,0
2021-12-08 07:00:00+00:00,50613.15,50652.68,50385.95,50480.93,893.17336,2021-12-08 07:59:59.999000+00:00,45094577.8299657,33170,418.63739,21133234.9918997,0
2021-12-08 08:00:00+00:00,50480.92,50620.2,50277.04,50411.62,1062.52629,2021-12-08 08:59:59.999000+00:00,53584351.7954007,36434,494.27826,24928945.0336327,0
2021-12-08 09:00:00+00:00,50411.63,50526.38,50100.0,50117.09,1265.11526,2021-12-08 09:59:59.999000+00:00,63648706.1928756,40010,538.78699,27106023.7417538,0
2021-12-08 10:00:00+00:00,50117.09,50324.09,49162.87,49223.47,3531.93595,2021-12-08 10:59:59.999000+00:00,175419831.2661571,90262,1447.48036,71917391.3225753,0
2021-12-08 11:00:00+00:00,49223.47,49509.75,48824.69,49186.51,3216.74252,2021-12-08 11:59:59.999000+00:00,158029099.0857716,79675,1587.65873,78022330.1718642,0
2021-12-08 12:00:00+00:00,49186.5,49300.39,48600.0,49239.99,2400.12315,2021-12-08 12:59:59.999000+00:00,117647295.7090988,63585,989.37061,48504292.8566611,0
2021-12-08 13:00:00+00:00,49240.0,49384.71,48977.65,49047.53,1712.80791,2021-12-08 13:59:59.999000+00:00,84295959.9629659,51317,801.83271,39473189.3266444,0
2021-12-08 14:00:00+00:00,49047.54,51050.0,48932.15,50731.52,5282.12016,2021-12-08 14:59:59.999000+00:00,264770531.02815768,108802,2884.88339,144509289.859508,0
2021-12-08 15:00:00+00:00,50731.53,51200.0,50457.0,50640.1,2483.05236,2021-12-08 15:59:59.999000+00:00,126160163.2738302,61560,1140.20209,57942563.4461036,0
2021-12-08 16:00:00+00:00,50640.09,50807.94,50163.24,50439.61,1671.19847,2021-12-08 16:59:59.999000+00:00,84377310.7165082,49187,824.67265,41644613.9727208,0
2021-12-08 17:00:00+00:00,50439.6,50490.96,50171.02,50264.0,1115.40482,2021-12-08 17:59:59.999000+00:00,56148803.3877969,34054,508.11701,25578148.1785787,0
2021-12-08 18:00:00+00:00,50269.67,50670.77,50052.12,50548.7,1241.05988,2021-12-08 18:59:59.999000+00:00,62518359.5836744,36942,578.42836,29137117.0320457,0
2021-12-08 19:00:00+00:00,50548.71,50865.8,50315.78,50423.21,1310.99047,2021-12-08 19:59:59.999000+00:00,66262217.8896701,38602,569.60105,28790474.3045335,0
2021-12-08 20:00:00+00:00,50423.2,50896.08,50318.55,50689.01,1294.19176,2021-12-08 20:59:59.999000+00:00,65497668.2250987,38573,575.5577,29130253.5407983,0
2021-12-08 21:00:00+00:00,50689.01,50827.39,50474.37,50589.94,871.90891,2021-12-08 21:59:59.999000+00:00,44169699.2305013,31746,388.52545,19680199.8885689,0
2021-12-08 22:00:00+00:00,50589.93,50822.17,50079.78,50224.42,1079.50101,2021-12-08 22:59:59.999000+00:00,54531929.917699,40691,504.81363,25500355.0901158,0
2021-12-08 23:00:00+00:00,50224.42,50575.81,50165.31,50471.19,971.8983,2021-12-08 23:59:59.999000+00:00,48998640.8031326,33395,483.60995,24381450.9188556,0
2021-12-09 00:00:00+00:00,50471.19,50797.76,50323.83,50399.83,1165.14158,2021-12-09 00:59:59.999000+00:00,58937650.5079778,41421,570.03723,28834034.6553119,0
2021-12-09 01:00:00+00:00,50399.84,50483.68,50147.89,50182.7,871.61111,2021-12-09 01:59:59.999000+00:00,43872502.2190319,30627,430.86768,21687273.0917501,0
2021-12-09 02:00:00+00:00,50182.71,50276.81,49620.62,49886.02,1628.84987,2021-12-09 02:59:59.999000+00:00,81321877.7763779,50159,731.65938,36520386.2883254,0
2021-12-09 03:00:00+00:00,49886.02,49934.12,49425.74,49513.35,951.66432,2021-12-09 03:59:59.999000+00:00,47317440.3553556,34122,426.78928,21219031.0530565,0
2021-12-09 04:00:00+00:00,49517.0,49821.01,49420.33,49816.07,1052.17101,2021-12-09 04:59:59.999000+00:00,52275811.5340581,33053,573.45584,28493924.5118908,0
2021-12-09 05:00:00+00:00,49816.07,49887.2,49627.0,49767.78,732.01913,2021-12-09 05:59:59.999000+00:00,36431976.9801197,25293,344.96063,17168199.6546243,0
2021-12-09 06:00:00+00:00,49767.77,49874.47,49477.0,49620.68,1150.77841,2021-12-09 06:59:59.999000+00:00,57145544.2522982,32836,513.19233,25480948.306113,0
2021-12-09 07:00:00+00:00,49620.69,50350.0,49184.49,50016.89,1981.99757,2021-12-09 07:59:59.999000+00:00,98680083.6198461,56896,982.06543,48927728.7232572,0
2021-12-09 08:00:00+00:00,50016.86,50016.89,49215.74,49511.54,1339.34458,2021-12-09 08:59:59.999000+00:00,66419005.3392258,44070,648.97757,32186467.6075863,0
2021-12-09 09:00:00+00:00,49511.54,49540.01,48898.0,49206.95,2016.55157,2021-12-09 09:59:59.999000+00:00,99189993.342268,60248,904.13916,44480079.328922,0
2021-12-09 10:00:00+00:00,49206.95,49408.78,48905.36,49312.05,1549.04156,2021-12-09 10:59:59.999000+00:00,76136847.5672324,48120,746.80005,36707610.6634338,0
2021-12-09 11:00:00+00:00,49312.05,49420.01,49036.36,49160.53,1010.60945,2021-12-09 11:59:59.999000+00:00,49740810.0958121,33728,460.23241,22651593.0559532,0
2021-12-09 12:00:00+00:00,49160.54,49670.5,48942.85,49405.0,1560.77678,2021-12-09 12:59:59.999000+00:00,76922645.6882655,46967,798.16076,39348375.4830565,0
2021-12-09 13:00:00+00:00,49405.0,49415.38,49050.63,49338.38,1095.5444,2021-12-09 13:59:59.999000+00:00,53928635.3465575,35502,505.13445,24865948.4268022,0
2021-12-09 14:00:00+00:00,49338.38,49447.93,48500.0,48569.16,2323.47738,2021-12-09 14:59:59.999000+00:00,113566217.5741723,70001,1002.41076,49006511.9568212,0
2021-12-09 15:00:00+00:00,48569.16,48781.8,48048.0,48464.09,3470.18542,2021-12-09 15:59:59.999000+00:00,167918756.2455107,85258,1792.00405,86731568.139814,0
2021-12-09 16:00:00+00:00,48462.08,48838.29,48150.61,48504.98,1739.97337,2021-12-09 16:59:59.999000+00:00,84439759.2376348,49974,833.08908,40435250.754221,0
2021-12-09 17:00:00+00:00,48504.97,48705.15,48125.0,48171.65,1218.86239,2021-12-09 17:59:59.999000+00:00,59120797.7824604,41734,602.75644,29238291.4144693,0
2021-12-09 18:00:00+00:00,48171.66,48363.42,47500.0,47753.24,3177.29724,2021-12-09 18:59:59.999000+00:00,152049600.2126541,84593,1441.82486,68999988.1484365,0
2021-12-09 19:00:00+00:00,47751.87,48018.63,47552.0,47613.53,1598.6556,2021-12-09 19:59:59.999000+00:00,76396437.5733789,46407,801.49663,38303449.5417561,0
2021-12-09 20:00:00+00:00,47615.89,47724.39,47320.0,47683.61,1874.89405,2021-12-09 20:59:59.999000+00:00,89054446.6553677,54376,982.55507,46675159.284838,0
2021-12-09 21:00:00+00:00,47683.61,48141.18,47563.45,47980.29,1698.29772,2021-12-09 21:59:59.999000+00:00,81293884.9820155,45026,902.93941,43219943.2685154,0
2021-12-09 22:00:00+00:00,47975.5,48468.11,47670.01,47945.2,1374.78005,2021-12-09 22:59:59.999000+00:00,66081314.1541346,45394,607.41267,29208192.6128832,0
2021-12-09 23:00:00+00:00,47945.2,48258.37,47505.0,47545.59,1110.16209,2021-12-09 23:59:59.999000+00:00,53232959.8533544,34794,494.09843,23692583.7329533,0
2021-12-10 00:00:00+00:00,47535.9,48788.29,47439.29,48017.68,2449.42072,2021-12-10 00:59:59.999000+00:00,117994103.2342933,63941,1308.34132,63017864.8142145,0
2021-12-10 01:00:00+00:00,48017.68,48565.3,47764.86,48412.2,1594.49584,2021-12-10 01:59:59.999000+00:00,76865003.7879926,42496,740.1967,35673271.6709234,0
2021-12-10 02:00:00+00:00,48412.2,48780.0,48290.9,48530.32,1385.84243,2021-12-10 02:59:59.999000+00:00,67247369.4697993,39784,685.58799,33271764.410494,0
2021-12-10 03:00:00+00:00,48525.57,48572.19,48220.5,48373.48,757.8992,2021-12-10 03:59:59.999000+00:00,36672497.0725721,25661,305.98145,14805568.5127471,0
2021-12-10 04:00:00+00:00,48373.48,48573.77,48162.58,48165.71,1015.4238,2021-12-10 04:59:59.999000+00:00,49104286.0354017,32933,451.74539,21843499.1820155,0
2021-12-10 05:00:00+00:00,48170.66,48359.35,48051.08,48246.57,827.39761,2021-12-10 05:59:59.999000+00:00,39872969.5025063,27039,389.31102,18760526.2150179,0
2021-12-10 06:00:00+00:00,48249.78,48430.0,47810.81,47847.59,1296.18883,2021-12-10 06:59:59.999000+00:00,62438646.511104,42036,588.14029,28339398.6928113,0
2021-12-10 07:00:00+00:00,47847.59,48037.48,47550.0,47694.62,2299.85298,2021-12-10 07:59:59.999000+00:00,109938978.6044969,59573,1082.31312,51742759.7940386,0
2021-12-10 08:00:00+00:00,47694.62,48169.06,47587.39,48090.35,1371.25447,2021-12-10 08:59:59.999000+00:00,65670000.9608639,38080,710.21005,34012129.9129494,0
2021-12-10 09:00:00+00:00,48090.35,48495.0,47869.8,48366.37,1232.30238,2021-12-10 09:59:59.999000+00:00,59394604.4689141,39152,592.46566,28557267.11935,0
2021-12-10 10:00:00+00:00,48366.36,48495.22,48131.52,48208.23,1227.90194,2021-12-10 10:59:59.999000+00:00,59287851.8244716,34792,574.05489,27719023.5808894,0
2021-12-10 11:00:00+00:00,48208.23,48728.0,48190.47,48711.0,1547.11902,2021-12-10 11:59:59.999000+00:00,75095172.3311217,42067,774.31186,37590358.132716,0
2021-12-10 12:00:00+00:00,48711.0,49233.49,48655.33,49086.58,2355.60044,2021-12-10 12:59:59.999000+00:00,115401659.5119822,57540,1178.47067,57731634.0975083,0
2021-12-10 13:00:00+00:00,49092.2,50125.0,48850.0,49610.99,3660.60271,2021-12-10 13:59:59.999000+00:00,181409957.54131633,93657,1883.46139,93373805.7707502,0
2021-12-10 14:00:00+00:00,49611.0,49839.65,48126.0,48275.5,3760.96141,2021-12-10 14:59:59.999000+00:00,184234682.949567,91742,1757.89764,86088789.3121546,0
2021-12-10 15:00:00+00:00,48275.5,48604.44,47744.19,47979.22,3260.50106,2021-12-10 15:59:59.999000+00:00,157058534.193817,82246,1621.0474,78088615.1172373,0
2021-12-10 16:00:00+00:00,47979.23,48002.35,47251.06,47533.58,3732.90429,2021-12-10 16:59:59.999000+00:00,177687857.9105325,90209,1732.06632,82467881.16556,0
2021-12-10 17:00:00+00:00,47535.98,47750.1,47291.78,47713.65,1868.14639,2021-12-10 17:59:59.999000+00:00,88789446.8899208,48885,817.77392,38867484.6079557,0
2021-12-10 18:00:00+00:00,47713.65,48326.05,47630.57,47822.77,1750.26547,2021-12-10 18:59:59.999000+00:00,83974655.691764,47924,850.02224,40787205.5658285,0
2021-12-10 19:00:00+00:00,47822.76,48204.18,47438.96,48098.84,1259.57385,2021-12-10 19:59:59.999000+00:00,60346804.7700957,37998,569.18782,27280052.4004425,0
2021-12-10 20:00:00+00:00,48098.84,48464.48,48084.06,48430.69,1044.17494,2021-12-10 20:59:59.999000+00:00,50402572.3341164,33984,498.88365,24083099.6191121,0
2021-12-10 21:00:00+00:00,48430.69,48522.5,47800.0,47922.24,1197.0791,2021-12-10 21:59:59.999000+00:00,57706250.7179521,37534,508.75756,24525453.6537392,0
2021-12-10 22:00:00+00:00,47914.83,48100.0,47450.01,47528.12,948.47027,2021-12-10 22:59:59.999000+00:00,45344337.5482401,35213,489.86297,23430470.1559775,0
2021-12-10 23:00:00+00:00,47528.12,47800.0,46852.0,47140.54,2390.19476,2021-12-10 23:59:59.999000+00:00,113085478.9903097,70745,1033.86997,48937652.7981339,0
2021-12-11 00:00:00+00:00,47140.54,48444.44,46751.0,47746.28,4037.35492,2021-12-11 00:59:59.999000+00:00,192196038.4167964,102046,1978.07882,94169514.7165178,0
2021-12-11 01:00:00+00:00,47746.28,48249.97,47655.45,47920.0,1338.10207,2021-12-11 01:59:59.999000+00:00,64206526.3628225,42308,686.04135,32918518.0757216,0
2021-12-11 02:00:00+00:00,47919.99,48250.0,47900.0,48249.0,809.48635,2021-12-11 02:59:59.999000+00:00,38936457.492144,29229,444.10377,21361051.5227665,0
2021-12-11 03:00:00+00:00,48249.0,48683.7,48160.77,48296.99,1329.12996,2021-12-11 03:59:59.999000+00:00,64367680.3919921,38579,640.77629,31029645.0957794,0
2021-12-11 04:00:00+00:00,48297.0,48609.47,48257.63,48530.63,823.6219,2021-12-11 04:59:59.999000+00:00,39883886.8903777,28371,399.11955,19327976.3639496,0
2021-12-11 05:00:00+00:00,48530.63,48586.12,48189.01,48322.46,719.97084,2021-12-11 05:59:59.999000+00:00,34871133.2739763,27146,380.47806,18428069.0556459,0
2021-12-11 06:00:00+00:00,48322.46,48881.99,48008.03,48042.18,1584.51332,2021-12-11 06:59:59.999000+00:00,76623345.8465497,47455,775.69833,37516664.1186506,0
2021-12-11 07:00:00+00:00,48040.5,48165.18,47765.33,48021.76,1944.7745,2021-12-11 07:59:59.999000+00:00,93373281.7514624,55996,986.25821,47353160.6541858,0
2021-12-11 08:00:00+00:00,48021.75,48900.0,47843.1,48391.51,1994.80663,2021-12-11 08:59:59.999000+00:00,96637602.0927874,57387,981.18078,47542476.2462493,0
2021-12-11 09:00:00+00:00,48391.51,48627.0,48120.09,48529.7,840.81984,2021-12-11 09:59:59.999000+00:00,40659114.9781428,31122,390.56424,18887771.6961698,0
2021-12-11 10:00:00+00:00,48529.71,48582.71,48314.58,48385.53,747.82363,2021-12-11 10:59:59.999000+00:00,36236828.3598843,30154,315.76628,15300501.2737387,0
2021-12-11 11:00:00+00:00,48385.53,48458.57,48158.24,48240.44,683.23234,2021-12-11 11:59:59.999000+00:00,32988460.6597642,30822,327.11347,15793571.2769196,0
2021-12-11 12:00:00+00:00,48240.43,48571.42,48186.38,48517.58,887.01485,2021-12-11 12:59:59.999000+00:00,42964557.2091995,32112,414.37079,20066599.3065105,0
2021-12-11 13:00:00+00:00,48517.58,48943.92,48200.0,48353.48,1395.45396,2021-12-11 13:59:59.999000+00:00,67674942.852973,44676,669.42276,32473250.9717138,0
2021-12-11 14:00:00+00:00,48353.48,48554.99,48160.0,48465.0,815.34531,2021-12-11 14:59:59.999000+00:00,39409051.5848843,32724,391.36763,18919595.2879128,0
2021-12-11 15:00:00+00:00,48465.0,48771.72,48429.02,48747.02,870.45019,2021-12-11 15:59:59.999000+00:00,42298996.7083515,32112,451.09847,21921108.0649848,0
2021-12-11 16:00:00+00:00,48745.11,49276.0,48678.18,48983.91,1936.7472,2021-12-11 16:59:59.999000+00:00,94929134.8065827,64427,1038.62627,50900447.0114237,0
2021-12-11 17:00:00+00:00,48983.9,49044.38,48569.0,48700.0,1270.8191,2021-12-11 17:59:59.999000+00:00,62054022.7781315,39751,666.20728,32531466.6806582,0
2021-12-11 18:00:00+00:00,48699.99,48863.26,48568.7,48671.6,695.85621,2021-12-11 18:59:59.999000+00:00,33882778.6873467,26519,349.15191,16997667.2572161,0
2021-12-11 19:00:00+00:00,48671.6,48792.11,48385.98,48407.25,708.39378,2021-12-11 19:59:59.999000+00:00,34408098.2975049,28833,317.34403,15412175.9109159,0
2021-12-11 20:00:00+00:00,48407.25,48736.94,48391.68,48564.07,636.46533,2021-12-11 20:59:59.999000+00:00,30908016.82785,29173,344.07439,16708506.4974302,0
2021-12-11 21:00:00+00:00,48564.06,48839.95,48390.22,48782.79,693.14915,2021-12-11 21:59:59.999000+00:00,33652418.8105497,28574,361.44738,17547359.715568,0
2021-12-11 22:00:00+00:00,48779.31,49146.21,48628.36,48826.36,821.94948,2021-12-11 22:59:59.999000+00:00,40150780.5688531,32006,475.64974,23236112.2577284,0
2021-12-11 23:00:00+00:00,48826.36,49485.71,48793.65,49389.99,1303.91272,2021-12-11 23:59:59.999000+00:00,64211479.9324754,45868,668.32826,32908388.7468813,0
2021-12-12 00:00:00+00:00,49389.99,49699.95,49208.8,49326.62,1860.27056,2021-12-12 00:59:59.999000+00:00,91965514.5375494,53229,999.4064,49411076.2585593,0
2021-12-12 01:00:00+00:00,49326.63,49472.78,49038.85,49181.33,1071.67221,2021-12-12 01:59:59.999000+00:00,52811560.9813946,35767,619.61958,30535354.9280161,0
2021-12-12 02:00:00+00:00,49181.32,49350.8,49022.9,49044.38,646.25491,2021-12-12 02:59:59.999000+00:00,31782349.1194673,26497,303.20653,14913587.517315,0
2021-12-12 03:00:00+00:00,49044.36,49394.5,49030.0,49305.7,738.23985,2021-12-12 03:59:59.999000+00:00,36349751.7787445,25213,409.61085,20169156.487117,0
2021-12-12 04:00:00+00:00,49305.71,49347.53,48824.09,48865.16,959.70111,2021-12-12 04:59:59.999000+00:00,47101923.7546501,31722,469.26609,23029328.1327503,0
2021-12-12 05:00:00+00:00,48865.16,49078.91,48832.58,48979.22,492.1433,2021-12-12 05:59:59.999000+00:00,24103349.1799665,22026,262.11386,12837763.9001463,0
2021-12-12 06:00:00+00:00,48979.22,49239.21,48941.58,49159.83,448.46543,2021-12-12 06:59:59.999000+00:00,22007035.9167371,21946,219.54588,10774552.6758078,0
2021-12-12 07:00:00+00:00,49159.82,49359.86,49082.3,49301.21,509.32565,2021-12-12 07:59:59.999000+00:00,25074680.0566498,23176,260.37015,12818981.4599532,0
2021-12-12 08:00:00+00:00,49301.2,49376.79,48943.37,48965.02,870.05521,2021-12-12 08:59:59.999000+00:00,42781196.2200454,31734,338.97978,16668052.889971,0
2021-12-12 09:00:00+00:00,48965.01,49150.0,48710.66,48806.4,944.37254,2021-12-12 09:59:59.999000+00:00,46202920.4850378,31851,448.30536,21931619.553673,0
2021-12-12 10:00:00+00:00,48806.39,48953.26,48638.0,48917.02,863.26599,2021-12-12 10:59:59.999000+00:00,42121252.9911757,32352,447.42685,21832001.5935215,0
2021-12-12 11:00:00+00:00,48917.01,49299.59,48824.0,49124.33,841.97478,2021-12-12 11:59:59.999000+00:00,41319787.7411639,30196,472.08024,23168196.829666,0
2021-12-12 12:00:00+00:00,49124.33,49632.87,49107.33,49513.38,1887.23756,2021-12-12 12:59:59.999000+00:00,93306654.0537657,45910,891.11583,44051643.7752581,0
2021-12-12 13:00:00+00:00,49513.38,49889.0,49491.76,49795.44,1617.8614,2021-12-12 13:59:59.999000+00:00,80373342.3708693,47939,942.90285,46847844.8320842,0
2021-12-12 14:00:00+00:00,49795.43,49934.59,49507.09,49862.78,1183.58819,2021-12-12 14:59:59.999000+00:00,58918383.3185511,39167,576.54383,28702503.6336887,0
2021-12-12 15:00:00+00:00,49862.79,49910.0,49572.38,49623.26,786.98028,2021-12-12 15:59:59.999000+00:00,39133804.1159319,33244,401.4268,19960246.5637539,0
2021-12-12 16:00:00+00:00,49623.26,49893.88,49501.69,49875.08,836.52665,2021-12-12 16:59:59.999000+00:00,41573030.2949929,31574,434.71544,21605300.1310476,0
2021-12-12 17:00:00+00:00,49871.31,50490.0,49739.47,50251.94,3048.42506,2021-12-12 17:59:59.999000+00:00,152795325.8390052,81815,1606.35455,80509873.4594689,0
2021-12-12 18:00:00+00:00,50251.94,50777.0,50251.93,50468.71,2022.38063,2021-12-12 18:59:59.999000+00:00,102159325.5332121,63194,1004.82829,50757405.2731703,0
2021-12-12 19:00:00+00:00,50468.71,50600.0,50014.48,50221.05,1283.562,2021-12-12 19:59:59.999000+00:00,64622013.8668933,40266,610.16596,30727771.649101,0
2021-12-12 20:00:00+00:00,50221.05,50547.07,50147.8,50270.58,762.99289,2021-12-12 20:59:59.999000+00:00,38429921.1814664,28231,399.86287,20139037.3740671,0
2021-12-12 21:00:00+00:00,50266.13,50317.77,49862.75,49950.05,917.78949,2021-12-12 21:59:59.999000+00:00,45982731.1721736,32021,436.9858,21894675.2029817,0
2021-12-12 22:00:00+00:00,49950.05,50298.99,49920.03,50272.02,749.98746,2021-12-12 22:59:59.999000+00:00,37544428.3752557,28668,396.4423,19846312.6153588,0
2021-12-12 23:00:00+00:00,50272.02,50358.24,49950.0,50053.9,674.86106,2021-12-12 23:59:59.999000+00:00,33855600.7398544,25867,314.73346,15791028.1315033,0
2021-12-13 00:00:00+00:00,50053.9,50189.97,49540.0,49630.66,1333.10089,2021-12-13 00:59:59.999000+00:00,66435596.148336,43114,673.72125,33573876.0646668,0
2021-12-13 01:00:00+00:00,49630.66,49630.66,48557.73,48597.51,2701.53721,2021-12-13 01:59:59.999000+00:00,132673100.4787682,67080,1156.22205,56793976.3576665,0
2021-12-13 02:00:00+00:00,48597.51,48930.56,48430.13,48770.42,1537.92901,2021-12-13 02:59:59.999000+00:00,74913208.5932115,41383,753.98756,36741936.9035284,0
2021-12-13 03:00:00+00:00,48770.42,49076.74,48691.08,48873.19,1053.46168,2021-12-13 03:59:59.999000+00:00,51481913.5539919,33377,476.66884,23297913.4752569,0
2021-12-13 04:00:00+00:00,48873.2,49100.0,48751.96,49025.08,783.08517,2021-12-13 04:59:59.999000+00:00,38314625.5180299,26616,372.29538,18215428.1426196,0
2021-12-13 05:00:00+00:00,49026.65,49350.9,48851.47,49238.03,1076.26977,2021-12-13 05:59:59.999000+00:00,52840806.5926975,32537,564.16201,27694622.4526309,0
2021-12-13 06:00:00+00:00,49238.03,49304.0,48872.46,48936.88,905.81189,2021-12-13 06:59:59.999000+00:00,44461701.5646353,33093,410.78906,20166719.8937903,0
2021-12-13 07:00:00+00:00,48936.88,48995.94,48554.77,48740.01,1284.61901,2021-12-13 07:59:59.999000+00:00,62664981.1956698,41664,630.04382,30736065.2808763,0
2021-12-13 08:00:00+00:00,48740.01,49171.57,48145.0,49015.0,1996.57085,2021-12-13 08:59:59.999000+00:00,97421547.5525607,56490,971.73561,47441187.7690073,0
2021-12-13 09:00:00+00:00,49015.0,49035.87,48700.89,48859.29,863.05186,2021-12-13 09:59:59.999000+00:00,42156179.364585,31946,397.25089,19402913.0246982,0
2021-12-13 10:00:00+00:00,48859.29,48909.35,48502.0,48688.03,818.76152,2021-12-13 10:59:59.999000+00:00,39878802.1139842,32086,355.58336,17321459.4352729,0
2021-12-13 11:00:00+00:00,48688.03,48904.9,48560.85,48847.26,862.51194,2021-12-13 11:59:59.999000+00:00,42058151.2813149,34661,438.35626,21377030.0460709,0
2021-12-13 12:00:00+00:00,48845.0,49000.0,48530.32,48588.51,1047.54794,2021-12-13 12:59:59.999000+00:00,51095684.095241,39996,495.31731,24161669.4594732,0
2021-12-13 13:00:00+00:00,48588.51,48644.35,48149.63,48420.97,1598.26464,2021-12-13 13:59:59.999000+00:00,77393458.8096905,53210,770.54472,37311654.9016723,0
2021-12-13 14:00:00+00:00,48420.97,48426.2,47700.81,47958.62,2860.91865,2021-12-13 14:59:59.999000+00:00,137230993.118836,82312,1326.80075,63644088.2441621,0
2021-12-13 15:00:00+00:00,47960.09,47960.69,47012.03,47252.02,4018.43951,2021-12-13 15:59:59.999000+00:00,190658785.5890442,101659,1732.21388,82176667.8763687,0
2021-12-13 16:00:00+00:00,47252.02,47559.37,46653.0,47141.41,4670.06575,2021-12-13 16:59:59.999000+00:00,220046984.593814,115251,2138.30995,100772205.7459891,0
2021-12-13 17:00:00+00:00,47141.41,47932.19,47070.01,47513.15,2916.45194,2021-12-13 17:59:59.999000+00:00,138556532.3327462,71602,1356.42774,64472467.0120854,0
2021-12-13 18:00:00+00:00,47513.16,47684.55,47305.0,47444.56,1045.85113,2021-12-13 18:59:59.999000+00:00,49668469.5272046,39345,483.92932,22983376.9527506,0
2021-12-13 19:00:00+00:00,47444.55,47444.55,45672.75,46739.36,9568.79079,2021-12-13 19:59:59.999000+00:00,443338108.7506275,192657,4039.09141,187270731.4302922,0
2021-12-13 20:00:00+00:00,46739.35,46974.91,46342.69,46659.99,3158.43506,2021-12-13 20:59:59.999000+00:00,147452480.4928912,78823,1626.65362,75953230.6087403,0
2021-12-13 21:00:00+00:00,46660.0,46900.0,46214.13,46791.74,1815.30642,2021-12-13 21:59:59.999000+00:00,84516505.1384159,53793,841.77869,39192197.1450876,0
2021-12-13 22:00:00+00:00,46791.74,47288.19,46677.43,46889.28,1754.38097,2021-12-13 22:59:59.999000+00:00,82531560.168728,58512,889.7014,41860425.9904554,0
2021-12-13 23:00:00+00:00,46887.34,47059.55,46555.01,46702.75,1198.35733,2021-12-13 23:59:59.999000+00:00,56098324.215281,38392,585.43792,27410404.3252403,0
2021-12-14 00:00:00+00:00,46702.76,47226.32,46290.0,47000.01,1757.07383,2021-12-14 00:59:59.999000+00:00,82168098.4010563,55204,874.18838,40876942.766147,0
2021-12-14 01:00:00+00:00,47000.0,47108.23,46580.0,46868.28,1050.4912,2021-12-14 01:59:59.999000+00:00,49205057.6769385,36702,518.48374,24281994.2573355,0
2021-12-14 02:00:00+00:00,46868.27,47074.79,46677.9,47029.66,1010.55788,2021-12-14 02:59:59.999000+00:00,47370556.4322377,33276,435.51247,20415673.7809523,0
2021-12-14 03:00:00+00:00,47029.65,47117.64,46752.31,46952.0,949.54617,2021-12-14 03:59:59.999000+00:00,44575652.4779429,35841,420.82238,19752652.6789059,0
2021-12-14 04:00:00+00:00,46952.01,47176.22,46861.8,46989.67,1274.66918,2021-12-14 04:59:59.999000+00:00,59978197.5052418,35971,610.34488,28715289.9792772,0
2021-12-14 05:00:00+00:00,46989.68,47133.99,46675.0,46701.26,1209.30338,2021-12-14 05:59:59.999000+00:00,56756061.0916227,33247,590.62689,27723625.2047053,0
2021-12-14 06:00:00+00:00,46701.26,46961.14,46306.8,46670.32,1672.77134,2021-12-14 06:59:59.999000+00:00,77957975.2041439,49787,864.9698,40316998.4838788,0
2021-12-14 07:00:00+00:00,46670.32,47050.0,46506.38,47000.0,1246.92289,2021-12-14 07:59:59.999000+00:00,58341876.7184538,40448,655.30891,30666113.0629735,0
2021-12-14 08:00:00+00:00,46999.99,47516.25,46968.24,47462.0,2292.92478,2021-12-14 08:59:59.999000+00:00,108276733.8651822,57357,1240.25275,58582869.2075621,0
2021-12-14 09:00:00+00:00,47462.0,47498.66,46789.69,46832.65,1844.99023,2021-12-14 09:59:59.999000+00:00,86970749.463401,44934,867.13208,40851006.4228917,0
2021-12-14 10:00:00+00:00,46833.11,47383.88,46800.0,47345.5,1654.1727,2021-12-14 10:59:59.999000+00:00,77946504.1143302,48705,820.07608,38644942.3023726,0
2021-12-14 11:00:00+00:00,47345.5,47740.0,47178.66,47622.0,1848.51791,2021-12-14 11:59:59.999000+00:00,87649554.2676312,57661,914.54133,43374454.0694667,0
2021-12-14 12:00:00+00:00,47617.99,47959.77,47505.91,47508.31,2248.9458,2021-12-14 12:59:59.999000+00:00,107385716.3550827,72147,1047.92017,50043050.7586934,0
2021-12-14 13:00:00+00:00,47508.31,47679.46,46980.94,47168.15,2092.8322,2021-12-14 13:59:59.999000+00:00,98956154.3394205,55703,949.21901,44877672.7564883,0
2021-12-14 14:00:00+00:00,47168.15,47333.33,46814.27,47281.94,1847.79492,2021-12-14 14:59:59.999000+00:00,86954248.7357976,56350,922.69377,43428337.6647232,0
2021-12-14 15:00:00+00:00,47281.93,47517.27,46617.25,46853.86,2245.26816,2021-12-14 15:59:59.999000+00:00,105855192.0813106,61119,1075.62942,50710360.0362825,0
2021-12-14 16:00:00+00:00,46853.87,47148.0,46532.35,46737.53,2027.82043,2021-12-14 16:59:59.999000+00:00,95079497.902586,59679,1006.47499,47194562.1669746,0
2021-12-14 17:00:00+00:00,46739.58,47100.01,46543.0,46622.03,1558.66499,2021-12-14 17:59:59.999000+00:00,73038437.8330038,44701,773.60883,36247339.7820734,0
2021-12-14 18:00:00+00:00,46622.02,46946.15,46429.88,46646.68,1459.37371,2021-12-14 18:59:59.999000+00:00,68081136.8493443,49404,710.2668,33140834.6165012,0
2021-12-14 19:00:00+00:00,46646.68,47074.44,46631.84,46859.4,1102.35018,2021-12-14 19:59:59.999000+00:00,51698218.9367481,38280,598.87326,28087011.1492512,0
2021-12-14 20:00:00+00:00,46859.42,47900.0,46839.78,47785.2,2355.65086,2021-12-14 20:59:59.999000+00:00,111842533.9648867,65880,1301.36344,61773700.9023607,0
2021-12-14 21:00:00+00:00,47786.13,48700.41,47746.19,48283.5,2992.57045,2021-12-14 21:59:59.999000+00:00,144535510.7255534,79564,1599.53914,77237015.0792903,0
2021-12-14 22:00:00+00:00,48283.49,48468.18,48000.0,48268.0,1117.84794,2021-12-14 22:59:59.999000+00:00,53940716.4618464,50540,585.57321,28265337.8892994,0
2021-12-14 23:00:00+00:00,48268.01,48440.0,48144.18,48343.28,1094.92332,2021-12-14 23:59:59.999000+00:00,52862981.0703343,32492,627.38416,30293551.1385075,0
2021-12-15 00:00:00+00:00,48336.95,48761.0,48067.04,48136.92,1962.15338,2021-12-15 00:59:59.999000+00:00,94924013.0499133,54690,1001.4645,48464600.9592524,0
2021-12-15 01:00:00+00:00,48136.93,48180.58,47901.0,48073.46,1235.00149,2021-12-15 01:59:59.999000+00:00,59353971.5592911,34547,533.10628,25626537.5163725,0
2021-12-15 02:00:00+00:00,48073.47,48095.45,47836.0,47997.58,970.64786,2021-12-15 02:59:59.999000+00:00,46523506.2559675,33378,471.4829,22595535.3222804,0
2021-12-15 03:00:00+00:00,47997.57,48299.99,47899.95,48262.41,957.58234,2021-12-15 03:59:59.999000+00:00,46023517.4734405,31368,438.5723,21081422.6315644,0
2021-12-15 04:00:00+00:00,48262.4,48444.18,48075.77,48244.14,1742.5507,2021-12-15 04:59:59.999000+00:00,84113994.2355258,58924,854.86853,41264644.2806173,0
2021-12-15 05:00:00+00:00,48244.13,48328.37,48045.8,48120.88,1137.24945,2021-12-15 05:59:59.999000+00:00,54763879.0125616,39797,551.72484,26569432.8097937,0
2021-12-15 06:00:00+00:00,48120.88,48323.85,48004.41,48057.66,1000.63,2021-12-15 06:59:59.999000+00:00,48188013.5445525,35436,486.43017,23426690.7323451,0
2021-12-15 07:00:00+00:00,48057.65,48450.0,47928.64,48209.51,1057.34298,2021-12-15 07:59:59.999000+00:00,50955942.3040136,37548,564.47716,27207249.1984835,0
2021-12-15 08:00:00+00:00,48209.51,48850.0,48207.5,48573.09,1651.35961,2021-12-15 08:59:59.999000+00:00,80149216.409341,53040,856.03515,41558327.5337841,0
2021-12-15 09:00:00+00:00,48573.1,48600.73,48377.25,48494.44,1100.57469,2021-12-15 09:59:59.999000+00:00,53344338.1317092,36919,527.5568,25571143.9012548,0
2021-12-15 10:00:00+00:00,48494.45,48607.7,48176.57,48247.69,1560.28626,2021-12-15 10:59:59.999000+00:00,75414744.0761896,43021,827.66352,39994198.4633195,0
2021-12-15 11:00:00+00:00,48247.69,48348.26,48069.68,48132.54,1257.70436,2021-12-15 11:59:59.999000+00:00,60616692.7972655,41625,650.68194,31363738.2230202,0
2021-12-15 12:00:00+00:00,48132.54,48300.0,47517.65,47588.42,2072.69341,2021-12-15 12:59:59.999000+00:00,99290943.2433934,63327,994.10633,47617692.1240259,0
2021-12-15 13:00:00+00:00,47588.42,47813.98,47422.87,47652.58,1561.55374,2021-12-15 13:59:59.999000+00:00,74410283.91842,46173,690.09753,32878678.9474893,0
2021-12-15 14:00:00+00:00,47652.58,47790.0,47212.87,47370.0,1531.94997,2021-12-15 14:59:59.999000+00:00,72729133.6427176,45891,726.8543,34504094.7856978,0
2021-12-15 15:00:00+00:00,47369.99,47496.83,46587.0,46632.31,3359.91366,2021-12-15 15:59:59.999000+00:00,157806576.3990424,78183,1444.17847,67860518.0172872,0
2021-12-15 16:00:00+00:00,46632.3,47048.54,46547.0,47004.32,2248.77374,2021-12-15 16:59:59.999000+00:00,105306575.9561651,58169,1157.69006,54224895.5059831,0
2021-12-15 17:00:00+00:00,47004.32,47365.97,46861.49,47086.3,1800.49956,2021-12-15 17:59:59.999000+00:00,84817046.707281,44918,1019.67375,48037361.8912511,0
2021-12-15 18:00:00+00:00,47086.3,48249.96,47011.29,47829.99,3131.12703,2021-12-15 18:59:59.999000+00:00,149054722.7820796,77208,1711.96766,81492531.8927034,0
2021-12-15 19:00:00+00:00,47830.0,49259.98,47212.0,48674.9,10878.1214,2021-12-15 19:59:59.999000+00:00,527581213.4196861,245072,5674.58033,275287267.1976778,0
2021-12-15 20:00:00+00:00,48674.9,49500.0,48527.01,49211.84,4690.61661,2021-12-15 20:59:59.999000+00:00,230435625.75029913,124801,2302.22048,113114376.9345249,0
2021-12-15 21:00:00+00:00,49211.83,49358.75,48865.94,49168.89,2276.03432,2021-12-15 21:59:59.999000+00:00,111733822.1866546,66175,1136.6372,55799409.4407837,0
2021-12-15 22:00:00+00:00,49168.89,49235.38,48653.0,48747.3,1159.5972,2021-12-15 22:59:59.999000+00:00,56698997.676249,49348,596.75612,29178246.0721842,0
2021-12-15 23:00:00+00:00,48747.31,48974.09,48700.19,48864.98,1285.21724,2021-12-15 23:59:59.999000+00:00,62775538.5597902,38618,642.34259,31376784.0778449,0
2021-12-16 00:00:00+00:00,48864.98,49269.03,48723.89,49052.45,1429.90981,2021-12-16 00:59:59.999000+00:00,70050074.8829108,43494,757.47873,37111134.3963847,0
2021-12-16 01:00:00+00:00,49052.45,49140.0,48830.13,49027.01,1022.03367,2021-12-16 01:59:59.999000+00:00,50026678.6581149,33618,447.28307,21893042.3400604,0
2021-12-16 02:00:00+00:00,49027.01,49069.6,48869.0,49009.12,775.15627,2021-12-16 02:59:59.999000+00:00,37965502.5984861,26702,349.9668,17140060.2289089,0
2021-12-16 03:00:00+00:00,49009.13,49053.35,48709.7,48819.6,883.00997,2021-12-16 03:59:59.999000+00:00,43141594.6874671,29398,392.90092,19194333.9628424,0
2021-12-16 04:00:00+00:00,48819.59,48888.87,48550.0,48743.17,1070.39618,2021-12-16 04:59:59.999000+00:00,52151897.4816172,32222,528.05152,25731570.5561679,0
2021-12-16 05:00:00+00:00,48743.17,48811.13,48502.26,48513.9,883.13902,2021-12-16 05:59:59.999000+00:00,42994658.0291153,29200,439.35151,21392612.0405846,0
2021-12-16 06:00:00+00:00,48519.31,48923.47,48504.07,48894.65,1091.46152,2021-12-16 06:59:59.999000+00:00,53180365.7217533,32622,549.31772,26762111.281656,0
2021-12-16 07:00:00+00:00,48894.65,49072.3,48689.65,48712.23,1329.50233,2021-12-16 07:59:59.999000+00:00,65014433.4516764,39835,640.17132,31311613.7867118,0
2021-12-16 08:00:00+00:00,48712.23,48976.65,48608.62,48765.39,1199.03574,2021-12-16 08:59:59.999000+00:00,58471400.8992509,36854,575.38378,28062392.7919052,0
2021-12-16 09:00:00+00:00,48765.39,48975.0,48730.0,48948.88,870.47531,2021-12-16 09:59:59.999000+00:00,42526183.5645056,34539,422.25121,20626707.6342485,0
2021-12-16 10:00:00+00:00,48948.88,49239.05,48902.08,49147.66,1141.24127,2021-12-16 10:59:59.999000+00:00,56039732.4075014,39373,584.03045,28679147.237458,0
2021-12-16 11:00:00+00:00,49147.65,49436.43,48864.47,49207.79,1523.47036,2021-12-16 11:59:59.999000+00:00,74853153.1115207,48057,725.10707,35624785.3483094,0
2021-12-16 12:00:00+00:00,49207.79,49213.74,48609.2,48689.45,2098.42985,2021-12-16 12:59:59.999000+00:00,102613685.5409992,58443,946.19787,46275526.8129156,0
2021-12-16 13:00:00+00:00,48689.45,49266.6,48378.65,49006.79,1896.88528,2021-12-16 13:59:59.999000+00:00,92421566.8845952,60334,880.29963,42907318.4632568,0
2021-12-16 14:00:00+00:00,49006.79,49013.25,48509.01,48536.66,1486.43845,2021-12-16 14:59:59.999000+00:00,72395620.9792516,48215,758.38467,36937119.4013197,0
2021-12-16 15:00:00+00:00,48536.65,48718.59,48243.58,48585.81,1926.76748,2021-12-16 15:59:59.999000+00:00,93404881.9318281,58953,885.90589,42944857.347645,0
2021-12-16 16:00:00+00:00,48578.61,48717.43,48302.49,48506.58,1778.62433,2021-12-16 16:59:59.999000+00:00,86191034.4384971,54112,931.83489,45154567.1271532,0
2021-12-16 17:00:00+00:00,48506.57,48520.73,48060.0,48084.14,1593.51908,2021-12-16 17:59:59.999000+00:00,76800081.6646572,56418,791.74654,38158436.0380178,0
2021-12-16 18:00:00+00:00,48084.15,48313.29,47862.6,47983.5,1434.94112,2021-12-16 18:59:59.999000+00:00,68944115.3104362,49090,642.26497,30861731.3937973,0
2021-12-16 19:00:00+00:00,47983.49,48129.67,47666.0,47866.01,1763.75104,2021-12-16 19:59:59.999000+00:00,84370282.9569349,53845,861.34682,41207012.0014025,0
2021-12-16 20:00:00+00:00,47866.01,48387.54,47832.34,47929.53,1510.25811,2021-12-16 20:59:59.999000+00:00,72650248.9864532,45342,811.35048,39035547.3848221,0
2021-12-16 21:00:00+00:00,47929.53,48167.75,47900.0,48089.61,766.62189,2021-12-16 21:59:59.999000+00:00,36848091.226055,27224,349.45614,16796069.8096691,0
2021-12-16 22:00:00+00:00,48089.61,48167.84,47511.0,47821.27,1428.35052,2021-12-16 22:59:59.999000+00:00,68258199.1319198,51856,591.94414,28292212.9890531,0
2021-12-16 23:00:00+00:00,47821.27,47821.27,47532.86,47632.38,1046.44879,2021-12-16 23:59:59.999000+00:00,49887169.5071978,34237,419.89825,20015373.2031088,0
2021-12-17 00:00:00+00:00,47632.38,47987.95,47390.43,47789.74,1660.09591,2021-12-17 00:59:59.999000+00:00,79226133.5320203,44305,776.65281,37077975.0630532,0
2021-12-17 01:00:00+00:00,47789.74,47995.96,47705.87,47848.33,663.92448,2021-12-17 01:59:59.999000+00:00,31775807.8956297,25612,317.47851,15194433.1355644,0
2021-12-17 02:00:00+00:00,47848.33,47876.28,47632.33,47810.01,610.47672,2021-12-17 02:59:59.999000+00:00,29138512.0963042,24420,266.112,12702165.1327123,0
2021-12-17 03:00:00+00:00,47810.02,47813.58,47650.0,47766.07,565.46767,2021-12-17 03:59:59.999000+00:00,27001768.070714,24038,259.08305,12372193.5805866,0
2021-12-17 04:00:00+00:00,47766.07,47950.0,47742.53,47913.02,655.02044,2021-12-17 04:59:59.999000+00:00,31348460.2036962,24856,292.33649,13989198.4126225,0
2021-12-17 05:00:00+00:00,47913.02,47953.22,47575.76,47702.81,798.74138,2021-12-17 05:59:59.999000+00:00,38148388.8185211,27388,389.18024,18588168.1021335,0
2021-12-17 06:00:00+00:00,47702.81,47738.07,47411.0,47419.95,872.46207,2021-12-17 06:59:59.999000+00:00,41471269.3883467,28853,401.69768,19095437.5350831,0
2021-12-17 07:00:00+00:00,47419.95,47430.26,46749.55,47007.25,3210.23622,2021-12-17 07:59:59.999000+00:00,150958214.0118735,82940,1270.78118,59757905.6921406,0
2021-12-17 08:00:00+00:00,47007.25,47195.0,46900.0,47136.35,1352.88765,2021-12-17 08:59:59.999000+00:00,63656662.2585151,41942,661.31975,31116088.8125748,0
2021-12-17 09:00:00+00:00,47136.34,47288.27,46964.72,47228.94,1501.11062,2021-12-17 09:59:59.999000+00:00,70777795.7221747,44532,774.28548,36510470.1330577,0
2021-12-17 10:00:00+00:00,47228.95,47247.83,46769.89,46954.96,1783.33015,2021-12-17 10:59:59.999000+00:00,83833324.235158,50380,830.06638,39024284.3606099,0
2021-12-17 11:00:00+00:00,46954.96,47298.54,46880.5,47112.43,1466.92351,2021-12-17 11:59:59.999000+00:00,69142915.5254755,46806,716.23417,33759957.0805709,0
2021-12-17 12:00:00+00:00,47112.43,47363.36,46924.99,47039.43,1313.16795,2021-12-17 12:59:59.999000+00:00,61913058.6605556,48011,636.35678,30006225.1624947,0
2021-12-17 13:00:00+00:00,47039.43,47242.47,46888.0,46950.03,1101.96482,2021-12-17 13:59:59.999000+00:00,51885670.7210579,39695,477.11666,22468219.0486835,0
2021-12-17 14:00:00+00:00,46950.02,46999.99,45750.0,45971.01,6567.83547,2021-12-17 14:59:59.999000+00:00,303717033.4962599,142205,2480.11397,114695550.1477666,0
2021-12-17 15:00:00+00:00,45971.02,46615.96,45456.0,46528.83,5536.45529,2021-12-17 15:59:59.999000+00:00,254791406.8805566,134098,2616.89822,120526811.7573334,0
2021-12-17 16:00:00+00:00,46528.83,47440.1,46400.0,47077.3,3904.78593,2021-12-17 16:59:59.999000+00:00,183187377.9282836,98491,1994.49207,93587689.5149657,0
2021-12-17 17:00:00+00:00,47077.29,47085.22,46625.0,46761.71,1221.67911,2021-12-17 17:59:59.999000+00:00,57224439.9330529,44159,600.89676,28147128.720787,0
2021-12-17 18:00:00+00:00,46761.71,47063.88,46616.99,46989.28,1078.55038,2021-12-17 18:59:59.999000+00:00,50464236.5300517,36122,567.21223,26537670.0623379,0
2021-12-17 19:00:00+00:00,46989.28,47111.0,46685.67,46765.66,1066.09261,2021-12-17 19:59:59.999000+00:00,49962992.104533,35187,585.63133,27446851.184279,0
2021-12-17 20:00:00+00:00,46765.66,46841.24,46157.56,46183.92,1566.14788,2021-12-17 20:59:59.999000+00:00,72709702.5534952,47914,784.04695,36403573.7177424,0
2021-12-17 21:00:00+00:00,46183.93,47093.16,46111.12,46852.91,1374.598,2021-12-17 21:59:59.999000+00:00,64144543.8770762,45263,703.80009,32827431.2366242,0
2021-12-17 22:00:00+00:00,46852.9,46965.58,45565.58,46555.42,2349.76861,2021-12-17 22:59:59.999000+00:00,108576386.1160084,90919,1047.66313,48416068.9537562,0
2021-12-17 23:00:00+00:00,46555.42,46568.43,46090.21,46131.2,882.76583,2021-12-17 23:59:59.999000+00:00,40910248.9567724,33644,397.31599,18414367.0375943,0
2021-12-18 00:00:00+00:00,46133.83,46380.1,45777.45,46314.87,1690.65423,2021-12-18 00:59:59.999000+00:00,77850435.636944,51260,909.645,41885623.7514516,0
2021-12-18 01:00:00+00:00,46314.88,46362.47,45629.68,45661.11,1518.51151,2021-12-18 01:59:59.999000+00:00,69647264.2351043,47494,686.2529,31471603.2673468,0
2021-12-18 02:00:00+00:00,45662.95,45983.78,45500.0,45696.23,1168.64532,2021-12-18 02:59:59.999000+00:00,53484608.3930181,43020,514.75995,23567122.8784338,0
2021-12-18 03:00:00+00:00,45696.22,46545.83,45666.01,46283.05,1396.14327,2021-12-18 03:59:59.999000+00:00,64490809.7077078,43455,728.2743,33645519.7212561,0
2021-12-18 04:00:00+00:00,46283.04,46500.0,46072.33,46395.9,1033.28922,2021-12-18 04:59:59.999000+00:00,47844261.3622853,32580,538.46613,24929927.0237863,0
2021-12-18 05:00:00+00:00,46395.89,46858.27,46203.11,46592.29,1153.22623,2021-12-18 05:59:59.999000+00:00,53746684.1146537,38694,583.21697,27184789.0980535,0
2021-12-18 06:00:00+00:00,46592.29,46770.9,46265.94,46332.38,1034.72929,2021-12-18 06:59:59.999000+00:00,48122248.1520725,34296,468.65109,21797419.2579888,0
2021-12-18 07:00:00+00:00,46332.39,46468.98,46310.29,46364.08,656.85305,2021-12-18 07:59:59.999000+00:00,30469872.5776163,28849,320.56527,14870273.7830823,0
2021-12-18 08:00:00+00:00,46364.09,46662.96,46194.44,46335.69,1167.00547,2021-12-18 08:59:59.999000+00:00,54214380.8269802,37330,519.68762,24138590.2176978,0
2021-12-18 09:00:00+00:00,46335.69,46854.28,46328.4,46841.63,1023.84548,2021-12-18 09:59:59.999000+00:00,47704590.8823438,35217,503.85897,23479181.5152255,0
2021-12-18 10:00:00+00:00,46841.62,47392.37,46705.6,47309.57,1749.89596,2021-12-18 10:59:59.999000+00:00,82264890.8851084,52919,930.5881,43780762.5966623,0
2021-12-18 11:00:00+00:00,47309.56,47359.04,46930.46,47070.44,1008.64958,2021-12-18 11:59:59.999000+00:00,47569198.9786229,37159,512.35884,24163634.4897543,0
2021-12-18 12:00:00+00:00,47070.43,47168.74,46886.18,47035.5,808.18668,2021-12-18 12:59:59.999000+00:00,38004699.5761273,32564,398.98697,18761904.1374092,0
2021-12-18 13:00:00+00:00,47035.51,47085.1,46560.83,46639.22,1032.54688,2021-12-18 13:59:59.999000+00:00,48405067.7369102,36123,443.74243,20806721.4028338,0
2021-12-18 14:00:00+00:00,46639.22,47045.73,46600.0,47009.02,934.66406,2021-12-18 14:59:59.999000+00:00,43797966.0822536,33437,539.12814,25269281.5065172,0
2021-12-18 15:00:00+00:00,47009.03,47219.16,46825.33,46858.55,919.10574,2021-12-18 15:59:59.999000+00:00,43211886.7151085,32901,510.65751,24012037.2611113,0
2021-12-18 16:00:00+00:00,46858.56,46992.14,46756.28,46799.94,837.22386,2021-12-18 16:59:59.999000+00:00,39240499.9613882,30997,385.49149,18067897.6588563,0
2021-12-18 17:00:00+00:00,46795.0,46862.12,46593.9,46665.13,1321.02112,2021-12-18 17:59:59.999000+00:00,61701833.2083917,40588,803.19498,37508072.5358996,0
2021-12-18 18:00:00+00:00,46665.13,46777.84,46620.1,46726.37,660.74307,2021-12-18 18:59:59.999000+00:00,30866503.6300889,31799,362.09275,16915383.1594235,0
2021-12-18 19:00:00+00:00,46726.37,46774.44,46325.61,46643.68,1109.88266,2021-12-18 19:59:59.999000+00:00,51633699.3611729,37835,520.77863,24227151.8160285,0
2021-12-18 20:00:00+00:00,46643.68,46899.22,46525.0,46864.56,647.99698,2021-12-18 20:59:59.999000+00:00,30270727.5507476,26391,335.89735,15691739.7638869,0
2021-12-18 21:00:00+00:00,46864.55,46980.0,46740.9,46948.38,803.65536,2021-12-18 21:59:59.999000+00:00,37666743.6698251,25690,401.06644,18797315.0455266,0
2021-12-18 22:00:00+00:00,46948.37,47100.0,46666.67,46773.84,762.23854,2021-12-18 22:59:59.999000+00:00,35763893.727392,28725,406.94526,19096331.5738261,0
2021-12-18 23:00:00+00:00,46773.85,47000.77,46639.7,46834.48,581.33915,2021-12-18 23:59:59.999000+00:00,27232368.7289794,22743,311.23998,14581170.8105086,0
2021-12-19 00:00:00+00:00,46834.47,46887.69,46550.0,46664.34,881.73769,2021-12-19 00:59:59.999000+00:00,41181777.4120899,29685,411.05442,19196871.6953328,0
2021-12-19 01:00:00+00:00,46664.33,46820.64,46406.91,46579.22,863.54041,2021-12-19 01:59:59.999000+00:00,40237898.3318221,27187,470.1463,21905583.2812943,0
2021-12-19 02:00:00+00:00,46579.21,47180.76,46527.76,47150.01,1361.88714,2021-12-19 02:59:59.999000+00:00,63877524.8299615,32886,592.85488,27803794.2140712,0
2021-12-19 03:00:00+00:00,47150.01,47990.75,47126.01,47712.38,2633.08777,2021-12-19 03:59:59.999000+00:00,125441811.770362,68474,1484.05015,70668743.6288265,0
2021-12-19 04:00:00+00:00,47714.61,48074.16,47712.0,47892.73,1247.47767,2021-12-19 04:59:59.999000+00:00,59781105.5713069,34931,652.11516,31250373.1524458,0
2021-12-19 05:00:00+00:00,47892.73,48011.68,47534.8,47600.0,1309.58546,2021-12-19 05:59:59.999000+00:00,62515688.2839481,30670,727.0995,34701073.0514609,0
2021-12-19 06:00:00+00:00,47599.99,47673.77,47447.62,47484.32,869.13874,2021-12-19 06:59:59.999000+00:00,41343793.4094559,25693,450.53043,21430358.4805358,0
2021-12-19 07:00:00+00:00,47484.33,47736.0,47445.16,47515.09,839.62779,2021-12-19 07:59:59.999000+00:00,39951187.1174825,25965,410.58196,19536302.5245831,0
2021-12-19 08:00:00+00:00,47515.09,47641.77,47405.0,47473.06,687.24313,2021-12-19 08:59:59.999000+00:00,32659541.2434619,26589,380.06997,18061396.9429312,0
2021-12-19 09:00:00+00:00,47473.03,47560.65,47000.0,47102.02,1635.40195,2021-12-19 09:59:59.999000+00:00,77180486.5628004,41957,830.70685,39206333.6272219,0
2021-12-19 10:00:00+00:00,47102.02,47222.0,46807.27,47125.01,1077.84148,2021-12-19 10:59:59.999000+00:00,50687310.7769635,34140,528.70585,24863647.2268647,0
2021-12-19 11:00:00+00:00,47125.01,47200.26,46964.46,47152.72,767.31963,2021-12-19 11:59:59.999000+00:00,36125857.5206388,26455,383.40718,18050868.4331753,0
2021-12-19 12:00:00+00:00,47155.24,47300.0,46867.01,47256.64,1111.78869,2021-12-19 12:59:59.999000+00:00,52378624.5507846,29894,467.25259,22007886.8191027,0
2021-12-19 13:00:00+00:00,47256.64,47777.0,46894.75,47629.95,1648.29469,2021-12-19 13:59:59.999000+00:00,77933966.855937,46758,878.31497,41537191.494476,0
2021-12-19 14:00:00+00:00,47629.95,48300.01,47000.0,47393.2,3709.81424,2021-12-19 14:59:59.999000+00:00,176679344.125593,95735,1899.26537,90535851.9412895,0
2021-12-19 15:00:00+00:00,47393.21,47470.01,47150.0,47239.8,786.11137,2021-12-19 15:59:59.999000+00:00,37147596.9184055,32092,318.71724,15063291.9351224,0
2021-12-19 16:00:00+00:00,47239.81,47500.0,47146.0,47162.04,780.38559,2021-12-19 16:59:59.999000+00:00,36897127.3965097,29791,398.82413,18857775.6471007,0
2021-12-19 17:00:00+00:00,47162.03,47237.92,47023.71,47141.22,791.62551,2021-12-19 17:59:59.999000+00:00,37296621.0445188,28631,358.21005,16876618.9657388,0
2021-12-19 18:00:00+00:00,47141.22,47178.91,46880.0,47121.57,751.59703,2021-12-19 18:59:59.999000+00:00,35334971.6203863,33125,337.39702,15862878.7746225,0
2021-12-19 19:00:00+00:00,47117.22,47153.79,46580.0,46673.93,1487.72658,2021-12-19 19:59:59.999000+00:00,69527926.3609887,42894,622.48132,29093475.6395723,0
2021-12-19 20:00:00+00:00,46673.94,46902.27,46482.9,46776.39,1033.95367,2021-12-19 20:59:59.999000+00:00,48303505.8270961,33629,468.81164,21909491.3085373,0
2021-12-19 21:00:00+00:00,46776.38,46884.95,46631.33,46730.35,597.90587,2021-12-19 21:59:59.999000+00:00,27977157.6824424,21846,279.67683,13086693.4888363,0
2021-12-19 22:00:00+00:00,46730.36,47550.0,46657.96,47296.66,1150.0924,2021-12-19 22:59:59.999000+00:00,54260576.9260231,40613,643.54077,30364286.7461207,0
2021-12-19 23:00:00+00:00,47296.66,47432.53,46600.0,46681.23,1282.52215,2021-12-19 23:59:59.999000+00:00,60237196.2237912,35187,652.9637,30689025.209301,0
2021-12-20 00:00:00+00:00,46681.24,46900.0,46220.0,46880.83,1733.03255,2021-12-20 00:59:59.999000+00:00,80620004.1916865,49738,810.77448,37731459.3088655,0
2021-12-20 01:00:00+00:00,46880.83,47200.0,46493.19,46619.56,1539.83912,2021-12-20 01:59:59.999000+00:00,72140279.453447,44388,746.22015,34961122.4939724,0
2021-12-20 02:00:00+00:00,46619.55,46831.57,46459.36,46731.84,980.7049,2021-12-20 02:59:59.999000+00:00,45748632.8724322,33329,447.58498,20877651.794029,0
2021-12-20 03:00:00+00:00,46731.85,46846.0,46484.99,46687.22,1036.19149,2021-12-20 03:59:59.999000+00:00,48310863.1015845,34828,447.10912,20844057.5542124,0
2021-12-20 04:00:00+00:00,46687.22,47032.87,46659.82,46967.48,873.9888,2021-12-20 04:59:59.999000+00:00,40963142.8665431,30834,444.39481,20828507.5792774,0
2021-12-20 05:00:00+00:00,46967.48,47049.87,46376.02,46433.18,1375.30955,2021-12-20 05:59:59.999000+00:00,64196221.7262777,43525,643.62277,30045667.1909195,0
2021-12-20 06:00:00+00:00,46433.17,46664.96,46250.0,46557.32,1477.90081,2021-12-20 06:59:59.999000+00:00,68665485.6389691,45453,707.98724,32895013.5050855,0
2021-12-20 07:00:00+00:00,46557.32,46557.32,46103.0,46429.19,1340.34779,2021-12-20 07:59:59.999000+00:00,62130465.7361726,42817,618.9102,28689733.8862768,0
2021-12-20 08:00:00+00:00,46429.19,46554.0,46141.64,46283.24,1265.59991,2021-12-20 08:59:59.999000+00:00,58666692.9211846,42375,638.55673,29603609.3457127,0
2021-12-20 09:00:00+00:00,46278.32,46309.16,45819.02,45839.4,2346.10826,2021-12-20 09:59:59.999000+00:00,107909163.1803788,69949,1113.42451,51213217.1083696,0
2021-12-20 10:00:00+00:00,45839.4,46142.94,45750.0,45882.54,1435.92368,2021-12-20 10:59:59.999000+00:00,65970957.2974734,42562,744.96616,34225174.1211462,0
2021-12-20 11:00:00+00:00,45882.55,46138.06,45822.0,46092.6,1067.69187,2021-12-20 11:59:59.999000+00:00,49137960.472068,34377,560.6102,25800531.3258102,0
2021-12-20 12:00:00+00:00,46092.6,46092.6,45650.0,45721.52,1275.36393,2021-12-20 12:59:59.999000+00:00,58444217.4131083,41307,568.1011,26032717.8729574,0
2021-12-20 13:00:00+00:00,45721.52,45999.41,45581.94,45713.94,1317.09398,2021-12-20 13:59:59.999000+00:00,60333041.7925516,42840,673.7502,30867406.1306645,0
2021-12-20 14:00:00+00:00,45713.94,46313.89,45558.85,46307.49,2633.54582,2021-12-20 14:59:59.999000+00:00,120803855.4560621,68799,1310.43226,60120295.9939048,0
2021-12-20 15:00:00+00:00,46307.48,46307.49,45907.81,45974.08,1562.93057,2021-12-20 15:59:59.999000+00:00,72081354.1831252,45174,749.29877,34557892.0621948,0
2021-12-20 16:00:00+00:00,45974.09,46499.0,45863.72,46412.41,1636.13153,2021-12-20 16:59:59.999000+00:00,75558784.884726,45757,853.99741,39443355.0509006,0
2021-12-20 17:00:00+00:00,46412.5,46500.0,46101.0,46116.61,1200.80394,2021-12-20 17:59:59.999000+00:00,55590486.682029,39447,588.23038,27229294.2229938,0
2021-12-20 18:00:00+00:00,46116.62,46340.1,46025.01,46268.58,1725.71117,2021-12-20 18:59:59.999000+00:00,79694067.3770378,45618,862.02779,39806349.3975991,0
2021-12-20 19:00:00+00:00,46268.58,46690.0,46240.01,46585.55,1717.22917,2021-12-20 19:59:59.999000+00:00,79833812.4177012,52616,912.50628,42414805.3052825,0
2021-12-20 20:00:00+00:00,46585.56,47246.0,46585.55,47021.02,2240.77932,2021-12-20 20:59:59.999000+00:00,105080778.7412494,60166,1120.62133,52556138.6447194,0
2021-12-20 21:00:00+00:00,47020.99,47537.57,46956.89,46961.23,2309.70816,2021-12-20 21:59:59.999000+00:00,109077913.7355569,61232,1229.39207,58083460.4718698,0
2021-12-20 22:00:00+00:00,46962.64,47108.92,46717.55,46757.69,727.72223,2021-12-20 22:59:59.999000+00:00,34146348.0513365,31339,342.63711,16079147.7264824,0
2021-12-20 23:00:00+00:00,46757.7,47096.96,46747.84,46914.16,1028.84754,2021-12-20 23:59:59.999000+00:00,48258587.6377519,28018,531.17144,24910962.5704967,0
2021-12-21 00:00:00+00:00,46914.17,47162.27,46754.39,46793.23,1227.99665,2021-12-21 00:59:59.999000+00:00,57629723.4843194,32545,592.08058,27785849.345026,0
2021-12-21 01:00:00+00:00,46793.22,47000.0,46630.0,46946.72,1076.8016,2021-12-21 01:59:59.999000+00:00,50408712.197187,32611,561.49029,26285584.7422409,0
2021-12-21 02:00:00+00:00,46946.72,47098.8,46871.82,46942.54,723.05568,2021-12-21 02:59:59.999000+00:00,33944414.1997966,25664,372.14589,17472645.0746231,0
2021-12-21 03:00:00+00:00,46942.54,48085.0,46914.76,47928.47,3002.1863,2021-12-21 03:59:59.999000+00:00,142807996.5926466,78485,1772.5531,84350876.8908383,0
2021-12-21 04:00:00+00:00,47928.48,48824.16,47927.05,48555.01,4522.30817,2021-12-21 04:59:59.999000+00:00,219242980.2000132,109337,2347.97323,113814616.2102119,0
2021-12-21 05:00:00+00:00,48555.0,48768.6,48291.36,48600.51,2136.57152,2021-12-21 05:59:59.999000+00:00,103765711.1772488,56006,1038.59263,50446933.9964791,0
2021-12-21 06:00:00+00:00,48600.5,48704.17,48331.56,48546.88,1481.32305,2021-12-21 06:59:59.999000+00:00,71811471.6913901,43154,699.16422,33893956.5840638,0
2021-12-21 07:00:00+00:00,48546.88,48671.56,48412.43,48579.77,1225.43448,2021-12-21 07:59:59.999000+00:00,59465916.7817567,38586,631.62357,30650430.1902291,0
2021-12-21 08:00:00+00:00,48579.77,49000.0,48512.0,48566.44,2877.38845,2021-12-21 08:59:59.999000+00:00,140333040.0153604,63664,1480.24874,72221708.8632955,0
2021-12-21 09:00:00+00:00,48566.43,48699.0,48438.49,48591.72,1258.33927,2021-12-21 09:59:59.999000+00:00,61102450.6041404,37320,617.76418,30000512.6493395,0
2021-12-21 10:00:00+00:00,48591.71,48785.16,48568.39,48657.85,838.14217,2021-12-21 10:59:59.999000+00:00,40801707.5107148,28635,426.02568,20742505.553902,0
2021-12-21 11:00:00+00:00,48657.86,48899.0,48623.48,48866.92,1073.64637,2021-12-21 11:59:59.999000+00:00,52352681.2590558,32534,567.65694,27679209.1780963,0
2021-12-21 12:00:00+00:00,48866.92,49328.96,48641.35,48735.49,3074.34857,2021-12-21 12:59:59.999000+00:00,150713674.6673405,83072,1572.39817,77095985.9236685,0
2021-12-21 13:00:00+00:00,48735.49,48970.88,48575.09,48909.49,1564.00435,2021-12-21 13:59:59.999000+00:00,76276014.0195118,54925,760.66781,37095803.9631521,0
2021-12-21 14:00:00+00:00,48909.49,48966.2,48520.0,48624.01,1453.20324,2021-12-21 14:59:59.999000+00:00,70831256.3674033,51771,661.0007,32219271.6803476,0
2021-12-21 15:00:00+00:00,48624.01,48788.87,48265.24,48418.49,2209.08606,2021-12-21 15:59:59.999000+00:00,107149902.8822209,61643,1171.5437,56821643.3975002,0
2021-12-21 16:00:00+00:00,48418.48,48746.97,48381.57,48685.19,1137.16935,2021-12-21 16:59:59.999000+00:00,55228977.1306272,39809,551.83744,26801669.6011572,0
2021-12-21 17:00:00+00:00,48685.18,48876.94,48570.32,48655.17,938.65985,2021-12-21 17:59:59.999000+00:00,45699020.123961,33947,522.21121,25425099.8882302,0
2021-12-21 18:00:00+00:00,48655.16,48684.93,48402.0,48441.51,963.02756,2021-12-21 18:59:59.999000+00:00,46764042.7130975,31049,511.78152,24852086.4393492,0
2021-12-21 19:00:00+00:00,48441.51,48660.92,48332.5,48619.79,863.33488,2021-12-21 19:59:59.999000+00:00,41864877.0449848,34111,439.7063,21323618.7735944,0
2021-12-21 20:00:00+00:00,48619.8,48791.95,48461.47,48608.95,813.50308,2021-12-21 20:59:59.999000+00:00,39537362.9187392,33727,433.76249,21082743.2083952,0
2021-12-21 21:00:00+00:00,48608.94,49177.0,48528.89,49084.25,1360.5625,2021-12-21 21:59:59.999000+00:00,66517538.7748343,44554,717.07996,35052865.12091,0
2021-12-21 22:00:00+00:00,49084.24,49287.93,48943.61,49287.92,873.50019,2021-12-21 22:59:59.999000+00:00,42880267.8410578,37814,460.2606,22599409.7127084,0
2021-12-21 23:00:00+00:00,49287.92,49287.93,48840.01,48889.88,1020.3359,2021-12-21 23:59:59.999000+00:00,50104408.8624721,34449,446.70111,21933385.2347769,0
2021-12-22 00:00:00+00:00,48887.59,48992.5,48630.01,48644.13,1027.36177,2021-12-22 00:59:59.999000+00:00,50191151.9909687,33420,508.00531,24824249.1761972,0
2021-12-22 01:00:00+00:00,48644.12,48847.14,48600.0,48818.89,742.92826,2021-12-22 01:59:59.999000+00:00,36202862.4502028,27765,359.55961,17520128.0535326,0
2021-12-22 02:00:00+00:00,48818.9,49576.13,48727.47,49326.5,1987.96756,2021-12-22 02:59:59.999000+00:00,97997310.9953585,62485,1151.85038,56794770.9893983,0
2021-12-22 03:00:00+00:00,49327.24,49446.35,49141.15,49249.0,892.82053,2021-12-22 03:59:59.999000+00:00,44007309.8730253,33313,434.37539,21411101.7196037,0
2021-12-22 04:00:00+00:00,49249.0,49347.9,49081.78,49312.4,1026.27797,2021-12-22 04:59:59.999000+00:00,50552196.8481445,37105,538.31761,26517976.716974,0
2021-12-22 05:00:00+00:00,49312.4,49331.9,48914.07,48964.88,948.35712,2021-12-22 05:59:59.999000+00:00,46545354.7510114,32358,388.0794,19053855.7271375,0
2021-12-22 06:00:00+00:00,48964.87,49230.55,48922.33,49057.21,867.53354,2021-12-22 06:59:59.999000+00:00,42598266.6785074,29219,454.50907,22316687.6637006,0
2021-12-22 07:00:00+00:00,49057.22,49300.0,49055.74,49206.42,796.68034,2021-12-22 07:59:59.999000+00:00,39207456.2868525,29067,397.25624,19550009.1998202,0
2021-12-22 08:00:00+00:00,49206.43,49535.0,49099.54,49258.01,1573.40629,2021-12-22 08:59:59.999000+00:00,77616990.9182264,42788,814.26637,40175194.0048085,0
2021-12-22 09:00:00+00:00,49260.22,49325.0,48830.29,48941.35,1411.98917,2021-12-22 09:59:59.999000+00:00,69280754.0914394,47441,659.18899,32350514.7951462,0
2021-12-22 10:00:00+00:00,48941.35,49150.0,48862.74,49084.17,905.76958,2021-12-22 10:59:59.999000+00:00,44412416.1827849,35266,447.6097,21947214.6666922,0
2021-12-22 11:00:00+00:00,49084.17,49234.69,48891.63,48981.99,1062.06155,2021-12-22 11:59:59.999000+00:00,52119105.915128,40065,554.96084,27236324.9378051,0
2021-12-22 12:00:00+00:00,48981.98,49123.62,48512.0,48578.37,2018.41743,2021-12-22 12:59:59.999000+00:00,98425768.625349,64604,915.09622,44622647.381283,0
2021-12-22 13:00:00+00:00,48578.36,48790.95,48421.87,48560.0,1437.56593,2021-12-22 13:59:59.999000+00:00,69819267.0419334,56931,698.1053,33909005.8718087,0
2021-12-22 14:00:00+00:00,48560.0,48949.99,48521.18,48805.05,1246.36353,2021-12-22 14:59:59.999000+00:00,60748024.1075862,51450,670.35029,32671682.7877436,0
2021-12-22 15:00:00+00:00,48805.04,48906.76,48624.15,48879.28,1011.17956,2021-12-22 15:59:59.999000+00:00,49349318.0731391,42117,489.56453,23892435.3564499,0
2021-12-22 16:00:00+00:00,48879.28,49245.81,48757.82,48998.0,1300.45263,2021-12-22 16:59:59.999000+00:00,63748205.560386,51508,669.35563,32812066.820409,0
2021-12-22 17:00:00+00:00,48998.0,49100.0,48689.65,48702.07,959.87212,2021-12-22 17:59:59.999000+00:00,46895621.0313249,39123,466.58477,22795428.716812,0
2021-12-22 18:00:00+00:00,48702.07,48846.42,48524.98,48576.02,886.56148,2021-12-22 18:59:59.999000+00:00,43172645.106146,37884,435.39206,21204593.1344108,0
2021-12-22 19:00:00+00:00,48576.02,48950.0,48506.01,48931.99,799.48215,2021-12-22 19:59:59.999000+00:00,38978277.6819019,30432,452.00045,22036501.0579718,0
2021-12-22 20:00:00+00:00,48931.99,49144.99,48860.47,48974.34,1309.98901,2021-12-22 20:59:59.999000+00:00,64193404.9006496,32398,564.76034,27670613.5089141,0
2021-12-22 21:00:00+00:00,48974.33,49139.97,48836.72,49048.84,894.4665,2021-12-22 21:59:59.999000+00:00,43799463.5237369,29477,452.03956,22137957.0276004,0
2021-12-22 22:00:00+00:00,49048.83,49084.45,48788.49,48977.21,710.47289,2021-12-22 22:59:59.999000+00:00,34771524.3841124,29940,360.06472,17622956.9792694,0
2021-12-22 23:00:00+00:00,48977.21,48995.89,48555.0,48588.16,1186.22529,2021-12-22 23:59:59.999000+00:00,57785898.3158143,33324,521.25685,25393314.4628209,0
2021-12-23 00:00:00+00:00,48588.17,48673.13,47920.42,48290.0,2329.67688,2021-12-23 00:59:59.999000+00:00,112431275.121898,63956,996.08759,48089590.7584,0
2021-12-23 01:00:00+00:00,48289.99,48490.22,48069.51,48469.14,927.9752,2021-12-23 01:59:59.999000+00:00,44836019.0442411,32610,418.70382,20227709.1403494,0
2021-12-23 02:00:00+00:00,48469.13,48731.71,48321.09,48355.4,1310.53817,2021-12-23 02:59:59.999000+00:00,63640122.8071464,40937,551.16076,26766709.1261124,0
2021-12-23 03:00:00+00:00,48355.39,48555.0,48208.25,48524.11,795.94821,2021-12-23 03:59:59.999000+00:00,38504920.4653481,30133,394.83918,19103045.6605135,0
2021-12-23 04:00:00+00:00,48524.11,48584.71,48295.51,48362.41,616.1453,2021-12-23 04:59:59.999000+00:00,29875609.6287425,26573,294.8699,14300227.9786339,0
2021-12-23 05:00:00+00:00,48362.41,48567.1,48200.0,48384.52,767.30713,2021-12-23 05:59:59.999000+00:00,37134714.4230874,25914,389.11495,18834533.5894395,0
2021-12-23 06:00:00+00:00,48384.53,48499.55,48265.71,48468.92,834.07255,2021-12-23 06:59:59.999000+00:00,40361804.7091406,28151,426.22312,20626193.6447261,0
2021-12-23 07:00:00+00:00,48468.93,48500.0,48031.45,48129.6,1148.70861,2021-12-23 07:59:59.999000+00:00,55436001.827941,39622,562.51256,27148497.8531319,0
2021-12-23 08:00:00+00:00,48129.61,48363.0,48060.0,48339.9,998.79131,2021-12-23 08:59:59.999000+00:00,48169912.575289,36560,506.30658,24419276.6833173,0
2021-12-23 09:00:00+00:00,48339.91,48424.97,48149.0,48376.94,881.70746,2021-12-23 09:59:59.999000+00:00,42579689.8822906,34569,402.23492,19424294.9306356,0
2021-12-23 10:00:00+00:00,48376.94,48450.0,48211.62,48434.53,807.06689,2021-12-23 10:59:59.999000+00:00,39012743.1199937,33286,399.30928,19303407.5707028,0
2021-12-23 11:00:00+00:00,48434.53,48541.86,48227.98,48354.77,1185.40474,2021-12-23 11:59:59.999000+00:00,57366938.05137,38391,602.6168,29167078.682611,0
2021-12-23 12:00:00+00:00,48354.76,48838.63,48323.98,48616.93,1249.92282,2021-12-23 12:59:59.999000+00:00,60711956.4372739,42519,633.07444,30750573.2399513,0
2021-12-23 13:00:00+00:00,48616.94,48859.61,48584.43,48614.97,1384.61313,2021-12-23 13:59:59.999000+00:00,67492559.2417313,44795,622.26064,30332139.8531868,0
2021-12-23 14:00:00+00:00,48614.96,48700.0,48464.0,48599.23,997.82265,2021-12-23 14:59:59.999000+00:00,48477077.0928814,36654,491.20252,23864655.6106236,0
2021-12-23 15:00:00+00:00,48599.24,48849.66,48578.15,48819.33,992.50872,2021-12-23 15:59:59.999000+00:00,48386711.0222815,39403,547.54081,26692814.0303168,0
2021-12-23 16:00:00+00:00,48819.33,49154.0,48677.52,49089.49,2038.16202,2021-12-23 16:59:59.999000+00:00,99695899.4760437,66661,1061.58635,51930942.964435,0
2021-12-23 17:00:00+00:00,49089.49,50166.0,49013.0,50060.01,3915.22028,2021-12-23 17:59:59.999000+00:00,194417790.4594746,111929,2255.59685,112059089.483213,0
2021-12-23 18:00:00+00:00,50060.01,50776.98,50060.0,50619.98,4053.4834,2021-12-23 18:59:59.999000+00:00,204690753.5439923,111524,1859.4221,93869375.6899018,0
2021-12-23 19:00:00+00:00,50619.98,51375.0,50500.0,51109.99,2934.34312,2021-12-23 19:59:59.999000+00:00,149626398.9385885,104634,1563.143,79710397.3037207,0
2021-12-23 20:00:00+00:00,51110.0,51209.3,50718.66,50929.71,1825.89043,2021-12-23 20:59:59.999000+00:00,93014174.3641857,70365,872.03415,44420662.3922542,0
2021-12-23 21:00:00+00:00,50929.71,50980.99,50622.75,50824.37,1290.12677,2021-12-23 21:59:59.999000+00:00,65485117.6557048,41090,584.772,29687922.7230534,0
2021-12-23 22:00:00+00:00,50824.37,50998.72,50706.45,50758.94,858.21201,2021-12-23 22:59:59.999000+00:00,43617219.728193,38411,439.68741,22347179.5914379,0
2021-12-23 23:00:00+00:00,50758.94,50851.11,50501.0,50838.81,1048.89266,2021-12-23 23:59:59.999000+00:00,53164421.1646131,37363,523.37061,26528798.1790891,0
2021-12-24 00:00:00+00:00,50838.82,50990.0,50644.48,50877.38,1258.57071,2021-12-24 00:59:59.999000+00:00,63941955.5678863,42165,668.06997,33944735.0825858,0
2021-12-24 01:00:00+00:00,50877.38,51375.0,50843.12,51350.01,3037.17958,2021-12-24 01:59:59.999000+00:00,155497353.9644817,59615,1284.44631,65728435.8808064,0
2021-12-24 02:00:00+00:00,51350.01,51527.58,51015.55,51044.02,2286.33021,2021-12-24 02:59:59.999000+00:00,117213586.9752037,68320,974.82918,49970648.9105163,0
2021-12-24 03:00:00+00:00,51044.02,51167.46,50851.02,51029.99,1237.77455,2021-12-24 03:59:59.999000+00:00,63136317.8429317,42022,646.47015,32975045.7660462,0
2021-12-24 04:00:00+00:00,51030.0,51109.09,50926.55,50951.47,560.59259,2021-12-24 04:59:54.362000+00:00,28611166.126238,22379,247.37318,12625307.951367,0
2021-12-24 05:00:00+00:00,50951.41,51026.34,50828.99,51012.73,765.92466,2021-12-24 05:59:59.999000+00:00,39011126.4547632,38919,376.32741,19168642.3761064,0
2021-12-24 06:00:00+00:00,51012.72,51012.73,50736.11,50883.73,955.1915,2021-12-24 06:59:59.999000+00:00,48615763.9245525,43232,477.87504,24322392.5018074,0
2021-12-24 07:00:00+00:00,50883.73,51076.98,50818.1,50994.75,913.84277,2021-12-24 07:59:59.999000+00:00,46573942.4599802,33824,477.85241,24355007.0738325,0
2021-12-24 08:00:00+00:00,50994.75,51198.0,50895.57,51069.18,998.78873,2021-12-24 08:59:59.999000+00:00,51012488.6786609,38315,509.86182,26042576.2112085,0
2021-12-24 09:00:00+00:00,51069.18,51300.01,51034.97,51267.12,909.00254,2021-12-24 09:59:59.999000+00:00,46534953.5114972,32787,460.28095,23561455.2028982,0
2021-12-24 10:00:00+00:00,51267.13,51271.63,51053.96,51181.29,780.55018,2021-12-24 10:59:59.999000+00:00,39932042.146916,30500,351.41323,17977138.1677843,0
2021-12-24 11:00:00+00:00,51181.29,51550.0,50858.0,50993.88,2212.41929,2021-12-24 11:59:59.999000+00:00,113423694.2093902,60480,876.68731,44916204.4679562,0
2021-12-24 12:00:00+00:00,50993.89,51084.41,50823.39,51026.21,982.19209,2021-12-24 12:59:59.999000+00:00,50053081.3046919,43268,519.33598,26470049.5347935,0
2021-12-24 13:00:00+00:00,51026.21,51171.74,50870.6,51040.49,971.86647,2021-12-24 13:59:59.999000+00:00,49564024.375108,36126,516.23585,26329002.2614632,0
2021-12-24 14:00:00+00:00,51040.49,51244.22,50668.52,50760.99,1466.83006,2021-12-24 14:59:59.999000+00:00,74853690.9119673,48453,676.72511,34556645.7321619,0
2021-12-24 15:00:00+00:00,50760.99,50987.2,50384.43,50956.68,1950.43136,2021-12-24 15:59:59.999000+00:00,98816269.3048749,67160,856.0546,43398223.51304,0
2021-12-24 16:00:00+00:00,50956.68,51220.0,50826.08,50926.97,1619.27325,2021-12-24 16:59:59.999000+00:00,82676193.0778628,53144,694.76872,35471150.911184,0
2021-12-24 17:00:00+00:00,50926.96,51116.31,50735.87,51112.83,684.89831,2021-12-24 17:59:59.999000+00:00,34859739.2026068,33905,374.22705,19047248.1528716,0
2021-12-24 18:00:00+00:00,51112.83,51638.0,51072.16,51600.48,1861.91217,2021-12-24 18:59:59.999000+00:00,95593921.5972807,53501,1019.37031,52357478.9632513,0
2021-12-24 19:00:00+00:00,51600.47,51810.0,51083.58,51126.4,1935.07156,2021-12-24 19:59:59.999000+00:00,99617162.2674396,65289,991.64701,51055018.6824915,0
2021-12-24 20:00:00+00:00,51126.4,51236.15,50773.9,51109.18,1640.57091,2021-12-24 20:59:59.999000+00:00,83676877.9106967,53714,868.69966,44310454.6517012,0
2021-12-24 21:00:00+00:00,51109.17,51135.26,50847.84,50876.44,598.85044,2021-12-24 21:59:59.999000+00:00,30540934.1419943,26808,287.38518,14657573.144345,0
2021-12-24 22:00:00+00:00,50876.44,50955.53,50570.16,50760.55,1001.76155,2021-12-24 22:59:59.999000+00:00,50852276.1115605,43841,472.45416,23985656.0679459,0
2021-12-24 23:00:00+00:00,50760.55,50890.01,50500.0,50820.0,1032.09337,2021-12-24 23:59:59.999000+00:00,52309184.011899,36641,473.25171,23987525.5282132,0
2021-12-25 00:00:00+00:00,50819.99,51066.32,50600.0,51045.25,744.53471,2021-12-25 00:59:59.999000+00:00,37893955.7512534,29980,395.16922,20113649.9750012,0
2021-12-25 01:00:00+00:00,51045.25,51090.0,50850.0,50992.54,594.85161,2021-12-25 01:59:59.999000+00:00,30323392.6169947,24681,306.34442,15616665.1211957,0
2021-12-25 02:00:00+00:00,50992.55,51131.25,50768.42,50768.43,663.28411,2021-12-25 02:59:59.999000+00:00,33804873.1617517,25796,332.66145,16954178.901915,0
2021-12-25 03:00:00+00:00,50768.42,50932.49,50700.19,50844.14,533.43132,2021-12-25 03:59:59.999000+00:00,27119340.6180785,22142,268.70307,13660809.9156057,0
2021-12-25 04:00:00+00:00,50844.13,51054.69,50800.79,50886.42,600.63354,2021-12-25 04:59:59.999000+00:00,30585695.7663605,20787,293.31465,14936621.1661978,0
2021-12-25 05:00:00+00:00,50886.42,51010.42,50858.56,50886.99,484.5835,2021-12-25 05:59:59.999000+00:00,24682510.0811878,20546,254.3213,12953755.0560878,0
2021-12-25 06:00:00+00:00,50886.99,50986.23,50656.43,50965.88,640.70759,2021-12-25 06:59:59.999000+00:00,32569638.6900741,29748,319.5281,16244100.7448378,0
2021-12-25 07:00:00+00:00,50965.89,51084.13,50822.17,50919.17,782.58942,2021-12-25 07:59:59.999000+00:00,39862327.5674584,28017,518.88102,26427847.789787,0
2021-12-25 08:00:00+00:00,50919.18,50968.57,50789.0,50886.35,643.88073,2021-12-25 08:59:59.999000+00:00,32753137.3719478,25874,379.17359,19289653.5907947,0
2021-12-25 09:00:00+00:00,50886.35,51009.29,50802.0,50807.4,531.8189,2021-12-25 09:59:59.999000+00:00,27068669.6531132,27074,273.67106,13930140.4138337,0
2021-12-25 10:00:00+00:00,50807.39,50841.37,50555.0,50645.41,921.06352,2021-12-25 10:59:59.999000+00:00,46697165.6658166,39585,475.05897,24083677.0185861,0
2021-12-25 11:00:00+00:00,50645.41,50816.32,50583.15,50682.97,537.97712,2021-12-25 11:59:59.999000+00:00,27264133.706899,35022,259.41067,13146484.4016206,0
2021-12-25 12:00:00+00:00,50682.97,50934.78,50682.96,50802.76,594.23214,2021-12-25 12:59:59.999000+00:00,30200281.879508,37498,296.07075,15047027.0256348,0
2021-12-25 13:00:00+00:00,50802.76,50900.0,50631.55,50847.48,1030.35323,2021-12-25 13:59:59.999000+00:00,52303159.4764227,32625,561.77504,28518224.5077092,0
2021-12-25 14:00:00+00:00,50847.48,50865.55,50650.0,50744.9,688.75155,2021-12-25 14:59:59.999000+00:00,34943703.9435616,33776,382.93121,19427774.5667266,0
2021-12-25 15:00:00+00:00,50744.89,50815.54,50650.0,50659.91,848.68752,2021-12-25 15:59:59.999000+00:00,43057355.9997601,37395,416.39688,21126592.9503206,0
2021-12-25 16:00:00+00:00,50659.91,50765.32,50444.7,50600.02,1358.0278,2021-12-25 16:59:59.999000+00:00,68751209.4949162,46648,728.6991,36892642.1303839,0
2021-12-25 17:00:00+00:00,50600.02,50849.0,50142.32,50781.75,2036.45313,2021-12-25 17:59:59.999000+00:00,102726627.8568305,62454,1035.08141,52223450.5900582,0
2021-12-25 18:00:00+00:00,50781.74,51156.23,50705.64,50986.34,1095.36984,2021-12-25 18:59:59.999000+00:00,55788156.6905998,44155,588.69164,29986869.757332,0
2021-12-25 19:00:00+00:00,50986.35,51062.1,50816.86,50889.15,477.80948,2021-12-25 19:59:59.999000+00:00,24321177.0433308,23564,251.78449,12816101.887809,0
2021-12-25 20:00:00+00:00,50889.15,50995.75,50732.58,50852.83,549.51431,2021-12-25 20:59:59.999000+00:00,27957795.558176,25932,278.96631,14193033.9852713,0
2021-12-25 21:00:00+00:00,50852.83,51080.0,50820.93,50960.01,677.25602,2021-12-25 21:59:59.999000+00:00,34520222.8193286,29390,328.64676,16751508.8493008,0
2021-12-25 22:00:00+00:00,50960.01,50970.48,50554.46,50609.58,797.96415,2021-12-25 22:59:59.999000+00:00,40487136.8066936,30760,358.55861,18188385.299576,0
2021-12-25 23:00:00+00:00,50609.59,50691.17,50335.67,50399.66,1301.74089,2021-12-25 23:59:59.999000+00:00,65809360.9107604,33530,624.46294,31573333.8833127,0
2021-12-26 00:00:00+00:00,50399.67,50561.34,50255.0,50378.41,1605.46199,2021-12-26 00:59:59.999000+00:00,80890112.3630109,35811,808.20835,40719172.6864394,0
2021-12-26 01:00:00+00:00,50378.41,50672.93,50314.66,50523.25,913.48694,2021-12-26 01:59:59.999000+00:00,46127945.3406107,25356,500.76988,25285595.7003304,0
2021-12-26 02:00:00+00:00,50523.26,50557.87,49800.0,50028.5,1962.59558,2021-12-26 02:59:59.999000+00:00,98396977.9555008,55706,904.2543,45351130.6607451,0
2021-12-26 03:00:00+00:00,50028.49,50028.5,49610.0,49675.56,1885.43297,2021-12-26 03:59:59.999000+00:00,93883083.9598454,50883,804.80994,40081671.1591621,0
2021-12-26 04:00:00+00:00,49675.56,49884.71,49600.95,49867.65,861.16017,2021-12-26 04:59:59.999000+00:00,42843845.4987989,31127,433.16716,21554369.5710659,0
2021-12-26 05:00:00+00:00,49867.65,49977.07,49800.0,49862.63,626.04398,2021-12-26 05:59:59.999000+00:00,31230156.6339388,20550,326.06712,16265205.795257,0
2021-12-26 06:00:00+00:00,49862.64,49961.51,49804.58,49904.96,475.21303,2021-12-26 06:59:59.999000+00:00,23701998.1615237,21392,224.87499,11217064.9416936,0
2021-12-26 07:00:00+00:00,49904.96,49974.98,49716.17,49930.39,545.66501,2021-12-26 07:59:59.999000+00:00,27206386.7519983,21715,286.9503,14305346.0029859,0
2021-12-26 08:00:00+00:00,49930.39,50089.93,49826.01,49881.98,742.58404,2021-12-26 08:59:59.999000+00:00,37110548.6697901,28400,373.79183,18684431.584476,0
2021-12-26 09:00:00+00:00,49881.97,50169.17,49840.2,50012.6,772.37161,2021-12-26 09:59:59.999000+00:00,38608634.1851307,29399,423.60005,21173228.9876803,0
2021-12-26 10:00:00+00:00,50012.61,50104.0,49924.02,50079.99,720.51634,2021-12-26 10:59:59.999000+00:00,36038980.5637318,30011,361.15708,18066140.3998812,0
2021-12-26 11:00:00+00:00,50080.0,50125.0,49412.0,49748.89,1463.81011,2021-12-26 11:59:59.999000+00:00,72862282.9206714,47447,578.9509,28824262.2866603,0
2021-12-26 12:00:00+00:00,49748.89,49964.28,49642.11,49870.53,756.26845,2021-12-26 12:59:59.999000+00:00,37668301.1940293,32192,383.55553,19105035.6375258,0
2021-12-26 13:00:00+00:00,49870.52,49984.0,49765.2,49841.99,633.77758,2021-12-26 13:59:59.999000+00:00,31599003.3152634,28348,312.69898,15590471.4779368,0
2021-12-26 14:00:00+00:00,49842.0,49950.0,49732.01,49901.56,618.67657,2021-12-26 14:59:59.999000+00:00,30822475.5432202,29876,309.1708,15403344.4455194,0
2021-12-26 15:00:00+00:00,49901.57,50281.08,49900.74,50049.34,949.75752,2021-12-26 15:59:59.999000+00:00,47563203.3840068,34664,568.75853,28478313.7978855,0
2021-12-26 16:00:00+00:00,50049.34,50400.0,50018.38,50240.53,854.58314,2021-12-26 16:59:59.999000+00:00,42928740.7645475,34599,445.2391,22369028.9423598,0
2021-12-26 17:00:00+00:00,50240.53,50386.0,50166.08,50255.17,731.04697,2021-12-26 17:59:59.999000+00:00,36757975.3053513,30123,342.53545,17221841.2952792,0
2021-12-26 18:00:00+00:00,50255.17,50399.0,50139.07,50351.1,650.75879,2021-12-26 18:59:59.999000+00:00,32688625.7803766,27034,329.53401,16554238.4317113,0
2021-12-26 19:00:00+00:00,50351.1,50465.54,50212.83,50342.51,643.89318,2021-12-26 19:59:59.999000+00:00,32420548.5469656,26277,375.64053,18916097.0845034,0
2021-12-26 20:00:00+00:00,50342.51,50382.61,50265.97,50269.44,387.9616,2021-12-26 20:59:59.999000+00:00,19526466.4262259,21888,178.10604,8964415.047421,0
2021-12-26 21:00:00+00:00,50269.44,51040.0,49914.73,50774.16,1890.38608,2021-12-26 21:59:59.999000+00:00,95645006.5568848,62679,1085.42909,54955390.2751169,0
2021-12-26 22:00:00+00:00,50776.16,51280.0,50772.0,50973.64,1221.97065,2021-12-26 22:59:59.999000+00:00,62322969.3288652,45649,602.3238,30719526.5220437,0
2021-12-26 23:00:00+00:00,50973.65,51062.04,50638.16,50775.49,656.46684,2021-12-26 23:59:59.999000+00:00,33355972.4121301,26007,326.10331,16569463.9823886,0
2021-12-27 00:00:00+00:00,50775.48,50974.97,50567.6,50622.87,1018.69342,2021-12-27 00:59:59.999000+00:00,51711210.3921924,32613,462.24174,23463226.4802924,0
2021-12-27 01:00:00+00:00,50622.86,50816.31,50449.0,50787.94,819.30551,2021-12-27 01:59:59.999000+00:00,41454950.0325944,28988,397.06142,20087153.6857121,0
2021-12-27 02:00:00+00:00,50787.93,50940.01,50669.04,50816.24,804.4424,2021-12-27 02:59:59.999000+00:00,40875486.9624672,30048,374.92449,19051207.6713853,0
2021-12-27 03:00:00+00:00,50816.19,51150.0,50791.07,51009.02,1109.63762,2021-12-27 03:59:59.999000+00:00,56609855.5938373,33156,555.84448,28361746.0803005,0
2021-12-27 04:00:00+00:00,51009.02,51093.86,50870.96,51001.51,1079.85491,2021-12-27 04:59:59.999000+00:00,55024743.935596,33975,538.53344,27439778.902908,0
2021-12-27 05:00:00+00:00,51001.52,51020.0,50832.72,50853.02,747.07122,2021-12-27 05:59:59.999000+00:00,38035626.0383287,25054,345.65861,17597869.3810524,0
2021-12-27 06:00:00+00:00,50853.03,50974.82,50730.53,50935.93,808.85343,2021-12-27 06:59:59.999000+00:00,41141335.0450709,28356,392.97399,19987241.287197,0
2021-12-27 07:00:00+00:00,50935.94,50985.39,50631.0,50694.83,953.99767,2021-12-27 07:59:59.999000+00:00,48489634.9055589,29056,440.38326,22386122.7784487,0
2021-12-27 08:00:00+00:00,50694.83,50846.63,50555.0,50555.01,873.45815,2021-12-27 08:59:59.999000+00:00,44296029.1389323,33638,386.65393,19608905.2221073,0
2021-12-27 09:00:00+00:00,50555.0,50772.47,50499.77,50755.87,1077.65448,2021-12-27 09:59:59.999000+00:00,54557593.6501079,35476,583.42665,29537941.6854269,0
2021-12-27 10:00:00+00:00,50755.87,50900.0,50675.32,50791.11,854.73514,2021-12-27 10:59:59.999000+00:00,43412473.5554307,31826,401.98479,20417184.8663529,0
2021-12-27 11:00:00+00:00,50791.1,50875.41,50666.01,50759.45,917.20694,2021-12-27 11:59:59.999000+00:00,46564413.1426854,32814,445.67146,22626720.7673205,0
2021-12-27 12:00:00+00:00,50759.46,51200.0,50567.07,51118.83,1798.24962,2021-12-27 12:59:59.999000+00:00,91609394.5999062,53342,939.13772,47856565.8114438,0
2021-12-27 13:00:00+00:00,51118.84,51400.0,50979.83,51300.0,1689.5045,2021-12-27 13:59:59.999000+00:00,86570541.9783532,57989,933.77712,47850410.9599309,0
2021-12-27 14:00:00+00:00,51299.99,51677.0,51210.0,51502.54,1970.71236,2021-12-27 14:59:59.999000+00:00,101418376.2825761,69713,1058.42336,54463985.990981,0
2021-12-27 15:00:00+00:00,51502.55,51655.05,51366.0,51450.57,1137.10818,2021-12-27 15:59:59.999000+00:00,58560635.5588007,49077,598.53379,30822665.482057,0
2021-12-27 16:00:00+00:00,51450.58,51519.97,51210.0,51468.0,1233.70476,2021-12-27 16:59:59.999000+00:00,63387939.2942778,46593,717.77707,36885149.3266873,0
2021-12-27 17:00:00+00:00,51468.0,52088.0,51441.67,51853.1,2306.06183,2021-12-27 17:59:59.999000+00:00,119475460.2369024,80893,1314.62425,68122206.7614933,0
2021-12-27 18:00:00+00:00,51853.1,51932.0,51626.55,51690.69,1296.1781,2021-12-27 18:59:59.999000+00:00,67059908.4192176,45090,648.99611,33573034.7411974,0
2021-12-27 19:00:00+00:00,51690.68,51713.64,51200.0,51204.64,1297.9168,2021-12-27 19:59:59.999000+00:00,66784052.3778116,45501,624.32482,32129622.1839512,0
2021-12-27 20:00:00+00:00,51204.65,51365.76,50906.32,51225.88,1432.38555,2021-12-27 20:59:59.999000+00:00,73253551.2368355,46770,721.20323,36889878.7046969,0
2021-12-27 21:00:00+00:00,51225.88,51298.68,50940.0,50975.61,1083.41873,2021-12-27 21:59:59.999000+00:00,55451799.982214,43489,425.42171,21774459.5727407,0
2021-12-27 22:00:00+00:00,50975.6,51230.43,50702.01,51020.06,1234.48078,2021-12-27 22:59:59.999000+00:00,62939232.8176046,57717,572.7017,29199249.6250057,0
2021-12-27 23:00:00+00:00,51020.05,51057.68,50622.0,50701.44,1234.95002,2021-12-27 23:59:59.999000+00:00,62739366.9145601,38064,552.63121,28075201.088546,0
2021-12-28 00:00:00+00:00,50701.44,50704.05,50029.62,50350.23,2914.41578,2021-12-28 00:59:59.999000+00:00,146751918.1549099,80348,1348.21365,67902008.9703731,0
2021-12-28 01:00:00+00:00,50350.22,50350.23,49580.34,49818.63,2830.99927,2021-12-28 01:59:59.999000+00:00,141405600.7866445,68666,1150.85482,57488848.5284066,0
2021-12-28 02:00:00+00:00,49818.62,49966.06,49581.0,49775.31,1759.24183,2021-12-28 02:59:59.999000+00:00,87515928.1700649,53789,936.69587,46599585.5016948,0
2021-12-28 03:00:00+00:00,49775.31,49889.58,49500.0,49828.06,1863.06312,2021-12-28 03:59:59.999000+00:00,92474346.0896711,59910,957.25387,47518513.3117823,0
2021-12-28 04:00:00+00:00,49828.07,49828.07,48657.12,49054.47,4642.00877,2021-12-28 04:59:59.999000+00:00,227852835.2274886,106847,2012.54393,98784237.2549691,0
2021-12-28 05:00:00+00:00,49050.58,49243.73,48950.0,49200.9,1407.13684,2021-12-28 05:59:59.999000+00:00,69111668.4751896,41219,661.55265,32490249.1288789,0
2021-12-28 06:00:00+00:00,49200.9,49343.98,49096.67,49218.49,1104.01703,2021-12-28 06:59:59.999000+00:00,54347601.9601142,37629,549.49687,27053014.0735275,0
2021-12-28 07:00:00+00:00,49218.49,49366.0,49037.23,49227.13,1009.49151,2021-12-28 07:59:59.999000+00:00,49670219.7456322,33035,446.50139,21972003.9190906,0
2021-12-28 08:00:00+00:00,49227.14,49440.05,49113.7,49377.69,1350.82236,2021-12-28 08:59:59.999000+00:00,66634544.2515272,45729,599.48084,29573274.7008024,0
2021-12-28 09:00:00+00:00,49377.69,49444.46,49000.0,49027.44,1526.39111,2021-12-28 09:59:59.999000+00:00,75143260.9503824,44332,652.5228,32129130.3419684,0
2021-12-28 10:00:00+00:00,49027.44,49172.49,48755.32,49034.57,3495.57867,2021-12-28 10:59:59.999000+00:00,170965951.9164267,63435,2163.34713,105746076.216006,0
2021-12-28 11:00:00+00:00,49034.56,49240.08,48897.22,49200.39,1185.66446,2021-12-28 11:59:59.999000+00:00,58217159.3594349,48787,604.52758,29686162.7374423,0
2021-12-28 12:00:00+00:00,49200.39,49371.18,49077.64,49100.37,961.44955,2021-12-28 12:59:59.999000+00:00,47329589.7306394,42059,478.38571,23550419.4164551,0
2021-12-28 13:00:00+00:00,49100.37,49284.0,48974.24,49024.57,1357.31811,2021-12-28 13:59:59.999000+00:00,66676086.1964947,53036,634.65208,31175698.9684281,0
2021-12-28 14:00:00+00:00,49024.56,49155.92,48301.88,49078.29,3094.23155,2021-12-28 14:59:59.999000+00:00,151134276.725655,87529,1452.80693,71015339.1396203,0
2021-12-28 15:00:00+00:00,49078.29,49235.95,48890.01,48937.48,1095.28378,2021-12-28 15:59:59.999000+00:00,53715503.3966419,41265,529.83852,25985118.8986105,0
2021-12-28 16:00:00+00:00,48937.47,48974.85,48124.0,48627.97,2568.18511,2021-12-28 16:59:59.999000+00:00,124575903.8001019,73161,1135.53212,55085131.6467049,0
2021-12-28 17:00:00+00:00,48627.97,48645.23,47650.35,48030.43,3337.20207,2021-12-28 17:59:59.999000+00:00,160301890.6239403,89373,1388.72186,66693984.2116,0
2021-12-28 18:00:00+00:00,48030.43,48033.04,47600.0,47792.71,1649.24949,2021-12-28 18:59:59.999000+00:00,78890350.5051183,54027,817.22328,39094773.4687253,0
2021-12-28 19:00:00+00:00,47800.31,47813.04,47313.01,47689.46,2058.32621,2021-12-28 19:59:59.999000+00:00,97895458.2847695,65272,986.02544,46902040.4429184,0
2021-12-28 20:00:00+00:00,47689.46,48142.78,47567.34,47804.6,1648.54449,2021-12-28 20:59:59.999000+00:00,78835315.3062208,49924,858.98926,41084796.0316624,0
2021-12-28 21:00:00+00:00,47804.59,47850.0,47482.14,47556.25,986.60873,2021-12-28 21:59:59.999000+00:00,47067347.4015905,35336,448.60293,21401471.4461274,0
2021-12-28 22:00:00+00:00,47556.25,47761.21,47320.0,47680.81,1176.87984,2021-12-28 22:59:59.999000+00:00,55962820.7257128,41752,567.65921,26994552.5760728,0
2021-12-28 23:00:00+00:00,47680.81,47803.51,47507.84,47543.74,831.22956,2021-12-28 23:59:59.999000+00:00,39626643.146632,29314,361.74139,17245262.2216953,0
2021-12-29 00:00:00+00:00,47543.74,47851.92,47450.01,47770.12,1052.52366,2021-12-29 00:59:59.999000+00:00,50175324.4749334,38811,522.18505,24895771.9976085,0
2021-12-29 01:00:00+00:00,47770.11,47973.9,47691.76,47735.13,1102.03536,2021-12-29 01:59:59.999000+00:00,52727669.414621,34265,532.39267,25474101.2094835,0
2021-12-29 02:00:00+00:00,47735.13,48046.02,47659.06,47987.57,1430.83279,2021-12-29 02:59:59.999000+00:00,68526865.9606489,33691,600.68593,28769410.7699922,0
2021-12-29 03:00:00+00:00,47989.91,48139.08,47895.18,48001.01,1290.96759,2021-12-29 03:59:59.999000+00:00,61993861.6392481,38358,610.41813,29310460.0410378,0
2021-12-29 04:00:00+00:00,48001.01,48056.28,47767.44,47780.0,1155.15633,2021-12-29 04:59:59.999000+00:00,55353342.6008964,31722,515.19201,24688205.1935281,0
2021-12-29 05:00:00+00:00,47780.0,47914.93,47750.0,47898.65,891.54873,2021-12-29 05:59:59.999000+00:00,42650964.1525752,27613,411.06886,19664905.9500942,0
2021-12-29 06:00:00+00:00,47898.64,47981.24,47748.0,47851.9,776.08095,2021-12-29 06:59:59.999000+00:00,37172210.4581019,26488,391.47244,18751121.9758558,0
2021-12-29 07:00:00+00:00,47851.9,47872.14,47522.89,47570.03,1045.12364,2021-12-29 07:59:59.999000+00:00,49808887.159914,34392,508.59499,24235598.3434035,0
2021-12-29 08:00:00+00:00,47570.03,47839.63,47505.0,47722.2,1177.7796,2021-12-29 08:59:59.999000+00:00,56177553.6950394,33251,603.43,28781303.7419028,0
2021-12-29 09:00:00+00:00,47722.19,48092.1,47398.46,47936.2,2298.02924,2021-12-29 09:59:59.999000+00:00,109682404.4309438,48936,1271.48069,60731295.2762322,0
2021-12-29 10:00:00+00:00,47936.2,47984.88,47600.0,47696.8,1292.49974,2021-12-29 10:59:59.999000+00:00,61798611.6866039,37399,593.02228,28352062.7678236,0
2021-12-29 11:00:00+00:00,47696.79,47760.0,47500.37,47737.95,1092.75996,2021-12-29 11:59:59.999000+00:00,52050004.7603601,37782,578.30517,27547090.7351716,0
2021-12-29 12:00:00+00:00,47737.96,47777.77,46661.0,46824.23,4248.68643,2021-12-29 12:59:59.999000+00:00,199655537.2095869,110867,1877.74973,88231752.6845393,0
2021-12-29 13:00:00+00:00,46824.23,47458.92,46586.62,47402.65,2455.36215,2021-12-29 13:59:59.999000+00:00,115318332.2538474,71928,1319.22393,61985677.5384876,0
2021-12-29 14:00:00+00:00,47402.65,47888.92,47239.6,47826.0,3243.86459,2021-12-29 14:59:59.999000+00:00,154479066.0286277,70884,1846.07011,87918240.1597819,0
2021-12-29 15:00:00+00:00,47826.0,48030.05,47721.71,47959.36,2180.51068,2021-12-29 15:59:59.999000+00:00,104397186.6802004,51925,1095.655,52460098.5353092,0
2021-12-29 16:00:00+00:00,47959.36,48038.92,47603.0,47727.43,1474.70054,2021-12-29 16:59:59.999000+00:00,70493304.2263874,43847,723.9808,34602764.6900584,0
2021-12-29 17:00:00+00:00,47727.44,47737.33,47472.92,47554.91,1074.53226,2021-12-29 17:59:59.999000+00:00,51167524.2575857,40663,490.85041,23375995.4899068,0
2021-12-29 18:00:00+00:00,47554.91,47769.01,47393.36,47531.47,1146.30078,2021-12-29 18:59:59.999000+00:00,54554592.5939507,35400,516.67572,24590347.7080329,0
2021-12-29 19:00:00+00:00,47531.47,47549.93,47024.27,47148.61,1502.3662,2021-12-29 19:59:59.999000+00:00,71017420.6936365,42932,678.52541,32073588.149837,0
2021-12-29 20:00:00+00:00,47148.62,47709.2,47079.27,47369.97,1190.17644,2021-12-29 20:59:59.999000+00:00,56471795.285477,43646,589.67645,27974278.4908102,0
2021-12-29 21:00:00+00:00,47369.97,47396.66,47053.88,47230.0,1207.14071,2021-12-29 21:59:59.999000+00:00,56995307.285499,41125,611.0151,28845861.9577239,0
2021-12-29 22:00:00+00:00,47230.0,47488.38,47100.0,47274.61,859.77657,2021-12-29 22:59:59.999000+00:00,40649929.3111702,33171,442.65907,20926256.4355151,0
2021-12-29 23:00:00+00:00,47274.61,47383.92,46096.99,46464.66,4310.11506,2021-12-29 23:59:59.999000+00:00,200467875.0134416,104978,1759.28915,81783505.8004037,0
2021-12-30 00:00:00+00:00,46464.66,46844.8,45900.0,46693.1,3078.04395,2021-12-30 00:59:59.999000+00:00,142805260.2798753,82126,1439.79814,66842850.0347274,0
2021-12-30 01:00:00+00:00,46693.1,46748.99,46433.53,46562.7,1158.75205,2021-12-30 01:59:59.999000+00:00,53990983.470161,37374,576.75029,26872175.7111689,0
2021-12-30 02:00:00+00:00,46562.69,46664.98,46242.25,46661.95,1204.01001,2021-12-30 02:59:59.999000+00:00,55942544.8491401,37315,627.29821,29143894.9778433,0
2021-12-30 03:00:00+00:00,46661.94,46710.0,46468.15,46504.0,1036.37002,2021-12-30 03:59:59.999000+00:00,48308970.4059126,30669,511.73767,23854978.0037058,0
2021-12-30 04:00:00+00:00,46504.0,46938.76,46490.01,46722.24,1127.4224,2021-12-30 04:59:59.999000+00:00,52741906.5317944,31446,576.3835,26960688.7634193,0
2021-12-30 05:00:00+00:00,46722.25,46811.0,46577.0,46759.63,1116.94398,2021-12-30 05:59:59.999000+00:00,52164641.4208312,29101,539.56956,25198022.1813728,0
2021-12-30 06:00:00+00:00,46761.93,46959.65,46702.82,46896.5,926.13329,2021-12-30 06:59:59.999000+00:00,43367481.5504479,28825,487.17992,22811789.651975,0
2021-12-30 07:00:00+00:00,46896.0,47105.37,46836.07,46980.71,1350.65584,2021-12-30 07:59:59.999000+00:00,63491457.3990986,37430,673.16144,31642309.6210211,0
2021-12-30 08:00:00+00:00,46980.71,47195.07,46765.43,46795.75,1363.55046,2021-12-30 08:59:59.999000+00:00,64041256.3954534,39743,614.77258,28875761.5293948,0
2021-12-30 09:00:00+00:00,46795.74,46993.12,46720.51,46753.42,1039.54077,2021-12-30 09:59:59.999000+00:00,48722775.071868,32576,510.57779,23930457.5295292,0
2021-12-30 10:00:00+00:00,46753.42,46962.93,46659.13,46952.91,805.19709,2021-12-30 10:59:59.999000+00:00,37730149.009086,27912,406.47231,19046909.8962191,0
2021-12-30 11:00:00+00:00,46952.91,47566.0,46888.99,47515.45,1578.22049,2021-12-30 11:59:59.999000+00:00,74583404.6781909,46049,819.41553,38717457.7048452,0
2021-12-30 12:00:00+00:00,47515.45,47719.37,47400.0,47514.17,2014.69387,2021-12-30 12:59:59.999000+00:00,95863925.2726204,52601,971.305,46224437.7884359,0
2021-12-30 13:00:00+00:00,47514.16,47555.55,47300.0,47321.49,1350.13045,2021-12-30 13:59:59.999000+00:00,64059198.1012391,41931,610.29243,28959132.0902861,0
2021-12-30 14:00:00+00:00,47321.5,47437.72,47166.97,47345.03,1333.65225,2021-12-30 14:59:59.999000+00:00,63067838.4427974,41331,645.6693,30532671.3975929,0
2021-12-30 15:00:00+00:00,47345.02,47500.0,47118.69,47159.41,1054.54264,2021-12-30 15:59:59.999000+00:00,49925863.6029532,33466,550.68142,26068225.2930628,0
2021-12-30 16:00:00+00:00,47159.42,47640.0,47092.13,47578.69,1554.92502,2021-12-30 16:59:59.999000+00:00,73633540.3364624,41544,800.9465,37925881.5259232,0
2021-12-30 17:00:00+00:00,47578.69,47770.0,47467.08,47663.51,1127.83834,2021-12-30 17:59:59.999000+00:00,53695547.2058974,34061,489.81899,23320779.802856,0
2021-12-30 18:00:00+00:00,47663.5,47887.07,47474.58,47860.75,1145.17908,2021-12-30 18:59:59.999000+00:00,54600805.5258953,34276,590.45727,28158086.3341295,0
2021-12-30 19:00:00+00:00,47860.74,47900.0,47528.49,47558.35,1136.2067,2021-12-30 19:59:59.999000+00:00,54287756.0346687,34449,593.99039,28384804.7030827,0
2021-12-30 20:00:00+00:00,47558.35,47682.07,47071.0,47203.16,1456.46283,2021-12-30 20:59:59.999000+00:00,68961190.5051635,39037,694.12599,32859163.5414677,0
2021-12-30 21:00:00+00:00,47203.16,47347.84,46919.44,47300.0,890.70108,2021-12-30 21:59:59.999000+00:00,42026223.7457365,34150,406.7874,19192182.9853895,0
2021-12-30 22:00:00+00:00,47299.99,47325.33,46729.0,47084.88,792.93614,2021-12-30 22:59:59.999000+00:00,37294932.1305766,32869,404.90476,19047302.7393095,0
2021-12-30 23:00:00+00:00,47084.88,47242.6,46940.96,47120.87,710.18694,2021-12-30 23:59:59.999000+00:00,33448068.487333,29876,344.42736,16222292.8815582,0
2021-12-31 00:00:00+00:00,47120.88,47500.0,46826.21,47073.98,1084.11426,2021-12-31 00:59:59.999000+00:00,51095337.5804427,39334,487.5328,22990626.3419255,0
2021-12-31 01:00:00+00:00,47073.99,47349.1,46842.28,47121.94,762.07203,2021-12-31 01:59:59.999000+00:00,35892514.6407497,32790,370.86183,17466633.8047534,0
2021-12-31 02:00:00+00:00,47121.95,47127.53,46825.38,46994.85,798.66344,2021-12-31 02:59:59.999000+00:00,37489111.7543563,26873,454.8226,21345655.9310585,0
2021-12-31 03:00:00+00:00,46994.85,47281.68,46906.7,47201.85,633.32006,2021-12-31 03:59:59.999000+00:00,29829864.9052832,27771,341.59913,16091061.6133372,0
2021-12-31 04:00:00+00:00,47201.84,47474.0,47141.8,47344.83,775.29781,2021-12-31 04:59:59.999000+00:00,36693755.2646748,28402,412.58058,19525895.8005074,0
2021-12-31 05:00:00+00:00,47344.82,47400.36,47200.0,47280.01,592.96257,2021-12-31 05:59:59.999000+00:00,28059507.3777955,23042,305.48466,14455087.1066313,0
2021-12-31 06:00:00+00:00,47280.01,47550.0,47156.07,47385.55,748.27615,2021-12-31 06:59:59.999000+00:00,35430086.6141707,28521,404.73831,19164523.6544079,0
2021-12-31 07:00:00+00:00,47385.56,47453.15,46836.86,47191.09,1501.74203,2021-12-31 07:59:59.999000+00:00,70612790.3197732,42197,781.97327,36759361.7784826,0
2021-12-31 08:00:00+00:00,47191.08,48548.26,47065.3,48433.9,3907.72398,2021-12-31 08:59:59.999000+00:00,187655995.97557408,97640,2093.92783,100547361.4607614,0
2021-12-31 09:00:00+00:00,48433.9,48548.26,48203.0,48291.96,1894.65137,2021-12-31 09:59:59.999000+00:00,91667473.959607,51348,902.7891,43680928.8461607,0
2021-12-31 10:00:00+00:00,48291.96,48456.47,47909.56,48027.42,1538.89328,2021-12-31 10:59:59.999000+00:00,74286558.4284382,42465,725.41271,35022461.8485823,0
2021-12-31 11:00:00+00:00,48027.42,48212.39,47900.0,47975.76,1200.98299,2021-12-31 11:59:59.999000+00:00,57707825.5717752,47164,575.63077,27661267.9296385,0
2021-12-31 12:00:00+00:00,47975.76,48108.6,47830.64,47978.84,1172.64226,2021-12-31 12:59:59.999000+00:00,56257204.8402013,41027,577.13961,27689517.8084483,0
2021-12-31 13:00:00+00:00,47978.92,48079.45,47886.0,47936.44,1053.87615,2021-12-31 13:59:59.999000+00:00,50567485.2634614,33124,454.71676,21818421.2271761,0
2021-12-31 14:00:00+00:00,47936.44,48170.0,47832.13,47976.51,1376.61691,2021-12-31 14:59:59.999000+00:00,66027845.6036116,46950,730.0842,35020136.0855701,0
2021-12-31 15:00:00+00:00,47976.51,48116.94,47861.77,48005.37,1261.41289,2021-12-31 15:59:59.999000+00:00,60514833.4793627,37787,751.68763,36060474.2829531,0
2021-12-31 16:00:00+00:00,48005.37,48118.45,47409.77,47471.66,1589.51833,2021-12-31 16:59:59.999000+00:00,75938229.3590029,47726,762.39845,36430301.0070423,0
2021-12-31 17:00:00+00:00,47471.67,47550.0,46889.0,47016.57,1962.23708,2021-12-31 17:59:59.999000+00:00,92495965.8159952,56092,894.39092,42157156.788789,0
2021-12-31 18:00:00+00:00,47016.56,47040.52,46500.0,46686.41,1687.72844,2021-12-31 18:59:59.999000+00:00,78960617.6977279,50344,693.90304,32474116.282446,0
2021-12-31 19:00:00+00:00,46686.42,46688.68,45678.96,45728.28,3851.30902,2021-12-31 19:59:59.999000+00:00,177617078.4345039,87472,1691.64542,78037487.0985853,0
2021-12-31 20:00:00+00:00,45728.28,46211.07,45678.0,45879.24,1831.41202,2021-12-31 20:59:59.999000+00:00,84221415.1673102,51300,997.72369,45882697.8405655,0
2021-12-31 21:00:00+00:00,45886.66,46513.67,45766.85,46333.86,1734.69585,2021-12-31 21:59:59.999000+00:00,79970654.3929391,54579,972.44065,44824303.4622223,0
2021-12-31 22:00:00+00:00,46333.87,46569.97,46232.36,46303.99,991.85142,2021-12-31 22:59:59.999000+00:00,46004061.7470711,36280,447.96605,20777020.9246564,0
2021-12-31 23:00:00+00:00,46303.98,46520.13,46132.04,46216.93,985.99762,2021-12-31 23:59:59.999000+00:00,45719763.7246893,29555,484.09229,22449189.078612,0
2022-01-01 00:00:00+00:00,46216.93,46731.39,46208.37,46656.13,1503.33095,2022-01-01 00:59:59.999000+00:00,69879986.3904993,38608,806.06536,37462156.917644,0
2022-01-01 01:00:00+00:00,46656.14,46949.99,46574.06,46778.14,943.81539,2022-01-01 01:59:59.999000+00:00,44127148.1176022,31872,491.18067,22963272.8553742,0
2022-01-01 02:00:00+00:00,46778.14,46928.94,46721.96,46811.77,485.1686,2022-01-01 02:59:59.999000+00:00,22720670.4192001,24364,206.35113,9662607.0658957,0
2022-01-01 03:00:00+00:00,46811.77,46916.63,46760.12,46813.2,562.88971,2022-01-01 03:59:59.999000+00:00,26363260.4633629,19882,248.28212,11629376.3969603,0
2022-01-01 04:00:00+00:00,46813.21,46887.33,46591.23,46711.05,861.88389,2022-01-01 04:59:59.999000+00:00,40272043.7383876,23357,397.53563,18575402.2591101,0
2022-01-01 05:00:00+00:00,46711.05,47555.55,46673.94,47192.55,1400.73642,2022-01-01 05:59:59.999000+00:00,66188305.956227,41431,776.78632,36695321.6892667,0
2022-01-01 06:00:00+00:00,47192.56,47324.42,46940.0,46979.62,613.97776,2022-01-01 06:59:59.999000+00:00,28941491.5656397,25196,299.44097,14116069.3835397,0
2022-01-01 07:00:00+00:00,46979.61,47255.85,46864.84,47194.73,646.20081,2022-01-01 07:59:59.999000+00:00,30399865.6325987,25166,290.68371,13676285.5882507,0
2022-01-01 08:00:00+00:00,47194.73,47344.69,47075.11,47124.82,532.44767,2022-01-01 08:59:59.999000+00:00,25132258.9178944,24412,277.09449,13080038.8468275,0
2022-01-01 09:00:00+00:00,47124.82,47215.56,46933.58,47143.98,541.32491,2022-01-01 09:59:59.999000+00:00,25480514.3843935,25365,254.64431,11986961.5242905,0
2022-01-01 10:00:00+00:00,47143.98,47298.75,46715.39,46871.08,923.0176,2022-01-01 10:59:59.999000+00:00,43322629.2277111,32540,448.37765,21043573.6607499,0
2022-01-01 11:00:00+00:00,46871.09,47007.73,46756.77,46758.87,732.88793,2022-01-01 11:59:59.999000+00:00,34373032.6824355,27081,331.45687,15546269.3269553,0
2022-01-01 12:00:00+00:00,46758.87,47150.48,46756.3,47074.05,582.15009,2022-01-01 12:59:59.999000+00:00,27355387.028293,25608,305.54991,14358610.1021682,0
2022-01-01 13:00:00+00:00,47074.05,47199.67,46935.09,47023.24,454.14412,2022-01-01 13:59:59.999000+00:00,21373423.4608165,23077,216.57778,10194176.5610146,0
2022-01-01 14:00:00+00:00,47023.24,47100.0,46850.18,46926.22,503.6622,2022-01-01 14:59:59.999000+00:00,23656850.5083971,23020,201.28873,9453983.6681608,0
2022-01-01 15:00:00+00:00,46920.01,47491.14,46871.69,47219.04,1515.95305,2022-01-01 15:59:59.999000+00:00,71605243.7145931,37411,827.63725,39088771.9355186,0
2022-01-01 16:00:00+00:00,47219.04,47527.24,47186.07,47268.62,1049.57919,2022-01-01 16:59:59.999000+00:00,49727146.241104,36116,499.3152,23655863.8397311,0
2022-01-01 17:00:00+00:00,47268.61,47954.63,47238.81,47754.48,1320.66577,2022-01-01 17:59:59.999000+00:00,62917380.6519855,50007,665.48923,31698926.8424552,0
2022-01-01 18:00:00+00:00,47754.47,47844.97,47420.0,47560.55,860.76025,2022-01-01 18:59:59.999000+00:00,40986790.5852016,33471,439.80569,20940504.6674265,0
2022-01-01 19:00:00+00:00,47560.54,47611.84,47292.72,47329.78,830.6716,2022-01-01 19:59:59.999000+00:00,39371494.0751019,34902,446.07002,21139553.6046972,0
2022-01-01 20:00:00+00:00,47329.79,47559.03,47250.18,47391.82,717.20792,2022-01-01 20:59:59.999000+00:00,33997955.140303,26745,418.61643,19840986.4946391,0
2022-01-01 21:00:00+00:00,47391.82,47573.05,47268.79,47319.67,809.21927,2022-01-01 21:59:59.999000+00:00,38367198.6185877,26162,468.13641,22196355.2227278,0
2022-01-01 22:00:00+00:00,47319.66,47490.98,47222.22,47440.74,466.47861,2022-01-01 22:59:59.999000+00:00,22096653.53843,26369,229.44448,10868452.0160555,0
2022-01-01 23:00:00+00:00,47440.74,47814.0,47277.77,47722.65,746.28954,2022-01-01 23:59:59.999000+00:00,35498428.5247211,32737,396.53643,18865191.3206473,0
2022-01-02 00:00:00+00:00,47722.66,47750.0,47381.12,47625.3,1082.50817,2022-01-02 00:59:59.999000+00:00,51510548.660154,32921,544.81807,25926023.5872313,0
2022-01-02 01:00:00+00:00,47625.29,47641.83,47315.38,47377.97,465.7536,2022-01-02 01:59:59.999000+00:00,22096206.48265,24393,232.39924,11024506.7934098,0
2022-01-02 02:00:00+00:00,47377.97,47449.56,47275.5,47370.5,452.39245,2022-01-02 02:59:59.999000+00:00,21431205.7744405,25513,215.80473,10223953.1707854,0
2022-01-02 03:00:00+00:00,47370.49,47467.11,47269.47,47329.47,387.25302,2022-01-02 03:59:59.999000+00:00,18338323.3243754,18986,183.63779,8697281.4324256,0
2022-01-02 04:00:00+00:00,47329.47,47415.73,46770.23,46910.3,1259.6882,2022-01-02 04:59:59.999000+00:00,59314365.8658618,36223,585.93599,27590671.9754769,0
2022-01-02 05:00:00+00:00,46910.3,47089.63,46832.08,47081.28,686.20377,2022-01-02 05:59:59.999000+00:00,32222910.711241,24054,356.83931,16758172.439759,0
2022-01-02 06:00:00+00:00,47081.28,47244.0,47011.24,47122.61,528.20197,2022-01-02 06:59:59.999000+00:00,24892334.120441,19779,299.01836,14091987.1314646,0
2022-01-02 07:00:00+00:00,47122.6,47300.0,47087.62,47173.45,544.37433,2022-01-02 07:59:59.999000+00:00,25684083.1452843,20702,262.37642,12379787.6695086,0
2022-01-02 08:00:00+00:00,47173.44,47247.12,46970.05,47222.4,578.28603,2022-01-02 08:59:59.999000+00:00,27254939.7970782,28390,260.24477,12266444.6361014,0
2022-01-02 09:00:00+00:00,47222.4,47499.45,47144.12,47273.24,792.44368,2022-01-02 09:59:59.999000+00:00,37508111.2813318,30399,404.80037,19159875.1128442,0
2022-01-02 10:00:00+00:00,47273.23,47348.34,47140.3,47188.89,390.08901,2022-01-02 10:59:59.999000+00:00,18437661.8091785,21618,196.35263,9280986.3968033,0
2022-01-02 11:00:00+00:00,47188.88,47400.0,47159.57,47235.5,359.02993,2022-01-02 11:59:59.999000+00:00,16973153.6537593,21474,188.87582,8929688.9012358,0
2022-01-02 12:00:00+00:00,47238.89,47447.0,47013.5,47292.95,798.05773,2022-01-02 12:59:59.999000+00:00,37687789.8911528,32247,361.76746,17083929.3108668,0
2022-01-02 13:00:00+00:00,47289.67,47300.86,47090.0,47137.35,580.44121,2022-01-02 13:59:59.999000+00:00,27379356.5890747,25806,312.89363,14757715.077589,0
2022-01-02 14:00:00+00:00,47137.35,47202.39,47020.0,47112.55,617.66611,2022-01-02 14:59:59.999000+00:00,29105931.9414711,31910,329.04034,15505563.2131016,0
2022-01-02 15:00:00+00:00,47112.54,47390.0,47071.27,47340.47,784.16369,2022-01-02 15:59:59.999000+00:00,37034369.0457993,35285,397.31623,18768284.2179314,0
2022-01-02 16:00:00+00:00,47340.47,47886.0,47273.64,47792.3,1367.5695,2022-01-02 16:59:59.999000+00:00,65059041.5703051,46452,789.72096,37572637.6605326,0
2022-01-02 17:00:00+00:00,47792.29,47990.0,47317.46,47401.14,1440.59237,2022-01-02 17:59:59.999000+00:00,68642927.2657506,49654,660.58946,31482759.0605958,0
2022-01-02 18:00:00+00:00,47401.14,47401.14,46654.0,47058.12,1852.33799,2022-01-02 18:59:59.999000+00:00,87074188.162964,54581,901.09659,42355862.108136,0
2022-01-02 19:00:00+00:00,47056.43,47217.1,46851.51,46907.68,937.38607,2022-01-02 19:59:59.999000+00:00,44050432.7009168,31283,436.68329,20523561.8287665,0
2022-01-02 20:00:00+00:00,46907.67,47050.0,46815.17,47007.14,570.22257,2022-01-02 20:59:59.999000+00:00,26773711.7131363,25337,249.03083,11693858.3398852,0
2022-01-02 21:00:00+00:00,47007.14,47187.98,46913.27,47018.03,432.59568,2022-01-02 21:59:59.999000+00:00,20353215.0017813,21711,216.58568,10190204.4416463,0
2022-01-02 22:00:00+00:00,47017.98,47398.99,47014.84,47255.38,683.72196,2022-01-02 22:59:59.999000+00:00,32298092.8331728,26913,405.25006,19145211.8850308,0
2022-01-02 23:00:00+00:00,47255.39,47469.34,47255.38,47286.18,749.48136,2022-01-02 23:59:59.999000+00:00,35488094.2220376,23993,375.39151,17773425.8908187,0
2022-01-03 00:00:00+00:00,47286.18,47289.11,47050.0,47050.08,734.11794,2022-01-03 00:59:59.999000+00:00,34631424.4858381,29032,381.19435,17983193.0464895,0
2022-01-03 01:00:00+00:00,47050.09,47138.78,46950.0,47116.71,628.0558,2022-01-03 01:59:59.999000+00:00,29545322.6846871,24231,313.68716,14756750.0357933,0
2022-01-03 02:00:00+00:00,47116.22,47116.71,46858.44,46999.98,781.70714,2022-01-03 02:59:59.999000+00:00,36713937.0826582,28474,364.27505,17106439.8866124,0
2022-01-03 03:00:00+00:00,46999.98,47084.8,46722.39,46793.26,850.43854,2022-01-03 03:59:59.999000+00:00,39858845.7268041,28247,432.49171,20267174.3323796,0
2022-01-03 04:00:00+00:00,46793.27,46944.77,46750.0,46822.26,688.49875,2022-01-03 04:59:59.999000+00:00,32259048.5684818,23199,379.83291,17796978.2845638,0
2022-01-03 05:00:00+00:00,46822.26,47211.09,46750.13,47078.64,918.62173,2022-01-03 05:59:59.999000+00:00,43151873.1947783,26773,461.66261,21687109.4259439,0
2022-01-03 06:00:00+00:00,47078.64,47100.0,46877.84,46923.75,596.63069,2022-01-03 06:59:59.999000+00:00,28040771.1944042,23073,295.97578,13909578.6779599,0
2022-01-03 07:00:00+00:00,46923.75,47080.0,46852.38,47051.37,635.22586,2022-01-03 07:59:59.999000+00:00,29829890.6778144,24942,318.83846,14971673.1438381,0
2022-01-03 08:00:00+00:00,47051.36,47135.97,46922.27,46978.82,684.64114,2022-01-03 08:59:59.999000+00:00,32190242.6519163,28436,314.15008,14770155.0574523,0
2022-01-03 09:00:00+00:00,46978.81,47109.25,46778.0,46984.55,987.07117,2022-01-03 09:59:59.999000+00:00,46306909.1171072,33833,487.85317,22889498.0263788,0
2022-01-03 10:00:00+00:00,46984.56,47251.19,46981.84,47126.02,1138.98932,2022-01-03 10:59:59.999000+00:00,53693996.6291637,36191,549.46329,25899146.8773988,0
2022-01-03 11:00:00+00:00,47126.02,47431.67,47125.48,47378.0,1451.6891,2022-01-03 11:59:59.999000+00:00,68664798.5543401,38954,759.24711,35913131.0674459,0
2022-01-03 12:00:00+00:00,47378.0,47570.0,47175.01,47194.39,1183.63545,2022-01-03 12:59:59.999000+00:00,56066096.4329083,44228,578.01569,27387068.5052046,0
2022-01-03 13:00:00+00:00,47194.39,47495.96,47127.51,47153.5,813.83783,2022-01-03 13:59:59.999000+00:00,38467412.1809847,32898,404.96521,19143833.3011708,0
2022-01-03 14:00:00+00:00,47153.5,47285.39,46765.0,46874.53,1711.43,2022-01-03 14:59:59.999000+00:00,80441655.4915601,50675,757.67928,35626009.4142697,0
2022-01-03 15:00:00+00:00,46874.53,47018.0,46575.25,46693.45,1754.81723,2022-01-03 15:59:59.999000+00:00,82124492.1501102,52298,877.87409,41086011.6459006,0
2022-01-03 16:00:00+00:00,46693.44,46780.0,46263.29,46482.34,3415.75302,2022-01-03 16:59:59.999000+00:00,158637726.5163543,80077,1721.42638,79931229.9340742,0
2022-01-03 17:00:00+00:00,46482.34,46790.0,46411.78,46577.15,1121.75227,2022-01-03 17:59:59.999000+00:00,52288357.293249,39281,567.79749,26466519.4693664,0
2022-01-03 18:00:00+00:00,46577.16,46740.96,46412.99,46472.73,662.25,2022-01-03 18:59:59.999000+00:00,30838195.2766663,32003,305.47713,14222899.5739217,0
2022-01-03 19:00:00+00:00,46475.6,46645.34,46360.0,46360.01,661.7066,2022-01-03 19:59:59.999000+00:00,30781303.1139487,27929,337.98922,15720957.9577126,0
2022-01-03 20:00:00+00:00,46360.01,46413.47,45696.0,45922.0,3127.50381,2022-01-03 20:59:59.999000+00:00,143787456.7196272,75059,1450.68943,66677714.6394181,0
2022-01-03 21:00:00+00:00,45922.01,46260.44,45811.87,45979.01,1055.66747,2022-01-03 21:59:59.999000+00:00,48591220.4677769,36692,478.35709,22021036.7760843,0
2022-01-03 22:00:00+00:00,45979.01,46439.97,45961.59,46217.9,1002.70049,2022-01-03 22:59:59.999000+00:00,46324222.0549148,39674,482.29605,22281019.6868291,0
2022-01-03 23:00:00+00:00,46217.91,46576.94,46170.64,46446.1,1055.33575,2022-01-03 23:59:59.999000+00:00,48968310.0595609,29425,503.52171,23364301.3480716,0
2022-01-04 00:00:00+00:00,46446.1,46549.19,46150.0,46244.37,1055.75335,2022-01-04 00:59:59.999000+00:00,48932193.5358603,39084,525.76439,24368704.5437538,0
2022-01-04 01:00:00+00:00,46244.37,46404.94,46040.79,46054.99,771.65428,2022-01-04 01:59:59.999000+00:00,35662580.3276282,30598,380.8834,17600509.0687941,0
2022-01-04 02:00:00+00:00,46054.99,46268.72,45934.5,46103.36,1021.46917,2022-01-04 02:59:59.999000+00:00,47077201.1000119,34666,504.22724,23238633.5952481,0
2022-01-04 03:00:00+00:00,46103.36,46383.77,46001.23,46313.97,755.88587,2022-01-04 03:59:59.999000+00:00,34930544.802562,26480,416.26222,19235487.1546638,0
2022-01-04 04:00:00+00:00,46313.96,46411.12,45996.26,46100.14,2070.6589,2022-01-04 04:59:59.999000+00:00,95550626.6603589,42738,1433.80438,66142033.8619574,0
2022-01-04 05:00:00+00:00,46100.14,46292.15,46016.24,46151.66,869.60169,2022-01-04 05:59:59.999000+00:00,40118489.248705,26977,508.09614,23441481.0211016,0
2022-01-04 06:00:00+00:00,46148.23,46390.04,46058.51,46367.53,1240.05303,2022-01-04 06:59:59.999000+00:00,57357655.2798845,29503,515.36463,23833737.9220435,0
2022-01-04 07:00:00+00:00,46367.53,46600.21,46322.09,46550.0,1554.0381,2022-01-04 07:59:59.999000+00:00,72207539.2542985,37679,747.73455,34747699.4399293,0
2022-01-04 08:00:00+00:00,46549.99,46682.06,46385.61,46489.73,1316.31063,2022-01-04 08:59:59.999000+00:00,61275173.8746794,37675,586.76314,27318601.6788618,0
2022-01-04 09:00:00+00:00,46489.72,46599.53,46300.0,46356.21,856.18802,2022-01-04 09:59:59.999000+00:00,39764326.2854924,29481,378.95353,17604139.7175579,0
2022-01-04 10:00:00+00:00,46356.21,46772.41,46300.0,46625.37,1162.38531,2022-01-04 10:59:59.999000+00:00,54095516.7073777,34161,617.4155,28731859.8961517,0
2022-01-04 11:00:00+00:00,46625.37,46765.05,46616.46,46733.77,1351.64824,2022-01-04 11:59:59.999000+00:00,63122601.3931239,40742,665.87597,31096955.4252663,0
2022-01-04 12:00:00+00:00,46733.78,46763.0,46479.25,46641.53,897.32283,2022-01-04 12:59:59.999000+00:00,41799825.7214511,35094,447.19799,20830644.3332179,0
2022-01-04 13:00:00+00:00,46641.52,47069.01,46410.0,46955.22,1511.87787,2022-01-04 13:59:59.999000+00:00,70755552.3787487,52269,782.92504,36647431.0630383,0
2022-01-04 14:00:00+00:00,46955.22,47500.1,46805.54,47333.38,3051.43768,2022-01-04 14:59:59.999000+00:00,144120144.8011963,72031,1426.89765,67353109.4898549,0
2022-01-04 15:00:00+00:00,47336.98,47557.54,46850.05,46925.35,2605.26496,2022-01-04 15:59:59.999000+00:00,123225257.1601131,67538,1217.0787,57567938.6903979,0
2022-01-04 16:00:00+00:00,46925.34,46925.35,46650.0,46767.27,1774.71297,2022-01-04 16:59:59.999000+00:00,83035484.8862469,53988,930.14291,43515439.3404059,0
2022-01-04 17:00:00+00:00,46767.28,46984.99,46522.91,46555.01,782.53703,2022-01-04 17:59:59.999000+00:00,36619848.5979628,36764,381.33936,17849859.7740121,0
2022-01-04 18:00:00+00:00,46555.0,46719.78,45500.0,45750.0,4580.41041,2022-01-04 18:59:59.999000+00:00,210647730.9460553,91427,2108.19516,96930374.5047132,0
2022-01-04 19:00:00+00:00,45750.01,46454.86,45580.99,46052.36,2717.79608,2022-01-04 19:59:59.999000+00:00,125405157.6413765,69526,1368.13905,63135419.273794,0
2022-01-04 20:00:00+00:00,46052.35,46428.27,45957.52,46264.92,1111.32358,2022-01-04 20:59:59.999000+00:00,51379184.3159309,36535,569.05363,26304977.582664,0
2022-01-04 21:00:00+00:00,46264.92,46322.89,46026.75,46221.89,713.51555,2022-01-04 21:59:59.999000+00:00,32951624.0085397,30041,316.83315,14631557.9526008,0
2022-01-04 22:00:00+00:00,46221.89,46262.39,45977.78,46159.91,671.315,2022-01-04 22:59:59.999000+00:00,30975021.0730867,31149,348.03341,16060819.4857066,0
2022-01-04 23:00:00+00:00,46159.91,46159.91,45760.05,45832.01,1048.25305,2022-01-04 23:59:59.999000+00:00,48161144.1269227,35669,512.28694,23538048.2650726,0
2022-01-05 00:00:00+00:00,45832.01,46298.56,45722.21,46271.57,1006.79621,2022-01-05 00:59:59.999000+00:00,46359307.9972816,36432,507.8024,23382307.4753547,0
2022-01-05 01:00:00+00:00,46271.56,46333.22,46111.5,46111.5,726.20925,2022-01-05 01:59:59.999000+00:00,33573387.5758863,26849,345.34274,15964329.5084772,0
2022-01-05 02:00:00+00:00,46111.5,46390.15,46111.5,46296.95,639.23432,2022-01-05 02:59:59.999000+00:00,29582995.9896742,24714,344.49077,15940035.9004626,0
2022-01-05 03:00:00+00:00,46296.96,46549.0,46296.95,46422.55,662.40091,2022-01-05 03:59:59.999000+00:00,30761543.2595632,27152,366.24122,17008481.8306168,0
2022-01-05 04:00:00+00:00,46422.56,46527.39,46350.65,46414.47,508.72042,2022-01-05 04:59:59.999000+00:00,23620126.1118709,20554,291.62213,13540298.6472457,0
2022-01-05 05:00:00+00:00,46419.0,46419.0,46246.01,46302.8,494.64292,2022-01-05 05:59:59.999000+00:00,22907983.2854294,21691,213.52577,9887153.8470628,0
2022-01-05 06:00:00+00:00,46302.79,46466.65,46251.1,46450.0,608.83518,2022-01-05 06:59:59.999000+00:00,28216032.9918152,26149,276.7191,12826169.6089534,0
2022-01-05 07:00:00+00:00,46450.0,46490.2,46333.78,46407.51,572.8358,2022-01-05 07:59:59.999000+00:00,26581167.5135045,25106,264.69067,12282799.9575086,0
2022-01-05 08:00:00+00:00,46407.5,46681.61,46250.49,46642.07,961.44434,2022-01-05 08:59:59.999000+00:00,44697750.5795301,29485,479.03764,22273539.7284639,0
2022-01-05 09:00:00+00:00,46636.78,46949.0,46575.01,46858.94,1536.64847,2022-01-05 09:59:59.999000+00:00,71869939.4446412,41848,696.73056,32583530.5077353,0
2022-01-05 10:00:00+00:00,46858.93,47070.0,46697.79,46818.5,1629.77569,2022-01-05 10:59:59.999000+00:00,76390709.7371165,42818,881.96113,41341700.1953581,0
2022-01-05 11:00:00+00:00,46818.5,46869.25,46110.0,46270.99,1495.93677,2022-01-05 11:59:59.999000+00:00,69469890.5559735,47453,672.83407,31242658.7939088,0
2022-01-05 12:00:00+00:00,46271.0,46348.2,45803.67,46229.99,1882.06245,2022-01-05 12:59:59.999000+00:00,86768772.3854702,53856,873.18181,40273903.4166186,0
2022-01-05 13:00:00+00:00,46229.99,46466.66,46112.59,46440.01,1021.81875,2022-01-05 13:59:59.999000+00:00,47316373.042898,38631,477.47338,22109853.6882708,0
2022-01-05 14:00:00+00:00,46440.0,46822.17,46150.35,46689.52,1923.98717,2022-01-05 14:59:59.999000+00:00,89391283.8434043,54689,1020.76399,47439693.9535331,0
2022-01-05 15:00:00+00:00,46689.52,46822.16,46368.63,46622.53,1228.3942,2022-01-05 15:59:59.999000+00:00,57263711.5344743,45288,581.19882,27093652.6640678,0
2022-01-05 16:00:00+00:00,46622.53,46674.37,46282.05,46301.62,1014.13701,2022-01-05 16:59:59.999000+00:00,47134729.0018297,35192,480.64201,22342282.9373382,0
2022-01-05 17:00:00+00:00,46301.62,46469.66,46001.0,46010.72,1192.45603,2022-01-05 17:59:59.999000+00:00,55111083.9777187,45304,501.71123,23193079.3928103,0
2022-01-05 18:00:00+00:00,46010.72,46365.68,45550.0,45919.92,3668.50105,2022-01-05 18:59:59.999000+00:00,168106889.8572003,82676,1631.82781,74793037.6467468,0
2022-01-05 19:00:00+00:00,45919.93,46118.85,44500.0,44685.93,7383.66525,2022-01-05 19:59:59.999000+00:00,333701859.63698715,176642,3020.55033,136608043.3734002,0
2022-01-05 20:00:00+00:00,44685.93,44847.99,43722.54,43967.01,8054.81116,2022-01-05 20:59:59.999000+00:00,355951079.3303222,173154,3669.74759,162208074.0327539,0
2022-01-05 21:00:00+00:00,43967.01,44331.42,43422.54,43606.37,3844.19955,2022-01-05 21:59:59.999000+00:00,168440377.1415876,105598,1740.20167,76296323.1638946,0
2022-01-05 22:00:00+00:00,43602.49,43815.2,42500.0,43437.05,6856.6407,2022-01-05 22:59:59.999000+00:00,296204022.0020782,219246,2879.58646,124568951.0795695,0
2022-01-05 23:00:00+00:00,43437.04,43709.12,43212.0,43451.13,2869.96497,2022-01-05 23:59:59.999000+00:00,124867527.8491912,78005,1335.1113,58087325.0069897,0
2022-01-06 00:00:00+00:00,43451.14,43772.41,43261.62,43680.94,2221.24911,2022-01-06 00:59:59.999000+00:00,96687188.4238667,57150,1102.8573,48007765.2050329,0
2022-01-06 01:00:00+00:00,43680.94,43816.0,43306.48,43542.69,1908.16444,2022-01-06 01:59:59.999000+00:00,83198518.2176708,52209,846.49356,36905428.9782108,0
2022-01-06 02:00:00+00:00,43542.69,43618.34,43150.05,43259.54,1450.03547,2022-01-06 02:59:59.999000+00:00,62866097.8830237,44494,699.99478,30348907.3113925,0
2022-01-06 03:00:00+00:00,43259.55,43310.69,42803.37,42835.0,2327.84721,2022-01-06 03:59:59.999000+00:00,100263747.2436402,60432,1097.34016,47267014.7945659,0
2022-01-06 04:00:00+00:00,42835.0,43159.17,42600.05,43029.73,3057.2784,2022-01-06 04:59:59.999000+00:00,131131519.1239522,66722,1534.93455,65833966.4839732,0
2022-01-06 05:00:00+00:00,43029.73,43246.37,42800.0,43050.01,1649.15193,2022-01-06 05:59:59.999000+00:00,71005211.2827387,48730,810.16899,34888828.8385601,0
2022-01-06 06:00:00+00:00,43050.0,43231.85,42902.65,43102.28,1265.54726,2022-01-06 06:59:59.999000+00:00,54472430.9978757,40989,676.4154,29112273.1180964,0
2022-01-06 07:00:00+00:00,43102.28,43275.8,42987.73,43245.25,1176.41332,2022-01-06 07:59:59.999000+00:00,50766629.5303333,38723,680.69393,29375218.984069,0
2022-01-06 08:00:00+00:00,43245.26,43273.87,42900.0,43055.41,1527.52833,2022-01-06 08:59:59.999000+00:00,65796291.3241403,49588,712.96775,30710888.7546876,0
2022-01-06 09:00:00+00:00,43055.42,43089.86,42430.58,42597.87,2907.67194,2022-01-06 09:59:59.999000+00:00,124247657.5839555,78514,1352.51365,57807931.2058707,0
2022-01-06 10:00:00+00:00,42597.87,42960.0,42568.22,42878.88,1969.46675,2022-01-06 10:59:59.999000+00:00,84252846.8023208,57213,917.93889,39267446.6547565,0
2022-01-06 11:00:00+00:00,42878.87,42974.21,42677.28,42878.34,1347.12718,2022-01-06 11:59:59.999000+00:00,57738935.1161418,45196,689.53953,29557633.2590494,0
2022-01-06 12:00:00+00:00,42878.33,43077.0,42632.44,43062.76,1642.32739,2022-01-06 12:59:59.999000+00:00,70325938.3476184,51512,822.24339,35206085.6863905,0
2022-01-06 13:00:00+00:00,43062.77,43200.0,42900.0,43150.01,1886.14994,2022-01-06 13:59:59.999000+00:00,81212538.6151147,57192,934.57707,40239910.5460811,0
2022-01-06 14:00:00+00:00,43150.0,43267.09,42761.9,42805.5,2175.95621,2022-01-06 14:59:59.999000+00:00,93585499.2703734,61542,1056.35146,45436881.1789262,0
2022-01-06 15:00:00+00:00,42805.5,43019.71,42666.0,42950.01,1709.80241,2022-01-06 15:59:59.999000+00:00,73267975.194413,50377,873.2241,37413685.4913228,0
2022-01-06 16:00:00+00:00,42950.02,43131.76,42725.09,42882.22,1684.48555,2022-01-06 16:59:59.999000+00:00,72299071.0946702,45557,870.75126,37381713.3012746,0
2022-01-06 17:00:00+00:00,42882.23,43175.66,42790.89,43005.29,1218.07748,2022-01-06 17:59:59.999000+00:00,52377906.4483049,38940,646.6118,27801522.5376425,0
2022-01-06 18:00:00+00:00,43005.3,43400.0,42982.05,43369.04,1267.01944,2022-01-06 18:59:59.999000+00:00,54716417.656485,42931,690.10145,29805782.1973993,0
2022-01-06 19:00:00+00:00,43369.04,43508.78,43224.73,43438.1,1330.94921,2022-01-06 19:59:59.999000+00:00,57753589.569431,44890,726.63927,31534309.4309054,0
2022-01-06 20:00:00+00:00,43438.11,43581.3,43111.57,43221.5,1292.4114,2022-01-06 20:59:59.999000+00:00,55990963.8988641,40661,649.12926,28122938.4401641,0
2022-01-06 21:00:00+00:00,43221.5,43253.29,43066.04,43120.64,779.82229,2022-01-06 21:59:59.999000+00:00,33664877.3183555,28718,382.10952,16496393.2597144,0
2022-01-06 22:00:00+00:00,43120.63,43236.73,43007.81,43180.97,528.19132,2022-01-06 22:59:59.999000+00:00,22783980.387639,26107,244.92594,10565261.50486,0
2022-01-06 23:00:00+00:00,43180.96,43241.41,43053.94,43082.31,557.69907,2022-01-06 23:59:59.999000+00:00,24060323.1074037,22320,250.30361,10798774.6631994,0
2022-01-07 00:00:00+00:00,43082.3,43145.83,42738.0,42788.15,1388.76561,2022-01-07 00:59:59.999000+00:00,59564798.0758688,40970,652.26739,27975660.6132944,0
2022-01-07 01:00:00+00:00,42788.15,43030.5,42785.56,43008.9,699.84938,2022-01-07 01:59:59.999000+00:00,30043444.5179493,28347,357.18747,15333309.1344747,0
2022-01-07 02:00:00+00:00,43008.9,43030.0,42771.59,42799.13,747.90157,2022-01-07 02:59:59.999000+00:00,32077597.2264851,26800,348.78144,14958004.6275243,0
2022-01-07 03:00:00+00:00,42799.12,42827.07,41577.77,41803.11,6273.84627,2022-01-07 03:59:59.999000+00:00,264228630.947086,145746,2619.09183,110318146.6520513,0
2022-01-07 04:00:00+00:00,41803.11,41909.23,41000.0,41700.33,6290.72537,2022-01-07 04:59:59.999000+00:00,260863926.0058054,126415,2934.70196,121750191.7430149,0
2022-01-07 05:00:00+00:00,41700.33,41950.0,41524.94,41851.33,2331.60741,2022-01-07 05:59:59.999000+00:00,97339628.2550616,57084,1173.12661,48976650.2547729,0
2022-01-07 06:00:00+00:00,41851.33,41853.19,41409.95,41529.14,1875.03696,2022-01-07 06:59:59.999000+00:00,77991537.6924235,53903,934.08848,38851946.0885638,0
2022-01-07 07:00:00+00:00,41529.15,41731.36,41206.9,41706.71,2325.13466,2022-01-07 07:59:59.999000+00:00,96431339.2614776,58314,1171.5591,48586493.2663632,0
2022-01-07 08:00:00+00:00,41706.71,42883.47,41607.5,42088.61,3719.93086,2022-01-07 08:59:59.999000+00:00,156993202.119517,86460,1993.36469,84156645.1139253,0
2022-01-07 09:00:00+00:00,42088.61,42628.34,42060.0,42422.56,1591.9884,2022-01-07 09:59:59.999000+00:00,67500728.0299839,47905,819.55197,34746641.8072515,0
2022-01-07 10:00:00+00:00,42422.57,42533.43,42168.0,42172.83,1278.56313,2022-01-07 10:59:59.999000+00:00,54157124.6194087,41217,692.36761,29327086.5885653,0
2022-01-07 11:00:00+00:00,42172.84,42350.73,42161.0,42258.62,1036.72745,2022-01-07 11:59:59.999000+00:00,43794494.2015247,35081,558.03515,23574178.7082093,0
2022-01-07 12:00:00+00:00,42258.62,42500.0,42258.62,42400.0,975.52441,2022-01-07 12:59:59.999000+00:00,41358090.0771858,34518,498.20704,21121080.2221542,0
2022-01-07 13:00:00+00:00,42400.0,42766.17,41200.0,41489.22,5136.68431,2022-01-07 13:59:59.999000+00:00,215009040.8592484,112950,2488.26771,104254578.2366506,0
2022-01-07 14:00:00+00:00,41489.19,42132.98,41398.13,41894.4,2577.29371,2022-01-07 14:59:59.999000+00:00,107697458.9094506,66058,1221.24439,51031143.7859146,0
2022-01-07 15:00:00+00:00,41894.4,41915.36,40610.0,41319.11,5256.54394,2022-01-07 15:59:59.999000+00:00,216756047.35028633,111338,2326.20381,96013087.2635733,0
2022-01-07 16:00:00+00:00,41310.85,42315.85,40917.66,42135.26,4909.62675,2022-01-07 16:59:59.999000+00:00,203880305.53953153,102507,2657.9396,110412049.4941184,0
2022-01-07 17:00:00+00:00,42137.38,42166.86,41749.06,41993.48,1186.96985,2022-01-07 17:59:59.999000+00:00,49787840.3629092,40541,565.72459,23730964.7510077,0
2022-01-07 18:00:00+00:00,41993.68,42000.0,41520.0,41707.64,880.73461,2022-01-07 18:59:59.999000+00:00,36780502.6248016,35961,434.51919,18147235.607164,0
2022-01-07 19:00:00+00:00,41707.04,41898.33,41516.0,41775.38,893.4115,2022-01-07 19:59:59.999000+00:00,37253252.0349976,33993,491.31651,20486375.1930628,0
2022-01-07 20:00:00+00:00,41775.38,42054.0,41597.15,41922.2,1109.53468,2022-01-07 20:59:59.999000+00:00,46408144.9703139,33876,528.11334,22084315.8330141,0
2022-01-07 21:00:00+00:00,41922.19,42035.0,41845.46,41875.01,596.35057,2022-01-07 21:59:59.999000+00:00,25007497.6950606,24587,273.1607,11455383.0996643,0
2022-01-07 22:00:00+00:00,41875.0,41879.42,41350.0,41541.82,973.4074,2022-01-07 22:59:59.999000+00:00,40546519.7069448,35965,405.27485,16876222.1512243,0
2022-01-07 23:00:00+00:00,41541.83,41599.92,41336.82,41566.48,780.34938,2022-01-07 23:59:59.999000+00:00,32379864.381915,26099,375.29718,15572810.003162,0
2022-01-08 00:00:00+00:00,41566.48,42115.2,41558.0,41991.89,1244.69199,2022-01-08 00:59:59.999000+00:00,52060218.2355283,38100,669.41726,28005875.6319226,0
2022-01-08 01:00:00+00:00,41991.89,42246.37,41847.48,41883.41,1168.11943,2022-01-08 01:59:59.999000+00:00,49120430.0507261,31643,589.63353,24791471.2272481,0
2022-01-08 02:00:00+00:00,41883.42,41944.44,41693.42,41882.85,623.26458,2022-01-08 02:59:59.999000+00:00,26068368.832941,25967,312.73712,13081331.2159615,0
2022-01-08 03:00:00+00:00,41882.86,41911.86,41641.27,41810.91,510.16918,2022-01-08 03:59:59.999000+00:00,21317359.848826,24101,244.98597,10237152.2693082,0
2022-01-08 04:00:00+00:00,41810.92,41991.2,41760.0,41900.92,471.07045,2022-01-08 04:59:59.999000+00:00,19724774.5379616,22396,236.35944,9896821.0109767,0
2022-01-08 05:00:00+00:00,41900.92,41999.99,41836.14,41971.7,517.64026,2022-01-08 05:59:59.999000+00:00,21698280.3630565,21429,263.05818,11026790.2682467,0
2022-01-08 06:00:00+00:00,41971.7,41994.66,41739.0,41922.23,625.30663,2022-01-08 06:59:59.999000+00:00,26179443.9100163,24406,301.92026,12640751.6258018,0
2022-01-08 07:00:00+00:00,41922.22,41975.44,41841.04,41913.58,521.47279,2022-01-08 07:59:59.999000+00:00,21856296.9594413,24786,230.80652,9673062.7270252,0
2022-01-08 08:00:00+00:00,41913.59,42177.94,41882.19,41964.88,947.1604,2022-01-08 08:59:59.999000+00:00,39793962.5027029,33120,476.45787,20017496.0583349,0
2022-01-08 09:00:00+00:00,41964.87,42187.2,41954.7,42163.71,860.34897,2022-01-08 09:59:59.999000+00:00,36197766.1617503,27389,493.97264,20786993.0280565,0
2022-01-08 10:00:00+00:00,42163.71,42200.0,41790.7,41918.66,839.11518,2022-01-08 10:59:59.999000+00:00,35256255.7743905,31676,364.93797,15336541.2813244,0
2022-01-08 11:00:00+00:00,41918.66,41972.0,41767.16,41940.22,674.67737,2022-01-08 11:59:59.999000+00:00,28236725.4106312,29079,299.58171,12536765.8783607,0
2022-01-08 12:00:00+00:00,41940.22,42063.23,41773.47,41876.31,744.96865,2022-01-08 12:59:59.999000+00:00,31208015.0562806,31559,352.97434,14788245.9476421,0
2022-01-08 13:00:00+00:00,41876.32,42037.75,41610.0,41905.0,1003.98627,2022-01-08 13:59:59.999000+00:00,42026764.4261208,34248,461.63558,19329582.8618756,0
2022-01-08 14:00:00+00:00,41904.99,41997.71,41715.0,41741.27,709.21182,2022-01-08 14:59:59.999000+00:00,29696753.0707241,33203,319.77666,13391024.531436,0
2022-01-08 15:00:00+00:00,41746.29,41799.04,41400.0,41613.33,1713.01211,2022-01-08 15:59:59.999000+00:00,71253043.4322322,57307,840.45664,34961431.9039589,0
2022-01-08 16:00:00+00:00,41609.6,41740.53,41238.08,41346.01,1715.07063,2022-01-08 16:59:59.999000+00:00,71133105.1094718,53776,808.858,33556499.5758162,0
2022-01-08 17:00:00+00:00,41346.02,41398.45,40801.0,40842.12,3416.24626,2022-01-08 17:59:59.999000+00:00,140480315.3026908,91493,1641.40402,67524710.9069312,0
2022-01-08 18:00:00+00:00,40842.11,41314.11,40501.0,40679.82,4373.31437,2022-01-08 18:59:59.999000+00:00,178771445.1504066,105310,2142.42967,87623233.8446378,0
2022-01-08 19:00:00+00:00,40679.82,41100.0,40520.0,40831.07,3045.11478,2022-01-08 19:59:59.999000+00:00,124305504.2835841,71860,1597.94831,65233283.7333919,0
2022-01-08 20:00:00+00:00,40831.06,41175.32,40720.0,40975.37,1424.80734,2022-01-08 20:59:59.999000+00:00,58322270.9676128,45536,738.74963,30239698.3180886,0
2022-01-08 21:00:00+00:00,40975.36,42061.32,40923.39,41769.03,2802.28914,2022-01-08 21:59:59.999000+00:00,116561656.7043688,68612,1528.6223,63602579.5260152,0
2022-01-08 22:00:00+00:00,41769.03,42300.0,41740.31,41911.11,2006.54953,2022-01-08 22:59:59.999000+00:00,84344547.0146938,61800,1077.79383,45297873.8808456,0
2022-01-08 23:00:00+00:00,41911.1,41948.94,41656.02,41679.74,995.12298,2022-01-08 23:59:59.999000+00:00,41620191.7216082,33112,468.02002,19576318.1683284,0
2022-01-09 00:00:00+00:00,41679.74,41831.25,41388.13,41773.24,1485.82226,2022-01-09 00:59:59.999000+00:00,61809159.5654315,41570,765.26678,31835419.1297208,0
2022-01-09 01:00:00+00:00,41773.24,41924.57,41596.43,41809.67,883.65676,2022-01-09 01:59:59.999000+00:00,36886185.920401,30407,452.80393,18901885.6539429,0
2022-01-09 02:00:00+00:00,41809.66,42170.11,41775.9,42098.99,1140.15501,2022-01-09 02:59:59.999000+00:00,47876420.199305,32335,593.91424,24934590.5500481,0
2022-01-09 03:00:00+00:00,42098.99,42105.62,41792.0,41833.89,746.09555,2022-01-09 03:59:59.999000+00:00,31294819.711705,25972,341.46943,14321911.6603706,0
2022-01-09 04:00:00+00:00,41833.9,42103.31,41800.78,42079.41,884.47963,2022-01-09 04:59:59.999000+00:00,37125485.6464876,28899,486.54736,20424098.1173145,0
2022-01-09 05:00:00+00:00,42079.4,42097.44,41715.44,41765.9,594.21526,2022-01-09 05:59:59.999000+00:00,24885695.7082541,23405,247.86457,10379795.984445,0
2022-01-09 06:00:00+00:00,41765.89,41948.4,41681.17,41873.62,566.39155,2022-01-09 06:59:59.999000+00:00,23686355.4773312,22415,278.18611,11633478.3444738,0
2022-01-09 07:00:00+00:00,41873.62,41908.55,41778.95,41791.51,415.68476,2022-01-09 07:59:59.999000+00:00,17392368.6463586,22385,208.86085,8738994.5847634,0
2022-01-09 08:00:00+00:00,41791.5,41949.99,41615.32,41666.67,789.93569,2022-01-09 08:59:59.999000+00:00,32976732.0945297,29507,364.90249,15234225.7852967,0
2022-01-09 09:00:00+00:00,41666.66,41766.8,41470.34,41510.01,858.20496,2022-01-09 09:59:59.999000+00:00,35702799.3909881,28971,413.39271,17199463.5352274,0
2022-01-09 10:00:00+00:00,41510.0,41728.65,41410.0,41644.7,705.73465,2022-01-09 10:59:59.999000+00:00,29325236.1821429,27632,329.15413,13676651.9017601,0
2022-01-09 11:00:00+00:00,41644.7,41990.0,41642.54,41857.62,783.60595,2022-01-09 11:59:59.999000+00:00,32785228.695277,27953,443.42266,18552315.5403163,0
2022-01-09 12:00:00+00:00,41857.62,41923.39,41665.46,41746.98,553.97717,2022-01-09 12:59:59.999000+00:00,23140750.0669208,23881,233.1831,9740457.6860185,0
2022-01-09 13:00:00+00:00,41746.98,41894.01,41469.48,41470.0,922.91336,2022-01-09 13:59:59.999000+00:00,38454040.5257592,29083,383.44733,15978362.0656619,0
2022-01-09 14:00:00+00:00,41470.0,41743.26,41469.99,41535.93,628.73613,2022-01-09 14:59:59.999000+00:00,26162633.3415491,23823,335.55638,13962599.9700788,0
2022-01-09 15:00:00+00:00,41535.93,41681.89,41200.02,41621.11,1262.20157,2022-01-09 15:59:59.999000+00:00,52341012.7764041,37197,626.43188,25980011.7383493,0
2022-01-09 16:00:00+00:00,41621.11,42146.25,41556.49,42143.04,1325.34768,2022-01-09 16:59:59.999000+00:00,55478278.9457547,39740,817.62246,34230606.9085432,0
2022-01-09 17:00:00+00:00,42143.05,42200.0,41880.01,42094.59,1198.07276,2022-01-09 17:59:59.999000+00:00,50382891.0121264,40881,583.17188,24523216.944824,0
2022-01-09 18:00:00+00:00,42094.48,42279.0,41861.94,41966.99,1271.89519,2022-01-09 18:59:59.999000+00:00,53554723.0203601,37760,580.70347,24457085.2085801,0
2022-01-09 19:00:00+00:00,41966.99,42740.0,41928.01,42695.26,2007.33524,2022-01-09 19:59:59.999000+00:00,85146253.3375568,55963,1060.46918,44974949.924704,0
2022-01-09 20:00:00+00:00,42695.27,42786.7,42368.0,42439.38,1156.79543,2022-01-09 20:59:59.999000+00:00,49232966.1957532,38532,589.21968,25076684.2596696,0
2022-01-09 21:00:00+00:00,42439.38,42557.36,42286.67,42300.0,568.89483,2022-01-09 21:59:59.999000+00:00,24124161.4015476,23212,277.47903,11768913.8006135,0
2022-01-09 22:00:00+00:00,42300.01,42497.26,42080.01,42205.37,749.07543,2022-01-09 22:59:59.999000+00:00,31700516.9758747,27202,396.96016,16800085.307066,0
2022-01-09 23:00:00+00:00,42205.36,42282.3,41766.43,41864.62,1225.16744,2022-01-09 23:59:59.999000+00:00,51365349.6747665,34008,589.75998,24721045.6753635,0
2022-01-10 00:00:00+00:00,41864.62,42037.05,41623.67,41655.18,1083.2151,2022-01-10 00:59:59.999000+00:00,45295764.3651709,36071,524.30351,21928301.4991109,0
2022-01-10 01:00:00+00:00,41655.18,41850.0,41601.0,41815.32,656.91367,2022-01-10 01:59:59.999000+00:00,27411051.5651335,23981,336.79762,14054228.3600796,0
2022-01-10 02:00:00+00:00,41815.32,41997.9,41711.95,41927.71,746.59629,2022-01-10 02:59:59.999000+00:00,31268411.2944584,26791,349.77018,14649229.9161094,0
2022-01-10 03:00:00+00:00,41927.7,41990.99,41852.49,41967.59,603.35126,2022-01-10 03:59:59.999000+00:00,25292332.7269084,20216,280.3364,11752271.023162,0
2022-01-10 04:00:00+00:00,41967.59,42248.5,41925.61,42187.22,1026.65893,2022-01-10 04:59:59.999000+00:00,43243750.3110788,29737,509.78147,21474123.9145176,0
2022-01-10 05:00:00+00:00,42187.22,42230.84,41967.11,42031.29,641.96551,2022-01-10 05:59:59.999000+00:00,27024514.3370253,23230,317.81454,13378904.521428,0
2022-01-10 06:00:00+00:00,42031.3,42048.63,41811.7,41925.01,823.59986,2022-01-10 06:59:59.999000+00:00,34532962.2492842,25951,387.69296,16254427.5992771,0
2022-01-10 07:00:00+00:00,41925.01,42149.31,41901.0,42042.38,723.8609,2022-01-10 07:59:59.999000+00:00,30414075.8001037,27155,387.0181,16261464.1772928,0
2022-01-10 08:00:00+00:00,42042.38,42116.61,41712.99,41816.84,997.44685,2022-01-10 08:59:59.999000+00:00,41759276.549294,35073,496.85105,20803847.7354947,0
2022-01-10 09:00:00+00:00,41808.96,41937.41,41710.96,41796.01,709.978,2022-01-10 09:59:59.999000+00:00,29698086.4807452,31705,337.44493,14116302.094958,0
2022-01-10 10:00:00+00:00,41796.01,41986.0,41742.23,41778.88,628.09437,2022-01-10 10:59:59.999000+00:00,26299177.2850828,31715,303.6921,12717038.1845088,0
2022-01-10 11:00:00+00:00,41778.88,41793.85,41455.0,41565.34,1756.67489,2022-01-10 11:59:59.999000+00:00,73089310.7202011,51215,821.51499,34182137.4469124,0
2022-01-10 12:00:00+00:00,41565.33,41616.72,40916.98,40930.0,3223.67692,2022-01-10 12:59:59.999000+00:00,132846916.946089,68012,1591.79769,65583172.0911137,0
2022-01-10 13:00:00+00:00,40930.01,41057.52,40716.0,40774.0,2678.34877,2022-01-10 13:59:59.999000+00:00,109509620.2243649,64295,1262.26087,51614350.4374415,0
2022-01-10 14:00:00+00:00,40774.01,41275.92,39650.0,40786.57,12877.43442,2022-01-10 14:59:59.999000+00:00,519222691.50972366,243669,5547.81651,223882800.2273147,0
2022-01-10 15:00:00+00:00,40786.57,41200.0,40555.87,40984.33,3880.93354,2022-01-10 15:59:59.999000+00:00,158569025.8002592,86617,1979.87233,80915250.1952614,0
2022-01-10 16:00:00+00:00,40984.34,41985.99,40850.03,41904.4,4663.47158,2022-01-10 16:59:59.999000+00:00,193958751.4892001,95088,2639.70796,109758884.9180526,0
2022-01-10 17:00:00+00:00,41904.4,42121.63,40564.89,41184.45,5819.36057,2022-01-10 17:59:59.999000+00:00,239916987.6154688,118839,2856.82187,117846188.3138634,0
2022-01-10 18:00:00+00:00,41184.44,41723.87,41118.36,41604.58,1816.05456,2022-01-10 18:59:59.999000+00:00,75238582.1983718,49787,968.38739,40125297.4619272,0
2022-01-10 19:00:00+00:00,41604.58,41698.07,41205.65,41297.15,1358.54117,2022-01-10 19:59:59.999000+00:00,56372049.3057399,38029,690.38254,28644607.6393274,0
2022-01-10 20:00:00+00:00,41297.15,41779.46,41158.99,41714.72,1245.44049,2022-01-10 20:59:59.999000+00:00,51617961.9781827,38182,642.61962,26636196.0149305,0
2022-01-10 21:00:00+00:00,41716.81,41985.0,41562.38,41714.13,1365.38265,2022-01-10 21:59:59.999000+00:00,57035367.6335354,36634,724.55767,30267070.669182,0
2022-01-10 22:00:00+00:00,41714.14,41849.45,41500.0,41604.98,729.88329,2022-01-10 22:59:59.999000+00:00,30419220.9785395,27079,338.28797,14098607.8938363,0
2022-01-10 23:00:00+00:00,41604.98,41892.87,41503.56,41822.49,672.2866,2022-01-10 23:59:59.999000+00:00,28075450.1416352,21912,359.01784,14990851.0676632,0
2022-01-11 00:00:00+00:00,41822.49,41878.78,41583.43,41593.7,869.73683,2022-01-11 00:59:59.999000+00:00,36281214.0751727,27177,418.88985,17475651.7426752,0
2022-01-11 01:00:00+00:00,41593.69,42062.91,41544.64,41928.82,1240.9619,2022-01-11 01:59:59.999000+00:00,51936704.4305778,33548,690.91109,28923378.0086841,0
2022-01-11 02:00:00+00:00,41928.82,42400.01,41818.18,42173.77,1875.33837,2022-01-11 02:59:59.999000+00:00,79066409.8725262,45090,1007.704,42487992.9130002,0
2022-01-11 03:00:00+00:00,42173.77,42277.99,42056.8,42277.98,948.11009,2022-01-11 03:59:59.999000+00:00,39971550.1769933,29688,475.21566,20035974.2760981,0
2022-01-11 04:00:00+00:00,42277.99,42387.78,42123.03,42304.65,1170.50674,2022-01-11 04:59:59.999000+00:00,49455381.2920094,31370,596.09605,25188064.7077984,0
2022-01-11 05:00:00+00:00,42304.65,42315.79,42021.71,42110.0,897.6433,2022-01-11 05:59:59.999000+00:00,37819297.4952518,25808,421.71073,17765404.5224445,0
2022-01-11 06:00:00+00:00,42110.0,42232.68,41971.37,42105.0,990.30927,2022-01-11 06:59:59.999000+00:00,41693372.633281,26019,510.52541,21494359.8820991,0
2022-01-11 07:00:00+00:00,42104.99,42280.0,42069.73,42211.05,824.67137,2022-01-11 07:59:59.999000+00:00,34776805.7051616,25634,371.58074,15669800.9970201,0
2022-01-11 08:00:00+00:00,42212.21,42627.66,41930.01,41991.78,2197.68722,2022-01-11 08:59:59.999000+00:00,92839896.5633607,53999,1089.69515,46064346.467527,0
2022-01-11 09:00:00+00:00,41991.78,42148.04,41843.13,41984.8,1058.9429,2022-01-11 09:59:59.999000+00:00,44477201.8056127,31936,572.88888,24061150.6651568,0
2022-01-11 10:00:00+00:00,41984.79,42066.61,41575.0,41631.02,1544.92365,2022-01-11 10:59:59.999000+00:00,64596266.5283316,44355,651.76577,27250799.5179789,0
2022-01-11 11:00:00+00:00,41631.02,41944.0,41584.86,41809.99,1271.07829,2022-01-11 11:59:59.999000+00:00,53115468.3854789,39647,670.23616,28008894.7172801,0
2022-01-11 12:00:00+00:00,41809.99,41956.45,41722.23,41812.69,946.89068,2022-01-11 12:59:59.999000+00:00,39634497.2879473,37998,448.08339,18755762.919261,0
2022-01-11 13:00:00+00:00,41812.7,41899.0,41586.03,41701.52,1163.91865,2022-01-11 13:59:59.999000+00:00,48612324.9233468,40198,544.49411,22745618.7382975,0
2022-01-11 14:00:00+00:00,41700.74,41823.01,41268.93,41642.0,2261.4602,2022-01-11 14:59:59.999000+00:00,93907212.2867028,58919,1029.17539,42743960.3576954,0
2022-01-11 15:00:00+00:00,41639.51,42200.0,41440.69,41733.93,2972.86186,2022-01-11 15:59:59.999000+00:00,124331720.1440624,69597,1556.71691,65123213.2862329,0
2022-01-11 16:00:00+00:00,41733.92,42925.07,41680.44,42705.24,4848.73177,2022-01-11 16:59:59.999000+00:00,205794464.02617127,105457,2530.73653,107420793.5962619,0
2022-01-11 17:00:00+00:00,42705.24,43100.0,42319.24,42549.01,4190.85853,2022-01-11 17:59:59.999000+00:00,178974697.7178099,90731,1946.40192,83120156.1326438,0
2022-01-11 18:00:00+00:00,42549.01,42916.97,42353.07,42755.0,1416.65246,2022-01-11 18:59:59.999000+00:00,60441975.6913711,44909,697.28248,29758090.5847989,0
2022-01-11 19:00:00+00:00,42754.99,43086.7,42595.68,42972.05,1440.44569,2022-01-11 19:59:59.999000+00:00,61699478.699597,40631,718.48501,30774122.4022987,0
2022-01-11 20:00:00+00:00,42972.04,43095.26,42692.19,42800.38,1219.60178,2022-01-11 20:59:59.999000+00:00,52272340.7945741,36804,582.77892,24983384.6482452,0
2022-01-11 21:00:00+00:00,42797.62,42823.69,42643.74,42659.2,702.1038,2022-01-11 21:59:59.999000+00:00,29999130.6873996,27238,330.44465,14120315.1579351,0
2022-01-11 22:00:00+00:00,42664.71,42776.14,42597.41,42713.13,561.85993,2022-01-11 22:59:59.999000+00:00,23975024.8799349,24841,294.29481,12557917.4230214,0
2022-01-11 23:00:00+00:00,42713.12,42886.28,42633.97,42729.29,681.14201,2022-01-11 23:59:59.999000+00:00,29131172.8574038,23932,365.8403,15647229.4366394,0
2022-01-12 00:00:00+00:00,42729.29,42965.0,42578.02,42675.0,1004.90689,2022-01-12 00:59:59.999000+00:00,42957792.4964264,33543,499.46425,21353109.3667096,0
2022-01-12 01:00:00+00:00,42675.03,42769.06,42562.2,42626.05,724.93634,2022-01-12 01:59:59.999000+00:00,30910185.7674423,26668,361.3127,15405638.9485947,0
2022-01-12 02:00:00+00:00,42626.04,42712.29,42450.0,42559.33,725.31326,2022-01-12 02:59:59.999000+00:00,30884198.9259231,27084,333.34942,14194670.3681268,0
2022-01-12 03:00:00+00:00,42559.34,42679.76,42494.72,42605.02,631.48372,2022-01-12 03:59:59.999000+00:00,26896549.0774841,23029,346.80274,14771535.5504185,0
2022-01-12 04:00:00+00:00,42605.01,42733.87,42518.97,42629.9,784.28575,2022-01-12 04:59:59.999000+00:00,33418353.1531491,28694,410.76103,17503827.768612,0
2022-01-12 05:00:00+00:00,42629.91,42773.64,42560.0,42705.51,652.00214,2022-01-12 05:59:59.999000+00:00,27829594.3570131,24823,312.03295,13318980.2341618,0
2022-01-12 06:00:00+00:00,42705.51,42867.55,42600.01,42675.55,951.67503,2022-01-12 06:59:59.999000+00:00,40638168.8620343,32380,486.55144,20778196.9217803,0
2022-01-12 07:00:00+00:00,42675.54,42675.55,42463.13,42561.67,948.81146,2022-01-12 07:59:59.999000+00:00,40369265.6418785,34267,467.33174,19881073.9662612,0
2022-01-12 08:00:00+00:00,42561.66,42717.57,42508.69,42603.51,869.57762,2022-01-12 08:59:59.999000+00:00,37066815.964747,33323,436.50964,18607759.0979521,0
2022-01-12 09:00:00+00:00,42603.51,42909.92,42565.99,42796.83,1281.02538,2022-01-12 09:59:59.999000+00:00,54753989.8618778,40115,665.68524,28453142.9849407,0
2022-01-12 10:00:00+00:00,42796.84,42990.01,42735.2,42765.18,1451.62564,2022-01-12 10:59:59.999000+00:00,62213321.5152727,43403,713.5947,30587324.6277474,0
2022-01-12 11:00:00+00:00,42765.18,43443.6,42683.21,42935.92,2646.33241,2022-01-12 11:59:59.999000+00:00,114029526.0902042,68158,1483.64809,63952044.6955061,0
2022-01-12 12:00:00+00:00,42935.92,43301.5,42874.01,43285.51,2409.05723,2022-01-12 12:59:59.999000+00:00,103849834.9020503,62728,1272.62562,54861901.7163701,0
2022-01-12 13:00:00+00:00,43285.52,44078.4,43187.6,43920.97,5227.41461,2022-01-12 13:59:59.999000+00:00,228425829.0964738,109862,2838.45145,124048277.3904905,0
2022-01-12 14:00:00+00:00,43920.96,43957.0,43676.18,43849.54,2481.51783,2022-01-12 14:59:59.999000+00:00,108670859.8466653,63772,1303.76395,57091148.7590229,0
2022-01-12 15:00:00+00:00,43849.55,43933.0,43401.01,43560.29,2155.48087,2022-01-12 15:59:59.999000+00:00,94133585.0909207,69567,1033.03931,45128431.0142685,0
2022-01-12 16:00:00+00:00,43560.29,43688.5,43317.0,43611.02,1613.92113,2022-01-12 16:59:59.999000+00:00,70269743.4907849,55282,781.78307,34042192.6522798,0
2022-01-12 17:00:00+00:00,43611.03,43867.19,43481.73,43841.57,1161.0812,2022-01-12 17:59:59.999000+00:00,50725984.0413338,39331,603.71455,26382897.8176615,0
2022-01-12 18:00:00+00:00,43841.56,43886.26,43567.26,43589.98,1048.28546,2022-01-12 18:59:59.999000+00:00,45849395.7124853,34824,515.03405,22529476.5451135,0
2022-01-12 19:00:00+00:00,43589.97,43760.94,43526.3,43743.11,778.36522,2022-01-12 19:59:59.999000+00:00,33954578.3933365,30775,369.37749,16113375.973119,0
2022-01-12 20:00:00+00:00,43743.1,43993.66,43629.39,43819.17,1258.22966,2022-01-12 20:59:59.999000+00:00,55121056.7201601,34412,681.61023,29866530.2176973,0
2022-01-12 21:00:00+00:00,43819.16,44322.0,43734.55,43773.09,1786.14248,2022-01-12 21:59:59.999000+00:00,78590024.2719193,52806,969.68959,42682249.1393812,0
2022-01-12 22:00:00+00:00,43776.6,43948.99,43742.97,43842.95,574.66169,2022-01-12 22:59:59.999000+00:00,25196663.9599656,27549,293.61812,12873890.0695834,0
2022-01-12 23:00:00+00:00,43842.94,44032.19,43817.35,43902.66,777.15978,2022-01-12 23:59:59.999000+00:00,34151120.4725232,27507,404.56748,17777942.9897661,0
2022-01-13 00:00:00+00:00,43902.65,44075.42,43670.0,43720.0,1234.16915,2022-01-13 00:59:59.999000+00:00,54148672.9968731,35625,533.96344,23422697.8495349,0
2022-01-13 01:00:00+00:00,43720.0,43808.88,43516.92,43548.57,992.52709,2022-01-13 01:59:59.999000+00:00,43311619.3825276,35572,468.76645,20455448.731479,0
2022-01-13 02:00:00+00:00,43548.58,43684.28,43534.07,43587.63,615.45639,2022-01-13 02:59:59.999000+00:00,26839868.4657648,26799,295.82476,12901101.8171641,0
2022-01-13 03:00:00+00:00,43587.62,43646.87,43422.72,43509.93,1137.4846,2022-01-13 03:59:59.999000+00:00,49477943.5732474,41703,490.08352,21316800.9259313,0
2022-01-13 04:00:00+00:00,43505.99,43719.99,43483.2,43623.02,849.79404,2022-01-13 04:59:59.999000+00:00,37072091.7682453,35422,475.50902,20744557.8420729,0
2022-01-13 05:00:00+00:00,43623.01,43763.57,43579.36,43662.68,571.73768,2022-01-13 05:59:59.999000+00:00,24956434.8277544,28369,293.01516,12789972.8184927,0
2022-01-13 06:00:00+00:00,43662.68,43795.44,43642.94,43708.42,1073.35534,2022-01-13 06:59:59.999000+00:00,46925611.7677715,34018,550.01771,24043968.0376676,0
2022-01-13 07:00:00+00:00,43708.42,43764.98,43537.42,43699.99,836.91713,2022-01-13 07:59:59.999000+00:00,36549628.3832083,31259,356.91745,15587888.4674026,0
2022-01-13 08:00:00+00:00,43699.99,43898.33,43668.87,43896.44,1060.63413,2022-01-13 08:59:59.999000+00:00,46464639.4658096,43172,549.93666,24093472.5241157,0
2022-01-13 09:00:00+00:00,43896.43,43991.78,43740.01,43883.0,1022.25878,2022-01-13 09:59:59.999000+00:00,44810826.7537336,36900,534.82818,23445325.8217801,0
2022-01-13 10:00:00+00:00,43883.0,44014.51,43756.2,43780.25,1099.0732,2022-01-13 10:59:59.999000+00:00,48244303.8241824,36401,518.94256,22777845.3431024,0
2022-01-13 11:00:00+00:00,43780.25,43830.68,43500.0,43602.31,1425.68774,2022-01-13 11:59:59.999000+00:00,62251301.0661302,42541,698.24582,30493003.5792585,0
2022-01-13 12:00:00+00:00,43603.58,43811.0,43575.05,43803.16,768.7972,2022-01-13 12:59:59.999000+00:00,33623823.0408038,39607,422.35459,18469812.9634885,0
2022-01-13 13:00:00+00:00,43803.16,43939.0,43659.21,43924.62,1023.6518,2022-01-13 13:59:59.999000+00:00,44845242.1869529,33533,532.74745,23341806.5625978,0
2022-01-13 14:00:00+00:00,43924.61,44500.0,43840.28,44154.52,4866.88512,2022-01-13 14:59:59.999000+00:00,214886573.6118943,90113,2711.09545,119734383.9528148,0
2022-01-13 15:00:00+00:00,44154.52,44211.0,42871.01,43200.0,4892.54873,2022-01-13 15:59:59.999000+00:00,211929611.43779993,113714,2172.07706,94013064.3150372,0
2022-01-13 16:00:00+00:00,43200.01,43500.0,43070.42,43250.89,1782.99397,2022-01-13 16:59:59.999000+00:00,77162260.115273,53370,873.16513,37798078.8763796,0
2022-01-13 17:00:00+00:00,43250.92,43255.04,42565.01,42822.12,2807.09484,2022-01-13 17:59:59.999000+00:00,120218429.0475308,66384,1365.97747,58502647.6925814,0
2022-01-13 18:00:00+00:00,42822.12,42962.96,42628.38,42709.29,1040.60187,2022-01-13 18:59:59.999000+00:00,44565333.8916567,35245,518.45531,22204183.3402518,0
2022-01-13 19:00:00+00:00,42709.29,42896.81,42535.0,42700.67,1314.97413,2022-01-13 19:59:59.999000+00:00,56130158.8722266,40450,650.50276,27767543.0372061,0
2022-01-13 20:00:00+00:00,42700.67,42796.18,42311.22,42796.18,1918.7156,2022-01-13 20:59:59.999000+00:00,81555266.4470867,45809,996.12415,42341044.9265773,0
2022-01-13 21:00:00+00:00,42796.18,42879.76,42664.14,42810.99,871.73458,2022-01-13 21:59:59.999000+00:00,37295927.5995402,28218,405.18081,17335399.8257951,0
2022-01-13 22:00:00+00:00,42810.99,42888.18,42466.64,42594.37,770.26146,2022-01-13 22:59:59.999000+00:00,32883344.0743964,30427,354.11932,15115434.9215713,0
2022-01-13 23:00:00+00:00,42597.02,42771.94,42500.0,42560.11,933.52305,2022-01-13 23:59:59.999000+00:00,39795612.8950853,31583,407.55564,17379639.0718105,0
2022-01-14 00:00:00+00:00,42558.35,42784.0,42362.91,42750.66,1160.43813,2022-01-14 00:59:59.999000+00:00,49447493.6021285,37254,611.57689,26057651.4049814,0
2022-01-14 01:00:00+00:00,42750.66,42777.17,42541.81,42581.12,1138.08119,2022-01-14 01:59:59.999000+00:00,48536589.4751413,31382,564.7001,24082721.3998184,0
2022-01-14 02:00:00+00:00,42581.12,42728.08,42425.03,42713.89,1136.25985,2022-01-14 02:59:59.999000+00:00,48375744.6984873,29997,558.85182,23796700.9840739,0
2022-01-14 03:00:00+00:00,42713.89,42738.47,42572.02,42623.87,1100.14262,2022-01-14 03:59:59.999000+00:00,46924188.9237678,28767,470.30467,20057887.6421942,0
2022-01-14 04:00:00+00:00,42623.87,42880.0,42610.02,42680.28,937.36417,2022-01-14 04:59:59.999000+00:00,40063618.641117,28329,533.43447,22799807.7837445,0
2022-01-14 05:00:00+00:00,42679.0,42905.15,42640.01,42894.92,871.32726,2022-01-14 05:59:59.999000+00:00,37268869.5747042,28015,479.88203,20521562.8281218,0
2022-01-14 06:00:00+00:00,42895.0,42978.1,42776.73,42810.22,961.01177,2022-01-14 06:59:59.999000+00:00,41198775.7481682,33197,508.8637,21816848.3154295,0
2022-01-14 07:00:00+00:00,42810.22,42886.58,42599.99,42660.01,1246.12553,2022-01-14 07:59:59.999000+00:00,53246389.2394656,32965,443.02624,18932906.3444359,0
2022-01-14 08:00:00+00:00,42660.0,42678.82,42244.37,42519.99,1845.45077,2022-01-14 08:59:59.999000+00:00,78359907.5251647,48738,746.19402,31689354.9086725,0
2022-01-14 09:00:00+00:00,42519.99,42688.84,42450.2,42548.53,1013.53743,2022-01-14 09:59:59.999000+00:00,43156693.9632218,31912,493.54899,21017633.6393976,0
2022-01-14 10:00:00+00:00,42548.52,42611.63,41916.73,42075.29,2117.99354,2022-01-14 10:59:59.999000+00:00,89512841.3456087,61362,888.35836,37550673.5093733,0
2022-01-14 11:00:00+00:00,42075.29,42075.71,41826.82,42012.94,2651.35114,2022-01-14 11:59:59.999000+00:00,111232628.2282475,63968,1116.67806,46846292.9428283,0
2022-01-14 12:00:00+00:00,42012.94,42250.0,41725.95,42057.26,2023.3774,2022-01-14 12:59:59.999000+00:00,85075470.9297755,48951,994.21971,41805043.6277561,0
2022-01-14 13:00:00+00:00,42057.26,42321.23,42027.02,42165.0,1343.06319,2022-01-14 13:59:59.999000+00:00,56693036.237726,40002,595.75368,25143972.7940919,0
2022-01-14 14:00:00+00:00,42165.01,43098.88,42117.81,42975.88,3013.09459,2022-01-14 14:59:59.999000+00:00,128350678.1813861,68743,1541.16924,65672862.1797191,0
2022-01-14 15:00:00+00:00,42975.89,43347.42,42772.92,43109.0,2617.86679,2022-01-14 15:59:59.999000+00:00,112798869.886639,68790,1233.2632,53147019.9495818,0
2022-01-14 16:00:00+00:00,43109.0,43239.89,42863.0,43201.06,1549.41532,2022-01-14 16:59:59.999000+00:00,66749935.5829445,45168,766.99519,33045669.2973912,0
2022-01-14 17:00:00+00:00,43201.06,43270.96,42867.14,42913.26,1092.29876,2022-01-14 17:59:59.999000+00:00,47002909.6813068,35691,485.66572,20898412.2157919,0
2022-01-14 18:00:00+00:00,42913.26,43114.71,42777.0,43050.04,977.46771,2022-01-14 18:59:59.999000+00:00,41937757.3629909,32181,480.62075,20620160.8032095,0
2022-01-14 19:00:00+00:00,43050.04,43408.0,43004.16,43077.93,1012.4358,2022-01-14 19:59:59.999000+00:00,43721469.8051303,36110,530.56205,22915215.8278996,0
2022-01-14 20:00:00+00:00,43077.93,43189.86,43000.0,43100.94,624.56688,2022-01-14 20:59:59.999000+00:00,26910958.4819014,27922,326.56111,14070948.8237997,0
2022-01-14 21:00:00+00:00,43100.94,43448.78,43096.68,43293.89,831.62056,2022-01-14 21:59:59.999000+00:00,35975715.6409743,31830,411.81967,17815968.8124341,0
2022-01-14 22:00:00+00:00,43296.29,43393.75,43170.59,43250.56,714.78841,2022-01-14 22:59:59.999000+00:00,30926148.7650813,28014,335.1266,14499875.3959559,0
2022-01-14 23:00:00+00:00,43250.56,43286.7,43003.0,43059.96,661.80411,2022-01-14 23:59:59.999000+00:00,28533751.8290887,27650,317.01318,13667194.8125454,0
2022-01-15 00:00:00+00:00,43059.96,43174.0,42907.0,43100.01,776.16721,2022-01-15 00:59:59.999000+00:00,33399263.0466314,30347,390.07658,16785696.7576752,0
2022-01-15 01:00:00+00:00,43100.0,43150.0,42864.49,42967.8,712.20009,2022-01-15 01:59:59.999000+00:00,30624620.9399649,26843,323.43435,13906574.3780779,0
2022-01-15 02:00:00+00:00,42967.8,43090.0,42910.36,43090.0,659.69825,2022-01-15 02:59:59.999000+00:00,28365923.3914264,24942,299.26388,12869522.7190648,0
2022-01-15 03:00:00+00:00,43089.99,43121.05,42905.07,42927.96,825.12891,2022-01-15 03:59:59.999000+00:00,35501201.9275401,26171,389.24154,16747285.7322673,0
2022-01-15 04:00:00+00:00,42927.95,42961.46,42712.94,42907.71,1023.29118,2022-01-15 04:59:59.999000+00:00,43854254.6614221,31303,448.90479,19238012.6493861,0
2022-01-15 05:00:00+00:00,42907.72,43050.0,42820.68,42985.96,590.35999,2022-01-15 05:59:59.999000+00:00,25345473.9358183,24480,287.54605,12345342.0312685,0
2022-01-15 06:00:00+00:00,42985.97,43099.81,42873.53,43068.4,714.87178,2022-01-15 06:59:59.999000+00:00,30724260.6771567,23937,367.1676,15779800.7491261,0
2022-01-15 07:00:00+00:00,43068.4,43093.17,42928.78,43088.12,532.25493,2022-01-15 07:59:59.999000+00:00,22889472.8377376,25950,265.80802,11430892.0577443,0
2022-01-15 08:00:00+00:00,43088.12,43117.18,42956.0,42983.95,691.57797,2022-01-15 08:59:59.999000+00:00,29762502.0785723,23901,266.92228,11489504.2449877,0
2022-01-15 09:00:00+00:00,42983.94,43088.99,42884.01,43061.7,599.96966,2022-01-15 09:59:59.999000+00:00,25777130.3197532,25912,287.65911,12360223.8028757,0
2022-01-15 10:00:00+00:00,43061.7,43283.83,43002.02,43096.75,805.08877,2022-01-15 10:59:59.999000+00:00,34751179.2107726,30045,416.22587,17965750.0828625,0
2022-01-15 11:00:00+00:00,43096.75,43108.65,42958.67,43017.59,503.07822,2022-01-15 11:59:59.999000+00:00,21651363.4361512,25140,242.60037,10440720.0631543,0
2022-01-15 12:00:00+00:00,43017.59,43039.72,42555.0,42715.56,1441.46489,2022-01-15 12:59:59.999000+00:00,61700499.1317717,46037,681.61964,29178546.6988723,0
2022-01-15 13:00:00+00:00,42715.57,42973.28,42641.01,42906.51,846.44473,2022-01-15 13:59:59.999000+00:00,36255569.9692249,33360,446.55262,19125204.6679547,0
2022-01-15 14:00:00+00:00,42906.51,43315.0,42735.16,43186.48,1588.49558,2022-01-15 14:59:59.999000+00:00,68372663.9979327,46665,817.69041,35192140.2477864,0
2022-01-15 15:00:00+00:00,43186.47,43406.96,43077.79,43401.21,1104.13621,2022-01-15 15:59:59.999000+00:00,47745017.5833099,35928,582.85017,25206182.0619944,0
2022-01-15 16:00:00+00:00,43401.21,43430.98,43233.33,43338.22,1202.395,2022-01-15 16:59:59.999000+00:00,52095036.515596,34779,645.12067,27950592.7036701,0
2022-01-15 17:00:00+00:00,43338.21,43564.15,43251.61,43383.26,1662.49082,2022-01-15 17:59:59.999000+00:00,72126375.9854956,47198,988.64552,42890840.549941,0
2022-01-15 18:00:00+00:00,43383.26,43391.11,43243.39,43334.93,992.47394,2022-01-15 18:59:59.999000+00:00,42998417.3984367,34276,537.04048,23267305.9199793,0
2022-01-15 19:00:00+00:00,43334.92,43554.79,43320.23,43528.34,712.8252,2022-01-15 19:59:59.999000+00:00,30952601.8588208,26690,395.04164,17153036.0259052,0
2022-01-15 20:00:00+00:00,43528.33,43800.0,43468.08,43485.0,1507.31496,2022-01-15 20:59:59.999000+00:00,65784732.1664693,44710,791.19012,34529698.8702534,0
2022-01-15 21:00:00+00:00,43485.0,43524.98,43160.23,43296.72,1085.45431,2022-01-15 21:59:59.999000+00:00,47058556.2613751,30763,578.27542,25075753.7353289,0
2022-01-15 22:00:00+00:00,43296.72,43398.4,43123.11,43237.4,627.40888,2022-01-15 22:59:59.999000+00:00,27137993.8280129,27242,303.69446,13133938.2680523,0
2022-01-15 23:00:00+00:00,43237.39,43375.0,43071.11,43084.29,731.46468,2022-01-15 23:59:59.999000+00:00,31614152.3890557,26069,380.61456,16453922.1667395,0
2022-01-16 00:00:00+00:00,43084.29,43117.5,42990.83,43069.7,772.86732,2022-01-16 00:59:59.999000+00:00,33273015.1413189,33783,371.44143,15991067.2484437,0
2022-01-16 01:00:00+00:00,43069.69,43153.63,42985.81,42996.99,405.4211,2022-01-16 01:59:59.999000+00:00,17455120.4704808,21592,202.69851,8726753.760064,0
2022-01-16 02:00:00+00:00,42996.99,43087.18,42838.0,42923.66,1069.09285,2022-01-16 02:59:59.999000+00:00,45958315.290101,32212,483.50574,20784007.7856696,0
2022-01-16 03:00:00+00:00,42922.93,43046.84,42861.49,42977.22,535.91601,2022-01-16 03:59:59.999000+00:00,23020443.9015658,23855,290.29271,12469318.8783253,0
2022-01-16 04:00:00+00:00,42977.22,43089.0,42850.16,43023.02,645.90962,2022-01-16 04:59:59.999000+00:00,27772714.9478288,23835,317.65806,13660186.4006156,0
2022-01-16 05:00:00+00:00,43023.57,43123.43,42953.17,42958.69,438.98823,2022-01-16 05:59:59.999000+00:00,18904253.5191316,20738,212.18805,9138052.0573294,0
2022-01-16 06:00:00+00:00,42953.17,43225.86,42925.88,43200.0,571.91117,2022-01-16 06:59:59.999000+00:00,24657099.142549,24431,297.90801,12843499.3534101,0
2022-01-16 07:00:00+00:00,43200.0,43253.68,43117.24,43202.21,607.30016,2022-01-16 07:59:59.999000+00:00,26239748.9886121,26790,305.61414,13204513.1249092,0
2022-01-16 08:00:00+00:00,43202.21,43305.0,43059.99,43070.27,1312.7044,2022-01-16 08:59:59.999000+00:00,56677239.1129216,45715,500.53052,21611249.4087612,0
2022-01-16 09:00:00+00:00,43070.26,43131.37,43028.02,43074.99,1019.20468,2022-01-16 09:59:59.999000+00:00,43915511.9740985,42690,453.6121,19543857.3799947,0
2022-01-16 10:00:00+00:00,43074.99,43185.71,42868.31,42899.99,1172.94515,2022-01-16 10:59:59.999000+00:00,50473819.9771625,32596,581.50968,25021340.2310785,0
2022-01-16 11:00:00+00:00,42900.0,43042.67,42759.0,42968.29,1203.68411,2022-01-16 11:59:59.999000+00:00,51612570.8621396,36680,608.82429,26105984.1903007,0
2022-01-16 12:00:00+00:00,42968.3,43141.55,42954.16,43005.93,644.99288,2022-01-16 12:59:59.999000+00:00,27773604.3215624,29116,338.15173,14562230.2525663,0
2022-01-16 13:00:00+00:00,43005.93,43187.87,42581.79,43129.54,2260.54268,2022-01-16 13:59:59.999000+00:00,96871787.5920866,52973,1065.7334,45679419.565002,0
2022-01-16 14:00:00+00:00,43129.54,43416.05,43026.7,43300.02,1422.48883,2022-01-16 14:59:59.999000+00:00,61527512.6893658,43894,800.75443,34640957.09696,0
2022-01-16 15:00:00+00:00,43300.01,43350.0,43139.24,43219.53,997.18364,2022-01-16 15:59:59.999000+00:00,43101483.060691,32823,469.70436,20305760.5323691,0
2022-01-16 16:00:00+00:00,43219.54,43475.0,43172.01,43381.45,947.1962,2022-01-16 16:59:59.999000+00:00,41064286.3764861,35446,480.73559,20840377.5849548,0
2022-01-16 17:00:00+00:00,43381.46,43428.83,43051.08,43071.88,762.74405,2022-01-16 17:59:59.999000+00:00,32961045.3740838,28145,383.99138,16591819.2398488,0
2022-01-16 18:00:00+00:00,43071.88,43126.04,42969.32,43066.8,620.03999,2022-01-16 18:59:59.999000+00:00,26696015.1198577,25131,297.42151,12805927.1160773,0
2022-01-16 19:00:00+00:00,43066.79,43081.28,42790.02,42824.79,960.43526,2022-01-16 19:59:59.999000+00:00,41199967.1515976,29466,473.62199,20313201.7722836,0
2022-01-16 20:00:00+00:00,42824.79,43117.05,42750.25,43029.01,763.88888,2022-01-16 20:59:59.999000+00:00,32807972.4838902,28288,404.10399,17360058.5656973,0
2022-01-16 21:00:00+00:00,43029.06,43093.01,42900.7,42951.01,417.16364,2022-01-16 21:59:59.999000+00:00,17929388.0112469,18970,211.28855,9080325.4047047,0
2022-01-16 22:00:00+00:00,42951.02,43245.0,42940.0,43190.01,523.45493,2022-01-16 22:59:59.999000+00:00,22588374.6976558,22151,267.12189,11526563.5898676,0
2022-01-16 23:00:00+00:00,43190.0,43263.15,43048.2,43071.66,526.27693,2022-01-16 23:59:59.999000+00:00,22721843.8467127,20851,233.78085,10093469.1346308,0
2022-01-17 00:00:00+00:00,43071.66,43176.18,42871.65,42891.12,732.88601,2022-01-17 00:59:59.999000+00:00,31532000.2146152,27122,406.85553,17510874.6437713,0
2022-01-17 01:00:00+00:00,42891.11,42946.93,42810.0,42894.05,787.82091,2022-01-17 01:59:59.999000+00:00,33769808.8764987,25304,383.94184,16456884.3903871,0
2022-01-17 02:00:00+00:00,42894.05,43000.0,42785.85,42918.6,642.62375,2022-01-17 02:59:59.999000+00:00,27549854.4679762,27159,331.13904,14198513.7553528,0
2022-01-17 03:00:00+00:00,42918.6,42981.46,42624.11,42647.4,903.82874,2022-01-17 03:59:59.999000+00:00,38644284.445002,33673,370.82016,15860550.6833726,0
2022-01-17 04:00:00+00:00,42647.4,42807.95,42601.0,42622.99,1238.00312,2022-01-17 04:59:59.999000+00:00,52865782.7003511,44242,673.34067,28755213.5481009,0
2022-01-17 05:00:00+00:00,42622.99,42699.0,42300.0,42664.68,1505.02026,2022-01-17 05:59:59.999000+00:00,63947632.4238718,47658,726.18557,30853771.14404,0
2022-01-17 06:00:00+00:00,42664.68,42865.58,42643.58,42748.92,789.67982,2022-01-17 06:59:59.999000+00:00,33768927.0334018,27411,386.27074,16517362.8688019,0
2022-01-17 07:00:00+00:00,42748.92,42967.99,42643.0,42656.03,783.37561,2022-01-17 07:59:59.999000+00:00,33535195.3049697,29187,395.72781,16942042.8770183,0
2022-01-17 08:00:00+00:00,42656.03,42866.48,42567.93,42790.35,927.5369,2022-01-17 08:59:59.999000+00:00,39638044.4231187,32077,452.19343,19324149.9056923,0
2022-01-17 09:00:00+00:00,42790.35,42900.0,42726.81,42838.94,1080.50371,2022-01-17 09:59:59.999000+00:00,46258055.0627049,38600,464.33075,19879236.6214511,0
2022-01-17 10:00:00+00:00,42838.94,42894.99,42629.56,42795.11,774.13875,2022-01-17 10:59:59.999000+00:00,33117261.1704972,32941,367.98487,15741703.5688449,0
2022-01-17 11:00:00+00:00,42795.11,42842.79,42646.9,42671.31,739.074,2022-01-17 11:59:59.999000+00:00,31583505.8344037,28916,355.35383,15186963.3846759,0
2022-01-17 12:00:00+00:00,42671.3,42793.16,42429.02,42550.09,1202.17533,2022-01-17 12:59:59.999000+00:00,51233170.8037109,43006,601.487,25638167.7232103,0
2022-01-17 13:00:00+00:00,42550.09,42694.99,42500.18,42646.38,921.17076,2022-01-17 13:59:59.999000+00:00,39238601.7691712,37665,507.60495,21624069.4238809,0
2022-01-17 14:00:00+00:00,42646.37,42741.97,42553.82,42661.71,722.90114,2022-01-17 14:59:59.999000+00:00,30835541.5964636,29508,348.35599,14859807.01482,0
2022-01-17 15:00:00+00:00,42661.73,42686.68,42385.0,42477.66,1332.14094,2022-01-17 15:59:59.999000+00:00,56653245.5045678,42305,641.93409,27301663.6759794,0
2022-01-17 16:00:00+00:00,42477.67,42538.47,42122.05,42217.03,2462.67736,2022-01-17 16:59:59.999000+00:00,104174585.4547917,64758,1233.3612,52180642.6632761,0
2022-01-17 17:00:00+00:00,42217.02,42249.94,41950.0,42110.83,2484.08812,2022-01-17 17:59:59.999000+00:00,104600889.2057714,65123,1245.94877,52472460.9006158,0
2022-01-17 18:00:00+00:00,42110.84,42299.0,41822.74,42174.65,2307.10775,2022-01-17 18:59:59.999000+00:00,96926189.5568792,55818,1061.85434,44620280.1828192,0
2022-01-17 19:00:00+00:00,42174.66,42318.61,42095.69,42238.31,858.93504,2022-01-17 19:59:59.999000+00:00,36250366.4321315,31924,394.75513,16663319.0728538,0
2022-01-17 20:00:00+00:00,42238.31,42306.96,42013.12,42083.47,698.70792,2022-01-17 20:59:59.999000+00:00,29467600.528638,28187,349.52747,14740883.3817693,0
2022-01-17 21:00:00+00:00,42078.64,42148.21,41609.78,41724.2,1463.10962,2022-01-17 21:59:59.999000+00:00,61175280.5191949,46727,666.48837,27867838.0182112,0
2022-01-17 22:00:00+00:00,41724.19,42392.66,41540.42,42077.19,1535.65406,2022-01-17 22:59:59.999000+00:00,64400437.8762879,54016,768.43299,32222697.7509006,0
2022-01-17 23:00:00+00:00,42077.18,42296.14,42049.38,42201.62,668.92651,2022-01-17 23:59:59.999000+00:00,28215423.2618244,24702,314.64738,13271378.7729836,0
2022-01-18 00:00:00+00:00,42201.63,42418.0,42129.97,42361.8,1131.74087,2022-01-18 00:59:59.999000+00:00,47871466.940439,35177,565.44102,23914891.7910419,0
2022-01-18 01:00:00+00:00,42361.8,42436.66,42167.7,42260.9,1088.23648,2022-01-18 01:59:59.999000+00:00,46016437.1533669,27720,498.66223,21082243.9512235,0
2022-01-18 02:00:00+00:00,42260.9,42302.19,42142.85,42272.03,1166.27901,2022-01-18 02:59:59.999000+00:00,49239331.7697139,34406,468.51573,19778581.2302831,0
2022-01-18 03:00:00+00:00,42272.04,42298.47,41972.71,42040.54,1164.10379,2022-01-18 03:59:59.999000+00:00,49051046.9438622,36384,470.7912,19837239.6830883,0
2022-01-18 04:00:00+00:00,42040.53,42099.19,41886.25,42033.75,1440.30064,2022-01-18 04:59:59.999000+00:00,60491415.5341329,37650,680.17916,28568891.7611386,0
2022-01-18 05:00:00+00:00,42033.75,42191.02,41980.0,42097.25,986.83607,2022-01-18 05:59:59.999000+00:00,41551500.4407062,29118,466.34946,19634505.7591599,0
2022-01-18 06:00:00+00:00,42097.25,42337.3,42097.25,42236.07,619.17543,2022-01-18 06:59:59.999000+00:00,26155830.5539106,26760,333.17705,14074392.4062228,0
2022-01-18 07:00:00+00:00,42236.07,42276.38,41951.14,42061.94,1088.80389,2022-01-18 07:59:59.999000+00:00,45800039.8124114,36423,628.88679,26452518.6226803,0
2022-01-18 08:00:00+00:00,42065.42,42065.42,41639.51,41718.73,2003.03,2022-01-18 08:59:59.999000+00:00,83784018.11693,59524,1017.89827,42585859.8558817,0
2022-01-18 09:00:00+00:00,41718.73,41990.93,41453.0,41903.48,2143.90549,2022-01-18 09:59:59.999000+00:00,89465106.2981042,56768,991.90586,41410499.9360134,0
2022-01-18 10:00:00+00:00,41903.48,42050.0,41829.21,41924.72,775.47077,2022-01-18 10:59:59.999000+00:00,32545950.615209,28279,413.73219,17364185.6987727,0
2022-01-18 11:00:00+00:00,41924.73,41930.0,41694.54,41854.14,1100.87011,2022-01-18 11:59:59.999000+00:00,46017429.535667,34557,520.64426,21763675.3490733,0
2022-01-18 12:00:00+00:00,41854.13,41950.0,41628.29,41807.52,866.77803,2022-01-18 12:59:59.999000+00:00,36190241.7739797,32388,444.09838,18543606.6313167,0
2022-01-18 13:00:00+00:00,41807.52,41842.84,41400.0,41654.09,1490.11393,2022-01-18 13:59:59.999000+00:00,61917688.4912456,46572,717.872,29829128.4707332,0
2022-01-18 14:00:00+00:00,41654.1,41689.39,41250.0,41449.34,2059.21594,2022-01-18 14:59:59.999000+00:00,85361761.2407937,60130,1056.31457,43792460.4833128,0
2022-01-18 15:00:00+00:00,41449.34,41842.96,41320.81,41587.27,1864.50617,2022-01-18 15:59:59.999000+00:00,77631138.1240691,49539,996.58817,41500309.1925446,0
2022-01-18 16:00:00+00:00,41587.26,41799.08,41381.66,41706.66,1248.53654,2022-01-18 16:59:59.999000+00:00,51931109.7223584,40453,628.93059,26161002.0906849,0
2022-01-18 17:00:00+00:00,41710.84,41737.38,41470.0,41489.04,906.15261,2022-01-18 17:59:59.999000+00:00,37673264.649273,33541,425.60484,17694979.1700044,0
2022-01-18 18:00:00+00:00,41489.04,41672.01,41385.79,41607.37,929.00652,2022-01-18 18:59:59.999000+00:00,38543615.606697,33411,483.53195,20061023.8241189,0
2022-01-18 19:00:00+00:00,41607.36,41770.8,41585.0,41699.61,683.74853,2022-01-18 19:59:59.999000+00:00,28501984.6646602,25340,370.4967,15443982.4096657,0
2022-01-18 20:00:00+00:00,41695.59,41784.97,41500.99,41784.27,729.04646,2022-01-18 20:59:59.999000+00:00,30350574.6600543,25314,347.54086,14470026.8061315,0
2022-01-18 21:00:00+00:00,41784.97,42484.08,41715.2,42369.92,2007.79475,2022-01-18 21:59:59.999000+00:00,84695301.0645556,53743,1099.13999,46355598.8221438,0
2022-01-18 22:00:00+00:00,42369.92,42691.0,42229.35,42480.96,1058.92433,2022-01-18 22:59:59.999000+00:00,44918061.474203,38261,543.32323,23051219.0660041,0
2022-01-18 23:00:00+00:00,42480.96,42560.91,42334.88,42352.12,771.50621,2022-01-18 23:59:59.999000+00:00,32755372.2131029,23603,358.19921,15208131.6058858,0
2022-01-19 00:00:00+00:00,42352.12,42482.51,42163.02,42252.73,895.72209,2022-01-19 00:59:59.999000+00:00,37888329.9953615,27214,420.41417,17783033.3115756,0
2022-01-19 01:00:00+00:00,42246.51,42458.87,42246.32,42420.18,887.62908,2022-01-19 01:59:59.999000+00:00,37621338.5206458,22854,423.67206,17955403.9469666,0
2022-01-19 02:00:00+00:00,42420.17,42500.0,42291.31,42333.81,677.01377,2022-01-19 02:59:59.999000+00:00,28701270.5565935,23380,317.44455,13457973.1925306,0
2022-01-19 03:00:00+00:00,42340.23,42341.56,41582.99,41706.41,2078.03109,2022-01-19 03:59:59.999000+00:00,87125635.5328021,51373,986.52683,41341959.577367,0
2022-01-19 04:00:00+00:00,41706.41,41807.97,41587.53,41712.02,1173.43626,2022-01-19 04:59:59.999000+00:00,48913207.5398524,31372,613.2986,25563784.7212814,0
2022-01-19 05:00:00+00:00,41712.01,41809.72,41651.09,41762.55,954.75233,2022-01-19 05:59:59.999000+00:00,39849691.6508958,24693,408.85462,17064526.0936985,0
2022-01-19 06:00:00+00:00,41765.99,41849.94,41674.98,41710.59,713.08843,2022-01-19 06:59:59.999000+00:00,29788088.7364921,23476,313.71658,13103756.665613,0
2022-01-19 07:00:00+00:00,41710.59,41710.59,41161.2,41287.1,1996.2132,2022-01-19 07:59:59.999000+00:00,82536158.0146133,57148,889.24469,36767403.5187586,0
2022-01-19 08:00:00+00:00,41287.1,41400.0,41138.56,41368.68,1604.62511,2022-01-19 08:59:59.999000+00:00,66222884.2008398,45657,828.44715,34187534.0125648,0
2022-01-19 09:00:00+00:00,41368.68,41672.39,41324.67,41573.59,1248.9131,2022-01-19 09:59:59.999000+00:00,51851655.7460923,35394,661.95734,27481439.5195693,0
2022-01-19 10:00:00+00:00,41573.59,41616.52,41290.0,41505.53,1348.84706,2022-01-19 10:59:59.999000+00:00,55905418.6920242,35186,669.20064,27731381.3743415,0
2022-01-19 11:00:00+00:00,41509.06,42178.48,41498.42,42033.0,2283.17846,2022-01-19 11:59:59.999000+00:00,95683815.3445445,57003,1180.90594,49481514.9706455,0
2022-01-19 12:00:00+00:00,42033.0,42272.71,41893.62,42094.99,1326.28832,2022-01-19 12:59:59.999000+00:00,55836311.7700867,40841,641.2461,26997766.6125519,0
2022-01-19 13:00:00+00:00,42094.99,42332.07,42000.0,42191.85,1585.17043,2022-01-19 13:59:59.999000+00:00,66860478.9883509,44969,756.61021,31910361.1285632,0
2022-01-19 14:00:00+00:00,42191.85,42559.13,42057.19,42495.38,2215.91843,2022-01-19 14:59:59.999000+00:00,93863095.8344345,55359,1240.67752,52558322.3925397,0
2022-01-19 15:00:00+00:00,42495.38,42532.65,41832.13,41981.27,2091.32589,2022-01-19 15:59:59.999000+00:00,88181035.764417,61717,1008.11357,42506611.0420756,0
2022-01-19 16:00:00+00:00,41981.27,42052.48,41697.46,41912.76,1519.92073,2022-01-19 16:59:59.999000+00:00,63568304.4420268,52723,716.75133,29976842.8519501,0
2022-01-19 17:00:00+00:00,41912.77,42355.9,41900.84,42151.01,2177.72567,2022-01-19 17:59:59.999000+00:00,91812710.1734085,52405,1283.51239,54112153.043147,0
2022-01-19 18:00:00+00:00,42151.0,42235.04,41876.58,42005.0,908.242,2022-01-19 18:59:59.999000+00:00,38187204.8186422,32546,459.84392,19331989.6124158,0
2022-01-19 19:00:00+00:00,42005.0,42049.36,41746.23,41873.79,851.45311,2022-01-19 19:59:59.999000+00:00,35612530.0726645,34028,423.87359,17730183.65772,0
2022-01-19 20:00:00+00:00,41872.45,41961.51,41548.0,41631.4,1063.82649,2022-01-19 20:59:59.999000+00:00,44351354.5052528,34854,493.869,20590205.8887959,0
2022-01-19 21:00:00+00:00,41629.35,41841.07,41627.25,41712.22,794.85516,2022-01-19 21:59:59.999000+00:00,33171446.3666146,32348,340.20096,14197545.3539255,0
2022-01-19 22:00:00+00:00,41712.22,41993.98,41637.63,41976.88,703.1664,2022-01-19 22:59:59.999000+00:00,29426260.8395932,25303,314.00244,13139820.7705762,0
2022-01-19 23:00:00+00:00,41976.89,41989.42,41635.24,41660.01,586.37898,2022-01-19 23:59:59.999000+00:00,24520231.0539808,22685,211.35884,8836088.4133326,0
2022-01-20 00:00:00+00:00,41660.0,41860.55,41639.88,41828.24,725.50552,2022-01-20 00:59:59.999000+00:00,30301935.7340976,25120,335.37571,14006408.2217387,0
2022-01-20 01:00:00+00:00,41828.23,41877.55,41655.82,41769.99,883.3409,2022-01-20 01:59:59.999000+00:00,36885826.8832791,30742,425.63737,17771627.9275318,0
2022-01-20 02:00:00+00:00,41770.0,42068.91,41766.69,41983.27,862.98405,2022-01-20 02:59:59.999000+00:00,36201848.8451035,30652,461.14683,19340911.9115809,0
2022-01-20 03:00:00+00:00,41983.26,42082.26,41880.07,41924.97,769.11255,2022-01-20 03:59:59.999000+00:00,32259961.3586372,26822,321.91909,13502827.7418139,0
2022-01-20 04:00:00+00:00,41924.97,41989.3,41861.02,41884.17,780.7378,2022-01-20 04:59:59.999000+00:00,32719545.254609,27302,365.1277,15302039.9647553,0
2022-01-20 05:00:00+00:00,41884.17,41948.96,41768.48,41879.2,946.48571,2022-01-20 05:59:59.999000+00:00,39612336.0900318,32494,434.50137,18183775.6483442,0
2022-01-20 06:00:00+00:00,41879.19,42052.11,41871.1,42009.07,1209.73106,2022-01-20 06:59:59.999000+00:00,50807394.8084687,28581,579.28674,24328254.0630394,0
2022-01-20 07:00:00+00:00,42009.08,42148.0,41930.77,42058.31,665.60754,2022-01-20 07:59:59.999000+00:00,27965997.1885872,25310,365.98556,15377149.0068973,0
2022-01-20 08:00:00+00:00,42058.31,42084.91,41874.57,41966.58,592.15129,2022-01-20 08:59:59.999000+00:00,24837317.1609944,24681,270.64911,11352419.8001259,0
2022-01-20 09:00:00+00:00,41969.55,42085.0,41807.94,42053.53,831.48572,2022-01-20 09:59:59.999000+00:00,34877386.6790926,26521,439.0719,18420253.1374522,0
2022-01-20 10:00:00+00:00,42053.54,42149.39,42004.39,42105.29,888.07489,2022-01-20 10:59:59.999000+00:00,37370035.3616129,27166,491.18878,20669975.5814214,0
2022-01-20 11:00:00+00:00,42103.87,42232.76,42045.05,42129.44,837.12391,2022-01-20 11:59:59.999000+00:00,35271146.1167689,36294,437.29647,18424924.6571562,0
2022-01-20 12:00:00+00:00,42129.45,42131.71,41900.05,42033.76,1141.58213,2022-01-20 12:59:59.999000+00:00,47934221.1134594,36199,555.77912,23336441.8769823,0
2022-01-20 13:00:00+00:00,42033.77,42466.88,41970.19,42375.14,1980.38037,2022-01-20 13:59:59.999000+00:00,83740897.4785486,47209,1093.75696,46255431.8296938,0
2022-01-20 14:00:00+00:00,42374.09,43060.0,42368.77,42969.66,3692.57219,2022-01-20 14:59:59.999000+00:00,157725425.9603609,79562,2136.16416,91209189.7032818,0
2022-01-20 15:00:00+00:00,42969.67,43456.0,42936.91,43308.69,4058.16745,2022-01-20 15:59:59.999000+00:00,175431436.9775931,90092,2114.1534,91399131.9636455,0
2022-01-20 16:00:00+00:00,43308.7,43505.0,43144.84,43274.78,2473.7236,2022-01-20 16:59:59.999000+00:00,107197670.0285244,64205,1161.07416,50319183.3922901,0
2022-01-20 17:00:00+00:00,43274.77,43307.48,42985.54,43025.85,1396.99093,2022-01-20 17:59:59.999000+00:00,60269907.6663883,38714,676.94806,29207910.430945,0
2022-01-20 18:00:00+00:00,43025.85,43090.04,42805.0,42834.19,1259.68649,2022-01-20 18:59:59.999000+00:00,54131841.0731451,33138,498.83732,21439209.3400588,0
2022-01-20 19:00:00+00:00,42834.19,43241.38,42808.55,42917.32,1365.17407,2022-01-20 19:59:59.999000+00:00,58693597.239873,38805,669.45403,28788811.8585812,0
2022-01-20 20:00:00+00:00,42917.31,42996.64,42571.22,42723.71,1482.96957,2022-01-20 20:59:59.999000+00:00,63359823.3937493,35761,711.02633,30379356.369983,0
2022-01-20 21:00:00+00:00,42723.72,42730.9,41309.0,41326.04,4756.00358,2022-01-20 21:59:59.999000+00:00,199235031.468666,97568,1818.09393,76129919.1356442,0
2022-01-20 22:00:00+00:00,41326.04,41543.47,40860.0,41167.25,4147.20255,2022-01-20 22:59:59.999000+00:00,170967466.2983243,108313,1846.1031,76159563.9851796,0
2022-01-20 23:00:00+00:00,41164.57,41176.93,40553.31,40680.91,4583.54566,2022-01-20 23:59:59.999000+00:00,187003150.22457168,87510,1992.90271,81324772.7306439,0
2022-01-21 00:00:00+00:00,40680.92,41100.0,40404.0,40894.8,3247.34628,2022-01-21 00:59:59.999000+00:00,132266017.3970028,78779,1593.59371,64920907.7579213,0
2022-01-21 01:00:00+00:00,40894.81,40929.76,39730.0,39762.99,4172.35185,2022-01-21 01:59:59.999000+00:00,167646813.9688823,103208,1635.60219,65730817.8201415,0
2022-01-21 02:00:00+00:00,39763.0,40280.0,39267.86,39830.52,4354.458167,2022-01-21 02:59:59.999000+00:00,173305102.53489935,109017,2014.22213,80233349.87548143,0
2022-01-21 03:00:00+00:00,39835.99,39944.45,38220.0,38465.65,9508.823455,2022-01-21 03:59:59.999000+00:00,369463207.7250135,182135,4064.858707,157884302.72659063,0
2022-01-21 04:00:00+00:00,38465.65,39070.0,38437.15,38842.03,3091.42065,2022-01-21 04:59:59.999000+00:00,119927472.9784937,67648,1595.86108,61912730.5547453,0
2022-01-21 05:00:00+00:00,38842.03,38998.0,38700.19,38909.01,2658.65959,2022-01-21 05:59:59.999000+00:00,103242444.7397113,56423,1300.51484,50509982.1388018,0
2022-01-21 06:00:00+00:00,38909.01,38936.66,38536.87,38679.8,2090.99691,2022-01-21 06:59:59.999000+00:00,80971275.8366879,49333,1052.69269,40753960.6979687,0
2022-01-21 07:00:00+00:00,38680.01,39177.2,38465.67,39134.55,2102.96586,2022-01-21 07:59:59.999000+00:00,81684787.9590062,54592,1109.36811,43118196.4637891,0
2022-01-21 08:00:00+00:00,39136.31,39297.55,39006.71,39157.63,1916.83863,2022-01-21 08:59:59.999000+00:00,75019416.9496487,57620,892.53637,34930015.5658225,0
2022-01-21 09:00:00+00:00,39157.63,39189.63,38915.25,38959.77,1560.93293,2022-01-21 09:59:59.999000+00:00,60922353.6061463,45839,709.98216,27709292.2572306,0
2022-01-21 10:00:00+00:00,38959.77,39320.0,38848.35,38965.92,1604.74586,2022-01-21 10:59:59.999000+00:00,62569940.0996749,45060,895.78601,34931905.2269115,0
2022-01-21 11:00:00+00:00,38965.92,38979.2,38668.19,38898.18,1616.61558,2022-01-21 11:59:59.999000+00:00,62721414.859369,46334,807.88929,31348300.0339108,0
2022-01-21 12:00:00+00:00,38898.19,38933.04,37710.0,38186.16,5714.997913,2022-01-21 12:59:59.999000+00:00,218164873.5098607,131613,2496.115781,95341342.50236532,0
2022-01-21 13:00:00+00:00,38186.16,38751.6,38150.03,38491.01,3898.63606,2022-01-21 13:59:59.999000+00:00,149830531.8400912,97886,1984.88941,76306262.5861828,0
2022-01-21 14:00:00+00:00,38491.01,38934.29,38253.48,38429.11,3134.162,2022-01-21 14:59:59.999000+00:00,120729808.5693634,80750,1661.12297,64008042.9831191,0
2022-01-21 15:00:00+00:00,38429.12,39042.4,38103.13,38857.26,3629.43541,2022-01-21 15:59:59.999000+00:00,140120796.786012,80361,1858.80727,71781067.6686013,0
2022-01-21 16:00:00+00:00,38857.24,39071.13,38514.0,38720.72,2224.01303,2022-01-21 16:59:59.999000+00:00,86249375.2581745,55462,1081.13495,41929260.7357837,0
2022-01-21 17:00:00+00:00,38720.72,38752.7,38284.84,38382.5,1904.82598,2022-01-21 17:59:59.999000+00:00,73242556.4629326,53918,986.33177,37926909.8674443,0
2022-01-21 18:00:00+00:00,38383.49,38644.02,37850.0,38265.12,2652.0984,2022-01-21 18:59:59.999000+00:00,101504683.3242818,67381,1306.98551,50048607.8718459,0
2022-01-21 19:00:00+00:00,38268.42,38500.0,37946.0,37984.12,1421.77249,2022-01-21 19:59:59.999000+00:00,54348808.7004133,44615,666.46658,25478400.5773548,0
2022-01-21 20:00:00+00:00,37984.11,38470.0,37601.0,38355.16,4168.145974,2022-01-21 20:59:59.999000+00:00,158289845.5891488,87796,2059.58981,78242299.8403703,0
2022-01-21 21:00:00+00:00,38350.62,38464.36,36158.0,36682.23,9838.083956,2022-01-21 21:59:59.999000+00:00,364552652.6577143,199948,4109.690375,152345547.51319435,0
2022-01-21 22:00:00+00:00,36682.23,37201.16,35440.45,36117.6,7369.871214,2022-01-21 22:59:59.999000+00:00,267610991.31314543,184104,3140.831336,114207110.87991014,0
2022-01-21 23:00:00+00:00,36123.85,36890.0,35780.66,36445.31,4978.69381,2022-01-21 23:59:59.999000+00:00,181116530.556263,112739,2590.21277,94233173.5545447,0
2022-01-22 00:00:00+00:00,36445.31,36835.22,36136.66,36487.96,2851.78214,2022-01-22 00:59:59.999000+00:00,104020735.5106559,74657,1487.13707,54251899.8096974,0
2022-01-22 01:00:00+00:00,36487.96,36619.71,36032.02,36483.15,3329.2034,2022-01-22 01:59:59.999000+00:00,121129873.8520931,61347,1471.47449,53555465.7440711,0
2022-01-22 02:00:00+00:00,36483.15,36549.91,36263.0,36467.23,2152.67794,2022-01-22 02:59:59.999000+00:00,78344068.7734064,52826,1133.76519,41263694.2295877,0
2022-01-22 03:00:00+00:00,36467.22,36690.0,36009.98,36341.64,4636.90627,2022-01-22 03:59:59.999000+00:00,168815966.7110666,77417,1730.03282,63004365.1622165,0
2022-01-22 04:00:00+00:00,36340.43,36423.82,36200.0,36278.51,2333.69766,2022-01-22 04:59:59.999000+00:00,84734614.3820489,47765,940.8697,34170719.6301675,0
2022-01-22 05:00:00+00:00,36278.52,36342.71,35600.01,35738.77,3668.48226,2022-01-22 05:59:59.999000+00:00,132150414.2308616,81855,1384.86915,49886202.8956576,0
2022-01-22 06:00:00+00:00,35738.77,35984.68,35400.02,35719.0,4422.6716,2022-01-22 06:59:59.999000+00:00,157988927.78036872,102441,2036.6297,72777726.6787478,0
2022-01-22 07:00:00+00:00,35719.01,35895.0,35112.84,35400.02,5275.295648,2022-01-22 07:59:59.999000+00:00,187228488.92186263,111531,2207.20672,78364225.29776825,0
2022-01-22 08:00:00+00:00,35400.01,35819.73,35397.36,35599.94,3444.07533,2022-01-22 08:59:59.999000+00:00,122776437.3670804,88316,1616.66626,57632496.0974575,0
2022-01-22 09:00:00+00:00,35599.94,35737.15,34664.0,34814.49,6202.550832,2022-01-22 09:59:59.999000+00:00,217977483.57876095,128972,2528.9958,88905168.74542567,0
2022-01-22 10:00:00+00:00,34812.32,35948.01,34008.0,35488.54,13411.254931,2022-01-22 10:59:59.999000+00:00,469568559.05984426,260904,6653.537513,233026337.94847327,0
2022-01-22 11:00:00+00:00,35488.54,35693.09,34801.0,35406.76,4811.75394,2022-01-22 11:59:59.999000+00:00,169761975.5154765,116899,2348.93843,82881374.8103339,0
2022-01-22 12:00:00+00:00,35406.76,35900.0,35336.23,35768.0,4109.41153,2022-01-22 12:59:59.999000+00:00,146377475.5053872,101847,2070.27727,73734625.4250953,0
2022-01-22 13:00:00+00:00,35769.8,36192.76,35518.2,35576.3,3716.30079,2022-01-22 13:59:59.999000+00:00,132993554.3413413,86040,1985.55629,71044900.2626548,0
2022-01-22 14:00:00+00:00,35576.29,35656.93,34988.8,35009.27,2910.19612,2022-01-22 14:59:59.999000+00:00,102976322.3985074,71519,1408.49968,49883346.313996,0
2022-01-22 15:00:00+00:00,35009.27,35319.99,34805.32,34838.68,3028.27691,2022-01-22 15:59:59.999000+00:00,106134091.9259194,80979,1476.68004,51757848.2967524,0
2022-01-22 16:00:00+00:00,34838.69,35501.96,34520.59,35100.02,4478.77231,2022-01-22 16:59:59.999000+00:00,157187598.3952528,114058,2305.08526,80882145.9238226,0
2022-01-22 17:00:00+00:00,35095.23,35217.94,34500.0,34610.01,2681.65926,2022-01-22 17:59:59.999000+00:00,93301396.1956136,74145,1247.95852,43440911.4237493,0
2022-01-22 18:00:00+00:00,34610.0,34800.0,34243.38,34392.12,2829.73802,2022-01-22 18:59:59.999000+00:00,97601374.3742562,79723,1390.39491,47954799.6842913,0
2022-01-22 19:00:00+00:00,34392.12,34854.84,34346.54,34528.62,1919.38842,2022-01-22 19:59:59.999000+00:00,66352688.6507029,55347,946.96794,32740680.4824128,0
2022-01-22 20:00:00+00:00,34528.61,35500.0,34415.95,35287.51,4223.21411,2022-01-22 20:59:59.999000+00:00,148193838.4516975,98608,2287.65905,80262285.4437968,0
2022-01-22 21:00:00+00:00,35287.5,35729.03,35078.55,35387.01,1986.50639,2022-01-22 21:59:59.999000+00:00,70246706.3948841,56303,1043.74475,36924088.1036664,0
2022-01-22 22:00:00+00:00,35383.95,35395.26,34728.12,34875.0,1148.42973,2022-01-22 22:59:59.999000+00:00,40253891.2825184,45520,575.78008,20179785.8628288,0
2022-01-22 23:00:00+00:00,34875.0,35107.0,34730.0,35071.42,899.09342,2022-01-22 23:59:59.999000+00:00,31414564.4310446,30959,443.5516,15502397.0477231,0
2022-01-23 00:00:00+00:00,35071.42,35479.11,34944.0,35401.1,1601.28654,2022-01-23 00:59:59.999000+00:00,56470656.6244724,49033,859.27989,30306001.9039758,0
2022-01-23 01:00:00+00:00,35401.11,35526.28,35268.34,35315.04,1347.04206,2022-01-23 01:59:59.999000+00:00,47659576.600376,42835,653.0733,23106168.3391322,0
2022-01-23 02:00:00+00:00,35316.99,35346.21,34834.92,34875.29,1373.11037,2022-01-23 02:59:59.999000+00:00,48196170.6909813,42678,622.36607,21850508.7464396,0
2022-01-23 03:00:00+00:00,34875.3,35101.53,34811.0,35051.0,992.94236,2022-01-23 03:59:59.999000+00:00,34700294.9850599,34308,530.26596,18529938.0621353,0
2022-01-23 04:00:00+00:00,35051.01,35295.97,34952.06,35217.66,1107.66038,2022-01-23 04:59:59.999000+00:00,38962992.4806433,32984,564.62267,19857376.5072325,0
2022-01-23 05:00:00+00:00,35217.65,35565.09,34940.09,35456.4,2227.65018,2022-01-23 05:59:59.999000+00:00,78494448.4999043,47855,1237.31757,43597658.4070118,0
2022-01-23 06:00:00+00:00,35456.4,35600.47,35165.22,35279.83,2127.59829,2022-01-23 06:59:59.999000+00:00,75216270.6553076,48333,1055.91059,37343124.013847,0
2022-01-23 07:00:00+00:00,35279.84,35758.64,35221.79,35571.19,2491.21573,2022-01-23 07:59:59.999000+00:00,88602255.4315334,58115,1298.71844,46183585.878371,0
2022-01-23 08:00:00+00:00,35571.19,35961.23,35325.03,35846.77,3322.40868,2022-01-23 08:59:59.999000+00:00,118372234.5332063,71205,1739.39668,61976738.5623657,0
2022-01-23 09:00:00+00:00,35846.77,36150.76,35738.61,35882.35,3097.09365,2022-01-23 09:59:59.999000+00:00,111342533.7570742,71805,1573.16273,56556504.6413419,0
2022-01-23 10:00:00+00:00,35877.41,35948.74,35577.0,35902.12,2006.87413,2022-01-23 10:59:59.999000+00:00,71816218.8013808,50611,943.66856,33780048.3983686,0
2022-01-23 11:00:00+00:00,35902.12,35906.76,35608.38,35686.29,1186.28742,2022-01-23 11:59:59.999000+00:00,42394977.3496116,41412,620.96739,22192415.3738466,0
2022-01-23 12:00:00+00:00,35686.29,35832.36,35557.92,35803.21,1477.86519,2022-01-23 12:59:59.999000+00:00,52715923.7985079,39326,761.67184,27169988.2694161,0
2022-01-23 13:00:00+00:00,35803.21,36055.0,35700.45,35969.27,1067.45596,2022-01-23 13:59:59.999000+00:00,38284943.2981935,35678,579.05559,20771467.6412366,0
2022-01-23 14:00:00+00:00,35969.28,36080.5,35050.4,35323.85,2815.83709,2022-01-23 14:59:59.999000+00:00,99886604.3118713,67873,1310.43338,46485976.5410911,0
2022-01-23 15:00:00+00:00,35323.85,35374.31,35111.56,35287.58,1220.17508,2022-01-23 15:59:59.999000+00:00,43008070.9997741,37276,614.62957,21663421.9058748,0
2022-01-23 16:00:00+00:00,35282.66,35450.0,35156.0,35228.45,1092.05916,2022-01-23 16:59:59.999000+00:00,38543690.9761539,36691,567.62347,20034068.8307792,0
2022-01-23 17:00:00+00:00,35228.44,35445.49,35189.99,35332.6,679.94542,2022-01-23 17:59:59.999000+00:00,24020395.324731,25473,360.16939,12723432.792354,0
2022-01-23 18:00:00+00:00,35332.59,35398.38,34870.01,34956.27,1680.38554,2022-01-23 18:59:59.999000+00:00,58989817.7879935,45093,789.72269,27725303.3914053,0
2022-01-23 19:00:00+00:00,34956.28,35205.52,34601.01,34775.45,2427.93169,2022-01-23 19:59:59.999000+00:00,84669563.1477831,57275,1153.73718,40220789.4760975,0
2022-01-23 20:00:00+00:00,34775.45,35387.8,34707.58,35300.13,1423.74465,2022-01-23 20:59:59.999000+00:00,50025996.265288,42619,746.4334,26226320.761824,0
2022-01-23 21:00:00+00:00,35300.13,35566.66,35083.76,35346.15,1220.14574,2022-01-23 21:59:59.999000+00:00,43116581.3930139,36903,600.23911,21215572.8107769,0
2022-01-23 22:00:00+00:00,35346.15,35545.76,35273.15,35508.47,879.09708,2022-01-23 22:59:59.999000+00:00,31120283.9057072,28885,439.12248,15547206.0904449,0
2022-01-23 23:00:00+00:00,35508.47,36499.0,35383.36,36244.55,5413.71115,2022-01-23 23:59:59.999000+00:00,195804137.42430887,98141,3219.80656,116437889.6909377,0
2022-01-24 00:00:00+00:00,36244.55,36251.5,35744.18,35840.29,2840.75148,2022-01-24 00:59:59.999000+00:00,102102834.4841657,69950,1649.36722,59275163.6380955,0
2022-01-24 01:00:00+00:00,35840.3,36042.21,35600.0,35652.22,1768.74664,2022-01-24 01:59:59.999000+00:00,63297560.9340936,37961,792.72664,28367175.7762741,0
2022-01-24 02:00:00+00:00,35650.01,35715.01,35160.51,35201.17,1378.44743,2022-01-24 02:59:59.999000+00:00,48903327.1409797,36140,626.34479,22210998.3153623,0
2022-01-24 03:00:00+00:00,35201.17,35399.99,35169.0,35338.26,1177.47497,2022-01-24 03:59:59.999000+00:00,41556120.8529098,31323,586.00712,20681625.5509571,0
2022-01-24 04:00:00+00:00,35338.25,35473.45,35065.0,35123.56,1125.94361,2022-01-24 04:59:59.999000+00:00,39737347.7092297,30864,501.6364,17704823.0219522,0
2022-01-24 05:00:00+00:00,35123.57,35249.27,34936.37,35184.06,1446.73836,2022-01-24 05:59:59.999000+00:00,50733550.3933544,36117,582.34345,20424383.6959345,0
2022-01-24 06:00:00+00:00,35184.06,35356.65,35054.01,35265.37,866.0993,2022-01-24 06:59:59.999000+00:00,30522183.1718273,29069,396.51756,13973736.902017,0
2022-01-24 07:00:00+00:00,35265.14,35314.95,34811.87,34888.81,1539.02685,2022-01-24 07:59:59.999000+00:00,54005865.2305662,43712,679.71347,23857078.7113953,0
2022-01-24 08:00:00+00:00,34887.9,35562.15,34792.53,34959.79,2826.29586,2022-01-24 08:59:59.999000+00:00,99168690.8243058,63424,1348.99824,47342194.7069424,0
2022-01-24 09:00:00+00:00,34959.79,35093.13,34401.5,34512.2,4020.43347,2022-01-24 09:59:59.999000+00:00,139407899.9224184,87922,1895.45518,65750674.8806156,0
2022-01-24 10:00:00+00:00,34510.04,34600.0,33250.0,33276.59,9899.637053,2022-01-24 10:59:59.999000+00:00,334231792.6927472,182457,4365.637048,147367715.6049235,0
2022-01-24 11:00:00+00:00,33276.59,34249.88,33029.54,33697.11,7055.750112,2022-01-24 11:59:59.999000+00:00,237428386.63760567,127032,3357.5889,113006201.5381208,0
2022-01-24 12:00:00+00:00,33697.12,33890.0,33036.44,33114.9,4676.83642,2022-01-24 12:59:59.999000+00:00,156482970.7908066,103245,2143.15488,71739539.9846176,0
2022-01-24 13:00:00+00:00,33114.89,33776.02,32917.17,33335.23,5992.271636,2022-01-24 13:59:59.999000+00:00,200078315.9957782,126120,3092.19342,103311422.82497787,0
2022-01-24 14:00:00+00:00,33335.23,34138.16,33100.0,33622.71,6736.36178,2022-01-24 14:59:59.999000+00:00,226488332.6266252,133127,3407.2829,114619428.5071078,0
2022-01-24 15:00:00+00:00,33622.7,34388.38,33222.74,34233.95,5093.02808,2022-01-24 15:59:59.999000+00:00,172570425.4834236,115635,2793.45235,94680125.2092104,0
2022-01-24 16:00:00+00:00,34237.31,34576.01,33803.13,34417.76,5092.2017,2022-01-24 16:59:59.999000+00:00,174263787.459663,112914,2817.43784,96444773.4677754,0
2022-01-24 17:00:00+00:00,34417.75,35535.69,34164.58,35363.1,6482.58003,2022-01-24 17:59:59.999000+00:00,225909003.5503002,127009,3698.8174,128907918.1537273,0
2022-01-24 18:00:00+00:00,35363.11,36436.0,35190.13,36179.99,6898.86151,2022-01-24 18:59:59.999000+00:00,247909177.45522752,133434,3864.18252,138825998.9924075,0
2022-01-24 19:00:00+00:00,36179.99,36340.54,35652.04,36066.4,3343.8888,2022-01-24 19:59:59.999000+00:00,120196083.6796338,75403,1724.86125,62003883.5243729,0
2022-01-24 20:00:00+00:00,36066.4,37550.0,35951.13,37220.05,5870.45082,2022-01-24 20:59:59.999000+00:00,215024618.0869215,127157,3255.89312,119283581.6287786,0
2022-01-24 21:00:00+00:00,37218.56,37264.93,36711.0,36805.22,2593.81306,2022-01-24 21:59:59.999000+00:00,95794669.7691473,67977,1262.20149,46623010.5946317,0
2022-01-24 22:00:00+00:00,36807.92,36842.95,36187.99,36369.44,1787.55587,2022-01-24 22:59:59.999000+00:00,65317320.7304333,59545,902.31639,32964502.6197861,0
2022-01-24 23:00:00+00:00,36369.43,36767.09,36355.29,36660.35,1391.55837,2022-01-24 23:59:59.999000+00:00,50911320.4810263,41815,725.14336,26524742.9925165,0
2022-01-25 00:00:00+00:00,36660.35,36691.87,36012.01,36037.58,2316.45521,2022-01-25 00:59:59.999000+00:00,84251720.4809757,59504,1141.6432,41520621.5018139,0
2022-01-25 01:00:00+00:00,36038.09,36196.14,35955.43,36125.31,1476.27625,2022-01-25 01:59:59.999000+00:00,53286769.7393872,43569,784.49303,28318861.0043641,0
2022-01-25 02:00:00+00:00,36125.31,36335.48,36084.85,36317.27,1219.60501,2022-01-25 02:59:59.999000+00:00,44141777.9470228,32947,681.99562,24682524.0107397,0
2022-01-25 03:00:00+00:00,36317.26,36460.03,36166.44,36424.49,1243.18572,2022-01-25 03:59:59.999000+00:00,45132061.3081929,30535,619.03573,22473953.2835407,0
2022-01-25 04:00:00+00:00,36424.5,36496.62,35869.39,35950.0,1385.55765,2022-01-25 04:59:59.999000+00:00,50155509.4002251,34496,652.76813,23630871.4244714,0
2022-01-25 05:00:00+00:00,35950.01,36110.81,35828.56,36054.81,1074.45012,2022-01-25 05:59:59.999000+00:00,38653030.6783437,30914,534.77016,19237515.0633674,0
2022-01-25 06:00:00+00:00,36054.81,36150.92,35835.01,35843.89,1178.97473,2022-01-25 06:59:59.999000+00:00,42443243.3591193,32204,574.28024,20672906.6019387,0
2022-01-25 07:00:00+00:00,35843.89,36106.0,35701.0,36044.01,2304.11612,2022-01-25 07:59:59.999000+00:00,82756195.4728245,39204,1258.34417,45204235.7039848,0
2022-01-25 08:00:00+00:00,36044.01,36564.07,36003.3,36070.55,2586.71157,2022-01-25 08:59:59.999000+00:00,93702104.0455747,58795,1294.8155,46901181.6775906,0
2022-01-25 09:00:00+00:00,36070.55,36510.0,36040.01,36409.42,1732.94507,2022-01-25 09:59:59.999000+00:00,62923599.9328768,46316,849.83376,30857314.0840084,0
2022-01-25 10:00:00+00:00,36409.42,36800.0,36287.89,36430.39,2119.05038,2022-01-25 10:59:59.999000+00:00,77303580.6566818,58590,1019.6956,37202539.2208641,0
2022-01-25 11:00:00+00:00,36430.38,36600.44,36227.52,36406.0,1671.86116,2022-01-25 11:59:59.999000+00:00,60864616.3312803,49973,829.3752,30194010.4360231,0
2022-01-25 12:00:00+00:00,36406.0,36777.77,36201.68,36519.13,2239.52587,2022-01-25 12:59:59.999000+00:00,81702380.0785155,58332,1203.3023,43908345.2991257,0
2022-01-25 13:00:00+00:00,36519.12,36579.99,36259.1,36498.0,2008.17575,2022-01-25 13:59:59.999000+00:00,73118067.8195661,63309,1000.52554,36429503.005714,0
2022-01-25 14:00:00+00:00,36497.39,37149.42,36252.0,36299.99,5493.26524,2022-01-25 14:59:59.999000+00:00,201488179.65331,130139,2888.12575,105938063.5107084,0
2022-01-25 15:00:00+00:00,36299.99,36780.0,35967.33,36530.0,3943.20294,2022-01-25 15:59:59.999000+00:00,143459302.29626,86662,1954.36935,71096403.7735754,0
2022-01-25 16:00:00+00:00,36530.0,37086.64,36492.48,36837.7,2613.07831,2022-01-25 16:59:59.999000+00:00,96144385.0038543,60676,1314.29128,48345472.0964197,0
2022-01-25 17:00:00+00:00,36837.7,37481.75,36800.0,37273.33,3299.07838,2022-01-25 17:59:59.999000+00:00,122764699.3518669,77629,1628.26355,60592626.0984578,0
2022-01-25 18:00:00+00:00,37273.32,37545.14,37120.0,37320.08,2103.98592,2022-01-25 18:59:59.999000+00:00,78549569.0132711,55817,1072.64131,40053530.4010207,0
2022-01-25 19:00:00+00:00,37320.08,37421.0,36920.01,37067.13,1939.39675,2022-01-25 19:59:59.999000+00:00,72116481.5119686,50720,969.22047,36044793.0463022,0
2022-01-25 20:00:00+00:00,37067.13,37103.15,36616.35,36859.79,2160.03461,2022-01-25 20:59:59.999000+00:00,79667758.9552418,50921,1141.97101,42119416.8658199,0
2022-01-25 21:00:00+00:00,36859.8,36905.87,36421.56,36556.04,1507.44273,2022-01-25 21:59:59.999000+00:00,55174173.4720976,39173,744.77066,27260471.869022,0
2022-01-25 22:00:00+00:00,36556.04,36791.16,36432.73,36791.16,721.19563,2022-01-25 22:59:59.999000+00:00,26417529.6698733,28172,383.76771,14056866.8735079,0
2022-01-25 23:00:00+00:00,36791.16,37042.53,36707.34,36958.32,894.83071,2022-01-25 23:59:59.999000+00:00,33007478.3214092,29649,446.12949,16456108.7513025,0
2022-01-26 00:00:00+00:00,36958.32,37000.0,36560.16,36638.5,1135.86622,2022-01-26 00:59:59.999000+00:00,41784339.7301544,39232,571.17075,21011546.6976202,0
2022-01-26 01:00:00+00:00,36638.55,36916.23,36550.2,36851.85,1621.53947,2022-01-26 01:59:59.999000+00:00,59481069.4290434,34996,845.63433,31013141.4950039,0
2022-01-26 02:00:00+00:00,36851.85,37047.83,36784.7,36812.89,1034.88206,2022-01-26 02:59:59.999000+00:00,38177142.0787646,30599,478.53264,17655135.1794061,0
2022-01-26 03:00:00+00:00,36812.9,37522.24,36790.81,37389.76,3049.74993,2022-01-26 03:59:59.999000+00:00,113607000.4075554,58765,1390.71013,51761755.1658989,0
2022-01-26 04:00:00+00:00,37389.77,37876.8,37248.87,37789.73,2641.98665,2022-01-26 04:59:59.999000+00:00,99189065.0369396,56665,1341.05355,50355944.9321005,0
2022-01-26 05:00:00+00:00,37789.73,37974.43,37590.01,37600.0,1884.23041,2022-01-26 05:59:59.999000+00:00,71101965.2496062,48269,933.03227,35212572.0443534,0
2022-01-26 06:00:00+00:00,37600.01,37798.46,37202.47,37288.56,2250.39767,2022-01-26 06:59:59.999000+00:00,84294269.2880309,50599,1248.78478,46763419.2760279,0
2022-01-26 07:00:00+00:00,37288.56,37400.0,37109.37,37338.59,1597.98349,2022-01-26 07:59:59.999000+00:00,59509060.1680284,39090,832.105,30987487.1481868,0
2022-01-26 08:00:00+00:00,37338.6,37700.17,37324.58,37591.42,1817.91907,2022-01-26 08:59:59.999000+00:00,68221243.4728287,41124,944.53039,35444300.7460687,0
2022-01-26 09:00:00+00:00,37591.42,37975.57,37563.47,37650.0,2418.87524,2022-01-26 09:59:59.999000+00:00,91358201.6519856,52582,1228.29176,46390244.9289163,0
2022-01-26 10:00:00+00:00,37650.01,38173.2,37550.0,37940.46,2096.40733,2022-01-26 10:59:59.999000+00:00,79316618.7629598,48582,1202.41662,45525411.6999251,0
2022-01-26 11:00:00+00:00,37940.46,38248.92,37778.18,38072.77,2974.73728,2022-01-26 11:59:59.999000+00:00,112929972.2181516,58842,1464.90668,55608308.900077,0
2022-01-26 12:00:00+00:00,38072.77,38090.61,37742.76,37749.2,1935.96958,2022-01-26 12:59:59.999000+00:00,73279097.6492492,49416,976.52113,36960494.3648719,0
2022-01-26 13:00:00+00:00,37749.68,38275.0,37475.01,38193.48,3545.6505,2022-01-26 13:59:59.999000+00:00,134350409.4062893,73334,1810.74798,68653512.8830152,0
2022-01-26 14:00:00+00:00,38193.48,38499.0,38055.76,38223.52,3824.86357,2022-01-26 14:59:59.999000+00:00,146422245.9539917,87563,2048.69609,78417669.4702691,0
2022-01-26 15:00:00+00:00,38223.51,38369.03,37819.97,37985.0,3486.56576,2022-01-26 15:59:59.999000+00:00,132631386.3268387,74110,1838.35289,69941364.1704124,0
2022-01-26 16:00:00+00:00,37985.01,38295.65,37911.66,38264.86,1682.49321,2022-01-26 16:59:59.999000+00:00,64118533.8278981,44172,883.94819,33689861.2908031,0
2022-01-26 17:00:00+00:00,38264.85,38380.01,38007.03,38040.9,1917.78472,2022-01-26 17:59:59.999000+00:00,73223454.2575068,45366,927.42345,35412420.8411255,0
2022-01-26 18:00:00+00:00,38040.9,38300.0,37565.0,37961.15,3544.88678,2022-01-26 18:59:59.999000+00:00,134143037.1698033,84071,1782.6609,67472962.0505983,0
2022-01-26 19:00:00+00:00,37961.15,38919.98,37311.58,37579.9,12243.82668,2022-01-26 19:59:59.999000+00:00,467151437.5301587,259440,6067.57826,231628431.23072073,0
2022-01-26 20:00:00+00:00,37576.67,37580.03,36668.23,37015.05,6182.33781,2022-01-26 20:59:59.999000+00:00,229085143.7143343,133593,3077.55885,114052438.8969864,0
2022-01-26 21:00:00+00:00,37015.05,37181.85,36322.54,36323.08,3204.91046,2022-01-26 21:59:59.999000+00:00,117563638.1217838,75801,1569.99106,57622549.1916938,0
2022-01-26 22:00:00+00:00,36327.35,36583.8,36234.63,36509.4,2050.62594,2022-01-26 22:59:59.999000+00:00,74636987.283355,55148,1001.08385,36443373.9969975,0
2022-01-26 23:00:00+00:00,36509.41,36886.68,36439.02,36809.34,1685.67053,2022-01-26 23:59:59.999000+00:00,61916657.9555999,43109,774.58387,28450601.8621454,0
2022-01-27 00:00:00+00:00,36807.24,37080.0,36655.79,37004.43,2074.29018,2022-01-27 00:59:59.999000+00:00,76648240.0184375,44645,933.4423,34493152.0629089,0
2022-01-27 01:00:00+00:00,37004.43,37005.84,35833.56,35882.21,3376.02847,2022-01-27 01:59:59.999000+00:00,122664756.858447,65283,1332.69457,48396761.0682853,0
2022-01-27 02:00:00+00:00,35882.21,36041.84,35681.77,36008.69,2675.43678,2022-01-27 02:59:59.999000+00:00,95958933.4080807,58335,1387.00556,49771409.5285448,0
2022-01-27 03:00:00+00:00,36008.69,36243.32,35507.01,35745.7,2650.83156,2022-01-27 03:59:59.999000+00:00,95048649.4346781,68407,1270.8811,45574304.3068946,0
2022-01-27 04:00:00+00:00,35745.7,36000.0,35692.61,35930.8,2846.15453,2022-01-27 04:59:59.999000+00:00,101986369.7504594,55369,1740.03242,62349749.2591705,0
2022-01-27 05:00:00+00:00,35930.8,36091.0,35820.44,35973.39,2262.56977,2022-01-27 05:59:59.999000+00:00,81422491.827731,45819,1326.10592,47728081.6189153,0
2022-01-27 06:00:00+00:00,35977.88,36175.64,35818.77,36139.09,1872.14471,2022-01-27 06:59:59.999000+00:00,67380261.3901434,37745,898.83502,32354032.6553324,0
2022-01-27 07:00:00+00:00,36139.09,36303.8,35915.0,36173.87,1860.34114,2022-01-27 07:59:59.999000+00:00,67290479.5873185,39142,790.3406,28596579.745577,0
2022-01-27 08:00:00+00:00,36177.17,36500.0,35815.8,36450.0,2112.75603,2022-01-27 08:59:59.999000+00:00,76471897.1674304,50789,1153.41386,41765021.9404817,0
2022-01-27 09:00:00+00:00,36449.99,36611.21,36333.0,36525.85,2294.32365,2022-01-27 09:59:59.999000+00:00,83733029.1190888,59717,1173.97541,42844464.589431,0
2022-01-27 10:00:00+00:00,36525.84,36649.61,36290.31,36318.22,1385.52094,2022-01-27 10:59:59.999000+00:00,50577494.6962495,47133,642.9223,23478200.5880541,0
2022-01-27 11:00:00+00:00,36318.22,36781.79,36290.01,36679.98,1707.19659,2022-01-27 11:59:59.999000+00:00,62450302.5460522,51605,867.93247,31754285.2198685,0
2022-01-27 12:00:00+00:00,36679.98,36784.27,36423.46,36668.23,1846.0629,2022-01-27 12:59:59.999000+00:00,67598687.9085175,56132,958.9065,35104866.5187919,0
2022-01-27 13:00:00+00:00,36668.23,36849.37,36543.16,36830.89,1852.85289,2022-01-27 13:59:59.999000+00:00,68030134.5801833,50496,997.42268,36629805.659509,0
2022-01-27 14:00:00+00:00,36830.88,37199.0,36679.99,36882.03,2826.17783,2022-01-27 14:59:59.999000+00:00,104347994.1033255,70171,1519.42881,56124208.2765657,0
2022-01-27 15:00:00+00:00,36882.02,37030.0,36510.0,36639.43,2139.96762,2022-01-27 15:59:59.999000+00:00,78642767.0523599,64486,1024.01217,37634824.9261976,0
2022-01-27 16:00:00+00:00,36639.43,36787.77,36327.13,36528.86,1843.62877,2022-01-27 16:59:59.999000+00:00,67359772.3326903,49362,895.84934,32732230.8285643,0
2022-01-27 17:00:00+00:00,36528.85,36600.0,36161.41,36282.03,1493.88279,2022-01-27 17:59:59.999000+00:00,54235056.3196978,44022,753.80997,27368652.2925799,0
2022-01-27 18:00:00+00:00,36282.02,36345.76,36022.07,36215.49,1606.52202,2022-01-27 18:59:59.999000+00:00,58036437.3644006,43875,785.74886,28386819.7053072,0
2022-01-27 19:00:00+00:00,36215.49,36327.72,35883.82,36209.2,1971.02943,2022-01-27 19:59:59.999000+00:00,71246690.4857334,50461,1006.06489,36378447.2931499,0
2022-01-27 20:00:00+00:00,36209.19,36435.7,35557.96,35583.5,2461.62784,2022-01-27 20:59:59.999000+00:00,88597890.949086,58612,1073.48806,38656351.6482412,0
2022-01-27 21:00:00+00:00,35583.5,36330.83,35538.75,36187.01,2304.11782,2022-01-27 21:59:59.999000+00:00,82634718.6824053,57785,1224.95302,43946407.5541532,0
2022-01-27 22:00:00+00:00,36187.01,37000.0,35890.02,36705.27,3294.65777,2022-01-27 22:59:59.999000+00:00,119946019.9918604,88431,1802.06958,65699155.5081461,0
2022-01-27 23:00:00+00:00,36704.68,37234.47,36693.22,37160.1,2262.75731,2022-01-27 23:59:59.999000+00:00,83611052.7692838,50586,1191.61053,44048129.4760854,0
2022-01-28 00:00:00+00:00,37160.11,37467.98,37046.15,37157.27,2204.86551,2022-01-28 00:59:59.999000+00:00,82100582.0953682,52986,1086.05476,40440792.6327265,0
2022-01-28 01:00:00+00:00,37157.26,37222.73,36720.01,36880.8,1828.36966,2022-01-28 01:59:59.999000+00:00,67569978.2235538,45472,889.93551,32892528.3618181,0
2022-01-28 02:00:00+00:00,36880.79,36973.56,36500.0,36935.62,1938.13929,2022-01-28 02:59:59.999000+00:00,71284365.8503007,38992,852.07682,31349200.1215683,0
2022-01-28 03:00:00+00:00,36936.33,37450.0,36901.45,37351.83,2146.26416,2022-01-28 03:59:59.999000+00:00,79942153.0629434,47089,1160.67492,43222757.4954634,0
2022-01-28 04:00:00+00:00,37351.83,37449.98,36986.43,37223.18,1593.21951,2022-01-28 04:59:59.999000+00:00,59338711.7464284,37188,660.52452,24602540.0363202,0
2022-01-28 05:00:00+00:00,37223.19,37328.87,37091.2,37205.6,1226.26364,2022-01-28 05:59:59.999000+00:00,45620455.5498108,30256,584.73783,21755549.915613,0
2022-01-28 06:00:00+00:00,37206.17,37500.0,36907.02,36907.14,1824.47514,2022-01-28 06:59:59.999000+00:00,67932975.4446408,41765,939.50936,34990564.1958547,0
2022-01-28 07:00:00+00:00,36907.14,37099.09,36777.77,36799.82,1930.9875,2022-01-28 07:59:59.999000+00:00,71321505.1169134,46374,1038.4572,38351208.3964857,0
2022-01-28 08:00:00+00:00,36799.82,36882.22,36429.62,36658.47,1829.32817,2022-01-28 08:59:59.999000+00:00,67006011.5868846,48912,893.39135,32725412.5883427,0
2022-01-28 09:00:00+00:00,36658.46,36853.09,36401.44,36486.09,1662.1471,2022-01-28 09:59:59.999000+00:00,60837705.8212716,39680,813.15429,29765081.7987933,0
2022-01-28 10:00:00+00:00,36486.1,36678.19,36325.33,36615.35,1543.09172,2022-01-28 10:59:59.999000+00:00,56375594.0368528,44091,763.61633,27897590.1191447,0
2022-01-28 11:00:00+00:00,36615.35,36650.0,36287.03,36448.28,1593.88827,2022-01-28 11:59:59.999000+00:00,58072158.240958,45711,799.07073,29111200.1728534,0
2022-01-28 12:00:00+00:00,36447.67,36594.59,36155.01,36278.6,1722.28784,2022-01-28 12:59:59.999000+00:00,62586704.2702615,48549,836.49341,30397672.5585359,0
2022-01-28 13:00:00+00:00,36278.6,36989.92,36213.24,36910.46,2635.32344,2022-01-28 13:59:59.999000+00:00,96609227.9080164,58800,1427.73715,52352146.4478079,0
2022-01-28 14:00:00+00:00,36906.58,37096.08,36600.0,36759.65,2740.25615,2022-01-28 14:59:59.999000+00:00,101000583.1669087,57895,1538.18965,56698173.5183132,0
2022-01-28 15:00:00+00:00,36759.65,37300.0,36682.24,37188.98,2727.21213,2022-01-28 15:59:59.999000+00:00,101129065.4342742,64949,1438.30198,53346286.8768386,0
2022-01-28 16:00:00+00:00,37188.99,37376.7,37000.01,37103.62,1666.64111,2022-01-28 16:59:59.999000+00:00,62004310.6202015,52925,852.44072,31717682.4475622,0
2022-01-28 17:00:00+00:00,37103.63,37193.42,36774.43,36843.6,1322.31184,2022-01-28 17:59:59.999000+00:00,48895617.8629637,36616,630.26849,23312560.1533142,0
2022-01-28 18:00:00+00:00,36843.59,37137.09,36785.8,37050.57,1217.1557,2022-01-28 18:59:59.999000+00:00,44989922.5499961,33838,644.72685,23832496.1235512,0
2022-01-28 19:00:00+00:00,37050.56,37238.11,36765.05,37222.86,1133.15411,2022-01-28 19:59:59.999000+00:00,41930542.7706354,31959,568.98709,21061542.6807751,0
2022-01-28 20:00:00+00:00,37222.85,37858.19,37134.65,37758.01,2350.29717,2022-01-28 20:59:59.999000+00:00,88147303.8773854,55459,1287.17557,48284390.123258,0
2022-01-28 21:00:00+00:00,37758.0,38000.0,37660.88,37788.87,1701.81819,2022-01-28 21:59:59.999000+00:00,64406427.1777613,45931,930.39653,35217292.0590765,0
2022-01-28 22:00:00+00:00,37788.87,37943.55,37653.36,37655.01,951.05179,2022-01-28 22:59:59.999000+00:00,35981702.5047477,32762,463.61377,17545390.0046819,0
2022-01-28 23:00:00+00:00,37655.01,37850.0,37642.05,37716.56,665.72042,2022-01-28 23:59:59.999000+00:00,25120326.3010497,22902,396.94068,14977788.6836435,0
2022-01-29 00:00:00+00:00,37716.57,37983.41,37647.01,37788.27,1192.0404,2022-01-29 00:59:59.999000+00:00,45097719.4446795,33775,586.59534,22191454.1579375,0
2022-01-29 01:00:00+00:00,37788.27,37899.99,37473.07,37535.77,1181.30907,2022-01-29 01:59:59.999000+00:00,44490569.2737459,31314,545.59819,20549461.5593773,0
2022-01-29 02:00:00+00:00,37535.76,37635.93,37448.58,37530.75,904.78617,2022-01-29 02:59:59.999000+00:00,33952216.058763,25221,442.53486,16604109.185454,0
2022-01-29 03:00:00+00:00,37530.74,37750.0,37490.1,37737.73,837.02319,2022-01-29 03:59:59.999000+00:00,31504314.7747403,27959,493.24378,18564458.0618031,0
2022-01-29 04:00:00+00:00,37737.72,37916.08,37726.32,37814.46,719.2119,2022-01-29 04:59:59.999000+00:00,27204563.0348471,25770,370.88331,14028524.9762121,0
2022-01-29 05:00:00+00:00,37814.47,37834.99,37613.01,37653.72,728.34049,2022-01-29 05:59:59.999000+00:00,27460398.777268,24183,322.96435,12177643.8006397,0
2022-01-29 06:00:00+00:00,37653.71,37835.0,37589.44,37739.78,1012.4948,2022-01-29 06:59:59.999000+00:00,38170199.2869543,28621,481.46755,18152266.2759903,0
2022-01-29 07:00:00+00:00,37739.78,37925.0,37656.57,37836.99,967.94082,2022-01-29 07:59:59.999000+00:00,36589813.2465649,30191,481.95928,18218516.515045,0
2022-01-29 08:00:00+00:00,37836.98,37923.0,37750.0,37785.82,1004.4366,2022-01-29 08:59:59.999000+00:00,37985119.8501039,28883,537.69183,20335466.0795996,0
2022-01-29 09:00:00+00:00,37785.82,37786.85,37544.94,37703.24,709.55783,2022-01-29 09:59:59.999000+00:00,26718131.7822918,28502,329.7136,12415058.3840778,0
2022-01-29 10:00:00+00:00,37703.25,37809.83,37597.11,37756.19,679.36743,2022-01-29 10:59:59.999000+00:00,25608427.4455571,24850,337.80582,12734965.3872419,0
2022-01-29 11:00:00+00:00,37756.2,37788.24,37662.44,37736.07,426.51029,2022-01-29 11:59:59.999000+00:00,16090346.9965086,20455,206.15953,7777811.3971389,0
2022-01-29 12:00:00+00:00,37736.06,37916.99,37623.01,37847.57,755.03752,2022-01-29 12:59:59.999000+00:00,28534369.6271025,28665,418.61349,15822216.7425867,0
2022-01-29 13:00:00+00:00,37847.57,38186.11,37733.04,38161.69,1782.61817,2022-01-29 13:59:59.999000+00:00,67802273.0867994,51992,957.13994,36403062.776717,0
2022-01-29 14:00:00+00:00,38161.69,38198.82,37507.72,37620.04,1985.59542,2022-01-29 14:59:59.999000+00:00,75318312.0727399,62014,922.48486,34995854.9167751,0
2022-01-29 15:00:00+00:00,37620.04,37735.67,37268.44,37566.82,1881.67209,2022-01-29 15:59:59.999000+00:00,70637969.494293,51754,889.31896,33389122.8142717,0
2022-01-29 16:00:00+00:00,37567.98,37603.57,37317.37,37538.19,1102.74218,2022-01-29 16:59:59.999000+00:00,41323390.9388878,32444,550.4869,20629584.515932,0
2022-01-29 17:00:00+00:00,37538.19,37720.77,37532.15,37646.31,784.47184,2022-01-29 17:59:59.999000+00:00,29522144.2777018,27730,349.29032,13144679.3342937,0
2022-01-29 18:00:00+00:00,37646.31,37904.19,37556.56,37806.23,772.06693,2022-01-29 18:59:59.999000+00:00,29138395.4917034,31389,428.81978,16187102.4669085,0
2022-01-29 19:00:00+00:00,37806.24,37950.0,37781.49,37853.0,671.54974,2022-01-29 19:59:59.999000+00:00,25433583.5240207,26027,341.2786,12924191.7555282,0
2022-01-29 20:00:00+00:00,37853.0,38650.0,37816.21,38340.03,2848.57779,2022-01-29 20:59:59.999000+00:00,109217405.8656753,70318,1591.75722,61011694.1885248,0
2022-01-29 21:00:00+00:00,38340.03,38720.74,38279.99,38358.32,1378.11408,2022-01-29 21:59:59.999000+00:00,53083575.9400913,41176,771.51634,29719825.2845812,0
2022-01-29 22:00:00+00:00,38358.32,38411.72,38045.27,38140.0,1008.45341,2022-01-29 22:59:59.999000+00:00,38503506.7128469,37558,529.88551,20229549.4967067,0
2022-01-29 23:00:00+00:00,38140.0,38185.8,37906.26,38166.84,795.57866,2022-01-29 23:59:59.999000+00:00,30265639.992763,25810,405.2122,15417857.5861102,0
2022-01-30 00:00:00+00:00,38166.83,38281.24,37737.49,37816.45,1184.00777,2022-01-30 00:59:59.999000+00:00,44987642.2877651,34687,561.61519,21340353.0183979,0
2022-01-30 01:00:00+00:00,37816.46,37976.29,37788.87,37931.75,716.9955,2022-01-30 01:59:59.999000+00:00,27160192.966219,23413,349.19165,13227070.2710359,0
2022-01-30 02:00:00+00:00,37931.75,38054.18,37873.59,37951.8,827.14758,2022-01-30 02:59:59.999000+00:00,31403715.3911475,23893,371.08692,14090500.9452446,0
2022-01-30 03:00:00+00:00,37951.79,38044.24,37881.55,37917.13,649.81836,2022-01-30 03:59:59.999000+00:00,24677081.2621065,23000,305.07219,11584567.8577656,0
2022-01-30 04:00:00+00:00,37917.13,38183.86,37901.17,38099.34,497.0742,2022-01-30 04:59:59.999000+00:00,18901013.8172686,18490,281.35031,10699544.4423114,0
2022-01-30 05:00:00+00:00,38100.02,38300.0,38087.02,38139.39,781.35435,2022-01-30 05:59:59.999000+00:00,29856302.3170854,25078,396.12617,15134902.0397783,0
2022-01-30 06:00:00+00:00,38139.38,38152.79,38038.95,38098.51,815.2619,2022-01-30 06:59:59.999000+00:00,31056350.6191999,23663,479.8358,18276652.3115859,0
2022-01-30 07:00:00+00:00,38098.51,38290.0,38098.51,38244.98,585.29997,2022-01-30 07:59:59.999000+00:00,22350600.8082869,23864,319.25613,12190967.1450668,0
2022-01-30 08:00:00+00:00,38244.98,38359.26,37966.15,38000.0,1156.08695,2022-01-30 08:59:59.999000+00:00,44063840.1510787,32649,547.74348,20883237.0076955,0
2022-01-30 09:00:00+00:00,37999.99,38073.45,37795.0,37889.48,1518.69315,2022-01-30 09:59:59.999000+00:00,57618727.7958702,38107,836.12191,31730950.2523421,0
2022-01-30 10:00:00+00:00,37889.49,38189.19,37829.0,38184.74,1234.86371,2022-01-30 10:59:59.999000+00:00,46953569.1756972,29597,669.23076,25447162.3566324,0
2022-01-30 11:00:00+00:00,38184.74,38259.14,37958.13,38110.02,803.22993,2022-01-30 11:59:59.999000+00:00,30600481.1592034,26776,389.67854,14845420.6334546,0
2022-01-30 12:00:00+00:00,38110.03,38153.82,37849.53,37938.47,719.04878,2022-01-30 12:59:59.999000+00:00,27315268.1343417,30604,327.73284,12451931.7522192,0
2022-01-30 13:00:00+00:00,37937.21,37998.99,37823.08,37963.22,549.75372,2022-01-30 13:59:59.999000+00:00,20848901.9691569,27283,279.57212,10602605.4206031,0
2022-01-30 14:00:00+00:00,37963.21,37999.9,37712.05,37838.99,925.6602,2022-01-30 14:59:59.999000+00:00,35008027.726591,36962,479.86846,18150708.471127,0
2022-01-30 15:00:00+00:00,37839.0,38041.32,37778.2,37980.09,739.6671,2022-01-30 15:59:59.999000+00:00,28068057.8064281,30402,387.12315,14691053.9361958,0
2022-01-30 16:00:00+00:00,37977.47,38074.76,37800.0,37832.44,586.32887,2022-01-30 16:59:59.999000+00:00,22230232.7338704,24999,261.27278,9908445.2672793,0
2022-01-30 17:00:00+00:00,37832.45,37994.87,37751.72,37991.0,554.76321,2022-01-30 17:59:59.999000+00:00,21018513.0720461,23068,287.28222,10885037.0122681,0
2022-01-30 18:00:00+00:00,37991.0,38020.39,37813.79,37820.95,491.34455,2022-01-30 18:59:59.999000+00:00,18634957.9123737,23194,240.65136,9127958.8546354,0
2022-01-30 19:00:00+00:00,37820.96,37827.14,37442.52,37512.37,1718.81204,2022-01-30 19:59:59.999000+00:00,64592923.6097448,50257,758.4875,28494409.4374535,0
2022-01-30 20:00:00+00:00,37512.37,37740.0,37351.63,37684.45,1037.92256,2022-01-30 20:59:59.999000+00:00,38993792.8198255,33851,502.43654,18878001.3109832,0
2022-01-30 21:00:00+00:00,37684.45,37762.6,37492.25,37729.0,874.06052,2022-01-30 21:59:59.999000+00:00,32900649.3411216,26439,387.34028,14576957.6256686,0
2022-01-30 22:00:00+00:00,37729.0,37855.54,37625.41,37785.78,734.65855,2022-01-30 22:59:59.999000+00:00,27719745.3101833,26958,424.89627,16033696.1406044,0
2022-01-30 23:00:00+00:00,37785.78,38230.0,37778.46,37881.76,1728.8118,2022-01-30 23:59:59.999000+00:00,65789628.4144204,41359,955.41203,36368610.5065958,0
2022-01-31 00:00:00+00:00,37881.75,37951.07,36828.32,36829.3,2907.71096,2022-01-31 00:59:59.999000+00:00,108446925.3415464,65242,1314.56305,49011890.6528113,0
2022-01-31 01:00:00+00:00,36829.3,36960.67,36760.87,36821.05,1423.26744,2022-01-31 01:59:59.999000+00:00,52452244.9747926,37953,713.92116,26310368.6078734,0
2022-01-31 02:00:00+00:00,36823.19,37004.55,36632.61,36993.58,1846.10363,2022-01-31 02:59:59.999000+00:00,68024971.4007572,44789,937.50923,34549819.6081317,0
2022-01-31 03:00:00+00:00,36994.69,37058.82,36925.27,37025.68,961.28704,2022-01-31 03:59:59.999000+00:00,35570514.0255676,31725,493.69502,18267692.1265046,0
2022-01-31 04:00:00+00:00,37025.68,37026.29,36811.48,36912.84,744.81356,2022-01-31 04:59:59.999000+00:00,27499332.0071124,26365,367.54067,13570086.1336308,0
2022-01-31 05:00:00+00:00,36912.84,37019.76,36850.0,37001.65,744.80275,2022-01-31 05:59:59.999000+00:00,27517872.617468,22217,361.10818,13342508.0648766,0
2022-01-31 06:00:00+00:00,37001.66,37077.46,36916.78,36916.78,831.06345,2022-01-31 06:59:59.999000+00:00,30757143.1021793,25277,443.20829,16404384.4950133,0
2022-01-31 07:00:00+00:00,36916.79,37196.91,36880.6,37121.83,827.67942,2022-01-31 07:59:59.999000+00:00,30670201.2353482,26957,417.76625,15479299.7747446,0
2022-01-31 08:00:00+00:00,37121.84,37211.12,37100.71,37145.63,1032.91464,2022-01-31 08:59:59.999000+00:00,38382444.6036634,31964,504.92232,18763087.0360096,0
2022-01-31 09:00:00+00:00,37144.71,37256.14,37085.23,37212.53,714.57733,2022-01-31 09:59:59.999000+00:00,26553628.7356914,21883,324.16114,12046947.2557236,0
2022-01-31 10:00:00+00:00,37212.53,37350.0,37156.8,37300.31,812.93941,2022-01-31 10:59:59.999000+00:00,30268116.8057503,24879,474.92659,17684137.0938441,0
2022-01-31 11:00:00+00:00,37300.31,37399.93,36880.0,37265.16,1460.26909,2022-01-31 11:59:59.999000+00:00,54222076.8111038,33538,683.69478,25392526.8329812,0
2022-01-31 12:00:00+00:00,37265.15,37421.3,36828.52,37081.15,1665.8575,2022-01-31 12:59:59.999000+00:00,61721652.5817836,38432,790.3823,29283966.6840694,0
2022-01-31 13:00:00+00:00,37084.17,37347.83,36724.0,37251.08,1706.02333,2022-01-31 13:59:59.999000+00:00,63313828.9075786,40397,779.86349,28954014.1425274,0
2022-01-31 14:00:00+00:00,37251.07,37524.78,37193.77,37510.84,2024.77703,2022-01-31 14:59:59.999000+00:00,75649721.6300842,44747,1136.73903,42474813.0159389,0
2022-01-31 15:00:00+00:00,37510.85,37900.0,37510.84,37722.91,3594.15508,2022-01-31 15:59:59.999000+00:00,135663357.563454,82888,1733.37775,65427697.4812064,0
2022-01-31 16:00:00+00:00,37722.91,38414.0,37671.46,38341.99,3171.08823,2022-01-31 16:59:59.999000+00:00,120678943.2646795,74298,1686.34307,64174335.6114712,0
2022-01-31 17:00:00+00:00,38341.99,38600.0,38122.83,38473.03,3055.46443,2022-01-31 17:59:59.999000+00:00,117313899.0064934,67574,1663.54422,63892748.5934083,0
2022-01-31 18:00:00+00:00,38473.03,38600.0,38342.89,38468.29,1319.70238,2022-01-31 18:59:59.999000+00:00,50763443.735822,38466,641.32063,24669533.9294303,0
2022-01-31 19:00:00+00:00,38468.29,38744.0,38383.91,38415.79,1944.84957,2022-01-31 19:59:59.999000+00:00,74945545.8434239,46497,1017.18621,39200295.0427613,0
2022-01-31 20:00:00+00:00,38415.79,38563.37,38236.69,38450.62,1639.69627,2022-01-31 20:59:59.999000+00:00,63009142.1709766,35193,703.40026,27027079.2807249,0
2022-01-31 21:00:00+00:00,38450.62,38531.53,38335.0,38410.09,923.75238,2022-01-31 21:59:59.999000+00:00,35483809.1314924,23243,500.36208,19221271.9468979,0
2022-01-31 22:00:00+00:00,38410.09,38737.99,38398.58,38412.46,927.8468,2022-01-31 22:59:59.999000+00:00,35760824.8241645,30965,454.72023,17525536.5133719,0
2022-01-31 23:00:00+00:00,38412.45,38510.28,38336.04,38466.9,574.60408,2022-01-31 23:59:59.999000+00:00,22084888.7086113,20525,278.01359,10685983.4076992,0
